# factor-levels: seurat_clusters=c1|c2|c3|c4|c5|c6|c7|c8|c9|c10

p_val	avg_log2FC	pct.1	pct.2	p_val_adj	gene	seurat_clusters
1.49405548268757e-10	6.6273735930998	0.06	0	1.97872708127142e-06	SLC4A10	c1
5.8707471839786e-07	4.89341196711402	0.041	0.002	0.00777521757046126	LTK	c1
2.46910783556207e-13	4.78756583190682	0.083	0.002	3.2700864174184e-09	COLQ	c1
2.75879059425841e-10	4.77475861402067	0.067	0.003	3.65374226303584e-06	IL17RE	c1
1.81383948555489e-06	4.60914814809441	0.038	0.002	0.024022490146689	EMP1	c1
2.20331972772702e-09	4.54251176268811	0.091	0.017	2.91807664740167e-05	CSF2	c1
1.14863977986822e-17	3.97943948018206	0.132	0.011	1.52125852445747e-13	IL23R	c1
5.92550054572429e-08	3.49182793391699	0.056	0.005	0.000784773292275725	EEF1AKMT3	c1
1.01588217289379e-28	3.43610484202855	0.226	0.023	1.34543434978053e-24	CCR2	c1
5.32206676531233e-15	3.42079569084813	0.13	0.018	7.04854522397964e-11	IL4I1	c1
6.34142182728086e-08	3.36431810071951	0.065	0.009	0.000839857906805077	TPBG	c1
1.64903666585706e-09	3.36183330606884	0.076	0.009	2.18398416026109e-05	EDARADD	c1
4.42694849553339e-12	3.27926220515251	0.108	0.017	5.86305058748443e-08	RORC	c1
1.02601412831038e-06	3.18620388765709	0.051	0.006	0.0135885311153426	TSPAN15	c1
2.90878614189351e-10	3.09195310383574	0.091	0.014	3.85239636632377e-06	CFH	c1
3.21655459295981e-27	2.73031121781696	0.283	0.062	4.26000490291597e-23	TNFSF13B	c1
9.55109261657502e-22	2.48129762512255	0.231	0.048	1.2649467061392e-17	PLCB1	c1
2.25135576806901e-14	2.40781649091876	0.146	0.027	2.98169557923059e-10	ADAM23	c1
2.00577078789889e-09	2.38336059539195	0.121	0.033	2.65644283149329e-05	CCL20	c1
2.35428415669338e-66	2.27537410650119	0.669	0.238	3.11801393712471e-62	LGALS3	c1
2.27106748582269e-06	2.14395860627883	0.075	0.02	0.0300780177822357	IFI44L	c1
1.47128838302699e-11	2.09840749173915	0.154	0.044	1.94857433448095e-07	TTC39C-AS1	c1
2.55726769388653e-14	2.09770005939038	0.184	0.05	3.38684533378332e-10	C3AR1	c1
2.10610000389795e-19	2.06984183812401	0.261	0.077	2.78931884516245e-15	DHRS3	c1
5.65711256055915e-13	2.05032962997609	0.178	0.053	7.49227987520454e-09	CYB561	c1
1.13578605612231e-12	1.88884553085443	0.254	0.109	1.50423505272839e-08	CDKN1A	c1
5.27121016250338e-16	1.86360298681673	0.305	0.123	6.98119073921947e-12	IL2	c1
2.79987627111558e-22	1.85855796793944	0.401	0.174	3.70815613346547e-18	AC020571.1	c1
8.13944682550606e-14	1.85463447992446	0.192	0.058	1.07798833757002e-09	TMEM273	c1
5.23421963711572e-09	1.84651326172149	0.099	0.021	6.93220048739606e-05	LST1	c1
5.2765291755095e-29	1.77226954774649	0.496	0.202	6.98823524004478e-25	TNF	c1
2.372616363618e-07	1.75637364770341	0.111	0.036	0.00314229311197568	ADRB2	c1
1.12989780529464e-16	1.72917673921726	0.445	0.252	1.49643665333222e-12	EGR1	c1
2.78931071545558e-18	1.68906168813896	0.302	0.115	3.69416311154937e-14	KLRG1	c1
6.37832824490978e-28	1.67567324518474	0.474	0.208	8.44745792755851e-24	TIMP1	c1
7.34463669408194e-16	1.65159836532618	0.267	0.102	9.72723683764212e-12	ADAM19	c1
4.10516163004825e-58	1.63506570022573	0.76	0.303	5.4368760628359e-54	CD40LG	c1
1.77569771019484e-21	1.59923214101873	0.407	0.186	2.35173404738205e-17	IFNGR1	c1
1.08333066346817e-20	1.57853271878831	0.386	0.167	1.43476313069724e-16	CCR6	c1
5.34116186126574e-92	1.56120466839174	0.97	0.597	7.07383476906034e-88	ANXA1	c1
6.30751520307428e-11	1.5579493029596	0.243	0.108	8.35367313495158e-07	LMNA	c1
1.97397331692924e-91	1.5527821241196	0.989	0.694	2.61433026094108e-87	IL7R	c1
3.68493408742493e-18	1.55139120288239	0.302	0.109	4.88032670538558e-14	DPP4	c1
1.05438108722349e-11	1.54157506365755	0.188	0.062	1.39642231191879e-07	ANTXR2	c1
7.60374250489758e-09	1.50793802365764	0.138	0.045	0.000100703965734864	IFI44	c1
1.02423291551848e-09	1.47378634441161	0.208	0.094	1.35649407331267e-05	RUNX2	c1
3.38924811382439e-21	1.44799977094551	0.445	0.22	4.48872020194902e-17	ERN1	c1
9.93709112548949e-45	1.42270041064403	0.758	0.436	1.31606834865983e-40	AHNAK	c1
2.37272045480039e-34	1.39510768282607	0.889	0.774	3.14243097033764e-30	JUN	c1
9.38348275383182e-16	1.37520544132858	0.332	0.15	1.24274845591749e-11	MYBL1	c1
4.43771391465793e-09	1.36489756488944	0.178	0.071	5.87730830857297e-05	PTP4A3	c1
1.48332633203831e-09	1.34070724372369	0.235	0.114	1.96451739415154e-05	IL18R1	c1
1.0700952856277e-31	1.33687677538875	0.828	0.615	1.41723419628533e-27	NFKBIA	c1
4.59039888791669e-15	1.3174453979764	0.343	0.165	6.07952428715686e-11	CD200R1	c1
6.50198345770763e-51	1.30102462224112	0.924	0.648	8.61122689138798e-47	FOSB	c1
7.12451325939503e-87	1.26837835503607	0.992	0.815	9.43570536074278e-83	S100A4	c1
8.8135182204512e-75	1.26631799966785	1	0.889	1.16726235311656e-70	FOS	c1
3.37143715811819e-08	1.25616362681232	0.172	0.071	0.000446513137221173	HYI	c1
2.14603363338969e-56	1.25457334221656	0.96	0.829	2.84220694406131e-52	TNFAIP3	c1
4.35065721378175e-08	1.250900154845	0.189	0.086	0.000576201041393255	NSG1	c1
3.4195994616035e-17	1.25022032511343	0.504	0.294	4.52891752694768e-13	PHLDA1	c1
6.3694686516693e-24	1.24174556009944	0.507	0.247	8.43572428227082e-20	PTGER2	c1
2.90908442005725e-31	1.21749379563143	0.703	0.458	3.85279140592383e-27	TTC39C	c1
1.27375110889246e-16	1.20615994874003	0.339	0.138	1.68695596861717e-12	TNFRSF4	c1
4.53295978634425e-12	1.18718712969188	0.213	0.077	6.00345194103432e-08	IGFBP3	c1
7.7186522378666e-62	1.15680498695529	0.928	0.686	1.02225830238305e-57	S100A11	c1
2.12621961458467e-28	1.14567356642519	0.596	0.279	2.81596525755594e-24	CD4	c1
1.74906737274099e-06	1.12942079683725	0.164	0.079	0.0231646482845817	TCEAL4	c1
2.36813510838517e-07	1.11182901249786	0.17	0.076	0.00313635813754532	FHL1	c1
4.80532077476066e-09	1.06494946381056	0.34	0.218	6.36416683409302e-05	TUBA1C	c1
5.23752344562432e-09	1.06171005352165	0.501	0.361	6.93657605138485e-05	HSPA1B	c1
2.36287864097701e-61	1.0567723131152	0.992	0.932	3.12939647210995e-57	DUSP1	c1
2.33182691549595e-10	1.04921760169541	0.261	0.123	3.08827156688284e-06	SPART	c1
8.11710394383429e-24	1.04357974040228	0.582	0.321	1.07502924632141e-19	ANXA2	c1
1.62165707848887e-06	1.03016421368274	0.205	0.111	0.0214772263475066	SLC39A8	c1
3.02335331723661e-08	1.02423477430133	0.256	0.139	0.000400412913334816	SORBS3	c1
1.70377415342225e-12	0.997190385716833	0.35	0.189	2.25647848879243e-08	PERP	c1
2.29421640483011e-13	0.992204243337464	0.439	0.271	3.038460206557e-09	TRADD	c1
1.57228994027164e-10	0.950382603090832	0.32	0.17	2.08234079689576e-06	NCF4	c1
6.04659433497749e-08	0.91769770795985	0.299	0.183	0.000800810953724419	TNFSF12	c1
1.814254991233e-11	0.908571562678081	0.444	0.282	2.40279931038898e-07	DYNLT3	c1
1.0534620315213e-08	0.902397936343235	0.413	0.285	0.000139520511454681	BHLHE40	c1
2.60816795090086e-42	0.891721458164859	0.895	0.541	3.4542576341731e-38	KLRB1	c1
6.42898092227905e-13	0.887943311571183	0.269	0.108	8.51454233346638e-09	TNFRSF18	c1
2.52787456208614e-11	0.877085131550519	0.328	0.165	3.34791707002688e-07	SSBP2	c1
4.20892415875038e-13	0.869255594315826	0.512	0.364	5.57429915584901e-09	PNP	c1
2.33121689958933e-29	0.863805764968569	0.948	0.862	3.08746366181611e-25	TSC22D3	c1
2.59117621669501e-16	0.853174429620218	0.577	0.359	3.43175378139088e-12	AQP3	c1
1.15268568601971e-52	0.847057330667783	0.998	0.905	1.5266169225645e-48	VIM	c1
1.38787367275667e-06	0.843213335406093	0.219	0.123	0.0183809989219894	CD300A	c1
8.57867538860738e-31	0.840831883509747	0.866	0.656	1.13615976846716e-26	EMP3	c1
1.36238502270338e-41	0.838920298402695	0.971	0.871	1.80434272406836e-37	IFITM2	c1
4.78823965514177e-20	0.825179356234475	0.719	0.515	6.34154459926976e-16	MYADM	c1
2.05284958074662e-18	0.819457696463904	0.679	0.492	2.71879398474083e-14	RORA	c1
1.42203370053404e-08	0.810178240431632	0.359	0.227	0.000188334143298728	ADI1	c1
3.76992187438156e-13	0.785182099706562	0.671	0.502	4.99288453043093e-09	NR4A1	c1
7.79430123937158e-08	0.773414200791137	0.369	0.244	0.00103227725614237	CERK	c1
4.92091410970588e-10	0.761812053795736	0.588	0.453	6.51725864689447e-06	RGS2	c1
1.85383126415527e-27	0.730190292209834	0.957	0.856	2.45521412624723e-23	KLF6	c1
9.47881732802309e-16	0.7277145157323	0.618	0.412	1.25537456692338e-11	AC020916.1	c1
1.64035088186339e-06	0.725753546376179	0.355	0.239	0.0217248070793988	MDFIC	c1
5.89229939872771e-12	0.721488515577618	0.593	0.43	7.80376132367498e-08	PLP2	c1
1.85150424362191e-26	0.721386745735752	0.922	0.718	2.45213222025286e-22	PPP1R15A	c1
5.10073690968774e-08	0.709488708309541	0.262	0.136	0.000675541596319045	FBLN7	c1
1.67829637941978e-27	0.708216335987479	0.924	0.78	2.22273572490356e-23	S100A10	c1
9.53132918980558e-12	0.705348565078298	0.463	0.277	1.26232923789785e-07	ARL4A	c1
6.73383978854197e-17	0.697272891524359	0.936	0.92	8.91829741594499e-13	ZFP36	c1
1.09117152413784e-10	0.689691968602093	0.905	0.847	1.44514756656816e-06	DNAJB1	c1
8.06961102982552e-07	0.683313945613894	0.372	0.255	0.0106873928479009	BCL2	c1
1.25379131016339e-09	0.680356374233994	0.459	0.309	1.66052121118039e-05	TMEM173	c1
1.37280241923212e-09	0.674136795505115	0.486	0.33	1.81813952403103e-05	LGALS1	c1
2.07594316194203e-22	0.666865069789774	0.948	0.855	2.74937912367602e-18	CRIP1	c1
7.15527335454393e-31	0.666399422230809	0.96	0.861	9.47644403075798e-27	S100A6	c1
2.2502310235609e-09	0.651062861955214	0.491	0.339	2.98020596760405e-05	CDC42EP3	c1
2.6241933727785e-07	0.644803947286731	0.49	0.386	0.00347548170290785	MYDGF	c1
2.27366380068461e-06	0.640226741991821	0.382	0.264	0.0301124033762669	PRNP	c1
6.8322677170904e-18	0.638113179790275	0.731	0.458	9.04865536451453e-14	GPR183	c1
1.06122572700319e-07	0.633886114065229	0.42	0.297	0.00140548735284303	PDE4D	c1
2.3192098002501e-06	0.62839390312198	0.541	0.447	0.0307156145945123	GATA3	c1
7.08881025873533e-12	0.627256786867912	0.622	0.462	9.38842030666907e-08	SYNE2	c1
4.04211479992617e-08	0.615360805329621	0.459	0.338	0.000535337684102222	SLAMF1	c1
5.62882040880175e-08	0.60697004910232	0.361	0.221	0.000745480974941704	PLAC8	c1
7.94345238182309e-18	0.599317043615327	0.978	0.97	1.05203083344865e-13	CD69	c1
6.1583559966856e-08	0.592610574554402	0.728	0.627	0.000815612668201041	CITED2	c1
1.02482060177638e-07	0.589712356204977	0.741	0.629	0.00135727240499263	TUBA1A	c1
5.46157665843669e-09	0.572906698114101	0.556	0.429	7.23331212643355e-05	MGST3	c1
1.1632373920634e-10	0.571355000500548	0.72	0.597	1.54059160204877e-06	SAMSN1	c1
1.55951877940673e-15	0.557973580576375	0.897	0.806	2.06542667144627e-11	MCL1	c1
1.8047865565419e-06	0.55741775850293	0.44	0.317	0.0239025931548409	CTSB	c1
2.38278184152729e-09	0.553707688609299	0.531	0.376	3.15575627091874e-05	INPP4B	c1
6.66456289543009e-09	0.548734914944007	0.671	0.53	8.82654709870761e-05	ADGRE5	c1
1.84491955036986e-06	0.546937747700169	0.568	0.477	0.0244341145250985	HNRNPUL1	c1
3.56897266362947e-07	0.538590355884948	0.445	0.32	0.00472674739571087	GLIPR2	c1
2.4907392975052e-17	0.532893034663157	0.922	0.855	3.29873512561588e-13	TAGLN2	c1
1.32622013295822e-08	0.519750012662967	0.649	0.524	0.000175644594408987	JUND	c1
5.85342152417337e-11	0.515938541376034	0.809	0.715	7.75227146661521e-07	SEC61B	c1
1.18738484207324e-07	0.513105846791804	0.598	0.488	0.00157257248484179	XBP1	c1
3.46542434445107e-06	0.505310071506059	0.507	0.417	0.04589608001791	SSR3	c1
4.69506142900528e-11	0.493196176697055	0.758	0.614	6.21813935657459e-07	CSRNP1	c1
2.26662399494753e-15	0.484973543123249	0.881	0.708	3.00191681890851e-11	TXNIP	c1
1.06157071369751e-15	0.484053014702253	1	0.998	1.40594425322098e-11	FTH1	c1
4.74629458407939e-08	0.47559482523299	0.836	0.768	0.000628599254715475	TAGAP	c1
5.61113621087551e-08	0.468170704312844	0.65	0.545	0.000743138879768352	TMED10	c1
6.52614452284066e-11	0.463803528069964	0.825	0.742	8.64322580605017e-07	ENO1	c1
1.71647863637323e-06	0.463039343678156	0.58	0.468	0.0227330430601271	TXN	c1
6.45635225062462e-07	0.462797831256371	0.626	0.542	0.00855079292072724	SPCS2	c1
1.38098340566971e-10	0.462778856831815	0.789	0.67	1.82897442246897e-06	TUBA1B	c1
1.64812565654681e-24	0.435311633902538	0.995	0.967	2.18277761953059e-20	ITM2B	c1
2.39108658533827e-38	0.424838168951754	1	0.997	3.166755073622e-34	RPLP0	c1
2.06867843957918e-13	0.403410264715446	0.916	0.712	2.73975772537867e-09	LTB	c1
3.73760986200324e-08	0.39470356671632	0.844	0.759	0.000495009050123709	PTGER4	c1
2.45596196926111e-06	0.387244716917884	0.696	0.623	0.0325267603208941	SEC61G	c1
2.52877319717685e-09	0.376464059514573	0.824	0.711	3.34910722234102e-05	CD44	c1
6.77482100762941e-18	0.374350654637361	0.987	0.965	8.97257294250439e-14	CALM1	c1
3.71094163787416e-06	0.373027446109801	0.684	0.583	0.0491477110520054	PRDX1	c1
2.41150289391874e-11	0.37106310773907	0.903	0.844	3.19379443270598e-07	SSR4	c1
1.05232859090478e-07	0.354201727915238	0.976	0.945	0.0013937039857943	HSP90AA1	c1
7.95888665796752e-18	0.324592907114142	0.997	0.982	1.05407494898122e-13	MYL12A	c1
7.64046731560262e-34	0.319198228538214	1	1	1.01190349127841e-29	RPLP1	c1
2.17684916408267e-08	0.3175035547996	0.655	0.52	0.000288301903291109	PBXIP1	c1
4.57079539084233e-10	0.30407504364441	1	1	6.05356141563158e-06	H3F3B	c1
1.69686014677197e-06	0.301563536615149	0.777	0.705	0.0224732157838479	HIST1H4C	c1
4.60639076946119e-10	0.292949488904907	0.928	0.845	6.1007039350744e-06	RPL36A	c1
2.5841796219149e-06	0.280892920509468	0.882	0.829	0.0342248749126409	SERP1	c1
8.93775384465547e-09	0.280546922431466	0.995	0.985	0.000118371611918617	HSPA8	c1
3.74929848304913e-07	0.275288806266965	0.533	0.371	0.00496557091095027	CAPG	c1
3.13578433344992e-08	0.27479544537459	0.959	0.891	0.000415303277122107	CD2	c1
9.86551881915925e-09	0.269134960022086	0.976	0.955	0.000130658931240945	MT-ND2	c1
3.19151110940453e-27	0.269090278463105	1	0.998	4.22683731329535e-23	TPT1	c1
9.9301810577199e-09	0.267940357863156	0.938	0.911	0.000131515317928442	HSP90AB1	c1
4.87866167036464e-10	0.264443922683921	0.995	0.959	6.46129951623093e-06	IL32	c1
1.77722702219464e-06	0.26275120019482	0.924	0.88	0.0235375946819458	PPIB	c1
1.72424763344784e-24	0.239025573636996	1	0.997	2.28359356573832e-20	EEF1A1	c1
8.98934615510953e-08	0.234692922941795	0.971	0.93	0.00119054900478271	MIF	c1
5.80867396026995e-13	0.231989288349951	0.998	0.992	7.69300779298152e-09	RPL35	c1
5.11525449911882e-10	0.23184320419112	0.989	0.976	6.77464305863297e-06	RPL38	c1
2.51528190557383e-15	0.231514778857838	1	0.998	3.33123935574198e-11	RPS19	c1
2.31283728034741e-08	0.217595055767402	0.975	0.965	0.000306312169409211	RPL27A	c1
1.85904397868516e-17	0.212243889040369	1	0.998	2.46211784537063e-13	RPL10	c1
2.0525775062811e-11	0.211588366666704	1	0.991	2.71843364931869e-07	RPSA	c1
1.88332557930943e-07	0.204579400054103	0.986	0.948	0.00249427639723741	TOMM7	c1
7.84793020165062e-12	0.195454506167104	1	0.995	1.03937987590661e-07	MT-CYB	c1
1.10478512898727e-14	0.19362271083159	1	0.998	1.46317742483074e-10	RPS27A	c1
1.56400357744878e-08	0.189202343774789	0.998	0.988	0.000207136633797316	EEF1B2	c1
5.88018731244248e-10	0.183421622393196	0.976	0.938	7.78772007659882e-06	FXYD5	c1
4.31351736270889e-07	0.183254537329399	1	0.988	0.00571282239517165	MT-ND3	c1
5.05758231447852e-07	0.174028254125007	0.994	0.983	0.00669826201729536	MT-ND5	c1
1.62440547689065e-08	0.156154944022121	0.998	0.997	0.000215136261359397	RPS21	c1
1.13125311692378e-08	0.15261963241723	1	0.995	0.000149823162805386	RPL3	c1
5.54843888940677e-09	0.151893147030598	1	0.997	7.34835246513032e-05	RPL34	c1
5.50135425953897e-09	0.151227557482509	1	0.998	7.28599358133341e-05	RPL39	c1
3.86823985325827e-08	0.135045321982965	1	0.995	0.000512309686165525	RPS25	c1
3.49172284961335e-07	0.13422678559303	1	0.998	0.00462443774202792	RPL17	c1
1.32651270918603e-07	0.125299839243326	1	0.995	0.00175683343204598	RPS14	c1
8.2627467977037e-07	0.112669301690744	1	1	0.0109431818588788	RPS3	c1
6.42014432205288e-26	-8.63167658072878	0	0.162	8.50283914012683e-22	KLRC3	c1
1.6382294696853e-17	-8.57052433660921	0	0.109	2.16967110965121e-13	KIR2DL4	c1
1.28903867262759e-10	-7.6748743509617	0	0.064	1.70720281802798e-06	KLRC1	c1
8.36479778039183e-07	-7.19974058140126	0	0.038	0.0110783381803509	FCER1G	c1
2.41260236318706e-13	-7.1026548664019	0	0.082	3.19525056980494e-09	AC068775.1	c1
1.87113907457676e-49	-7.06426087569118	0.006	0.311	2.47813659036946e-45	LINC02446	c1
3.90892106578477e-06	-7.05949948059153	0	0.033	0.0517697505952535	SOX4	c1
1.199423091864e-15	-6.88839674973236	0	0.097	1.58851594286468e-11	AKAP5	c1
1.21921937637982e-20	-6.56820685893517	0.002	0.133	1.61473414207743e-16	KLRC2	c1
3.37780031962389e-65	-6.47468083409107	0.008	0.394	4.47355874330988e-61	KLRD1	c1
0.000215802055531787	-6.24341228436718	0.002	0.026	1	TRDV2	c1
1.09313799321159e-05	-6.22001560501513	0	0.03	0.144775195820943	SH2D1B	c1
4.01071631236238e-26	-5.99746016994329	0.008	0.182	5.31179268409274e-22	HLA-DRA	c1
7.34366474135257e-27	-5.90937106284844	0.01	0.189	9.72594958344735e-23	ZNF683	c1
3.06064778410857e-05	-5.8618907525343	0	0.027	0.405352192527339	FCRL3	c1
1.93687082680486e-19	-5.86187766084859	0.002	0.126	2.56519172302035e-15	FCRL6	c1
3.81869635543912e-08	-5.8123431075594	0	0.047	0.000505748145314357	LYN	c1
5.35374161290193e-16	-5.79958105394443	0.003	0.108	7.09049539212731e-12	HLA-DQA1	c1
6.67804708339593e-28	-5.70704944653269	0.002	0.179	8.84440555724957e-24	CD248	c1
6.42783652742648e-28	-5.56353595003742	0.006	0.189	8.51302669692363e-24	TOX2	c1
8.52460060226467e-26	-5.45557347195981	0.003	0.17	1.12899810376393e-21	CRTAM	c1
1.82084991947228e-43	-5.43693559502619	0.01	0.286	2.41153363334909e-39	CD160	c1
1.12714408652335e-21	-5.383044733942	0.003	0.144	1.49278962819152e-17	TNIP3	c1
8.36479778039183e-07	-5.37692023244854	0	0.038	0.0110783381803509	ADRB1	c1
1.71536637943367e-14	-5.35738283526948	0.002	0.094	2.27183123292196e-10	PLCG2	c1
5.12506301882284e-05	-5.33649659429852	0	0.026	0.678763346212897	AC243829.4	c1
1.37696919116128e-13	-5.32129920253027	0.002	0.088	1.82365799677399e-09	YBX3	c1
2.49391106239513e-11	-5.30639531722051	0.002	0.073	3.30293581103611e-07	MYO1E	c1
3.06064778410857e-05	-5.28462298931467	0	0.027	0.405352192527339	VCAM1	c1
1.02492199318779e-23	-5.27885112201548	0.002	0.153	1.3574066877779e-19	KLRK1	c1
3.06064778410857e-05	-5.23731383929549	0	0.027	0.405352192527339	ADAM28	c1
0.108122588721822	-5.22158428444704	0.003	0.011	1	TRBV13	c1
1.15773927851029e-15	-5.17780111540062	0.002	0.102	1.53330990045902e-11	LAYN	c1
1.39846997514807e-06	-5.12443010923314	0	0.036	0.018521336350861	PCLAF	c1
7.07423308996753e-40	-5.03965460369948	0.021	0.289	9.369114304353e-36	XCL2	c1
1.90555861041349e-30	-5.01946495897037	0.022	0.236	2.52372182363162e-26	GZMB	c1
6.53614884455661e-06	-4.97581635800596	0	0.032	0.0865647552973077	STYK1	c1
2.28378793910955e-17	-4.96599698590857	0.003	0.117	3.02464874655668e-13	HLA-DRB5	c1
7.427692729215e-35	-4.96488505345689	0.008	0.235	9.83723625057235e-31	PECAM1	c1
1.23519230846653e-24	-4.96307038439642	0.005	0.167	1.63588869333307e-20	ENTPD1	c1
0.000144019519324209	-4.96139471954642	0	0.023	1	LINC01281	c1
6.53614884455661e-06	-4.93158503230667	0	0.032	0.0865647552973077	DHCR24	c1
6.53614884455661e-06	-4.92533795915786	0	0.032	0.0865647552973077	NCR1	c1
5.12506301882284e-05	-4.91575756409639	0	0.026	0.678763346212897	HMOX1	c1
1.67021896534909e-05	-4.89184003724349	0.002	0.033	0.221203799770833	CD200	c1
9.53671989245213e-10	-4.8845605655682	0.002	0.062	1.26304318255636e-05	ADGRG1	c1
3.06064588612973e-05	-4.80873899074931	0	0.027	0.405351941159022	WWTR1	c1
0.000144019519324209	-4.79287262670507	0	0.023	1	KLF7	c1
6.64868636249913e-05	4.78269606871955	0.024	0	0.880552021849385	NECTIN2	c1
1.34108091752947e-74	-4.76814621941201	0.021	0.465	1.77612756717603e-70	CD8B	c1
0.000406424275790113	-4.75956630643216	0	0.02	1	KLRC4-KLRK1	c1
0.00115432963499258	-4.73662900319383	0	0.017	1	SPRY2	c1
1.33344535765437e-06	-4.73648093343187	0.002	0.041	0.0176601503167745	CD79A	c1
3.06064778410857e-05	-4.72827278904876	0	0.027	0.405352192527339	CIITA	c1
0.000406424275790113	-4.69870013352363	0	0.02	1	SYNGR1	c1
0.00115432963499258	-4.67365877434884	0	0.017	1	LINC01480	c1
1.23266321719198e-14	-4.67034238394062	0.006	0.106	1.63253916484906e-10	TSHZ2	c1
0.005637217402146	-4.64551530120515	0	0.012	1	LINC01727	c1
0.00195201247587313	-4.6252689206199	0	0.015	1	KRT86	c1
0.00280675766173357	4.60130057863595	0.017	0.002	1	IFI27	c1
0.00115432963499258	-4.59965995586999	0	0.017	1	LINC01336	c1
2.39289275279382e-31	-4.59171097684918	0.037	0.271	3.16914716180013e-27	XCL1	c1
2.48727405418881e-21	-4.59066733571863	0.003	0.142	3.29414575736766e-17	ZEB2	c1
7.38946914532376e-12	-4.56933142705013	0.003	0.08	9.78661293606678e-08	KLRC4	c1
0.000241779853604118	-4.52552267015519	0	0.021	1	CRACR2B	c1
0.000620808169871159	-4.501142678831	0.002	0.023	1	IL21	c1
1.2080329175245e-16	-4.49787913007355	0.008	0.123	1.59991879596944e-12	CXCR5	c1
0.000684273091968687	-4.48377328988549	0	0.018	1	LINC02295	c1
0.000241779853604118	-4.48261779324613	0	0.021	1	LILRB1	c1
4.67922125399825e-21	-4.46305639822917	0.01	0.155	6.19716062879529e-17	ACTN1	c1
0.00195201247587313	-4.43267583489121	0	0.015	1	GCNT4	c1
0.00331090743510466	-4.4266072234141	0	0.014	1	SMAD1	c1
1.42559409609475e-18	-4.41711059801549	0.005	0.129	1.88805682086788e-14	DBN1	c1
0.000684273091968687	-4.37054644323278	0	0.018	1	METTL7A	c1
1.7117048123294e-32	-4.29401415126529	0.013	0.232	2.26698185344905e-28	CD244	c1
0.000101290160490316	-4.21773310170652	0.003	0.032	1	TNFRSF9	c1
0.00205558065977345	4.18997539411579	0.014	0	1	C2CD4D	c1
0.00331090743510466	-4.18176182791871	0	0.014	1	B3GNT7	c1
3.72224437603396e-10	-4.17723652145419	0.005	0.073	4.92974045161937e-06	HRH2	c1
2.17854341781916e-36	-4.150002637348	0.025	0.279	2.88526290255969e-32	CD38	c1
3.02857909396441e-16	-4.14963962070925	0.005	0.114	4.01105015204646e-12	JAKMIP1	c1
1.33051306124663e-08	-4.1451206679402	0.002	0.055	0.000176213149831503	CXXC5	c1
1.67515105824143e-05	-4.14473873214203	0.002	0.033	0.221857006153495	PDLIM1	c1
0.000684273091968687	-4.11073853497375	0	0.018	1	HDGFL3	c1
1.01499062919428e-57	-4.08897298655816	0.046	0.424	1.3442535893049e-53	TIGIT	c1
0.0096449383594285	-4.06754609320256	0	0.011	1	AC120193.1	c1
5.32897149458238e-59	-4.05438940036864	0.107	0.486	7.0576898474249e-55	CD8A	c1
1.2289991634019e-33	-4.013792801931	0.048	0.3	1.62768649200948e-29	HLA-DRB1	c1
0.000130880032548011	-3.98645584466835	0.002	0.027	1	REG4	c1
2.72739093910072e-14	-3.98299720924052	0.003	0.097	3.61215655974499e-10	CD8B2	c1
0.00195201247587313	-3.97630673386323	0	0.015	1	PDGFD	c1
2.17197776498869e-10	-3.9455938241473	0.002	0.067	2.87656735195102e-06	SCUBE1	c1
0.000406424275790113	-3.94170457810379	0	0.02	1	NRSN2-AS1	c1
0.005637217402146	-3.92579447992677	0	0.012	1	AC012368.1	c1
0.0096449383594285	-3.92405411834441	0	0.011	1	EVI5	c1
0.005637217402146	-3.90441094532638	0	0.012	1	ZWINT	c1
7.91800375174147e-05	-3.90210757484508	0.002	0.029	1	PTK2	c1
1.68696573647436e-12	-3.90121634687085	0.006	0.092	2.23421742138665e-08	ATP8B4	c1
0.000684273091968687	-3.89725853879567	0	0.018	1	AMZ1	c1
0.005637217402146	-3.87370167158231	0	0.012	1	PPFIA3	c1
8.00719480666691e-34	-3.86785277757454	0.033	0.279	1.06047288019497e-29	DUSP4	c1
0.00115432963499258	-3.86569711160726	0	0.017	1	BFSP2-AS1	c1
6.44456918944268e-11	-3.86371979727679	0.006	0.082	8.53518743449788e-07	CDCA7	c1
0.0506796359257049	3.85611156763048	0.027	0.012	1	IL17A	c1
2.67844443514002e-05	-3.83898111286591	0.016	0.061	0.354733180989945	TRDV1	c1
0.000362256939882258	-3.83623656935926	0.002	0.024	1	GPA33	c1
0.005637217402146	-3.83057409307329	0	0.012	1	AL445471.1	c1
0.005637217402146	-3.8127018260219	0	0.012	1	AC011447.3	c1
1.53653445305195e-09	-3.79513396644509	0.008	0.076	2.034986229622e-05	MIR181A1HG	c1
0.00331090743510466	-3.79336474224624	0	0.014	1	MEGF8	c1
8.20740157804535e-12	-3.78827167275781	0.011	0.098	1.08698826499633e-07	GEM	c1
1.38032788751754e-34	-3.75841831603892	0.049	0.308	1.82810625422824e-30	HLA-DPB1	c1
0.005637217402146	-3.75114256519561	0	0.012	1	CPNE2	c1
0.005637217402146	-3.71951431126788	0	0.012	1	KIF23	c1
0.00331090743510466	-3.71851183839575	0	0.014	1	PXDN	c1
0.000900875382702945	3.70971551772911	0.021	0.002	1	ADAM12	c1
0.0096449383594285	-3.68917216123377	0	0.011	1	XXYLT1-AS2	c1
4.56568158538894e-13	-3.68530189320589	0.013	0.111	6.04678869168912e-09	GNLY	c1
1.85963404038189e-31	-3.67184553209631	0.022	0.245	2.46289932308178e-27	SELL	c1
0.00115432963499258	-3.64170002223586	0	0.017	1	CLIP3	c1
0.00331090743510466	-3.61579288316889	0	0.014	1	MAP3K20	c1
1.4768014344607e-09	-3.6145593721873	0.006	0.073	1.95587581979975e-05	FES	c1
0.000218320735286722	-3.61367273940233	0.002	0.026	1	IQSEC3	c1
4.77777032761844e-05	-3.60930848379474	0.002	0.03	0.632767902189786	ATP1A3	c1
0.000610199117817682	-3.59956563104	0.002	0.023	1	CLNK	c1
0.0096449383594285	-3.59841302021826	0	0.011	1	PLXNA4	c1
4.8058245557957e-05	-3.56243056734531	0.002	0.03	0.636483404169583	SERPINE2	c1
0.005637217402146	-3.55522746971105	0	0.012	1	LINC00672	c1
8.6229760814782e-11	-3.53373521709519	0.01	0.088	1.14202695223097e-06	NMUR1	c1
0.0096449383594285	-3.52562767499212	0	0.011	1	IFITM10	c1
1.72016886121712e-05	-3.52168607748319	0.002	0.033	0.227819163979596	PHGDH	c1
0.0096449383594285	-3.51010562910434	0	0.011	1	AC008771.1	c1
6.1499635512926e-29	-3.49509106070749	0.021	0.229	8.14501172733192e-25	FABP5	c1
2.31262635501109e-12	-3.48855691744722	0.008	0.095	3.06284234457668e-08	IKZF2	c1
1.00572316788871e-06	-3.48005304324089	0.008	0.056	0.013319797635518	ANKRD55	c1
0.00288919521281185	-3.46266294171224	0.002	0.018	1	S100B	c1
0.0096449383594285	-3.43837576575264	0	0.011	1	CLEC11A	c1
0.0096449383594285	-3.42299195370879	0	0.011	1	ZNF587B	c1
3.05315601575003e-07	-3.39694614959439	0.005	0.053	0.00404359982725934	ADTRP	c1
0.005637217402146	-3.39674185475229	0	0.012	1	LINC01410	c1
2.87038878631101e-17	-3.39037880171379	0.019	0.152	3.80154290859031e-13	HLA-DQB1	c1
0.0096449383594285	-3.38314954487325	0	0.011	1	HOXB7	c1
0.0230557139365247	-3.3822570078373	0.002	0.012	1	EVA1B	c1
1.59322663194362e-08	-3.34960232394102	0.011	0.076	0.000211006935134613	TRDC	c1
1.05378330386949e-05	-3.34684230063848	0.002	0.035	0.139563060764475	BEND4	c1
0.005637217402146	-3.3262186355543	0	0.012	1	HLA-DOA	c1
0.0096449383594285	-3.31928918960187	0	0.011	1	SLC17A9	c1
2.89202145623814e-05	-3.3090186171996	0.002	0.032	0.38301932166418	PIK3R3	c1
2.70503216422543e-05	3.30676022568892	0.041	0.006	0.358254459830016	IL22	c1
4.3287364547723e-13	-3.30641292228075	0.011	0.108	5.73297856070043e-09	TIAM1	c1
0.0278609178785817	3.29054447101326	0.011	0.002	1	ATAD3C	c1
0.0028567375926526	-3.27088059082076	0.002	0.018	1	SULT1B1	c1
0.00331090743510466	-3.27011834079905	0	0.014	1	FAM92A	c1
6.63581237687643e-05	3.26684704633621	0.032	0.003	0.878846991193514	B3GNT8	c1
5.739317550659e-10	-3.26413051920525	0.017	0.098	7.60115216409278e-06	TRGV9	c1
1.14434423426152e-12	-3.22506633102607	0.011	0.105	1.51556950385596e-08	SCCPDH	c1
7.06400958296837e-11	-3.2125729462757	0.006	0.082	9.35557429168331e-07	CCL3	c1
2.25842608279964e-12	-3.20979310077606	0.006	0.092	2.99105950405984e-08	SLAMF8	c1
6.98003470562428e-07	-3.20489473242225	0.003	0.047	0.00924435796412879	CERS6	c1
6.38933787397738e-05	-3.1954451814169	0.003	0.033	0.846203908029565	MIR3142HG	c1
8.01097659951592e-05	-3.18753844391652	0.002	0.029	1	ZBTB32	c1
8.01097659951592e-05	-3.15504912220589	0.002	0.029	1	AL122035.1	c1
0.000372865669245203	-3.14814460874065	0.002	0.024	1	ZNF80	c1
0.01563616620804	3.14700491538163	0.013	0.002	1	TXNDC5	c1
8.09021562579582e-13	-3.11619452730772	0.014	0.112	1.0714681574804e-08	MYL6B	c1
0.000615482374072254	-3.09734629753812	0.002	0.023	1	ADAMTS4	c1
0.005375133086351	3.0745965621746	0.019	0.003	1	PRSS35	c1
1.68643390449392e-11	-3.07218133432629	0.013	0.1	2.23351306311175e-07	BEX3	c1
0.0096449383594285	-3.06157666573404	0	0.011	1	AL590399.1	c1
0.00820667503325076	-3.04816670168406	0.002	0.015	1	CPM	c1
0.0498190220467117	3.03780080382066	0.01	0.002	1	ZNF571-AS1	c1
0.015296029888992	-3.02402913581149	0.003	0.017	1	TRDV3	c1
5.13718208199111e-09	-3.01240749979536	0.008	0.073	6.80368394938902e-05	AC103702.2	c1
7.03927516833058e-07	-3.00413460566405	0.003	0.047	0.00932281603293703	DOCK5	c1
5.38917573830834e-07	-2.97893207496108	0.005	0.052	0.00713742434781557	AC078883.1	c1
0.000471303909464962	-2.97042453041526	0.003	0.027	1	BFSP2	c1
0.0233073633783367	-2.95828318828454	0.002	0.012	1	DPF3	c1
1.49030264169298e-06	-2.95394224124715	0.005	0.048	0.0197375681865819	PDE7B	c1
0.000373942366636153	-2.95373347059109	0.002	0.024	1	MKI67	c1
4.67513196162335e-21	-2.94377025095587	0.025	0.189	6.19174476997397e-17	GPR34	c1
0.00289736204309262	-2.93180566952214	0.002	0.018	1	MEOX1	c1
6.97317671116667e-05	2.91698762446891	0.041	0.008	0.923527523626914	MPZL2	c1
0.000463946703218765	-2.90977087044646	0.003	0.027	1	DMPK	c1
0.000465165416057704	-2.90654412137008	0.003	0.027	1	MTUS1	c1
0.0137372577323538	-2.90438138048159	0.002	0.014	1	AC104958.1	c1
6.49232126686609e-07	-2.89843462796489	0.006	0.055	0.00859843028583745	CHST2	c1
2.8716267654504e-14	-2.8930699430776	0.013	0.12	3.80318248816251e-10	SYT11	c1
0.0138509322055303	-2.86847534618676	0.002	0.014	1	RORA-AS1	c1
1.34536045508299e-25	-2.84033462888838	0.035	0.236	1.78179538671192e-21	IL21R	c1
5.13407328454163e-15	-2.83953238082329	0.216	0.374	6.79956665804694e-11	GZMA	c1
0.000203991831990961	2.82560581797263	0.029	0.003	1	CA2	c1
0.00568089376232761	-2.82510664749021	0.003	0.02	1	SGPP2	c1
0.00289736204309262	-2.81944377046437	0.002	0.018	1	DPY19L2	c1
0.000135527503214995	-2.81615385973356	0.002	0.027	1	FHL2	c1
0.00104931075035986	-2.81046006480104	0.002	0.021	1	CNKSR2	c1
0.0278609178785817	2.79964720976918	0.011	0.002	1	GPR63	c1
0.0231812421504976	-2.78012766472243	0.002	0.012	1	RGMB	c1
0.00488587508484641	-2.76553188129563	0.002	0.017	1	BX255925.3	c1
2.4780825161129e-09	-2.75589594074181	0.011	0.082	3.28197248433992e-05	GPR82	c1
0.00107015980494011	2.74851366670827	0.027	0.005	1	TRIQK	c1
0.0231184040575289	-2.74838945527872	0.002	0.012	1	LINC02391	c1
0.00885176869811239	2.74749711514805	0.014	0.002	1	NHSL2	c1
0.0231812421504976	-2.73734425804305	0.002	0.012	1	ZFP69B	c1
0.0159741954947189	2.73064566190416	0.016	0.003	1	STON1	c1
1.37004478349401e-30	-2.71455967986083	0.113	0.376	1.81448731125946e-26	HLA-DPA1	c1
2.04231176950952e-05	-2.70517411408989	0.013	0.056	0.270483770753841	ICA1	c1
0.0279392190122346	2.69921170657953	0.011	0.002	1	COL5A1	c1
0.0498190220467117	2.69375875559572	0.01	0.002	1	TMC4	c1
0.0031469018442389	2.68664780720258	0.021	0.003	1	MATN2	c1
5.44599620394643e-05	-2.67319005126063	0.01	0.047	0.721267737250665	FGGY	c1
0.00538896553390845	2.66934815016163	0.019	0.003	1	AC234582.1	c1
1.03640959081123e-09	-2.66910429612542	0.011	0.085	1.37262086207039e-05	TOGARAM2	c1
0.000107451505494411	-2.65353535204248	0.003	0.032	1	HES6	c1
0.0391331515687771	-2.64515391680286	0.002	0.011	1	ALS2CL	c1
0.00818392715325606	-2.64091879472283	0.002	0.015	1	AP001157.1	c1
1.56925566056026e-28	-2.62376225801447	0.293	0.495	2.07832219684601e-24	NKG7	c1
0.00919364087930326	2.60953327213995	0.017	0.003	1	ZFR2	c1
0.000796515395841861	-2.59139857396648	0.003	0.026	1	NOCT	c1
0.00104631994546612	-2.59096912607646	0.002	0.021	1	TTYH3	c1
2.0030011222043e-13	-2.58802145792393	0.027	0.142	2.65277468624737e-09	PLPP1	c1
0.319968730873643	2.58621821034017	0.011	0.006	1	TRAV40	c1
0.005765679569678	-2.58422866814525	0.003	0.02	1	DPY19L3	c1
5.23394466918154e-06	-2.57847749903684	0.01	0.055	0.0693183631986404	MFGE8	c1
4.00038458193839e-17	-2.57547127763839	0.067	0.23	5.29810934031921e-13	CLIC3	c1
0.00284292545305776	2.57357397586866	0.027	0.006	1	ESPN	c1
5.32378088371227e-05	-2.5710236181072	0.006	0.041	0.705081540238853	NET1	c1
0.00293024050835932	-2.56449513035227	0.002	0.018	1	SETBP1	c1
0.000178170055570223	-2.56123382170581	0.003	0.03	1	BRSK1	c1
2.76000226926807e-09	-2.56054513560993	0.013	0.085	3.65534700541863e-05	NUGGC	c1
0.0232442284968469	-2.55636269291133	0.002	0.012	1	C16orf45	c1
8.02368339786554e-05	2.55424813099371	0.049	0.012	1	PIANP	c1
0.000381419062972299	2.54088787848995	0.03	0.005	1	IRGM	c1
0.00543065593410306	2.5292816231771	0.019	0.003	1	AC092343.1	c1
0.0158154234780908	2.52741021163257	0.013	0.002	1	ZNF532	c1
1.49607026572074e-11	-2.5260654116131	0.025	0.126	1.98139545992054e-07	GZMH	c1
0.00491330351571047	-2.51406495928412	0.002	0.017	1	KLHL4	c1
0.0404578095739482	2.50886398395743	0.016	0.005	1	IL1R2	c1
7.63774181109338e-35	-2.50496447368558	0.099	0.388	1.01154252546121e-30	AOAH	c1
0.00568089376232761	-2.50363929604441	0.003	0.02	1	HSF5	c1
0.0393428261545565	-2.50260277844127	0.002	0.011	1	C3orf52	c1
3.54805294631686e-06	-2.49630904018396	0.01	0.056	0.0469904132210205	SLC27A2	c1
2.58490533065091e-06	-2.4959972919469	0.005	0.047	0.0342344861991406	SPECC1	c1
0.01273195259841	2.49352480924861	0.022	0.006	1	FRY	c1
2.98689917715744e-18	-2.476592784864	0.033	0.188	3.95584927022732e-14	DAPK2	c1
0.00469301826463351	2.46901810572266	0.025	0.006	1	PROK2	c1
0.0498190220467117	2.46865031772596	0.01	0.002	1	SERPINE1	c1
0.00366737227834352	-2.46805473013414	0.005	0.024	1	DBNDD1	c1
3.87395529777327e-10	-2.45797990541409	0.03	0.123	5.13066639637092e-06	SCML1	c1
1.83253758328751e-07	-2.45240434158693	0.008	0.062	0.00242701277530597	VAV3	c1
0.0393428261545565	-2.44783585091467	0.002	0.011	1	MTURN	c1
0.0677381642331197	-2.44490765295304	0.003	0.012	1	FCGR3A	c1
0.00545861106666491	2.4431699161416	0.019	0.003	1	LINC01644	c1
0.0138890078358374	-2.43860391848018	0.002	0.014	1	KIR2DL3	c1
0.00187428035954356	2.42050392158314	0.025	0.005	1	IQCN	c1
0.00547263728858245	2.4152505593427	0.019	0.003	1	PLEK2	c1
0.0382267650917249	-2.40281169733714	0.005	0.017	1	RBM26-AS1	c1
0.000157173938652994	-2.40185330920839	0.03	0.077	1	TRGV4	c1
0.0035303566105392	-2.40031714125369	0.003	0.021	1	LINC01358	c1
0.0232442284968469	-2.38753868957914	0.002	0.012	1	AC114763.1	c1
0.000271959607230384	2.38229823581486	0.043	0.011	1	LTC4S	c1
8.16145738571248e-08	-2.38016093279057	0.019	0.086	0.00108090341616376	SPSB1	c1
0.000798582185988901	-2.37908877552984	0.003	0.026	1	PIF1	c1
0.0138890078358374	-2.37427498777519	0.002	0.014	1	MAP7	c1
0.49031897490051	-2.35859975381586	0.01	0.014	1	TRBV7-4	c1
1.87756404713704e-08	-2.35615940716869	0.032	0.112	0.00024866458240283	TBC1D4	c1
2.25768611872601e-07	-2.35378975777954	0.013	0.071	0.00299007949564072	PIK3AP1	c1
0.0138509322055303	-2.35317985244364	0.002	0.014	1	CCDC189	c1
2.95726800091015e-05	-2.35299243949944	0.005	0.039	0.39166057404054	TTC24	c1
0.00213273260592525	-2.35132547508388	0.003	0.023	1	BCL7A	c1
3.46065881762878e-07	-2.34872382724062	0.011	0.067	0.00458329653806755	FSD1	c1
0.000486345963717474	-2.34538150906154	0.003	0.027	1	AC004585.1	c1
0.0234976620564097	-2.34241200215768	0.002	0.012	1	DYSF	c1
0.1092663256106	-2.32716517574066	0.003	0.011	1	TBC1D8	c1
2.26976186790125e-13	-2.32619183058058	0.041	0.167	3.00607261784841e-09	CHI3L2	c1
0.0798636197836539	2.32165485513632	0.011	0.003	1	CDKL3	c1
0.00254548132290612	2.31524110501758	0.03	0.008	1	LZTS1	c1
0.0138509322055303	-2.31085632686035	0.002	0.014	1	LBX2-AS1	c1
0.0233706470770711	-2.30413936054251	0.002	0.012	1	PTGIS	c1
8.78688002022031e-05	-2.29807367101195	0.006	0.039	1	CDCA7L	c1
5.46238382645818e-06	-2.29543455377645	0.013	0.061	0.0723438113976121	FAM184A	c1
1.89779929896693e-08	-2.29422661934136	0.021	0.094	0.00025134453915518	LINC01891	c1
0.000604048015437809	-2.28469256811841	0.006	0.033	1	PTPRK	c1
0.0082523406191437	-2.28044344603896	0.002	0.015	1	ENPP2	c1
1.43582087790442e-09	-2.27855148235961	0.03	0.12	1.90160117069662e-05	HAVCR2	c1
0.0500937385292351	2.2773430129541	0.01	0.002	1	LINC00894	c1
2.00062867018748e-10	-2.27250374034352	0.032	0.129	2.6496326107963e-06	LYPD3	c1
0.0233073633783367	-2.26599446521341	0.002	0.012	1	REEP2	c1
0.00354806819511279	-2.26212239837604	0.003	0.021	1	NFIL3	c1
0.00484904914148742	2.25887822652938	0.025	0.006	1	SCRN1	c1
0.0233706470770711	-2.25449862975729	0.002	0.012	1	AL035413.1	c1
0.000939506603925946	-2.25358892057868	0.006	0.032	1	SLC14A1	c1
0.0253045034190779	-2.24410537561386	0.003	0.015	1	POU2AF1	c1
0.00943043827228367	-2.24355672655243	0.003	0.018	1	C1orf21	c1
0.0341713235350547	2.24350053727819	0.019	0.006	1	ME1	c1
2.28563335732308e-17	-2.234918679954	0.045	0.202	3.02709281843869e-13	TOX	c1
0.00492706989353769	-2.23182372099465	0.002	0.017	1	CDT1	c1
5.32230675082452e-08	-2.22802041430028	0.019	0.088	0.0007048863060792	LIMK1	c1
0.000342127743067939	-2.22260620471223	0.005	0.032	1	GOLIM4	c1
1.10478247519897e-35	-2.21691328861522	0.178	0.482	1.46317391015351e-31	ITGAE	c1
0.0408136889853586	-2.21084441380451	0.003	0.014	1	LINC00294	c1
0.0154792209474547	-2.19758942938392	0.003	0.017	1	AC233976.1	c1
1.89299930762147e-05	-2.19046271382317	0.016	0.062	0.250708828301387	CSGALNACT1	c1
2.04624907729796e-07	-2.18681982793398	0.019	0.083	0.00271005227797342	SQLE	c1
0.0412786687212656	-2.1821817351732	0.003	0.014	1	FGFR1	c1
0.0138890078358374	-2.17291985724727	0.002	0.014	1	AC002091.2	c1
8.03296388065976e-05	2.17234621890151	0.052	0.014	1	B3GALT2	c1
0.0156271612053133	-2.17205253259833	0.003	0.017	1	MBNL1-AS1	c1
0.0138890078358374	-2.16629762717073	0.002	0.014	1	ASRGL1	c1
5.04545579869671e-16	-2.1661007810914	0.038	0.183	6.68220165979392e-12	HLA-DMA	c1
0.00956442673402604	-2.16468245534312	0.005	0.021	1	VANGL1	c1
0.00957171672587992	2.15818447508289	0.017	0.003	1	GOLGA6L4	c1
0.00829823344384461	-2.15734130963842	0.002	0.015	1	TRIM61	c1
0.000438159846604731	-2.15701458517028	0.014	0.048	1	DARS2	c1
8.33413192770237e-25	-2.15522984240702	0.138	0.371	1.1037724325049e-20	CCR7	c1
0.0349435094933521	-2.15446916291693	0.006	0.02	1	NEURL4	c1
6.58685422883081e-06	2.14490926741725	0.064	0.015	0.0872362974066352	GNA15	c1
4.88833090127274e-25	-2.14404311137597	0.087	0.318	6.47410544564562e-21	GABARAPL1	c1
0.0247372431453127	-2.12900356298113	0.005	0.018	1	PPARGC1B	c1
0.0671475982510931	-2.12126043226561	0.003	0.012	1	AC009093.2	c1
1.18262035156361e-06	-2.11978276871832	0.021	0.08	0.0156626239361085	GFOD1	c1
0.0665852589303514	2.11685759722315	0.014	0.005	1	RRAGD	c1
0.00533200946883246	2.11671134440262	0.022	0.005	1	PRSS16	c1
0.005765679569678	-2.1139708625475	0.003	0.02	1	AC005037.1	c1
0.0252457098712994	-2.11396945961708	0.003	0.015	1	COG8.1	c1
0.00268997891294869	-2.11231137895309	0.013	0.039	1	IGFBP4	c1
0.0139654364253546	-2.11094225266149	0.002	0.014	1	AL355922.2	c1
0.000241418436346722	-2.10601496498527	0.008	0.039	1	CCDC141	c1
0.0155160899925059	-2.09651330667339	0.003	0.017	1	USP6NL	c1
0.0395534537981217	-2.09381168717115	0.002	0.011	1	ABHD14A-ACY1	c1
0.0274770599051913	2.08275508290087	0.014	0.003	1	RAPGEF5	c1
0.00580849890914724	-2.08172722526291	0.003	0.02	1	PPT2	c1
6.94913354979449e-08	-2.08095887738009	0.016	0.082	0.000920343247334783	KIAA1671	c1
0.00533200946883246	2.0801613284846	0.022	0.005	1	ZNF365	c1
0.0155153788539687	-2.07728866330875	0.005	0.02	1	GCC2-AS1	c1
0.0409991454713166	-2.07616016643302	0.003	0.014	1	FAM81A	c1
0.00111603241638987	2.07083192264365	0.027	0.005	1	IL5RA	c1
0.00314033050318664	2.06743824040636	0.04	0.014	1	MTRNR2L12	c1
0.000346807955766389	-2.06637677082301	0.022	0.062	1	LAT2	c1
0.0094533481579286	-2.06537807869209	0.003	0.018	1	PNPLA7	c1
0.0139271758467742	-2.06361096342806	0.002	0.014	1	RYR1	c1
0.0225754544139987	-2.06153566745195	0.006	0.021	1	ADCY3	c1
8.28136102550596e-05	-2.06094315387895	0.014	0.055	1	JAKMIP2	c1
3.15699882346648e-16	-2.05662784926008	0.103	0.277	4.181129241799e-12	CTLA4	c1
0.0805807573786749	2.04735936580373	0.011	0.003	1	MAP3K21	c1
0.000202503108550345	2.0457376322568	0.041	0.009	1	LTB4R	c1
0.0364075420882899	-2.04053296076595	0.006	0.02	1	GRASP	c1
0.0233677376489837	-2.03334368853839	0.011	0.029	1	TYROBP	c1
0.02113321620603	2.02767253777892	0.021	0.006	1	ANKS1A	c1
0.0148480863318502	2.02416321260799	0.019	0.005	1	ELOVL4	c1
0.0542962209796431	-2.02381198600087	0.006	0.018	1	KLHL3	c1
2.83627668858839e-12	-2.02274347424743	0.035	0.148	3.75636484636646e-08	PLXDC1	c1
0.0156271612053133	-2.01845065031602	0.003	0.017	1	CCDC78	c1
0.0411853154876512	-2.01114351962869	0.003	0.014	1	GPR146	c1
0.000349623134951742	-1.999486337272	0.011	0.044	1	TRGC1	c1
0.0395534537981217	-1.99559517039759	0.002	0.011	1	DNAJB5	c1
0.14990343663629	-1.99457181756151	0.005	0.012	1	HACD1	c1
0.0155900599871641	-1.99383050847043	0.003	0.017	1	HIST1H2BF	c1
0.0540036251102159	-1.98989347404311	0.006	0.018	1	PEX12	c1
0.0095686438405534	-1.98781130721843	0.003	0.018	1	LINC00891	c1
0.0244288621251284	-1.98147453024519	0.005	0.018	1	IGFBP6	c1
0.00979855233131182	-1.98027775236021	0.005	0.021	1	AP005482.1	c1
0.00271131981740005	1.98011765391206	0.03	0.008	1	ID1	c1
0.0668539082919631	-1.97701466427395	0.003	0.012	1	AC243960.3	c1
0.0255408641346455	-1.97633816280957	0.003	0.015	1	ICA1L	c1
0.0802215375190962	1.97434685097994	0.011	0.003	1	AC092580.2	c1
0.0283335764804067	1.97432272877069	0.011	0.002	1	SNCA	c1
0.000341320435579392	-1.97428277660022	0.013	0.047	1	SLCO4A1	c1
0.00947630767172519	-1.97273707634444	0.003	0.018	1	NUF2	c1
7.13946330752929e-05	-1.96233788473587	0.032	0.083	0.945550520449179	TRGV8	c1
0.00602670519897125	-1.95972302110233	0.006	0.026	1	AC091982.3	c1
7.77259843185462e-19	-1.95762550615452	0.087	0.279	1.02940293631483e-14	ARMH1	c1
0.151505130536593	-1.9446413287485	0.005	0.012	1	TET1	c1
0.00903224124406542	1.94435793153855	0.014	0.002	1	LINC01136	c1
0.0688154839828701	1.94234318395006	0.019	0.008	1	C8orf88	c1
0.0414659129441156	-1.93769967601531	0.003	0.014	1	ACTL10	c1
0.0004318638017329	-1.93423370956459	0.016	0.052	1	TTN	c1
0.109957146383421	-1.93314131315367	0.003	0.011	1	AC008735.2	c1
0.00149167360556008	-1.932917217997	0.008	0.033	1	ADGRG5	c1
1.30119694262225e-09	-1.92883276059645	0.035	0.129	1.72330523080891e-05	AC090152.1	c1
0.0156643400833128	-1.92874610304713	0.003	0.017	1	CNNM4	c1
0.0413722011197104	-1.92585047424692	0.003	0.014	1	GPR19	c1
0.0156271612053133	-1.92506423241056	0.003	0.017	1	DRAXIN	c1
0.041139182487183	1.92334034716364	0.016	0.005	1	CACNA1I	c1
0.0804009844843964	1.91905966846857	0.011	0.003	1	ZNF233	c1
6.25171434483504e-22	-1.91870811089283	0.107	0.324	8.27977047829953e-18	ACP5	c1
2.21899065367065e-06	-1.91276983870673	0.019	0.076	0.0293883122172141	TARBP1	c1
4.00735070491023e-08	-1.90484790988295	0.017	0.086	0.00053073352735831	NINJ2	c1
4.92368066798341e-22	-1.90099200673769	0.132	0.353	6.52092267667722e-18	LEF1	c1
0.109036816159156	-1.89926888212837	0.003	0.011	1	EDA	c1
0.0150142947097041	1.89649912729667	0.019	0.005	1	PLEKHG3	c1
0.0181479806893892	-1.89508839164027	0.01	0.027	1	MORN3	c1
2.41599963327069e-05	-1.89414616653779	0.021	0.07	0.319974991430371	MARCH3	c1
0.0234340798754981	-1.89245951758122	0.002	0.012	1	CCNE2	c1
0.00237117823473034	1.88997609003489	0.033	0.009	1	COL5A3	c1
0.0157015967558467	-1.88624266221649	0.003	0.017	1	PDE1B	c1
0.000511534649170863	-1.88567765675929	0.013	0.045	1	PHF13	c1
0.00143155963476982	-1.88543765776709	0.01	0.036	1	TSTD3	c1
7.53216851966432e-17	-1.87922769760738	0.084	0.261	9.97560398744343e-13	GPR18	c1
0.0389314522996568	-1.87821645824951	0.005	0.017	1	IFNG-AS1	c1
0.0230598014405702	-1.87814700651938	0.006	0.021	1	WDR5B	c1
0.0409679342824095	1.87738080760932	0.016	0.005	1	USP54	c1
0.00045145442689845	1.87232401775141	0.054	0.018	1	CYTH3	c1
0.0474367265850965	1.86720344666985	0.013	0.003	1	AL133415.1	c1
0.014507517125792	1.86664085757308	0.027	0.009	1	CCNYL1	c1
0.0865507606122977	1.86498119567164	0.016	0.006	1	AC092803.2	c1
0.153119827045653	-1.86240987761083	0.005	0.012	1	MS4A1	c1
0.0157015967558467	-1.85844961627944	0.003	0.017	1	PINLYP	c1
0.0416538759162442	-1.85545891919688	0.003	0.014	1	ERI2	c1
0.0081294381498755	-1.85384544066829	0.01	0.03	1	ZC2HC1A	c1
0.0675901236402653	-1.84443641649182	0.003	0.012	1	NIPAL2	c1
2.52207111858187e-08	-1.83864469199577	0.037	0.121	0.000334023098944983	BCL2L11	c1
0.0397650378066176	-1.83715030483255	0.002	0.011	1	NFYC-AS1	c1
0.0805807573786749	1.83380224054386	0.011	0.003	1	AC026471.2	c1
3.21974461726169e-05	1.8319969344995	0.03	0.002	0.426422977110139	KIT	c1
0.000338693055801709	-1.8317214252871	0.013	0.047	1	AC099063.4	c1
3.65826636977707e-05	-1.82895867027092	0.016	0.061	0.484500798013275	SEMA4B	c1
0.0130252268809683	1.82822770702604	0.022	0.006	1	PARS2	c1
0.000383393674072044	1.8211455988115	0.037	0.008	1	GDPD5	c1
0.006040083914365	-1.8201250523241	0.013	0.036	1	MIR762HG	c1
0.0356026276337288	-1.81987875653179	0.006	0.02	1	GEN1	c1
0.00618320040967169	-1.81735948746898	0.005	0.023	1	PKN3	c1
8.25328860026251e-23	-1.81616095817594	0.132	0.367	1.09306554221877e-18	TMIGD2	c1
0.0279746311936658	1.81455689852825	0.027	0.011	1	EGLN3	c1
3.78321131757787e-08	-1.8132411718601	0.06	0.155	0.000501048506900013	TRGC2	c1
0.0499935257304921	-1.81116993517703	0.014	0.03	1	FXYD2	c1
0.0807608565999013	1.80121079051633	0.011	0.003	1	LINC01569	c1
0.0255408641346455	-1.79901561834199	0.003	0.015	1	ZSWIM1	c1
0.210488815632597	1.7946941118436	0.013	0.006	1	S100Z	c1
0.00576462755549018	-1.79229465714858	0.008	0.029	1	LINC01534	c1
1.17497727328376e-06	-1.78892148561423	0.024	0.086	0.0155613990073701	LDLR	c1
0.135501708378891	1.78467233496159	0.01	0.003	1	AC007448.3	c1
0.108122588721822	-1.78371424756014	0.003	0.011	1	AL117379.1	c1
0.0414834986051033	1.78193703074688	0.016	0.005	1	TMEM202-AS1	c1
0.000143908998318961	-1.78192939206251	0.021	0.064	1	CCRL2	c1
0.000470943855938984	-1.78120975881786	0.014	0.048	1	PLEK	c1
6.57157144600434e-05	-1.78021681906686	0.011	0.05	0.870338922308815	SMPD3	c1
0.047768187678574	1.77128088977869	0.013	0.003	1	HAR1B	c1
0.0023882238356094	-1.77086405962323	0.005	0.026	1	HIST1H3H	c1
3.72477924845835e-11	-1.76935168138018	0.052	0.17	4.93309763665824e-07	PRKAR1B	c1
0.0859794296984945	-1.76764617261604	0.013	0.026	1	RTKN2	c1
0.0672948409850699	-1.76687077014859	0.003	0.012	1	KIF11	c1
0.278090469496571	1.76507013818	0.01	0.005	1	DLG4	c1
2.54803406859568e-11	-1.75860702437366	0.081	0.212	3.37461632044811e-07	SESN3	c1
0.000612310473949614	-1.75829856837811	0.006	0.033	1	AL592295.4	c1
0.00243377124911697	-1.75658663135605	0.008	0.032	1	CHST10	c1
0.0235613939029415	-1.75484446122358	0.002	0.012	1	CLHC1	c1
0.104219774358277	1.75334872838042	0.017	0.008	1	RAB38	c1
0.0256597590841199	-1.74806522149207	0.003	0.015	1	SUMO4	c1
3.61168850791297e-19	-1.74745235463847	0.18	0.395	4.78332025987994e-15	LDLRAD4	c1
0.0156826955854845	-1.74245730084164	0.005	0.02	1	LINC01006	c1
0.0672948409850699	-1.74056145401203	0.003	0.012	1	GIPR	c1
0.137239214731851	1.73914050886005	0.01	0.003	1	AC048382.6	c1
0.0157500654555607	-1.73408602597508	0.005	0.02	1	KISS1R	c1
0.0506469821178177	1.73251795040856	0.01	0.002	1	NKX3-1	c1
0.00143368880050213	-1.73189868073486	0.016	0.047	1	ZNF519	c1
0.0348378065520753	1.73090963631051	0.019	0.006	1	TRBV24-1	c1
0.0162520639094013	1.72816598625097	0.016	0.003	1	THAP9	c1
5.00005435394488e-10	-1.72712947616588	0.048	0.153	6.6220719863646e-06	MCM6	c1
0.0234976620564097	-1.72482634794315	0.002	0.012	1	FUT8-AS1	c1
0.0414659129441156	-1.72244107688347	0.003	0.014	1	FADS1	c1
0.00372541098371188	1.72223204389807	0.032	0.009	1	SECTM1	c1
3.29296543607749e-05	-1.719340978205	0.017	0.064	0.436120342354103	VNN2	c1
0.136078979153675	1.71821943319645	0.01	0.003	1	AC021739.4	c1
0.136716581440331	1.71520663778183	0.014	0.006	1	CYP27B1	c1
0.109496216873745	-1.71428334734108	0.003	0.011	1	LRRC63	c1
2.59540448986409e-06	-1.70806678379198	0.019	0.076	0.03437353706376	LINC00539	c1
2.94305822320578e-14	-1.7078984570844	0.122	0.288	3.89778631081373e-10	PASK	c1
4.64182795786653e-12	-1.70654815601106	0.072	0.205	6.14763694739843e-08	NDFIP2	c1
0.135501708378891	1.70335418128588	0.01	0.003	1	TUFT1	c1
0.000493147951750953	-1.70118233873803	0.014	0.048	1	PLCL1	c1
0.0417481275871451	-1.69961309830207	0.003	0.014	1	CDHR3	c1
0.0837484390665144	-1.69765711276377	0.006	0.017	1	LAIR2	c1
1.73594948517205e-07	-1.69441643538404	0.049	0.132	0.00229909149816186	AC119396.1	c1
0.0440938392325011	1.6940895792343	0.021	0.008	1	AC008035.1	c1
0.00858797528039916	-1.6895269571379	0.017	0.042	1	TRAV1-2	c1
0.0232829261320656	-1.68881611986454	0.006	0.021	1	CEP126	c1
0.00248535241101801	-1.68789669820473	0.006	0.029	1	BRCA2	c1
2.80711368993447e-07	-1.68769283271084	0.027	0.097	0.00371774137094922	ASAP1	c1
0.0811220356151679	1.68512155876338	0.011	0.003	1	PAK6	c1
2.30675139964456e-05	-1.68494271116689	0.017	0.065	0.305506155368925	PSAT1	c1
1.55551565643808e-06	-1.6843214431936	0.07	0.153	0.020601249353866	ID3	c1
0.110001108545411	1.6819053839521	0.013	0.005	1	SYNM	c1
2.58180261528948e-05	-1.68009346073632	0.022	0.073	0.341933938368939	SNN	c1
8.67980183833386e-05	-1.67969741343953	0.014	0.055	1	TRIOBP	c1
0.0135978091995548	-1.67502517396668	0.008	0.026	1	MYLK-AS1	c1
0.188093873045461	1.67502487197066	0.017	0.009	1	TRBV10-1	c1
0.109496216873745	-1.6742323662299	0.003	0.011	1	EXPH5	c1
0.00235519302340667	-1.67199010739494	0.005	0.026	1	RMI2	c1
0.00479875312260373	-1.67037251138271	0.011	0.035	1	ADAL	c1
0.0157015967558467	-1.66654352528451	0.003	0.017	1	SNX30	c1
0.0963964052936225	-1.66081299324728	0.005	0.014	1	ZNF470	c1
0.0506469821178177	1.66040724434107	0.01	0.002	1	AC099850.1	c1
0.000984627728545283	-1.65962028148648	0.006	0.032	1	HEXIM2	c1
0.0479902415114982	1.65794743021264	0.013	0.003	1	SCART1	c1
0.00698081141128472	-1.65703092762893	0.011	0.033	1	ULK1	c1
0.00623040636071872	-1.65466462971384	0.006	0.026	1	GLIDR	c1
6.68019997831074e-17	-1.65237014725939	0.146	0.345	8.84725685127474e-13	IL6ST	c1
0.0398711894827649	-1.65225646258055	0.002	0.011	1	NCAPH	c1
0.000398579194440677	-1.65185675775971	0.01	0.041	1	SLC25A35	c1
0.0398711894827649	-1.65067666925977	0.002	0.011	1	ZNF70	c1
0.0249967975916468	-1.64988185091389	0.005	0.018	1	SBK1	c1
0.0421269416152547	-1.64861769478485	0.003	0.014	1	AL117336.3	c1
0.00964671050530668	-1.64684779577373	0.006	0.024	1	ARMCX4	c1
0.0220317840566058	1.64616810108527	0.03	0.012	1	TRIM3	c1
0.00266581238012906	1.64408869189306	0.038	0.012	1	IRF5	c1
1.37840386805005e-15	-1.64243663541479	0.092	0.262	1.82555808284549e-11	RAB37	c1
0.0843266113612985	-1.64242994934655	0.006	0.017	1	MAPT	c1
0.00125690207103577	-1.64019448518837	0.013	0.042	1	INCENP	c1
1.24859519412042e-17	-1.62973481007328	0.105	0.298	1.65363947509309e-13	BCAS4	c1
1.25270765136828e-05	-1.62773640038262	0.027	0.083	0.165908601347215	FHIT	c1
2.14256720118646e-05	-1.62700814765629	0.019	0.068	0.283761600125135	PKIA	c1
0.136033724893	1.62485923249135	0.014	0.006	1	MCAM	c1
0.00968519170438742	-1.62433573760691	0.003	0.018	1	ZNF777	c1
0.025206135733126	-1.62092358362849	0.005	0.018	1	AC022364.1	c1
0.00622486627441883	-1.62049799807717	0.005	0.023	1	C16orf86	c1
0.000979113369673163	1.61927365639225	0.054	0.02	1	NEO1	c1
0.000612637817628139	-1.61885215807104	0.01	0.039	1	HELLS	c1
0.000145755565892208	-1.61429674574595	0.014	0.053	1	SLC25A15	c1
0.0157838457536257	-1.61323299582001	0.005	0.02	1	SLC16A10	c1
1.07691191054258e-11	-1.61261115019798	0.072	0.206	1.42626213432259e-07	CD84	c1
0.109792227556786	1.60923075273196	0.013	0.005	1	VWA7	c1
0.000285329588581193	-1.60903816141491	0.029	0.073	1	MDS2	c1
5.63356537852054e-13	-1.60822138245629	0.073	0.217	7.46109398731261e-09	PLA2G16	c1
0.0023460532371607	-1.60722918691448	0.008	0.032	1	INO80B	c1
9.86270449714507e-10	-1.60653580310568	0.089	0.208	1.30621658360189e-05	TESC	c1
0.00961511207925477	-1.60580386201446	0.003	0.018	1	TYMS	c1
0.135790106871447	1.60398644660134	0.01	0.003	1	OTUD7A	c1
0.0681838871043716	-1.60080535077277	0.003	0.012	1	AC092747.4	c1
0.0137762385948279	-1.59908284417372	0.008	0.026	1	LENG8-AS1	c1
0.0443267043430138	1.59819582708421	0.021	0.008	1	ZSWIM5	c1
0.000278437504179506	-1.59674219211759	0.025	0.068	1	ST8SIA1	c1
8.85081215740581e-05	-1.5955077903168	0.016	0.058	1	PLAGL1	c1
0.0127668619143458	-1.59371721606468	0.017	0.041	1	RALGPS2	c1
0.0811220356151679	1.59351950902194	0.011	0.003	1	AC003681.1	c1
0.00970562182327949	-1.59253406768094	0.006	0.024	1	CDYL2	c1
8.74395667124131e-08	-1.59184606773714	0.052	0.141	0.0011580496215392	RIC3	c1
0.136658146798552	1.59076072558599	0.01	0.003	1	AC020911.2	c1
0.00997201949374495	-1.59016308323927	0.005	0.021	1	SLC2A6	c1
0.189481426717156	-1.5900867073105	0.006	0.014	1	ZFPM1	c1
0.00385898139656263	1.58887939511863	0.051	0.021	1	AC245014.3	c1
0.00559071432261626	-1.58856248385747	0.014	0.039	1	ZNF682	c1
5.64063723084872e-10	-1.58792322111015	0.049	0.156	7.47045994853604e-06	AC022706.1	c1
0.0813376129876871	1.58665727655198	0.021	0.009	1	AC011611.3	c1
0.0124223569689857	1.58577808454359	0.041	0.018	1	LINC00265	c1
2.38639872892509e-08	-1.58572290257272	0.029	0.109	0.000316054647658839	P2RY11	c1
0.116184728814135	1.58520418670085	0.025	0.014	1	SLC44A3	c1
0.237570726188808	1.58471785081733	0.014	0.008	1	CAPN5	c1
0.0680350456290922	-1.5823405295493	0.003	0.012	1	AC012640.2	c1
0.0232753587802233	1.58020049427448	0.025	0.009	1	MAGI3	c1
0.0476646475311156	-1.57906089000723	0.008	0.021	1	FBXL19	c1
0.0248926941994206	-1.57844591683147	0.005	0.018	1	CCNJ	c1
0.0256002519004889	-1.57795302311131	0.003	0.015	1	TOP2A	c1
0.0252587067640287	-1.57488636392434	0.005	0.018	1	COG8	c1
0.136488669323111	1.57403170507933	0.014	0.006	1	C11orf74	c1
4.68248877763736e-08	-1.57392273310629	0.043	0.13	0.000620148813710292	HIST1H2BK	c1
1.83736151499886e-05	1.57363705425092	0.092	0.035	0.243340159046449	CACNA2D4	c1
0.1092663256106	-1.57182058789348	0.003	0.011	1	ATP2A1-AS1	c1
0.0118887847307581	-1.57173416486225	0.014	0.036	1	AC016876.1	c1
0.0034176779610499	-1.57066780349938	0.016	0.044	1	SEPSECS	c1
0.0398076941983734	-1.56997868690468	0.005	0.017	1	LINC02100	c1
0.0627555493142971	-1.56887545475918	0.005	0.015	1	DISP1	c1
0.0497971631576409	1.56771615298628	0.027	0.012	1	AP1S3	c1
0.0206004771761615	-1.56627314341555	0.008	0.024	1	GPAT2	c1
0.000212324669676673	-1.56470716661874	0.029	0.074	1	LY96	c1
0.0554798634820864	-1.56346457523172	0.006	0.018	1	FAM169A	c1
0.00128422765444472	1.5623002529939	0.062	0.026	1	XYLT1	c1
3.84309016414826e-06	1.55995847192478	0.105	0.039	0.0508978861339796	NFE2L3	c1
0.110188185403641	-1.55781119277866	0.003	0.011	1	DNMBP	c1
0.00296600007037671	-1.5572460238306	0.021	0.052	1	MGAT4B	c1
0.00963842155960747	-1.55596384392472	0.003	0.018	1	ABTB2	c1
0.0157015967558467	-1.55435783708702	0.003	0.017	1	ZNF726	c1
1.67728690486343e-05	-1.55384562982545	0.016	0.064	0.222139877680113	SEMA7A	c1
0.00475334527944846	-1.55293553820502	0.016	0.042	1	AC060780.1	c1
0.00534353823109378	-1.54883106155954	0.01	0.032	1	AC005332.7	c1
0.00444774466394402	-1.54798315074084	0.013	0.038	1	MYEF2	c1
0.109496216873745	-1.54656063356386	0.003	0.011	1	PRC1	c1
0.126941496165339	-1.53910023256076	0.006	0.015	1	AC008105.1	c1
0.0554798634820864	-1.53799637995772	0.006	0.018	1	TMEM86B	c1
0.280396368093282	1.53765151992846	0.01	0.005	1	CCDC171	c1
0.025206135733126	-1.53656238028749	0.005	0.018	1	TRIB1	c1
0.00297438313870729	-1.53590311887759	0.013	0.039	1	AC137767.1	c1
0.150435893207438	-1.53582356890396	0.005	0.012	1	DSCR9	c1
3.8483547192277e-08	-1.5337299940596	0.049	0.139	0.000509676099014516	TRABD2A	c1
4.10597853971826e-07	-1.53285105360036	0.041	0.12	0.00543795797800287	MIAT	c1
0.109496216873745	-1.53217678091614	0.003	0.011	1	FCGBP	c1
0.00156140281532851	-1.53030353851673	0.008	0.033	1	LANCL2	c1
0.280396368093282	1.52980228149705	0.01	0.005	1	NEFH	c1
3.43634807426701e-19	-1.52915280127673	0.141	0.356	4.55109938955923e-15	CCL4	c1
0.000535345089651634	-1.52711145032984	0.03	0.073	1	TRBV27	c1
0.136658146798552	1.5248188662759	0.01	0.003	1	CLSPN	c1
4.3658613257681e-08	-1.5244252058986	0.051	0.141	0.000578214673984727	NELL2	c1
0.188898501548402	-1.52088254830385	0.006	0.014	1	TXLNB	c1
0.168783421869448	1.51679494720895	0.024	0.014	1	BAMBI	c1
0.176388581153435	1.51557609766382	0.011	0.005	1	ETFBKMT	c1
0.137530462372913	1.51389094254445	0.01	0.003	1	ZBED8	c1
4.98891615475971e-06	-1.51258134685676	0.03	0.092	0.0660732055536375	SLC25A33	c1
0.0120372205932379	-1.50981033271422	0.014	0.036	1	MTFR1	c1
0.0552763733287508	1.50764537247758	0.017	0.006	1	SEMA6C	c1
4.49653682442498e-06	-1.50617827397318	0.033	0.097	0.0595521337026844	MTRF1L	c1
0.0278091710327209	-1.50439805846265	0.01	0.026	1	TET3	c1
0.0412148518198397	-1.50426233934148	0.01	0.024	1	AC090061.1	c1
0.0677381642331197	-1.50122482369652	0.003	0.012	1	KNL1	c1
0.00104153419315339	1.50071766866246	0.072	0.032	1	WDR86	c1
0.0416809645758487	-1.49967263862946	0.01	0.024	1	ASPHD2	c1
8.36078522458298e-09	-1.49801921127185	0.141	0.264	0.000110730239514377	FASLG	c1
0.00158458248753857	-1.49133816190961	0.016	0.047	1	FHL3	c1
0.071688962881939	-1.49058932629029	0.008	0.02	1	ZNF443	c1
0.0113489453847923	1.48719170564658	0.046	0.021	1	QPCT	c1
0.00129661955644032	-1.48655960861159	0.013	0.042	1	NUDT8	c1
0.0140086840887768	-1.48645502031099	0.008	0.026	1	CDC7	c1
5.45315320290365e-05	-1.48451479696916	0.032	0.085	0.72221561019256	FRAT2	c1
0.317688162054866	1.48443102148635	0.011	0.006	1	ACE	c1
0.000937605563405106	-1.48377995474945	0.017	0.052	1	PPARA	c1
0.0818483270816521	1.47855431832785	0.011	0.003	1	DNAI2	c1
0.177335863772306	1.47749635880245	0.011	0.005	1	AC246785.3	c1
0.177019682810589	1.47572923389492	0.011	0.005	1	KIF27	c1
1.23411086641439e-05	1.47441849216063	0.135	0.064	0.163445643147922	CD83	c1
0.106537168474099	-1.46937225371261	0.008	0.018	1	FAM83D	c1
2.30097357306636e-05	-1.46785009812394	0.025	0.079	0.304740940016909	HIVEP3	c1
2.89296396875461e-06	-1.46727772319483	0.027	0.089	0.0383144148021861	PLCXD2	c1
0.00234243459696411	-1.46541575944983	0.016	0.045	1	ZNF598	c1
0.239230816001732	1.46460104307401	0.014	0.008	1	AC018647.2	c1
0.0210528259676493	-1.46432232581257	0.008	0.024	1	FAM19A2	c1
0.00703382171371367	-1.46327275935097	0.016	0.041	1	FKRP	c1
0.231186423431538	-1.4630837963984	0.005	0.011	1	RASAL1	c1
0.0280882885810094	-1.46254046179294	0.01	0.026	1	GLS2	c1
0.000400424400251654	1.45999238163497	0.067	0.026	1	LOXL1-AS1	c1
0.000553670632861134	-1.45986237804272	0.027	0.068	1	INPP5F	c1
6.35705774122907e-09	-1.45960748662007	0.121	0.242	8.41928727248377e-05	MIR4435-2HG	c1
0.137239214731851	1.45426542699327	0.01	0.003	1	NANP	c1
2.01402097677125e-12	-1.44917945525518	0.107	0.258	2.66736938163584e-08	FAM173A	c1
9.46177912407133e-05	-1.44858288777402	0.022	0.068	1	HLA-DMB	c1
0.000368868997573685	-1.44790123002842	0.027	0.07	1	IDE	c1
0.0877830979703274	1.44748352423353	0.016	0.006	1	AC105052.3	c1
0.00585553915303139	-1.44667666794377	0.008	0.029	1	ZNF93	c1
0.00289846333495874	1.44601446054668	0.048	0.018	1	SPINT1	c1
0.176703922021764	1.44600825861441	0.011	0.005	1	CDNF	c1
0.10620891245088	-1.44519231261847	0.008	0.018	1	SAV1	c1
0.0627555493142971	-1.44360314834073	0.005	0.015	1	SIAE	c1
0.122397188286657	1.44360306729258	0.019	0.009	1	TFEB	c1
0.00817387411620085	-1.44179396416654	0.01	0.03	1	FKBP1B	c1
0.0020221929210021	-1.44141930005068	0.013	0.041	1	LRRC2	c1
0.176703922021764	1.44014989542285	0.011	0.005	1	KCNC4	c1
1.1514932580141e-06	-1.43853420041273	0.052	0.132	0.0152503767091388	CHN2	c1
8.02858036123149e-06	-1.43410437827059	0.086	0.165	0.10633051830415	LINC00402	c1
0.00232696607443536	-1.43403531881878	0.016	0.045	1	NUDT19	c1
1.71327379815985e-09	-1.43206334229974	0.092	0.211	2.26905981828291e-05	C1orf162	c1
0.0231401813809204	1.43190133269177	0.03	0.012	1	UBE2E2	c1
0.0244000431965119	-1.43141609041247	0.011	0.029	1	ZNF558	c1
0.0186077578381604	1.42972317569258	0.024	0.008	1	RHOD	c1
0.00385571511458676	-1.42905026830592	0.014	0.041	1	IQCE	c1
0.0868575275605066	1.42888737254979	0.016	0.006	1	ZNF578	c1
3.65851824630781e-06	-1.42834787535594	0.033	0.098	0.0484534156541006	PROSER1	c1
0.00325649584065034	-1.42711464279142	0.011	0.036	1	ZSWIM3	c1
0.0506055995290617	1.42457898095509	0.027	0.012	1	CCDC15	c1
0.0831068076429822	1.42319242015139	0.021	0.009	1	GAB2	c1
5.37717381289212e-11	-1.41997306512111	0.108	0.247	7.12152899779433e-07	RAB3GAP1	c1
0.000262435912166626	-1.41989438511571	0.01	0.042	1	PLOD1	c1
0.0186549140329337	-1.41949387123254	0.01	0.027	1	TIGD2	c1
0.125439296048484	-1.41586948435552	0.022	0.036	1	FOXP3	c1
3.26289437741873e-10	-1.41477764366166	0.119	0.259	4.32137731345336e-06	TRG-AS1	c1
0.0398711894827649	-1.4143439417091	0.002	0.011	1	CD109	c1
0.16062500789001	1.41180252745875	0.016	0.008	1	CAPN10-DT	c1
0.063000269488951	-1.41104556749219	0.005	0.015	1	NEIL1	c1
0.000375812576629469	-1.4092790207155	0.013	0.047	1	KCNK5	c1
0.00973522183535631	-1.40704161773111	0.013	0.035	1	TIMELESS	c1
0.0205386183069013	-1.40630871672121	0.013	0.032	1	DHFR2	c1
0.000722694270519766	-1.40599087011168	0.016	0.05	1	CNOT6	c1
0.00842117647640536	-1.4057859382284	0.014	0.038	1	AC093157.1	c1
0.016056389990785	-1.40555154304583	0.005	0.02	1	AC245595.1	c1
0.0348814697300592	1.40459500596788	0.035	0.017	1	RRAS	c1
0.126319987089699	-1.40361255372598	0.006	0.015	1	GTPBP2	c1
0.000334601877472982	-1.40050145371832	0.774	0.559	1	CCL5	c1
0.0974828444575347	-1.40001610561411	0.005	0.014	1	AP003108.2	c1
0.0974828444575347	-1.39930201812732	0.005	0.014	1	KIF9-AS1	c1
0.006666499226527	1.39928826374856	0.035	0.012	1	SMOX	c1
0.0419371726079345	-1.39654074516932	0.003	0.014	1	AL049869.3	c1
1.48037565301775e-09	-1.39459694996103	0.086	0.208	1.96060951485671e-05	FAM118A	c1
4.57964296264832e-06	1.39339448579548	0.13	0.058	0.0606527913973144	AC004832.6	c1
0.0319589890370509	-1.39233050919855	0.008	0.023	1	NSMF	c1
0.109957146383421	-1.39184116034639	0.003	0.011	1	BORCS8-MEF2B	c1
0.0253113726666059	-1.38946874646678	0.005	0.018	1	AC009948.1	c1
0.0337098430412942	1.38784343690558	0.029	0.012	1	ZNF208	c1
0.00630423214931417	1.38649906545595	0.04	0.015	1	AP002884.1	c1
0.0211427066743394	1.38578529884287	0.041	0.02	1	DENND3	c1
0.211473944930486	1.3836477419559	0.013	0.006	1	CLDN15	c1
0.0212822283837365	-1.38226619988613	0.008	0.024	1	CBR3	c1
0.0367178711289489	-1.38103690096118	0.014	0.032	1	DPYSL2	c1
0.0022356589605674	1.3803880010195	0.051	0.02	1	RAB27B	c1
1.88922827831331e-05	1.37991416178616	0.097	0.038	0.250209393179815	SBF2	c1
0.00128846737064323	1.37948922190624	0.038	0.011	1	COL6A1	c1
0.00661545901875829	-1.37870815592234	0.013	0.036	1	ARHGEF12	c1
0.0245546389914078	1.37757899904064	0.037	0.017	1	CPLX1	c1
0.0145976961189637	-1.37732207745847	0.022	0.047	1	CKMT2-AS1	c1
0.279011275200466	1.3766785096906	0.01	0.005	1	VAV2	c1
0.00552530626645365	-1.37661559200807	0.01	0.032	1	PIK3R6	c1
0.110188185403641	-1.37590759277541	0.003	0.011	1	GLIPR1L2	c1
0.00444011190073064	-1.37426960651261	0.013	0.038	1	SLC12A4	c1
8.7932743564872e-05	-1.37138636622274	0.024	0.071	1	AC008105.3	c1
0.0820848634400993	1.36971208781293	0.027	0.014	1	AC010624.3	c1
0.063000269488951	-1.36951581586718	0.005	0.015	1	JAG2	c1
0.0189129951491318	-1.36743377367775	0.01	0.027	1	AC007728.2	c1
0.211473944930486	1.36067805081738	0.013	0.006	1	SNHG4	c1
0.00978466900163738	-1.35882617971791	0.006	0.024	1	NUSAP1	c1
0.00498184979796888	-1.35873700011545	0.011	0.035	1	SAP30	c1
0.00051654315257497	1.35864613575018	0.059	0.021	1	AC111182.1	c1
0.0721544539631624	-1.35764891213401	0.008	0.02	1	CTH	c1
0.00398300976463786	-1.3568059143544	0.014	0.041	1	EZH2	c1
0.000404645559446387	1.3563215082812	0.084	0.038	1	BEX5	c1
0.110839774259536	1.35426246071063	0.013	0.005	1	FAAH	c1
0.000362706246487613	-1.35370746345689	0.043	0.094	1	ZMIZ1	c1
2.87615229476414e-10	-1.35282917487691	0.126	0.262	3.80917609918563e-06	PTTG1	c1
0.0557564685488509	1.35257850289928	0.035	0.018	1	OGFRL1	c1
0.0307185292762321	-1.35153918021171	0.019	0.039	1	ZNF845	c1
0.109726490335707	-1.35075989783681	0.003	0.011	1	CABLES2	c1
0.039936943055232	1.34964244290772	0.03	0.014	1	MCC	c1
0.0831068076429822	1.34854487897282	0.021	0.009	1	BAIAP3	c1
0.0364075420882899	-1.34827975862926	0.006	0.02	1	AC002467.1	c1
0.00441989194565982	-1.34727876991548	0.027	0.059	1	FXYD7	c1
0.0168763787922857	-1.34565522085236	0.011	0.03	1	METRN	c1
0.0398711894827649	-1.34511324876254	0.002	0.011	1	C22orf15	c1
0.0853461822835472	-1.34486625874684	0.006	0.017	1	ZFP69	c1
4.69987624064173e-05	1.34410672878598	0.094	0.038	0.622451609310591	ABCA1	c1
0.153732778739118	-1.34298641133006	0.008	0.017	1	TLE2	c1
0.448974953587577	-1.33988521382794	0.032	0.039	1	TRBV21-1	c1
0.0877830979703274	1.33956363705375	0.016	0.006	1	AC005229.4	c1
0.470579143113117	1.3347515240698	0.01	0.006	1	AL133338.1	c1
0.00140351928615926	-1.33315266117023	0.022	0.058	1	HVCN1	c1
0.124189368512177	1.33258379971457	0.019	0.009	1	TRBJ2-1	c1
4.60290683420866e-06	-1.33195225608825	0.043	0.112	0.0609608981122594	HAGHL	c1
0.000147947473445092	1.33193174429324	0.105	0.05	1	MFHAS1	c1
0.0301869871566266	-1.33064707552837	0.013	0.03	1	RAD52	c1
0.000313240727295132	1.33043843995353	0.081	0.035	1	CALHM6	c1
0.00168369942111843	-1.32900611913112	0.016	0.047	1	STARD4	c1
0.0703297348703405	1.32895957208608	0.019	0.008	1	C1orf54	c1
9.51450224935781e-09	-1.32767355115716	0.121	0.242	0.000126010067790495	CARS	c1
0.0844716580103256	-1.32736259744981	0.006	0.017	1	RBM11	c1
0.000179808237069276	-1.32413058435664	0.029	0.076	1	LMO7	c1
1.40109339941715e-05	1.32214773581916	0.14	0.068	0.185560809818807	EGR3	c1
0.0238718424796409	-1.32175036876693	0.006	0.021	1	AHRR	c1
0.210161178236399	1.32041106701514	0.013	0.006	1	GPR160	c1
2.55160535535701e-05	1.31922307776036	0.114	0.052	0.337934613263483	CCDC184	c1
0.210816822446685	1.31806819715152	0.013	0.006	1	PLXNA1	c1
0.244683252157048	1.31642559593189	0.024	0.015	1	ZDHHC9	c1
0.0982125587557854	-1.31636470174665	0.005	0.014	1	RAB15	c1
0.130974694342927	-1.31632539179097	0.01	0.02	1	DMGDH	c1
0.000595241720679387	-1.31313870098007	0.013	0.045	1	SLC2A8	c1
0.239897137596033	1.31268593136334	0.014	0.008	1	STX17-AS1	c1
0.0841277401775362	-1.3106637063969	0.016	0.03	1	TRBV5-4	c1
0.0306870576652754	-1.31029729465599	0.013	0.03	1	AZIN1-AS1	c1
5.62208868033106e-06	-1.31029490873719	0.029	0.089	0.0744589424823045	CNBD2	c1
0.000278312223585614	1.30950017699541	0.073	0.029	1	PLAUR	c1
0.0321271159550915	-1.307470272872	0.008	0.023	1	KCTD2	c1
0.0167382583740419	-1.30697013523806	0.011	0.03	1	ARL17A	c1
0.0321271159550915	-1.30695739676788	0.008	0.023	1	STARD9	c1
0.0159878688922955	-1.30694547824278	0.005	0.02	1	VDR	c1
7.33809123955455e-08	-1.30646746224649	0.068	0.167	0.000971856803766604	GALNT2	c1
1.15435118536247e-08	-1.30486201622796	0.134	0.259	0.000152882270989406	PTMS	c1
0.00110098071216687	1.30459958228134	0.073	0.033	1	BCS1L	c1
3.69357775920199e-05	-1.30159763356109	0.033	0.089	0.489177438428711	MZB1	c1
0.098029722409638	-1.30075086520008	0.005	0.014	1	RND1	c1
0.00255898716016021	-1.29639423816897	0.032	0.068	1	SARDH	c1
0.0208264783959573	-1.2949424548769	0.013	0.032	1	ZNF813	c1
3.51558586658912e-08	-1.29429503217652	0.054	0.148	0.000465604192171063	CD101	c1
0.0177008914892316	-1.2939561535564	0.014	0.035	1	PRR5L	c1
0.0126300286542151	-1.29372178907207	0.01	0.029	1	RHOQ	c1
0.035017354732876	1.29336180951983	0.029	0.012	1	SNHG22	c1
1.14752941727749e-57	-1.29112095016814	0.857	0.942	1.51978796024231e-53	CD7	c1
0.000577066634881359	-1.29023059015492	0.033	0.077	1	LINC00954	c1
0.0399687957276381	-1.28892517680904	0.005	0.017	1	CDKN3	c1
0.0352191358545193	-1.2888830004122	0.011	0.027	1	ZNF16	c1
0.281322353891056	1.28808147335402	0.01	0.005	1	CCDC24	c1
0.0128220235093302	-1.28782874164889	0.017	0.041	1	TRGV5P	c1
0.0253002828936694	-1.28511439023828	0.014	0.033	1	C12orf42	c1
0.0246937140372259	-1.28484192521957	0.011	0.029	1	INTS6-AS1	c1
0.0235079227487047	-1.27977024018665	0.006	0.021	1	CXorf21	c1
0.00414491227066704	-1.27920497339658	0.014	0.041	1	ZNF408	c1
0.0357672633399529	-1.27891765410581	0.011	0.027	1	AC008764.8	c1
1.34104933721222e-07	-1.27750595401508	0.062	0.153	0.00177608574220387	CD9	c1
0.168783421869448	1.27685366469145	0.024	0.014	1	AL353708.3	c1
0.00829343466074389	-1.2761670587341	0.01	0.03	1	AGMAT	c1
0.0905480206266705	-1.27386394804966	0.01	0.021	1	IL26	c1
0.177652465158831	1.27365059423737	0.011	0.005	1	GPC1	c1
0.159903932569056	-1.27349274622391	0.008	0.017	1	RSPH3	c1
5.1138155347101e-05	-1.27223311600506	0.057	0.121	0.677273729417006	ZFP14	c1
3.56278362589786e-14	-1.27196009739922	0.186	0.371	4.71855063413912e-10	SLA2	c1
0.177652465158831	1.27131448815782	0.011	0.005	1	LINC01135	c1
0.937953679782269	-1.26715892011846	0.01	0.009	1	TMEM45B	c1
0.031755685949173	-1.26678900718182	0.013	0.03	1	MBD3	c1
0.0153552907294913	-1.26667404103372	0.006	0.023	1	NUDT17	c1
0.0363069899701128	-1.26541098042348	0.014	0.032	1	ATAD5	c1
0.0328072247219674	-1.26512625213547	0.008	0.023	1	UBXN10-AS1	c1
5.25063026786281e-05	1.26416143718531	0.118	0.056	0.695393472675751	F11R	c1
0.000100554143158971	-1.26256143611348	0.041	0.097	1	HELZ2	c1
0.0148650591458583	-1.26146093230666	0.013	0.033	1	MORC2	c1
0.0240994577172739	1.26099004417712	0.025	0.009	1	AC018816.1	c1
0.000575562347940745	1.26051197386459	0.094	0.045	1	NLRP3	c1
0.280396368093282	1.26035945993526	0.01	0.005	1	AC104695.3	c1
0.192415947048839	-1.25977763969797	0.006	0.014	1	ARPC1A	c1
4.66190590588164e-06	-1.25884802675351	0.046	0.118	0.0617422818174965	SSH1	c1
2.83218292752026e-05	-1.25758264598667	0.041	0.103	0.375094306920783	TRPS1	c1
0.153119827045653	-1.2565045409918	0.005	0.012	1	SCD	c1
0.0684823732905627	-1.25615030498819	0.003	0.012	1	DDTL	c1
0.025101277739174	-1.25552129763797	0.005	0.018	1	BCLAF3	c1
0.000559537513655544	-1.25516362217477	0.032	0.076	1	PRMT6	c1
0.000759881668253268	1.25487078415607	0.067	0.027	1	ARHGEF40	c1
0.00295207632348638	-1.25303886721664	0.025	0.059	1	SLC38A6	c1
1.11528251477112e-05	-1.25302064905693	0.045	0.112	0.147708016256287	DENND6B	c1
0.152310850091706	-1.25077480666115	0.005	0.012	1	AC009113.1	c1
0.177335863772306	1.25039942030322	0.011	0.005	1	EHD3	c1
0.0297060865289291	1.25011724071167	0.027	0.011	1	LINC00893	c1
0.211803060900102	1.2500469697063	0.013	0.006	1	AC100812.1	c1
0.117048096608657	1.24971943752754	0.033	0.02	1	CCDC88A	c1
3.14390096347438e-11	-1.2497102163884	0.116	0.264	4.16378243602546e-07	TRIB2	c1
7.95832330924443e-05	-1.24796755411653	0.03	0.082	1	IDH1	c1
1.12312622451409e-05	-1.24771113516435	0.076	0.155	0.148746837174646	EPHX2	c1
0.188316899744182	-1.24719398115808	0.006	0.014	1	TKTL1	c1
0.0323524638812197	-1.24713034304454	0.008	0.023	1	EXTL2	c1
0.0818885403279705	-1.24672973615939	0.016	0.03	1	LINC02084	c1
0.21213254688741	1.24564681938425	0.013	0.006	1	ACVR2A	c1
0.125274463995879	1.24442079685702	0.019	0.009	1	TMTC2	c1
0.0193679614547145	1.24434769307274	0.054	0.029	1	METTL1	c1
0.231186423431538	-1.24415393603785	0.005	0.011	1	AC010654.1	c1
0.0074027714416044	-1.24298107082787	0.016	0.041	1	APTR	c1
0.0441640185958425	-1.24285004485427	0.013	0.029	1	LACTB2-AS1	c1
0.0365419886430815	-1.24253410227372	0.017	0.036	1	AGER	c1
0.0483940249242072	-1.24239695000693	0.008	0.021	1	ZBTB26	c1
0.110419607782938	-1.24199480009963	0.003	0.011	1	AC025423.4	c1
2.1641675460713e-08	-1.24198762918406	0.078	0.186	0.000286622349801682	CHFR	c1
0.0837461690504221	1.23881408891545	0.021	0.009	1	CR1	c1
0.239563813447504	1.23852987077703	0.014	0.008	1	SCOC-AS1	c1
0.318599107969041	1.23579092241367	0.011	0.006	1	ZNF582-AS1	c1
0.00739134088992078	-1.23569061486844	0.016	0.041	1	AC009403.1	c1
0.280859101883721	1.23451503326999	0.01	0.005	1	ZNF135	c1
0.0563816394153973	-1.234237563683	0.006	0.018	1	AC069544.1	c1
0.00125248407052583	-1.23319106087233	0.067	0.118	1	FAAH2	c1
0.0372370368579857	-1.23311979530577	0.014	0.032	1	KIAA0930	c1
0.0325791646908596	-1.23262367763527	0.008	0.023	1	APOM	c1
0.0894874003452633	-1.23222236487781	0.01	0.021	1	DMWD	c1
0.0606457707428639	-1.23110881639319	0.016	0.032	1	HECW2	c1
0.319511762704604	1.23080181775924	0.011	0.006	1	ZNF358	c1
0.00311739664045022	-1.2297299089152	0.017	0.047	1	KIFC3	c1
0.000110027391140976	-1.2296805361646	0.219	0.3	1	KLF2	c1
0.280859101883721	1.22882550453851	0.01	0.005	1	AC074117.1	c1
0.00161837098070662	1.22852547995544	0.086	0.044	1	CTSH	c1
0.00958211492082273	-1.22845546977485	0.024	0.052	1	APOLD1	c1
0.111472080414407	1.22838752142308	0.013	0.005	1	KIAA1211L	c1
0.0115277141011984	-1.22833246628202	0.011	0.032	1	ACSF2	c1
0.000100223057879069	-1.22711535542664	0.051	0.111	1	ACTA2	c1
0.027603541053181	1.22524919029145	0.045	0.023	1	TTC22	c1
0.000867638216953789	1.22509578072454	0.052	0.018	1	FAM84B	c1
0.098029722409638	-1.22481977091504	0.005	0.014	1	TK1	c1
0.0166284776020024	-1.22358923123554	0.011	0.03	1	LINC02062	c1
0.00612104513501519	1.22271688531377	0.065	0.033	1	EPAS1	c1
0.0518383661345292	-1.22260639751557	0.011	0.026	1	AL163973.2	c1
0.00121313987654445	-1.22158232052883	0.03	0.07	1	ABCA2	c1
0.0101013867481687	-1.22102636024281	0.021	0.047	1	TBCEL	c1
0.0420840344130343	-1.2209886782335	0.01	0.024	1	FBXO41	c1
0.00545524642108368	1.22039266563839	0.043	0.017	1	PCAT1	c1
0.00214594824886259	-1.22029531568543	0.017	0.048	1	ANKRD35	c1
8.76522214827507e-05	-1.21966665285867	0.033	0.086	1	NCR3	c1
0.156909647301393	-1.218698282422	0.008	0.017	1	AC004889.1	c1
0.0176743031101619	-1.21809920092123	0.014	0.035	1	SLC22A17	c1
0.0258389990610882	-1.21653586061727	0.003	0.015	1	AC015813.1	c1
0.157596834936427	-1.21641646697994	0.008	0.017	1	FAM89A	c1
0.00112121753713831	-1.21556396953659	0.021	0.056	1	MYO6	c1
0.279934152437963	1.21321142296331	0.01	0.005	1	VASH1	c1
0.00837069946539126	1.21103809393452	0.037	0.014	1	CLCF1	c1
0.0111699899549715	-1.21009933088009	0.022	0.048	1	ENGASE	c1
0.0152645644099906	-1.20969204308234	0.006	0.023	1	L2HGDH	c1
0.0167107536928585	-1.20966775674643	0.011	0.03	1	OTUB2	c1
0.0161251691166664	-1.20883877586075	0.005	0.02	1	AL139089.1	c1
7.09307223663761e-08	-1.20835923640566	0.078	0.182	0.000939406487020285	GGCT	c1
0.150969790504872	-1.20791736301669	0.005	0.012	1	AC027682.4	c1
0.000135275142361055	-1.20735019806385	0.024	0.07	1	IFT80	c1
2.55574918474928e-05	1.20721941095499	0.129	0.061	0.338483422028195	JAZF1	c1
0.129240741663364	-1.20674958594878	0.006	0.015	1	NEK11	c1
0.0423174367091062	-1.20638739803621	0.003	0.014	1	RDH10	c1
0.0255761300520765	-1.2052912433735	0.005	0.018	1	TNFRSF13C	c1
0.00752433459152142	-1.20500816616823	0.011	0.033	1	KYAT1	c1
0.0328072247219674	-1.20486706870072	0.008	0.023	1	AC136475.2	c1
0.520584646731279	1.20475486334955	0.013	0.009	1	PLAT	c1
0.0989466294710206	-1.20173083596607	0.005	0.014	1	GRAMD1C	c1
0.107760774284164	1.19935502794409	0.017	0.008	1	FTCDNL1	c1
4.93399304466847e-06	-1.19856745764527	0.089	0.176	0.0653458038835893	MAN2A1	c1
9.59018036996007e-06	-1.19827781064955	0.049	0.12	0.127012348819751	AHI1	c1
0.140763941087892	1.19826428303786	0.021	0.011	1	QPCTL	c1
0.128191651546355	-1.19740546715461	0.006	0.015	1	KANK1	c1
0.000466522321425709	-1.19620105250923	0.03	0.074	1	NIFK-AS1	c1
0.0853698569127746	-1.19543812580898	0.016	0.03	1	KLC4	c1
0.225980093209872	-1.19521722557018	0.008	0.015	1	VSIG10	c1
0.000709128740652542	-1.18960727946465	0.025	0.065	1	BBS4	c1
0.000796463571144423	1.1888693086343	0.079	0.036	1	FAR2	c1
0.0732108622795796	-1.18820176475897	0.008	0.02	1	AC091729.3	c1
8.18647854699295e-20	-1.18722100211316	0.278	0.515	1.08421721876375e-15	NUCB2	c1
0.242239561705929	1.18699192030744	0.014	0.008	1	CTIF	c1
0.266850907280696	1.18666347666922	0.016	0.009	1	CIP2A	c1
6.25804515904602e-06	-1.18582205586973	0.046	0.117	0.0828815500864055	EXOSC4	c1
0.0455862497023899	1.18410496094759	0.021	0.008	1	PDP2	c1
0.00133761094731924	-1.18401124272179	0.003	0.024	1	C3orf14	c1
0.00147989329223809	-1.18390031480661	0.038	0.08	1	METTL3	c1
0.0683329962127638	-1.18343264819999	0.003	0.012	1	CENPS	c1
1.86235174665254e-06	-1.18211536635447	0.048	0.124	0.0246649865326663	SFMBT2	c1
0.000340538413343979	1.1815707994105	0.114	0.061	1	SPON1	c1
0.0111234233378179	1.1803249405471	0.051	0.024	1	PTPRM	c1
0.000952490062852261	-1.17989177796992	0.045	0.091	1	PDK1	c1
4.9895732383361e-05	1.17938323423896	0.134	0.067	0.660819079685233	DUSP6	c1
0.000650721495388613	1.17908451730548	0.146	0.089	1	MZF1-AS1	c1
0.381275596047793	1.17581051136602	0.014	0.009	1	TMEM136	c1
0.00837619235426831	1.17533688230884	0.024	0.006	1	JCHAIN	c1
0.0985790485334441	-1.17517472932071	0.005	0.014	1	AC006299.1	c1
0.0185299444400603	-1.17440283216487	0.021	0.044	1	WNT10A	c1
0.209048074682209	-1.17400637281264	0.011	0.02	1	GSEC	c1
6.62215561138461e-07	-1.17371332311532	0.089	0.188	0.00877038289171778	HSH2D	c1
0.0489677791599838	-1.17354649345091	0.008	0.021	1	FBXL18	c1
0.00539992703617373	-1.17071429698406	0.081	0.129	1	MAGEH1	c1
0.232725229739978	-1.16860135068911	0.005	0.011	1	AL162231.1	c1
0.1311364966291	1.16840543793537	0.035	0.021	1	TRAV39	c1
0.00825618761320383	-1.16822154648738	0.022	0.05	1	RBBP8	c1
0.230021646298258	-1.16804502424527	0.008	0.015	1	IFT81	c1
0.00334901953606171	-1.16789671459153	0.03	0.065	1	RAB30-AS1	c1
0.0462272484714459	1.16749385071866	0.021	0.008	1	PMF1	c1
0.358856619089907	-1.16651924886551	0.01	0.015	1	RCAN1	c1
0.000550955935780039	-1.1659775923348	0.029	0.071	1	CEP41	c1
0.00027404791001118	-1.16506018348903	0.037	0.086	1	USP28	c1
6.60605284016304e-12	-1.16420259752893	0.272	0.433	8.74905638151193e-08	IKZF3	c1
4.45285800074432e-06	-1.16396627743599	0.083	0.165	0.0589736513618578	IL6R	c1
1.17273083039914e-05	-1.16365839875406	0.057	0.129	0.155316471178062	AIF1	c1
0.211803060900102	1.16302590626219	0.013	0.006	1	SESTD1	c1
0.00854049611083298	1.16234057548101	0.048	0.021	1	STAP1	c1
0.392820447632663	1.16131623726532	0.016	0.011	1	SHPK	c1
0.0145616565899121	-1.1612282969906	0.013	0.033	1	ZNF341	c1
0.00911112949133351	-1.1612103826692	0.017	0.042	1	LIMS2	c1
0.143210723377998	-1.15923656327593	0.014	0.026	1	FLVCR1	c1
0.399144311999049	1.15923278971493	0.016	0.011	1	FSCN1	c1
0.0857861813331571	-1.1586534484925	0.006	0.017	1	KCNQ5	c1
0.00764650449975872	-1.15746480787761	0.016	0.041	1	AC107959.1	c1
0.0353911266229382	1.1565533118766	0.029	0.012	1	PHLDA3	c1
0.241568661966903	1.15574043984095	0.014	0.008	1	HIST1H4J	c1
0.152580146810991	-1.15510540143641	0.005	0.012	1	AC006252.1	c1
0.0140347238613546	-1.15501061619963	0.008	0.026	1	HIST1H2AE	c1
0.031008974577483	-1.15469592792403	0.013	0.03	1	ZNF483	c1
0.0152329304893934	1.15462721125216	0.037	0.015	1	CCDC112	c1
3.9271140969421e-08	-1.15419986043386	0.207	0.333	0.000520106990999012	LAG3	c1
0.00223601793020617	-1.15333187498336	0.025	0.061	1	IGHV1-3	c1
0.138781024820375	1.15157863457008	0.014	0.006	1	CEP112	c1
0.00152319846684316	-1.15131942827677	0.035	0.076	1	IRF8	c1
3.90376962640615e-13	-1.15050085126802	0.2	0.377	5.17015249321231e-09	ASB2	c1
0.00595809731656888	-1.15017010924713	0.022	0.052	1	TFCP2	c1
0.052147228629917	-1.14887258968554	0.011	0.026	1	SEC61A2	c1
0.0729485877659895	1.14870528624403	0.032	0.017	1	ZFP28	c1
0.0192323217342644	-1.14763389350934	0.017	0.039	1	ZNF34	c1
0.0399687957276381	-1.14744810349546	0.005	0.017	1	F5	c1
0.0374354473610657	-1.14722198496789	0.006	0.02	1	FAM215B	c1
0.00189135402328164	-1.14578550659311	0.033	0.073	1	KLHL42	c1
4.32744998196406e-06	-1.14547251298824	0.049	0.123	0.057312747561132	KHSRP	c1
0.00392876429779617	1.14416175201805	0.062	0.029	1	PLK2	c1
0.00108725096287091	-1.14312023798999	0.064	0.115	1	S1PR1	c1
0.00019613128573825	-1.14266300539824	0.035	0.085	1	UBAP2	c1
0.992536432322157	-1.14217285691988	0.095	0.091	1	TRGV2	c1
0.000124387853416285	-1.14146998756767	0.033	0.085	1	PDE6B	c1
0.00299348850579672	-1.14067638460627	0.029	0.064	1	ALKBH1	c1
0.0687819326999756	-1.14012607733188	0.003	0.012	1	FGD4	c1
0.932083877057083	-1.13967588586128	0.019	0.02	1	CARMIL1	c1
2.28129694811894e-15	-1.1382610638321	0.348	0.521	3.02134967808872e-11	PTPN22	c1
0.0160784245706977	1.1375768549513	0.043	0.02	1	AC136475.3	c1
0.110419607782938	-1.13577339236537	0.003	0.011	1	NAPSA	c1
1.49773092019503e-05	1.13545600809588	0.118	0.052	0.19835948307063	MPP1	c1
0.0552189180375746	-1.13405362970291	0.022	0.041	1	GORAB	c1
0.219026055734546	1.13395622926654	0.021	0.012	1	TTC8	c1
0.122369888628309	-1.13367244682647	0.013	0.024	1	ZNF239	c1
0.00437194933754413	-1.13244217766189	0.013	0.038	1	NPDC1	c1
0.00506684347480816	-1.13238039534191	0.024	0.055	1	ST3GAL2	c1
0.152310850091706	-1.1322306211655	0.005	0.012	1	SYNJ2BP-COX16	c1
0.404096457308519	-1.13207088307691	0.006	0.011	1	ITGA2	c1
0.0169778563380517	-1.13201635771852	0.03	0.058	1	ATXN7L1	c1
0.403195255657309	-1.13188384407497	0.035	0.044	1	KRT18	c1
0.210063691943917	-1.13087107006251	0.011	0.02	1	ULK2	c1
0.073092862280433	-1.13049095791019	0.008	0.02	1	MEST	c1
0.128400938207663	-1.1301500191613	0.006	0.015	1	MBLAC1	c1
0.0225274786108078	1.12984616423615	0.021	0.006	1	AC090114.2	c1
0.0219835471520059	-1.1297876481139	0.008	0.024	1	HIST1H2BN	c1
0.0512235501763152	-1.12839847276336	0.017	0.035	1	TRBV7-3	c1
0.0630860919483655	-1.12745493182441	0.013	0.027	1	ARID3A	c1
0.162798823323751	1.12480454574855	0.016	0.008	1	ZNF837	c1
0.232339848634173	-1.12423209341283	0.005	0.011	1	IPO4	c1
0.0726784994910745	1.12377390226333	0.032	0.017	1	COLGALT2	c1
0.06611463935234	1.12278020075102	0.03	0.015	1	FBXL16	c1
0.0860805311196509	-1.12178458377047	0.006	0.017	1	AC009133.3	c1
0.351573831707693	1.12133959278723	0.013	0.008	1	AGBL2	c1
0.0128547548795374	-1.12108459374595	0.01	0.029	1	CLDN7	c1
0.232339848634173	-1.12071044352309	0.005	0.011	1	PRDM11	c1
0.0443456133782146	-1.12015673708781	0.016	0.033	1	TBC1D2	c1
1.17807295419686e-06	-1.11954508526987	0.102	0.197	0.0156023982053832	FAM110A	c1
2.71808633991246e-09	-1.11814175713929	0.14	0.274	3.59983354858007e-05	INSIG1	c1
0.0712055469199188	1.11805572452655	0.04	0.023	1	CYP4F22	c1
0.0259717708208583	-1.11770968667484	0.014	0.033	1	DOT1L	c1
0.280859101883721	1.11712412835133	0.01	0.005	1	GSTO2	c1
0.35068017099578	1.11658024756094	0.013	0.008	1	TRIM17	c1
0.264478828072502	-1.11601286589274	0.01	0.017	1	CFAP44	c1
0.129451357683527	-1.11317533051343	0.006	0.015	1	ZNF763	c1
0.139011881683332	1.112599715376	0.014	0.006	1	SPATA6	c1
0.348007839834458	1.11220227016004	0.013	0.008	1	WWC2	c1
0.547120056988805	1.11107439445967	0.016	0.012	1	AL162258.2	c1
0.00130318513821608	-1.11036783453732	0.027	0.065	1	METTL22	c1
0.0985790485334441	-1.10987543349489	0.005	0.014	1	NRAV	c1
1.78570933927755e-07	-1.10970406943138	0.113	0.223	0.00236499344893919	CKAP2	c1
1.22486298538899e-05	-1.1094364809114	0.068	0.144	0.162220853784918	GNL3L	c1
1.74587198778978e-05	-1.10930635824858	0.086	0.165	0.231223286062878	ITGB2-AS1	c1
0.0539532001220517	-1.1091742554687	0.011	0.026	1	AL359513.1	c1
0.036998800460313	-1.10909032892115	0.011	0.027	1	MASTL	c1
3.33391641718303e-06	-1.10872776143454	0.081	0.168	0.0441543890291721	LYST	c1
0.00132004156704754	-1.10769658719745	0.027	0.065	1	FASN	c1
0.00227868520040304	-1.10703602823446	0.04	0.08	1	REC8	c1
0.110651413907696	-1.1067460099246	0.003	0.011	1	WDR63	c1
0.00415564822966813	1.10608865480646	0.032	0.009	1	TGFBI	c1
0.014959527753288	-1.10545952828228	0.013	0.033	1	NLRP2	c1
0.0564825857480465	-1.10479625025783	0.006	0.018	1	EFNB1	c1
0.000263614617083149	1.1044048114559	0.086	0.038	1	LINC01943	c1
0.0447777467797866	1.10438792387946	0.025	0.011	1	HAUS7	c1
0.0622111230423323	-1.10371240407809	0.016	0.032	1	SLC36A1	c1
0.0562808433165249	-1.10364026563356	0.006	0.018	1	NBPF10	c1
0.000107858230162656	1.10349745222389	0.145	0.079	1	FRMD4B	c1
0.0857861813331571	-1.10100683779446	0.006	0.017	1	ASF1B	c1
0.0684823732905627	-1.10098679172983	0.003	0.012	1	AL645568.1	c1
0.21213254688741	1.1004907178251	0.013	0.006	1	NKILA	c1
1.03979386224522e-08	-1.10039846483234	0.105	0.227	0.000137710299115757	RIN3	c1
0.247489993617732	1.10032567175165	0.024	0.015	1	SLFN13	c1
0.0246435385681428	-1.10021071271048	0.027	0.052	1	MLF1	c1
0.00292832314722626	1.09931816758663	0.089	0.048	1	ARL13B	c1
0.0564825857480465	-1.09931372412577	0.006	0.018	1	ST6GALNAC1	c1
2.21488807139543e-09	-1.09803271943955	0.151	0.291	2.9333977617561e-05	USP11	c1
0.189138300123517	-1.09782324675244	0.06	0.079	1	TRGV5	c1
0.0985790485334441	-1.09778383747112	0.005	0.014	1	FBXO36	c1
0.000202958720856717	-1.09710868122519	0.043	0.097	1	DNASE1	c1
1.6511187263847e-06	-1.09620076023563	0.072	0.159	0.0218674164122389	UBASH3B	c1
0.178286930211553	1.09579888451131	0.011	0.005	1	A2M-AS1	c1
0.132395753112367	1.09449327869224	0.027	0.015	1	ZNF286B	c1
0.190065676513235	-1.094260900845	0.006	0.014	1	AMY2B	c1
0.129030391896292	-1.09353429765764	0.006	0.015	1	AL513550.1	c1
0.285968722423871	-1.09339424714595	0.072	0.088	1	TPM1	c1
0.0306272630822651	1.09338373870494	0.046	0.024	1	AC016831.1	c1
0.191238155013184	-1.0933514851373	0.006	0.014	1	KIAA1324L	c1
0.190065676513235	-1.09323291358067	0.006	0.014	1	EVI5L	c1
0.0409479603196675	1.09314684526522	0.037	0.018	1	CACNB3	c1
0.0369420481265332	-1.09294051562751	0.011	0.027	1	SERAC1	c1
0.0363785907940265	-1.09288209050775	0.011	0.027	1	AC008443.5	c1
0.184335172882226	-1.09188921346903	0.01	0.018	1	LGMN	c1
0.00398443491348458	-1.09117891514797	0.006	0.027	1	VPS54	c1
0.1588869386582	-1.09064652700726	0.016	0.027	1	TRBV4-1	c1
0.0903008530049091	-1.08961085436985	0.013	0.026	1	AC245060.5	c1
0.0179877856504894	-1.08868496041004	0.037	0.065	1	AC005842.1	c1
6.20614595990012e-07	-1.08864236254872	0.107	0.209	0.00821941970929171	MBD5	c1
0.00322064445457771	-1.08850046734286	0.038	0.077	1	TKFC	c1
0.0192056790236481	-1.08813600262399	0.017	0.039	1	MICU3	c1
0.129240741663364	-1.08743543741856	0.006	0.015	1	ADAM22	c1
0.870374192656523	-1.08723323023534	0.011	0.012	1	SLC25A29	c1
5.41162475568325e-07	-1.08565436837458	0.084	0.182	0.0071671558264269	MPST	c1
0.00086131556534263	-1.08493614108566	0.035	0.079	1	ZBED5-AS1	c1
0.00057018830463505	-1.08445263693555	0.048	0.098	1	ZNF675	c1
0.0846479598565983	1.08414764351924	0.021	0.009	1	PHLDB2	c1
0.00711818697440489	-1.08396676228954	0.024	0.053	1	SRRD	c1
0.220822695977309	1.08186794932039	0.021	0.012	1	ZNF772	c1
0.00282882714246221	-1.08070919968406	0.041	0.082	1	POLD3	c1
0.0851999220232552	-1.07945912764233	0.006	0.017	1	ERP27	c1
0.00645546225682318	-1.07935865706808	0.046	0.083	1	TTC38	c1
0.549082674658522	1.07822084606215	0.016	0.012	1	DGKQ	c1
5.15542570604688e-09	-1.07802877402679	0.305	0.444	6.82784580508849e-05	PRF1	c1
0.196853230099345	-1.07774470595026	0.014	0.024	1	C2CD2	c1
0.110883604164112	-1.07699235524584	0.003	0.011	1	PLK4	c1
0.00457611436019235	1.07571045711558	0.041	0.015	1	IFNL1	c1
0.0298496830922086	-1.0753746378912	0.022	0.044	1	TMEM91	c1
0.00183198991557138	-1.07536043801337	0.037	0.077	1	DIP2B	c1
0.192711226461837	-1.07477283737955	0.006	0.014	1	ZNF57	c1
0.0451906609473018	-1.07270060163014	0.013	0.029	1	AC002310.1	c1
0.0155688337113106	-1.07256796282477	0.006	0.023	1	AL353622.1	c1
0.185816482079946	1.07246281805485	0.017	0.009	1	CCNI2	c1
0.70512495154236	1.07211298493054	0.011	0.009	1	SCO2.1	c1
0.000410024456088562	1.07144826500479	0.11	0.056	1	IL23A	c1
0.110883604164112	-1.06908696879001	0.003	0.011	1	TMSB15B.1	c1
0.024334133590858	-1.06856113943494	0.024	0.047	1	FUZ	c1
5.82333247255078e-05	-1.06818372902124	0.045	0.105	0.771242152664626	TBC1D7	c1
0.00027201201483421	-1.06768798403957	0.052	0.109	1	HIST1H2AC	c1
0.219538306976345	1.06737621691695	0.021	0.012	1	DDX43	c1
0.351126821172873	1.06678879902834	0.013	0.008	1	POU6F1	c1
0.405155899273649	-1.06563772247463	0.006	0.011	1	SPAG8	c1
0.243248367034628	1.06514012390409	0.014	0.008	1	GDPD3	c1
0.00429266665587493	-1.06497082969536	0.032	0.067	1	ALDH5A1	c1
0.019372155687384	-1.06423815730494	0.01	0.027	1	NCEH1	c1
0.141519731743109	1.06167990736832	0.021	0.011	1	DPY19L1	c1
1.28622058853183e-22	-1.06129595894086	0.851	0.894	1.70347054745156e-18	COTL1	c1
0.0264529012446651	-1.060992133485	0.032	0.058	1	ZNF407	c1
6.95955087704206e-12	-1.06079725770923	0.226	0.398	9.21722918155451e-08	CEMIP2	c1
0.282250412878385	1.06046534721549	0.01	0.005	1	MMRN1	c1
0.00115345848919119	1.06038745487189	0.083	0.039	1	AC006369.1	c1
2.03376035480495e-05	-1.06000665189628	0.054	0.124	0.269351221390368	PTPRJ	c1
0.105605634652995	1.05963165101587	0.04	0.024	1	AC103591.3	c1
0.0764944573375886	-1.05933051650009	0.011	0.024	1	ANKRD34A	c1
5.07520144342339e-05	1.05794855881391	0.159	0.086	0.672159679166993	CSF1	c1
0.406748171635366	-1.05702860215255	0.006	0.011	1	EFNB2	c1
5.55382934878011e-07	-1.05582806356449	0.153	0.261	0.00735549158952438	C12orf75	c1
0.0120402514161184	1.05558367689732	0.116	0.077	1	CEBPD	c1
0.00458994411863152	-1.05555892380883	0.017	0.045	1	PABPC1L	c1
0.0901818019934753	-1.05508427495671	0.013	0.026	1	PRKN	c1
0.0387033966755254	1.05465906933477	0.06	0.036	1	MARCH9	c1
0.404625970901025	-1.05405082205876	0.006	0.011	1	AMER1	c1
0.0508708022756195	-1.05376674069739	0.017	0.035	1	RNASEH1-AS1	c1
4.95498972056552e-07	-1.05376574011882	0.087	0.188	0.00656238838591697	SMCO4	c1
0.00258712942522506	-1.05289570240616	0.033	0.071	1	HOTAIRM1	c1
0.00238607590376708	1.0511867748243	0.102	0.058	1	LINC00944	c1
0.000289760385343549	-1.0505627564246	0.043	0.095	1	GPR55	c1
0.0686320186741463	-1.0504492810265	0.003	0.012	1	AC147651.4	c1
0.000109975703514696	-1.04972877824797	0.049	0.108	1	TECPR1	c1
0.0254621565326692	1.0493672955057	0.037	0.017	1	GPAT3	c1
0.128191651546355	-1.04879457048368	0.006	0.015	1	CLIP2	c1
6.3831565479718e-09	-1.04734789401304	0.17	0.306	8.45385253213386e-05	SPRY1	c1
0.000625832944956832	1.04656200259364	0.081	0.036	1	PHLDA2	c1
0.000803961322757841	-1.04597724851129	0.045	0.092	1	ZNF576	c1
9.36181739315719e-07	-1.04557519998924	0.086	0.183	0.0123987909554974	ARSA	c1
6.82268899311723e-06	-1.04531137269748	0.07	0.15	0.0903596930248446	NHLRC3	c1
0.00157073367524852	-1.04421945431175	0.048	0.092	1	DUSP28	c1
1.30024791789622e-05	-1.04411906920982	0.065	0.142	0.172204834246175	GSTM4	c1
2.91372621794005e-06	-1.04397720899517	0.072	0.156	0.038589390030398	CMIP	c1
0.110883604164112	-1.04381838544989	0.003	0.011	1	AFMID	c1
0.0130830118890607	-1.04380231288176	0.01	0.029	1	YOD1	c1
0.000104720632444937	-1.04358872271481	0.046	0.105	1	NAB1	c1
0.0118544933374737	-1.04348839126466	0.033	0.064	1	IPPK	c1
0.48227312857889	1.04317418517336	0.035	0.029	1	HIST1H2BC	c1
0.01841253775497	-1.04250639222786	0.024	0.048	1	TERF2	c1
0.000538904823581611	-1.04215014781187	0.03	0.074	1	EEF2K	c1
0.110389350074521	1.04179915733205	0.024	0.012	1	AC008014.1	c1
0.000377428326358226	-1.0395941705436	0.054	0.109	1	STRBP	c1
0.146633248996372	1.03922440357007	0.067	0.05	1	SLC9B2	c1
0.00413221874874293	-1.03746078303284	0.035	0.071	1	ANKS3	c1
0.059892999554551	1.03728806317552	0.029	0.014	1	AFDN	c1
0.0739308663966017	-1.03711445614946	0.014	0.029	1	KRBA2	c1
0.0908147497385064	-1.03652768799915	0.01	0.021	1	NR1H3	c1
0.0419269190537998	1.03586009129079	0.03	0.014	1	ZNF792	c1
0.10852362391651	-1.03484847254915	0.008	0.018	1	AL021453.1	c1
0.087976097402039	1.03470786195806	0.035	0.02	1	RIN1	c1
0.0504555991721239	1.03456639713491	0.04	0.021	1	RAI1	c1
0.0110794255559539	-1.03454024612777	0.016	0.039	1	ATXN7L2	c1
0.0857861813331571	-1.03369364199813	0.006	0.017	1	DNAJC3-DT	c1
0.119136231575377	-1.03319388133835	0.021	0.035	1	TRAV38-1	c1
0.127953414886256	1.03199401811198	0.035	0.021	1	IGSF22	c1
0.0735657976185947	-1.0318870029421	0.008	0.02	1	LIPT2	c1
0.252390936959101	1.03146834110918	0.024	0.015	1	ARHGAP33	c1
0.0129048623243133	1.03144554709924	0.035	0.014	1	AC004854.2	c1
0.0856393117522128	-1.03057048833986	0.006	0.017	1	FAM66C	c1
0.0532295651956213	1.03054715121601	0.033	0.017	1	B3GNT9	c1
0.211338229703038	-1.03011699763234	0.011	0.02	1	MAFIP	c1
0.00710153524895522	-1.0299332821824	0.027	0.058	1	TAOK2	c1
0.0135775440024644	1.02977769424235	0.046	0.021	1	ENPP5	c1
1.30494464582347e-06	-1.02915311086089	0.079	0.173	0.017282686889286	ST6GALNAC4	c1
0.0946343909854389	1.02898469422505	0.029	0.015	1	LATS2	c1
0.281322353891056	1.02878900051926	0.01	0.005	1	TERC	c1
0.0734473298071282	-1.02830321369728	0.008	0.02	1	PITPNM2	c1
0.192121000352128	-1.02803575178431	0.006	0.014	1	TTYH2	c1
0.129155460222231	-1.02622792870174	0.01	0.02	1	AC022182.1	c1
0.00949826459046895	-1.02610126310395	0.035	0.067	1	FAM117B	c1
5.14098422649276e-13	-1.02516198075552	0.213	0.403	6.80871950956701e-09	SFT2D1	c1
0.000657377973361799	-1.02426595578009	0.056	0.108	1	CCDC50	c1
0.17956091644534	1.02398947289568	0.011	0.005	1	ANGPTL6	c1
0.280792775868151	-1.02375526386693	0.006	0.012	1	SLC25A25-AS1	c1
0.0521443436048568	1.02337765729059	0.033	0.017	1	ACSS2	c1
0.0124890816383413	-1.0232571103045	0.033	0.064	1	KMT5C	c1
3.20774942097687e-08	-1.02319663801818	0.157	0.282	0.000424834333314177	DCP2	c1
2.52584257423723e-05	-1.02316817406761	0.114	0.202	0.334522590531979	FAM3C	c1
0.0140102259738199	-1.0229096239199	0.017	0.041	1	AC010522.1	c1
0.152849805712727	-1.02218698579115	0.005	0.012	1	MSC-AS1	c1
0.00226982518352554	-1.02143499037763	0.035	0.074	1	RUNDC1	c1
0.012899472856605	-1.02136984972177	0.027	0.055	1	FRAT1	c1
0.232339848634173	-1.02115014723067	0.005	0.011	1	AC078795.1	c1
2.01938632645653e-05	-1.02051030985313	0.065	0.139	0.267447525075903	SMG5	c1
0.0405370137111884	-1.02017852526997	0.005	0.017	1	NATD1	c1
0.163284893031064	1.01975430300217	0.016	0.008	1	CDAN1	c1
6.82782258969602e-05	-1.0194525757997	0.07	0.138	0.904276823779341	BTLA	c1
0.0773468045854162	-1.01927695595628	0.014	0.029	1	AC139530.1	c1
0.000207333442793995	1.01926989846236	0.116	0.058	1	DSE	c1
0.0589167279699527	-1.01839030867138	0.019	0.036	1	COPRS	c1
0.318524232207516	1.01814829070367	0.021	0.014	1	ITGA3	c1
0.000239379829234923	-1.01796477964563	0.059	0.117	1	METTL4	c1
0.0027445269753579	-1.01742915731157	0.033	0.071	1	NAA40	c1
0.471791636081944	1.01694803089663	0.01	0.006	1	NPIPB3	c1
0.110370180202088	-1.01632899529905	0.008	0.018	1	ATL1	c1
0.026758457612254	-1.01566390380348	0.017	0.038	1	FAM213A	c1
0.00699088861281882	-1.0145203590122	0.013	0.036	1	AL355001.2	c1
0.304168458483058	1.0143851671746	0.019	0.012	1	FSD1L	c1
0.926182022451559	-1.01310548480238	0.016	0.015	1	RNF144B	c1
5.54019213597225e-05	-1.01310309256566	0.049	0.112	0.733743046488164	FCGRT	c1
0.150092885649616	1.01301849998598	0.03	0.018	1	KLHL25	c1
0.0316244875776471	-1.01247156741004	0.016	0.035	1	ACCS	c1
0.331330384121324	1.01222399167622	0.022	0.015	1	ZNF154	c1
0.130244630209604	-1.01144819733133	0.01	0.02	1	CYSLTR2	c1
0.00257042861847143	-1.01071407153952	0.041	0.082	1	TMEM206	c1
0.281824518981254	1.01048348201188	0.029	0.02	1	PCOLCE	c1
0.00831307730054951	-1.01046229510908	0.019	0.045	1	MIER3	c1
0.000478239673189077	-1.00926757703832	0.038	0.086	1	CASS4	c1
0.000722591113943037	-1.00916573100644	0.033	0.077	1	CCNG2	c1
0.0008721724268677	-1.00852368478345	0.049	0.098	1	LRRC28	c1
0.280396368093282	1.00750899690095	0.01	0.005	1	LINC01311	c1
0.128820308191779	-1.00745415028996	0.006	0.015	1	ZCCHC24	c1
0.098029722409638	-1.00734749847516	0.005	0.014	1	ZNF710	c1
0.000407548648650798	-1.00714457744459	0.052	0.106	1	MED13L	c1
7.76029622754746e-05	-1.00712935819553	0.049	0.111	1	HAPLN3	c1
0.233497351964219	-1.00712411418117	0.005	0.011	1	ECT2	c1
0.0265815295003528	-1.00710097709785	0.014	0.033	1	LINC01684	c1
0.000109788674440306	-1.00637625112595	0.068	0.135	1	SLC9A9	c1
0.0231114930009458	-1.00624321264694	0.022	0.045	1	C14orf28	c1
7.30301057842023e-08	-1.0059321926437	0.092	0.205	0.000967210721005975	DZIP3	c1
2.63023064104317e-08	-1.00555594909483	0.146	0.274	0.000348347746099757	B4GALT1	c1
0.233497351964219	-1.00544498683306	0.005	0.011	1	AC018797.2	c1
2.66481737153996e-05	-1.00534662919205	0.073	0.148	0.352928412686753	PHLDB3	c1
0.141709165730013	1.00442324831714	0.021	0.011	1	ZNF823	c1
0.233497351964219	-1.0038100523172	0.005	0.011	1	AC068888.1	c1
0.000127043418110917	-1.00337203526553	0.049	0.108	1	TIGAR	c1
0.00397935171666812	-1.00316670123053	0.075	0.123	1	METTL8	c1
0.235101646254659	-1.00285672759335	0.013	0.021	1	C1orf112	c1
0.0602067024807671	1.00253123505227	0.043	0.024	1	PLEKHA5	c1
0.00137363089115447	-1.00174235336693	0.045	0.089	1	CHUK	c1
0.047833993856216	1.00085137478154	0.032	0.015	1	PRKCE	c1
0.00639996691974696	1.00051083228901	0.045	0.018	1	VCL	c1
0.00125009929767407	-0.999150040893987	0.04	0.083	1	HS3ST3B1	c1
0.000608437107997281	-0.99909779526744	0.056	0.109	1	PDLIM7	c1
0.000127053736708679	-0.99886569204463	0.038	0.092	1	DYRK1B	c1
0.019251716105241	-0.997162406475924	0.024	0.048	1	ZNF273	c1
0.0857861813331571	-0.996488820041427	0.006	0.017	1	BMP2K	c1
0.0240095667933677	-0.996251835744854	0.006	0.021	1	CHTF18	c1
0.00678700109266381	-0.996180196345209	0.017	0.044	1	TYW1B	c1
0.0272665124643364	-0.994892286639716	0.017	0.038	1	SWSAP1	c1
1.91141258446683e-15	-0.994407520001356	0.27	0.485	2.53147482686787e-11	JAK3	c1
0.21631147371875	-0.994045274169859	0.022	0.033	1	ZNF554	c1
0.0597955155483005	-0.993972392477102	0.045	0.068	1	CTSL	c1
0.282715220016796	0.993681178233621	0.01	0.005	1	SNX15	c1
0.00183338040636587	0.992620482596506	0.127	0.077	1	BAIAP2	c1
0.50172275936944	0.992568884150326	0.011	0.008	1	COL9A2	c1
0.140407000083749	0.992397549476892	0.038	0.024	1	TESK1	c1
0.00709889620252291	-0.992157230572613	0.017	0.044	1	ZFYVE26	c1
0.00780096791279866	-0.992073386680517	0.016	0.041	1	ANKDD1A	c1
0.00024736195782691	0.991505197529499	0.083	0.035	1	PDE8A	c1
0.000130111239759396	-0.991273916749598	0.057	0.118	1	ITPRIP	c1
0.303839500169605	0.990985055353728	0.019	0.012	1	CCDC106	c1
3.30937094337206e-05	-0.990818027651611	0.094	0.173	0.438293087740196	GLCCI1	c1
0.0921578781705408	-0.990525074102028	0.01	0.021	1	PYROXD2	c1
0.311441057295676	-0.989340738495931	0.045	0.056	1	TRAV14DV4	c1
0.155161159617917	-0.989334374888065	0.046	0.064	1	TRAV19	c1
0.000384621551709284	-0.988617004552943	0.03	0.076	1	DGCR8	c1
2.79343258773902e-05	-0.987441706761121	0.075	0.15	0.369962211920156	APEX2	c1
0.0909483510686163	-0.986782551787677	0.01	0.021	1	HSD11B1L	c1
0.000157681006573648	-0.986541279618332	0.046	0.103	1	SESN2	c1
9.17000193185435e-06	-0.986369544937101	0.067	0.145	0.121447505585479	WDR26	c1
0.016338974010212	-0.984624917833617	0.022	0.047	1	ACTR3B	c1
2.49379260104281e-05	-0.984499045400848	0.113	0.197	0.33027789208211	LRMP	c1
0.00487343438686222	-0.984344184340735	0.017	0.045	1	APOOL	c1
0.153119827045653	-0.984113032077174	0.005	0.012	1	ADCY9	c1
0.0371777010997088	0.983390069064305	0.024	0.009	1	ZFYVE9	c1
0.00398255896894321	0.982916098691701	0.091	0.05	1	PDE9A	c1
0.0537865224173641	-0.9828026628112	0.014	0.03	1	TP53INP2	c1
5.41078831294214e-06	-0.982140440012476	0.076	0.161	0.0716604804166057	ATF7	c1
0.0378079909580916	-0.982050471012845	0.045	0.071	1	GK	c1
9.83339408432453e-08	-0.981680454539791	0.111	0.226	0.00130233471252794	MSL3	c1
0.0164232471053967	-0.981431352439919	0.022	0.047	1	TVP23C	c1
0.000555487634956518	-0.981089727966348	0.046	0.097	1	ALG1	c1
0.0951033608938029	0.980904437476287	0.029	0.015	1	PTCH1	c1
0.0576745987557305	0.980725798623284	0.017	0.006	1	PAGE5	c1
1.98777683289035e-05	-0.980662339608992	0.127	0.218	0.263261163747998	SFI1	c1
0.138273733984016	0.98020101004409	0.038	0.024	1	AMPD3	c1
0.00855245827653389	0.979628205043363	0.048	0.021	1	AGPAT4	c1
0.50344326645186	0.979509462276217	0.011	0.008	1	TBCE.1	c1
0.0863435476164456	0.977289742190331	0.021	0.009	1	HILPDA	c1
0.0488644008946416	0.975946328053068	0.057	0.035	1	LRRC45	c1
0.0215424551687755	-0.975192584632596	0.029	0.055	1	TEP1	c1
0.0117830888922465	-0.97507295920475	0.011	0.032	1	TMEM53	c1
0.00190423910128339	-0.974272746371764	0.024	0.059	1	TAB3	c1
1.94257479968391e-12	-0.973984057077976	0.24	0.427	2.57274606470137e-08	CCDC69	c1
0.110651413907696	-0.972966566314878	0.003	0.011	1	BX088651.4	c1
0.00034253458886519	-0.972917238011069	0.048	0.102	1	CXorf40A	c1
0.230021646298258	-0.97262262531955	0.008	0.015	1	VPS9D1	c1
0.0413453402552546	-0.972568273784377	0.035	0.059	1	DLEU2	c1
0.187125215940409	-0.9725326867913	0.017	0.029	1	AFAP1L2	c1
0.120010575156209	-0.972316851294093	0.016	0.029	1	ACAD11	c1
0.00728569601000444	-0.971738746569256	0.027	0.058	1	SASS6	c1
0.0749543882328641	-0.971550919097613	0.022	0.039	1	OSER1-DT	c1
0.205610082635296	0.971056817126971	0.019	0.011	1	ZNF223	c1
0.209555437761775	-0.970241227225396	0.011	0.02	1	RXRA	c1
0.116036747019167	-0.970100613079119	0.016	0.029	1	ADAMTS10	c1
0.000173443080245042	-0.969626648826722	0.051	0.109	1	SNX18	c1
0.0112972979401116	-0.969054214441803	0.016	0.039	1	FAM214B	c1
0.00360625801754821	-0.968315541108408	0.024	0.056	1	MT1E	c1
0.257539783926459	-0.967934143784532	0.014	0.023	1	NCAPG2	c1
1.34191900625975e-07	-0.967292762641004	0.399	0.482	0.00177723753189041	TCF7	c1
0.00474171251033783	-0.967179876336379	0.121	0.174	1	TRGV10	c1
0.177652465158831	0.966888400021278	0.011	0.005	1	AC007541.1	c1
0.259290529816913	-0.96676859117717	0.014	0.023	1	ATP6V0E2-AS1	c1
0.0220471626740529	-0.966539605099865	0.013	0.032	1	NEU3	c1
0.053004545727911	-0.964442092702745	0.011	0.026	1	JRK	c1
0.04158231027669	0.964099359619553	0.037	0.018	1	CFAP54	c1
0.0375956187707416	-0.963738229225666	0.021	0.041	1	GPD2	c1
7.09089114686519e-11	-0.963050681939032	0.283	0.452	9.39117623490826e-07	LITAF	c1
0.000866249791814634	-0.962540380204314	0.038	0.083	1	ATP13A3	c1
0.07495447346476	0.962301033138794	0.032	0.017	1	ZC4H2	c1
5.64394387882922e-10	-0.962120940915309	0.151	0.298	7.47483927312142e-06	B3GNT2	c1
0.279990820184608	-0.962047764831134	0.006	0.012	1	GPSM2	c1
9.906152258841e-09	-0.96171436774285	0.296	0.423	0.00013119708051609	ITM2C	c1
1.66752582869411e-06	-0.961661902776064	0.87	0.879	0.0220847120752248	CD74	c1
0.0217257394582214	0.961579576482135	0.076	0.047	1	GGT1	c1
0.449481472349849	0.961253716352621	0.021	0.015	1	HTRA1	c1
0.175135673620613	-0.961174769538104	0.013	0.023	1	RHOBTB2	c1
0.00755705744642482	-0.960720855706915	0.033	0.067	1	RCC2	c1
0.69520918294966	0.960529595288358	0.01	0.008	1	AC062017.1	c1
1.51613359134804e-07	-0.960178621164191	0.13	0.247	0.00200796732838134	ATP8A1	c1
0.031597883881268	-0.959575082172945	0.019	0.039	1	PQLC1	c1
3.18763932713741e-06	-0.958800913798087	0.079	0.167	0.0422170952486078	TMEM154	c1
0.216240093290003	0.958468544107403	0.03	0.02	1	ZSCAN5A	c1
0.0211539055295213	-0.957824842355856	0.025	0.05	1	VAMP1	c1
0.00292123236749012	-0.956970238017071	0.041	0.082	1	GLUL	c1
0.0171275179669302	-0.956869547588527	0.011	0.03	1	CENPF	c1
0.141330492393036	0.956664715065751	0.021	0.011	1	AC007952.4	c1
5.76594102362938e-08	-0.956327715504968	0.149	0.276	0.000763641229169475	MARCKSL1	c1
0.213454193984556	0.95491941058695	0.013	0.006	1	AL354696.2	c1
0.363180812260811	0.95447067671821	0.027	0.02	1	AC005261.1	c1
0.619048474049664	-0.954265878103044	0.008	0.011	1	IRGQ	c1
0.141705075749035	-0.953955436802628	0.014	0.026	1	SERPINB8	c1
0.0991308297668403	-0.953893517497214	0.005	0.014	1	HIST1H2BH	c1
0.0768510819662368	-0.953378981472497	0.014	0.029	1	ZNF496	c1
0.0188663018640818	-0.953016483063794	0.035	0.064	1	TSPOAP1	c1
0.00190916502311787	-0.952690893672863	0.014	0.044	1	FANCL	c1
0.0566849297640295	-0.952274720846247	0.006	0.018	1	SLX1A	c1
0.00833453906867097	-0.952008091464394	0.032	0.064	1	GRAMD2B	c1
3.18642020591796e-07	-0.951578075474115	0.051	0.136	0.00422009492071774	IRF4	c1
0.0585192717416054	0.9514692252191	0.043	0.024	1	TLR1	c1
0.103327300423155	0.951174082864036	0.038	0.023	1	SGPL1	c1
0.00841549306454602	-0.951055482543777	0.025	0.055	1	BTN2A2	c1
8.49259335711376e-05	0.949987857736324	0.207	0.132	1	REEP3	c1
7.42040276101815e-05	-0.949936125767372	0.076	0.148	0.982758141669244	TRAPPC8	c1
0.125651610677844	-0.94988924739162	0.013	0.024	1	AC026471.1	c1
0.00280028673754103	-0.949372452120774	0.027	0.062	1	SPATA20	c1
0.00326902896052012	0.949372352913538	0.452	0.388	1	HSPA1A	c1
0.227839083316205	-0.94849758285551	0.008	0.015	1	AC016831.5	c1
0.0171837698931666	-0.947237344654535	0.011	0.03	1	PAQR4	c1
0.00116016277802282	-0.946625353364764	0.025	0.064	1	MFSD3	c1
0.00857618439957602	-0.94503987595936	0.022	0.05	1	EFHC1	c1
0.0549671840579939	-0.943319247388795	0.017	0.035	1	TRAK1	c1
0.0255449025847973	0.942035163607016	0.068	0.041	1	ADAM15	c1
0.0412250337478103	0.941759852749984	0.016	0.005	1	TRBV23-1	c1
0.129240741663364	-0.941729743055609	0.006	0.015	1	KLHL17	c1
0.000301320950372845	0.941552703209745	0.149	0.088	1	PLOD3	c1
0.0363774557212186	-0.941448610314784	0.024	0.045	1	NUAK2	c1
0.0443458061082445	0.939819733419243	0.045	0.024	1	CYFIP1	c1
0.233884093398643	-0.939413015084376	0.005	0.011	1	AL137003.2	c1
0.0449771138599734	-0.937848035843343	0.019	0.038	1	TRIM59	c1
0.0285327076251408	0.937720161277427	0.045	0.023	1	AC103724.3	c1
4.96853359792397e-05	-0.93763353996515	0.111	0.192	0.65803258970905	TXK	c1
0.157367519483471	-0.93758493529332	0.008	0.017	1	AC010616.1	c1
0.0385917165555216	-0.936134343590732	0.017	0.036	1	NBPF3	c1
0.00179698266822949	-0.935873920571762	0.029	0.067	1	ACOX3	c1
0.000303914002728366	-0.935845805149986	0.051	0.106	1	DAPK3	c1
3.37744548762128e-05	-0.935382708659789	0.078	0.155	0.447308880380562	LIMA1	c1
0.00703198437783968	-0.935168367434573	0.033	0.067	1	TAF1C	c1
0.289398509173439	0.935012300994762	0.017	0.011	1	BCL9	c1
0.00376969554348864	-0.934673012963928	0.041	0.08	1	TCP11L2	c1
0.0113345514469169	-0.934283368845931	0.022	0.048	1	FNDC3B	c1
0.131891732742633	-0.931800958284032	0.01	0.02	1	ADAMTS6	c1
0.108690476011814	-0.9317252835752	0.008	0.018	1	PPP1R13B	c1
0.00432539467027123	0.931103945265473	0.062	0.029	1	ALDH6A1	c1
0.006152168058984	-0.930938925680703	0.025	0.056	1	SULT1A1	c1
0.233884093398643	-0.930678330954303	0.005	0.011	1	HNRNPA1L2	c1
0.0213957394361287	-0.929846695413386	0.029	0.055	1	ASH1L-AS1	c1
3.67504182565455e-06	-0.929672057111365	0.105	0.202	0.0486722539389689	PELI1	c1
0.00141881901498535	-0.929532603212551	0.052	0.1	1	OTUD6B	c1
0.191532104489278	-0.929088855654784	0.006	0.014	1	PIGZ	c1
0.0141901457985798	0.929064462435226	0.062	0.033	1	IL15	c1
0.233111064130546	-0.928936277332718	0.005	0.011	1	LINC02447	c1
0.0995000512961322	-0.92830266860007	0.005	0.014	1	CALCB	c1
0.444990657135447	-0.928038323081466	0.022	0.029	1	ADAMTS17	c1
0.0071803111382851	0.927400551218368	0.084	0.047	1	NR1D1	c1
0.00577011124673964	0.927226017698292	0.067	0.033	1	TRBV7-2	c1
0.144728614906919	-0.926426085196119	0.014	0.026	1	ZCCHC18	c1
0.130974694342927	-0.926353802366346	0.01	0.02	1	TMEM8B	c1
0.0466772145638473	0.926316251245927	0.056	0.033	1	TRAV8-3	c1
7.19948321645829e-05	-0.925068919821611	0.057	0.123	0.953499557187736	PHTF1	c1
0.0659279194543253	-0.923425293576265	0.013	0.027	1	USP44	c1
0.0868199762548647	-0.923339854396387	0.006	0.017	1	AC073389.1	c1
0.0916187303173443	-0.923283313102537	0.01	0.021	1	BLK	c1
0.0988698254155603	-0.922801450490157	0.017	0.032	1	ZNF615	c1
0.0453203948037866	-0.9227381079594	0.013	0.029	1	AGBL3	c1
0.0433822462871398	-0.922598539173614	0.01	0.024	1	MAPK11	c1
0.289733896735657	0.92193318819333	0.017	0.011	1	ZNF280B	c1
0.0909483510686163	-0.92164347916422	0.01	0.021	1	TST	c1
0.0185822911861926	-0.921536006340366	0.032	0.059	1	ZNF286A	c1
0.00307694046670482	-0.921453543927801	0.035	0.073	1	NCOA6	c1
0.00323574534864729	-0.920487087120701	0.041	0.082	1	ARL15	c1
0.321800875455282	0.920167969172772	0.011	0.006	1	LOXL1	c1
1.89328938904074e-05	-0.920161277569709	0.084	0.167	0.250747246684555	ADORA2A	c1
0.00732640384204208	-0.919657605428312	0.038	0.073	1	POLG2	c1
0.179880467818524	0.919268870358668	0.011	0.005	1	CXADR	c1
2.17836591161584e-05	-0.918981667496704	0.091	0.173	0.288502781334401	SDCCAG8	c1
0.205096882569794	0.918318128086629	0.019	0.011	1	GPR157	c1
0.074879285254706	-0.917944404685159	0.008	0.02	1	MAPK12	c1
0.00623409294956734	-0.917051035800789	0.025	0.056	1	GZF1	c1
0.0015585249381808	0.916851150377076	0.134	0.082	1	TMEM214	c1
0.0183813551422598	-0.916833058420324	0.027	0.053	1	MAFG	c1
0.0890775660888385	-0.916385037388771	0.016	0.03	1	SPDL1	c1
1.81796647914646e-05	-0.916172999743051	0.108	0.195	0.240771480498157	IKBKE	c1
0.234658937696853	-0.915219899479061	0.005	0.011	1	BHLHB9	c1
0.234271288590769	-0.914525095892563	0.005	0.011	1	LMTK3	c1
0.205164725147103	0.913984102538894	0.029	0.018	1	CAMKK1	c1
0.174720563674536	-0.913739662853272	0.013	0.023	1	AC007114.1	c1
0.013934812535893	-0.913423952111425	0.024	0.05	1	SEPSECS-AS1	c1
0.00331423398606115	-0.91328931883215	0.051	0.094	1	SMPD2	c1
0.000253733556784945	-0.913042464863127	0.065	0.127	1	SDHAF1	c1
0.0963547926156102	0.913007639676163	0.037	0.021	1	NR3C2	c1
2.10215585841694e-07	-0.912509493151262	0.175	0.297	0.00278409521888739	CNST	c1
0.194489898592528	-0.912490038414878	0.006	0.014	1	AC008438.1	c1
0.258791733849902	-0.911496157613431	0.019	0.029	1	MAP4K3	c1
0.000518762705705731	-0.911354690966608	0.048	0.1	1	FAM126A	c1
0.488799740117824	-0.909558985456276	0.01	0.014	1	AC084018.2	c1
0.378215377899151	0.909298797061695	0.014	0.009	1	PPFIBP2	c1
0.130296488101197	-0.909239317289124	0.006	0.015	1	ADCK1	c1
0.320883948794082	0.908889422108198	0.011	0.006	1	SLC22A15	c1
0.108857530986904	-0.908507045917943	0.008	0.018	1	FAM43A	c1
0.374947428437484	0.90834331578936	0.029	0.021	1	KMT5A	c1
0.331648707991097	0.90824126610518	0.022	0.015	1	SUV39H2	c1
0.00215510732525861	-0.906780149677769	0.068	0.118	1	SCLT1	c1
0.0134684147326777	0.906107432427903	0.046	0.021	1	FBP1	c1
0.156734944626024	-0.905106010249261	0.021	0.033	1	PGAM5	c1
0.233497351964219	-0.904812035925603	0.005	0.011	1	DMRTC1	c1
0.323179469215641	0.903697366203994	0.011	0.006	1	C9orf66	c1
0.0178531848098815	-0.903150956796059	0.045	0.076	1	FOXRED1	c1
0.709070078759009	0.902818945882641	0.013	0.011	1	ZNF514	c1
6.5670457685712e-26	-0.902758158650334	0.633	0.791	8.69739541589569e-22	GYPC	c1
0.207971091383381	0.90169761308834	0.043	0.03	1	UBOX5	c1
0.0454504424558464	-0.901467551533734	0.013	0.029	1	CLCN6	c1
0.239693263150667	0.901111725926089	0.035	0.024	1	SV2A	c1
0.116442974809433	-0.900632557123088	0.016	0.029	1	AC009061.2	c1
2.15188426578703e-05	-0.900499626714773	0.048	0.115	0.284995552160834	ASCC1	c1
0.00178850838780268	-0.900143243758094	0.043	0.086	1	GMEB2	c1
0.0831199152216031	-0.90013541497839	0.024	0.041	1	MANEA-DT	c1
0.00800109908679689	-0.899659655033891	0.035	0.068	1	EEF1AKMT1	c1
0.128084832700353	0.899260381989844	0.035	0.021	1	C19orf47	c1
0.0139605430967651	-0.899067138880135	0.046	0.079	1	RBM15	c1
0.0680670597587123	0.898502930104577	0.068	0.045	1	TRIM47	c1
0.293611251669688	-0.898454225022842	0.011	0.018	1	AP004609.3	c1
0.234271288590769	-0.896483282448	0.005	0.011	1	CUBN	c1
0.000103558840727724	-0.896357839350057	0.068	0.135	1	POLR2J3.1	c1
0.283611894691794	-0.895803091365808	0.006	0.012	1	TRBJ2-7	c1
1.46110990725685e-05	-0.895761580533386	0.092	0.179	0.193509396117097	SMC4	c1
0.00035852651497344	-0.895754079454582	0.062	0.121	1	PILRB	c1
0.0163407054919641	-0.895603033018046	0.033	0.062	1	ZNF174	c1
0.000681696152655546	-0.895554746910362	0.048	0.098	1	BAG2	c1
1.03536883919633e-06	-0.895310551281715	0.149	0.262	0.0137124249063162	LINC01550	c1
0.281194338026264	-0.894729660988138	0.006	0.012	1	ZNF19	c1
0.0423329775542439	-0.894174831243308	0.022	0.042	1	RGPD8	c1
0.00482888834547711	-0.893478713362472	0.032	0.067	1	NCKIPSD	c1
4.4756881304627e-05	-0.893290214801892	0.06	0.129	0.59276013599848	TATDN3	c1
0.158056225263522	-0.892537207255425	0.008	0.017	1	DKK3	c1
1.20685976576069e-10	-0.890488101260524	0.196	0.362	1.59836507377346e-06	PDE3B	c1
0.0142027370516541	-0.889613838081289	0.024	0.05	1	ZNF681	c1
0.158286300416134	-0.889454230609052	0.008	0.017	1	ZNF425	c1
0.00106719131880152	-0.889073783942147	0.04	0.085	1	MCOLN2	c1
0.164260313718417	0.888922358811094	0.016	0.008	1	ZNF816-ZNF321P	c1
0.0239117594678703	-0.888474481517351	0.054	0.086	1	UTP25	c1
0.0630936639061259	-0.887540423417639	0.01	0.023	1	TSHZ3	c1
4.58260507950052e-05	-0.887287663962844	0.105	0.185	0.606920216729049	KPNA2	c1
0.252910733637481	0.887193848778193	0.024	0.015	1	MREG	c1
9.66683675563918e-07	-0.88667193271672	0.124	0.232	0.0128027585991685	ABCC1	c1
0.860621621467676	0.886612737655271	0.01	0.011	1	AL034549.1	c1
0.0169490198853937	-0.885817694402887	0.046	0.079	1	USF1	c1
0.00110770799107019	-0.885498907960698	0.033	0.076	1	INVS	c1
0.00788413815948244	-0.885422238963143	0.051	0.089	1	SLC35E3	c1
0.47483038870015	0.88536712846582	0.01	0.006	1	AC093227.1	c1
0.0440445848094159	-0.885231507355705	0.019	0.038	1	FXR2	c1
0.252657996823207	-0.884546867977105	0.019	0.029	1	VWA5A	c1
0.0107377875520121	0.884407078355217	0.051	0.024	1	LRP12	c1
0.126919678997677	-0.883620399739126	0.013	0.024	1	STK3	c1
0.0972906044943038	-0.883382601289227	0.017	0.032	1	AC009831.1	c1
0.0830334269843849	0.883008052597321	0.041	0.024	1	MAPRE3	c1
4.0234757055881e-08	-0.881933638266772	0.149	0.279	0.000532869122448087	TRIM8	c1
0.00038462978878966	-0.881540472659377	0.081	0.145	1	ERO1B	c1
0.0906076212774454	0.88133500577876	0.016	0.006	1	LONRF3	c1
0.309796931668694	0.880807779829009	0.019	0.012	1	RTN4R	c1
0.0539532001220517	-0.880676908349179	0.011	0.026	1	AIFM2	c1
0.428032149904342	0.880504777660955	0.019	0.014	1	AC105020.6	c1
0.0124087986811376	0.880121502123764	0.067	0.036	1	FAH	c1
0.268535685027353	0.879660035317562	0.016	0.009	1	RIMS3	c1
0.00106007257631136	-0.879541464825365	0.081	0.139	1	FAM160B1	c1
0.000127269848613416	-0.878970905329876	0.111	0.186	1	PLEKHA2	c1
0.0160132582352532	-0.878891021759678	0.037	0.067	1	ZNF12	c1
0.0166183881813716	-0.878735031547913	0.025	0.052	1	TAP2	c1
0.0646718970316945	-0.878214579216627	0.013	0.027	1	CPEB3	c1
0.131340914549122	-0.87814319819141	0.01	0.02	1	BX890604.1	c1
0.181811254511959	0.878031865038684	0.035	0.023	1	MSH5	c1
5.52250804787562e-05	-0.87796990870013	0.052	0.118	0.731400965860647	ITPK1	c1
0.148632690699372	-0.877929765440074	0.024	0.038	1	QSER1	c1
5.71216341884681e-05	-0.877666960922934	0.095	0.174	0.756518923192071	R3HDM1	c1
0.000215707832039657	-0.877661550195576	0.067	0.13	1	SREBF2	c1
0.0266803206017069	-0.877394303028336	0.032	0.058	1	CYB5D2	c1
0.525295613917834	-0.877097017631333	0.011	0.015	1	AC015912.3	c1
0.000396164347935589	-0.876048139425838	0.041	0.092	1	TOMM34	c1
0.00487067214770708	0.875614591949417	0.079	0.042	1	MXI1	c1
1.45381146329329e-05	-0.874287031116046	0.11	0.202	0.192542790198563	DTX2	c1
0.0342075341619818	-0.873800236279793	0.027	0.05	1	MBLAC2	c1
0.0451906609473018	-0.873232056570585	0.013	0.029	1	FBXW9	c1
0.56308001782846	0.872610765449544	0.017	0.014	1	PER3	c1
0.00204565068163256	-0.872595967661712	0.037	0.077	1	TUBG2	c1
0.0816415278585289	0.871966903103901	0.033	0.018	1	PER2	c1
0.0154886179742447	-0.871656796720894	0.013	0.033	1	FLVCR1-DT	c1
6.16131487231926e-05	-0.871394210357699	0.095	0.174	0.816004541689963	ATP6V0A2	c1
0.139938267268109	0.871351163529901	0.014	0.006	1	ZNF630	c1
1.16687740964313e-11	-0.871017906572279	0.391	0.539	1.54541244133136e-07	HMGA1	c1
0.00870407793944517	0.870638141972497	0.114	0.074	1	RPL39L	c1
0.00955124458178648	-0.870401781489701	0.038	0.071	1	SLC20A2	c1
0.29361915329797	0.869630852336229	0.03	0.021	1	TADA2B	c1
0.0165879897602544	-0.869273357545625	0.025	0.052	1	TRIM73	c1
0.00594362513236629	-0.868750398671903	0.037	0.071	1	CCR4	c1
0.361314801771416	-0.868529751085894	0.01	0.015	1	NBPF20	c1
0.0684823732905627	-0.867068112696629	0.003	0.012	1	ARG2	c1
0.0173501501749292	-0.866861023147192	0.03	0.058	1	C10orf88	c1
0.680526806886806	-0.86663113940633	0.011	0.014	1	TRBV6-4	c1
5.41511269314544e-07	-0.865133251375431	0.122	0.235	0.00717177525080182	NCBP2-AS2	c1
0.0775855480220615	-0.864721449641277	0.011	0.024	1	HIST1H2AM	c1
0.00144987831850893	-0.864505550341088	0.054	0.103	1	ATP2C1	c1
8.96117502553459e-05	-0.864098035687088	0.076	0.147	1	FCHSD1	c1
0.0494641027112112	-0.863709723280884	0.008	0.021	1	AC009126.1	c1
0.109018620159043	0.863657384438077	0.068	0.048	1	KIF1BP	c1
0.0390491890980616	-0.863311309438534	0.014	0.032	1	CACFD1	c1
0.011395550666184	-0.863129640437764	0.032	0.062	1	NTHL1	c1
0.00506395621242975	-0.862777472506032	0.037	0.073	1	SRCAP	c1
0.284112752939895	0.861936115284078	0.01	0.005	1	AL357078.1	c1
0.0755092815287298	0.861772910702383	0.032	0.017	1	MAMSTR	c1
0.08690848013871	-0.861417353244918	0.024	0.041	1	ZNF439	c1
0.475439426110735	0.861230156551678	0.01	0.006	1	CACNA1H	c1
0.206124215198382	0.861090091541547	0.019	0.011	1	RNF19B	c1
0.0125899055134708	-0.860560655930777	0.046	0.08	1	FAHD1	c1
0.1092792572824	0.86009878801437	0.072	0.052	1	DHDDS	c1
0.0739945101979678	0.859994405153238	0.113	0.088	1	MAP7D3	c1
0.132519718655261	0.859863000548668	0.037	0.023	1	WNT1	c1
0.185816482079946	0.859525601405996	0.017	0.009	1	LINC01353	c1
0.175340947564892	-0.859391258970076	0.017	0.029	1	MTHFD1L	c1
0.0195887672326427	-0.859183082304495	0.027	0.053	1	MOB1B	c1
0.00817780734605486	0.859156393645785	0.107	0.067	1	UNC93B1	c1
0.00112848364431675	-0.858673117323879	0.068	0.123	1	SHLD1	c1
4.41164380797669e-07	-0.858305414570095	0.176	0.302	0.00584278105928433	ORMDL3	c1
0.00294908581448939	-0.858215653092599	0.067	0.115	1	LACTB2	c1
0.132563192997289	-0.858091344391386	0.017	0.03	1	IFT140	c1
0.00203720166383575	-0.857966283194633	0.07	0.121	1	AC012615.1	c1
0.281998631239032	-0.857821074737185	0.006	0.012	1	PROB1	c1
0.000469730241116161	0.85758891435609	0.156	0.094	1	LUZP1	c1
0.657645836559532	-0.857163878141837	0.01	0.012	1	STK36	c1
0.0751174179749894	0.857039164961569	0.04	0.023	1	KIF5C	c1
0.187586014775865	0.856583173168448	0.017	0.009	1	ABLIM2	c1
0.446747000442098	0.855999729660953	0.021	0.015	1	PFKM	c1
0.0775848266840077	0.855920018728627	0.051	0.032	1	TDRD7	c1
0.0917532815363933	-0.855724336447939	0.01	0.021	1	EEF1AKMT4	c1
0.0689218385750829	-0.855658224078726	0.021	0.038	1	AL022157.1	c1
0.0625936251577934	-0.855274646981154	0.019	0.036	1	FP565260.1	c1
3.82325592588562e-06	-0.855233410570353	0.129	0.23	0.0506352014824292	OSER1	c1
0.449415124718205	-0.855149054934662	0.008	0.012	1	PLLP	c1
0.0515739247955028	0.854710616853895	0.059	0.036	1	Z93241.1	c1
0.0103235641642305	-0.854628292185366	0.043	0.077	1	STRADB	c1
0.233884093398643	-0.854086532663143	0.005	0.011	1	SLC9A7	c1
0.0459080885988161	-0.853926432923116	0.013	0.029	1	CD72	c1
0.28159628979916	-0.852973059154857	0.006	0.012	1	CDKL2	c1
0.00289880609512466	-0.852568484430161	0.054	0.098	1	QRSL1	c1
0.0119170109296077	-0.852231900711767	0.051	0.086	1	DCAKD	c1
0.000435654630952206	-0.85182805373869	0.141	0.209	1	MAML2	c1
0.15752211883989	-0.851278828360352	0.032	0.047	1	TRBV6-1	c1
0.0533137254552115	-0.850808167516732	0.021	0.039	1	NAIP	c1
0.240233147476365	0.850618402311088	0.022	0.014	1	ZNF577	c1
0.00389961088806188	-0.850612848581044	0.06	0.106	1	GSE1	c1
0.000361909847837982	-0.850572737423882	0.048	0.102	1	TRERF1	c1
0.00888788025928982	-0.850242549254438	0.06	0.1	1	NUP155	c1
0.021616140936853	-0.849702156296392	0.029	0.055	1	DGKH	c1
0.0755672556762523	0.849686602259556	0.04	0.023	1	ANKEF1	c1
0.19300683874529	-0.849676043793889	0.006	0.014	1	MESP1	c1
0.0240082452851202	-0.849449093948368	0.019	0.041	1	CBX8	c1
0.192415947048839	-0.848631479557115	0.006	0.014	1	DIABLO	c1
0.000594754400892182	-0.847647113452165	0.078	0.138	1	YPEL2	c1
0.00419709576287323	-0.847443094137494	0.051	0.092	1	GPALPP1	c1
0.00349125383383848	-0.847423135947061	0.046	0.088	1	TRIM25	c1
0.0113296409727077	-0.847380041426093	0.032	0.062	1	CCR9	c1
0.0475793649582999	-0.847197282367212	0.033	0.056	1	CAPRIN2	c1
0.00473639452797981	-0.846390567665162	0.065	0.111	1	LINC00426	c1
0.0542547067309543	-0.845532017888766	0.017	0.035	1	SNX8	c1
0.0906809893205464	0.84551565363769	0.035	0.02	1	TMCC3	c1
0.0772474521880546	-0.844061797906876	0.014	0.029	1	NOMO1	c1
1.87326855700197e-07	-0.84390268925068	0.199	0.326	0.0024809568768934	IL17RA	c1
0.24297622212537	0.843770687965043	0.035	0.024	1	RBM27	c1
0.00215337528571183	0.843437569423312	0.118	0.07	1	LDOC1	c1
0.405686242283126	-0.843405024683248	0.006	0.011	1	AC090825.1	c1
0.0914897401652648	-0.843089147315146	0.03	0.048	1	ZNF540	c1
6.34029286965836e-06	-0.842696901614979	0.126	0.226	0.0839708387657554	PSMA3-AS1	c1
0.0784294197624889	0.842654543939512	0.032	0.017	1	ACVR1C	c1
6.35199193892351e-06	-0.841868489657206	0.095	0.186	0.084125781239103	TYK2	c1
0.0217357264196328	-0.841632752285965	0.033	0.061	1	ZMYM4	c1
0.16548575422022	0.841223646280024	0.016	0.008	1	MMACHC	c1
0.013202057111341	0.841179661534566	0.052	0.026	1	FLNB	c1
0.0528480630142201	-0.840849667981637	0.064	0.092	1	AC012645.3	c1
0.0294229856968891	-0.84071079762295	0.01	0.026	1	GDAP1	c1
0.00132240372374045	-0.839155289972596	0.07	0.124	1	TP53INP1	c1
0.130468340827879	0.838933292018868	0.035	0.021	1	RSAD2	c1
0.0490465948561438	-0.838117281415807	0.033	0.056	1	KIAA1147	c1
1.4592090974705e-06	-0.837816973124627	0.186	0.303	0.0193257652868993	ARID5B	c1
0.153119827045653	-0.837581713435418	0.005	0.012	1	ARRDC3-AS1	c1
0.00783489091613029	0.837433126279992	0.094	0.056	1	PGLYRP2	c1
0.109377731164164	-0.837347103859361	0.011	0.023	1	AC104986.2	c1
5.73029091645766e-06	-0.836930018583722	0.1	0.192	0.0758919728975652	NUPL2	c1
0.0112137643460802	-0.835066755807267	0.035	0.067	1	LINC01089	c1
0.00589735339879018	-0.834700006988761	0.054	0.095	1	ZSCAN26	c1
0.283207994073717	-0.834434054625489	0.006	0.012	1	CASTOR2	c1
0.00682373856334365	-0.834173880871088	0.037	0.071	1	AL359220.1	c1
0.354263459927387	0.83388728687751	0.013	0.008	1	SNX33	c1
0.011525111546769	-0.833670370626793	0.04	0.073	1	ARMH3	c1
0.0998957986336777	-0.833602477810278	0.017	0.032	1	AC244090.1	c1
0.405686242283126	-0.833138472402247	0.006	0.011	1	MRC2	c1
0.19439681866095	-0.83270176066979	0.019	0.03	1	GTF2IRD2	c1
0.145807930296045	0.831867970627933	0.029	0.017	1	SNX25	c1
0.00271920461975632	-0.831657285490034	0.064	0.111	1	MSH2	c1
0.177726130772799	-0.831618625058034	0.017	0.029	1	PTPDC1	c1
0.000120264621331169	-0.831343201189024	0.103	0.18	1	HIST3H2A	c1
0.160076330093219	0.830820122403318	0.045	0.03	1	C11orf80	c1
0.160368401432935	-0.830422248417384	0.008	0.017	1	AC141424.1	c1
0.00173205367625992	-0.830378721130656	0.062	0.112	1	SLC25A40	c1
0.363371332875313	-0.830353936274506	0.01	0.015	1	AQP11	c1
9.27535549301726e-18	-0.830335599669074	0.421	0.642	1.22842808149521e-13	MBP	c1
0.000231928426731155	0.829695641990619	0.176	0.108	1	ELK3	c1
0.0930495499437839	0.829460645283912	0.046	0.029	1	KHK	c1
1.67814171473665e-05	-0.82918496865603	0.083	0.165	0.222253088699722	RAB33A	c1
0.0146779191564294	-0.828751101557943	0.024	0.05	1	CCHCR1	c1
0.0387417928298225	-0.828732444472561	0.017	0.036	1	NECTIN3	c1
0.0250874356723883	-0.828450002562092	0.03	0.056	1	YAE1D1	c1
0.0755105896531953	-0.827456992292791	0.017	0.033	1	KLF16	c1
0.000499103361651243	-0.82720637563491	0.062	0.12	1	ATP7A	c1
0.000710277696560655	-0.827118508949114	0.062	0.117	1	TBCK	c1
0.000881021088898358	0.826795427388288	0.34	0.276	1	RBKS	c1
0.0612169591448708	0.826221104866844	0.029	0.014	1	ZNF616	c1
0.00454788734430561	-0.826097756326265	0.051	0.092	1	FAM200A	c1
0.00147328026557504	-0.826086784539265	0.054	0.103	1	ARSG	c1
0.311131212698625	0.825977395898868	0.019	0.012	1	HSD17B14	c1
0.000182454136040245	0.825541469647357	0.2	0.129	1	STK26	c1
0.282804483325572	-0.825245755418059	0.006	0.012	1	SGMS1-AS1	c1
0.0543666961136593	-0.825126707079588	0.025	0.045	1	BYSL	c1
0.00239439091472222	0.824905703349283	0.114	0.067	1	NT5E	c1
0.178949444567302	0.824548308105959	0.035	0.023	1	SMIM13	c1
0.0668834618086149	-0.824328944208669	0.04	0.062	1	SLC2A11	c1
0.0334215074730469	-0.824179903327427	0.019	0.039	1	SRGAP2B	c1
0.0436598230264663	-0.824172198746119	0.01	0.024	1	MIR9-3HG	c1
0.0313337858133152	-0.823953248651086	0.013	0.03	1	SVIL	c1
0.0245322842886127	-0.823622486679846	0.04	0.068	1	MAGEF1	c1
0.0405256225783774	0.823502290295476	0.06	0.036	1	EVA1C	c1
0.153390211058203	-0.823417988019641	0.005	0.012	1	FBXO10	c1
0.290741629185573	0.823318447654835	0.017	0.011	1	MINDY1	c1
0.00026154673111153	-0.82305245168628	0.091	0.159	1	TFIP11	c1
0.0327511396796408	0.822238499790306	0.095	0.064	1	OSM	c1
3.46676657780888e-07	-0.822168689128592	0.157	0.279	0.00459138565565008	RPS6KA1	c1
1.34104101226602e-20	-0.822101691853948	0.582	0.791	1.77607471664511e-16	RHOH	c1
0.000819154003637256	-0.821932906075474	0.078	0.136	1	CPTP	c1
0.0295826021182048	-0.821858046151892	0.029	0.053	1	FBF1	c1
0.215781356182968	0.821576232760458	0.013	0.006	1	AP000977.1	c1
4.52061711507934e-05	-0.820396852003118	0.102	0.182	0.598710530721108	U2AF1	c1
3.6854409498513e-06	-0.820202946411798	0.183	0.298	0.0488099799398306	COA1	c1
0.0205361000625404	-0.819396919327898	0.021	0.044	1	PQLC2	c1
0.498291104627618	0.819390022999674	0.011	0.008	1	ITPKC	c1
0.702556882444443	0.819218361860574	0.011	0.009	1	LINC01725	c1
0.282804483325572	-0.818913985781581	0.006	0.012	1	MMP28	c1
0.000456564723248722	-0.818724555117216	0.056	0.111	1	RAB21	c1
0.108463233741818	0.818721263622829	0.03	0.017	1	LINC00526	c1
0.323329732534941	-0.818206021197889	0.008	0.014	1	TMEM268	c1
0.13787145204448	-0.818098845825221	0.017	0.03	1	ZNF707	c1
4.99743928370169e-06	-0.818053951818133	0.127	0.227	0.0661860858733452	FBXO44	c1
0.0171292288247908	0.817002025967757	0.126	0.086	1	TUBB2A	c1
0.0563257621397111	-0.815862426856071	0.409	0.409	1	CTSW	c1
6.98535480978088e-06	-0.815798428788639	0.118	0.217	0.092514039100738	OLFM2	c1
0.01785518769819	-0.815732276743745	0.038	0.068	1	CDK5	c1
0.0357880007587234	-0.815298707092711	0.046	0.074	1	TUBGCP6	c1
0.213131961897631	-0.815281221533967	0.011	0.02	1	CNIH3	c1
0.0594987132357034	0.815195091873706	0.086	0.061	1	MGME1	c1
0.00329987747183531	0.815124990919453	0.119	0.073	1	PTGDR	c1
0.0117629620224123	-0.814430139365771	0.057	0.095	1	BCAS3	c1
0.00255302117871341	-0.813422404697184	0.121	0.185	1	SAMD9L	c1
0.0460753105963196	-0.813383763067991	0.016	0.033	1	FBXO46	c1
0.0105545465111155	-0.813191953189059	0.021	0.047	1	ST20-MTHFS	c1
0.214678172310154	-0.813074901569051	0.011	0.02	1	EME2	c1
0.034891373986112	-0.811928663881336	0.032	0.056	1	ZNF790	c1
0.00821257873136538	-0.810947143884386	0.052	0.091	1	ATG7	c1
0.616512595487035	-0.81088440286232	0.008	0.011	1	ITPRIPL2	c1
0.354263459927387	0.809760584669545	0.013	0.008	1	LRRC20	c1
0.323179469215641	0.809232359952018	0.011	0.006	1	C6orf99	c1
0.00149269808513977	-0.809165631117573	0.07	0.123	1	FBXW7	c1
1.60873763791741e-05	-0.809088846978101	0.137	0.233	0.213061212765782	GPCPD1	c1
0.0053778396002563	-0.808616036775851	0.045	0.083	1	MAP3K14-AS1	c1
0.0213586762437213	-0.807627043238145	0.041	0.071	1	C2orf42	c1
0.0032631561071607	-0.807586711853209	0.038	0.077	1	ATG9A	c1
0.000666458289176961	0.807429032560481	0.149	0.088	1	GSTM2	c1
1.96023727786995e-08	-0.807301714251945	0.194	0.338	0.000259613825081096	ABTB1	c1
0.23530351220401	0.806952437907958	0.022	0.014	1	CAPS	c1
0.0162317409830684	0.806687199340485	0.081	0.048	1	PPP1R14B	c1
0.519875937202195	-0.806685777003152	0.011	0.015	1	SDR42E2	c1
0.0370769391511811	-0.806535913308189	0.024	0.045	1	AP4E1	c1
0.0197060631849251	-0.806236115833876	0.01	0.027	1	PPP1R16A	c1
0.000170268985096775	-0.805854793281565	0.094	0.168	1	ZNF580	c1
0.181877573172587	-0.805384174552732	0.03	0.044	1	PRR34-AS1	c1
0.216449603476875	0.804483390994809	0.013	0.006	1	FNIP2	c1
0.154935213618454	-0.803832706819811	0.011	0.021	1	AC103691.1	c1
0.330297459579927	-0.802618491016841	0.019	0.027	1	PLA2G15	c1
0.153314245842504	0.801971937117599	0.03	0.018	1	ZBTB9	c1
0.0702169826892079	-0.801875288084195	0.04	0.062	1	FAM193A	c1
0.00673917881315596	-0.801624591835741	0.022	0.052	1	ADARB2	c1
0.0910787905928687	0.801255048390356	0.057	0.038	1	STAG3	c1
0.00102116674650875	0.800974810755284	0.105	0.055	1	FAM241B	c1
0.0102912785494333	-0.800662914529674	0.043	0.077	1	UBR3	c1
0.00217268415686545	-0.800415320684087	0.048	0.092	1	RNF170	c1
0.706595911209428	-0.800312816331306	0.025	0.029	1	LRRC56	c1
0.127466810627846	0.799491586221242	0.019	0.009	1	CD274	c1
0.435831722333027	-0.798784279731262	0.021	0.027	1	TRAV26-2	c1
0.0120145512755369	-0.798666313814195	0.029	0.058	1	CTSZ	c1
0.00140188179476972	-0.797458702799629	0.04	0.083	1	RAB30	c1
0.000115880477105057	-0.79722317696226	0.089	0.162	1	DNMT3A	c1
0.196635904776813	-0.795868133517643	0.014	0.024	1	B4GALT5	c1
0.0465623487309657	-0.795762426576915	0.016	0.033	1	NPHP3	c1
0.0462181407698593	-0.795627995921444	0.032	0.055	1	LONP1	c1
0.00357704740539449	-0.795497406450386	0.056	0.1	1	SH3TC1	c1
0.0915585305547575	-0.795112723771986	0.013	0.026	1	PALB2	c1
0.0215658059068043	-0.795060194734268	0.046	0.077	1	HDAC6	c1
0.00162687778965869	-0.794886349736984	0.035	0.076	1	PLEKHG2	c1
0.00849619221597459	-0.794375502771126	0.048	0.085	1	TMEM192	c1
0.284016185229084	-0.794297251237143	0.006	0.012	1	HIST1H2AJ	c1
0.0105851110364297	-0.794152071093947	0.043	0.077	1	TRMT12	c1
0.111679332555716	-0.793576286291416	0.024	0.039	1	SEMA4F	c1
0.00745119321096114	-0.793079398199041	0.037	0.071	1	XRRA1	c1
9.45975005682312e-06	-0.792873569795243	0.243	0.359	0.125284929752565	MATK	c1
0.320883948794082	0.792822001002803	0.011	0.006	1	PDE6G	c1
0.337412323953765	0.792714122870325	0.022	0.015	1	SPATA7	c1
0.00191077360024301	-0.792244715907014	0.092	0.15	1	UGCG	c1
0.0326879173703846	-0.792236071256918	0.03	0.055	1	RUFY3	c1
0.0537947487398427	-0.791917672017807	0.029	0.05	1	PCCA	c1
0.0741709425248864	-0.791699403469665	0.017	0.033	1	ZBTB37	c1
0.474221779868219	0.791423004307922	0.01	0.006	1	SH3D21	c1
0.36460875994413	-0.790892304056829	0.01	0.015	1	MOK	c1
0.323179469215641	0.790793869518696	0.011	0.006	1	SHF	c1
2.70904067238625e-05	-0.790719464114271	0.132	0.227	0.358785346650835	SPNS3	c1
0.00170452536254405	-0.79018292264951	0.075	0.129	1	THOC1	c1
0.283646389971434	0.790077620764046	0.01	0.005	1	TMEM86A	c1
7.00346327371249e-05	-0.789311079220683	0.127	0.214	0.927538675970482	CAMK2D	c1
3.53541602596537e-10	-0.789284966395348	0.324	0.494	4.68230498478853e-06	PHYKPL	c1
0.111762512272207	-0.789103849766501	0.011	0.023	1	FCRLB	c1
0.00119918385298646	-0.788554872765088	0.091	0.152	1	TWF1	c1
0.0230173569900209	-0.788435504713576	0.025	0.05	1	ADAT3	c1
0.571810336310695	-0.78767639117074	0.024	0.029	1	UHRF1BP1	c1
0.234271288590769	-0.787601754487817	0.005	0.011	1	PKIG	c1
0.0190757943816116	-0.787597957570633	0.014	0.035	1	ZNF879	c1
0.229084448312026	-0.787358839743947	0.008	0.015	1	FXN	c1
0.0030246642095163	-0.787230450406248	0.062	0.109	1	NCOA1	c1
0.187027634156991	-0.787123998611026	0.01	0.018	1	AC009404.1	c1
0.47483038870015	0.787010874195029	0.01	0.006	1	AC068473.5	c1
0.617779965395945	-0.786789034103755	0.008	0.011	1	OLMALINC	c1
0.197577713403337	0.786748930995913	0.027	0.017	1	ZNF674-AS1	c1
3.62897378207637e-15	-0.786414068268375	0.491	0.677	4.80621287698194e-11	PRKCH	c1
0.0002643738418277	-0.786342944043193	0.113	0.185	1	SC5D	c1
0.0032902743978854	-0.785982786646691	0.045	0.086	1	MAST4	c1
0.00560654908356977	-0.785248151660271	0.033	0.068	1	MLH3	c1
0.0321737152498421	-0.784750250323395	0.022	0.044	1	ZNF595	c1
0.0355128793133509	0.784381542302273	0.04	0.02	1	ZNF219	c1
0.00911783513181134	-0.7836330265111	0.029	0.059	1	TLK2	c1
0.00011771888194024	-0.783346492182767	0.113	0.192	1	FAM3A	c1
0.0459393671196063	-0.78328447703144	0.027	0.048	1	ZNF85	c1
0.0172035912208402	-0.783061711826571	0.405	0.42	1	HOPX	c1
0.000127000350579166	-0.782932592860855	0.054	0.117	1	DERA	c1
1.18691302029541e-06	-0.782752818857737	0.197	0.317	0.0157194760407924	CHMP7	c1
2.60316297040639e-06	-0.782585306765147	0.173	0.285	0.0344762903800623	PPP1R16B	c1
0.00154402657498471	-0.782438460514789	0.075	0.129	1	DTNB	c1
0.0843754665252524	-0.782151583709254	0.019	0.035	1	CERNA1	c1
0.214045140393116	-0.781335065986275	0.016	0.026	1	CARM1	c1
0.0155084328093465	0.780273740576082	0.091	0.056	1	RASGRF2	c1
0.00168668866010181	-0.780110259081639	0.11	0.171	1	SLC16A3	c1
0.261571092017274	-0.779456525835751	0.01	0.017	1	FIZ1	c1
0.0286661660912449	-0.779453853818621	0.062	0.095	1	RABGAP1	c1
0.161065410922724	0.778930343581738	0.022	0.012	1	PRDM10	c1
0.258942028789584	0.778852111771299	0.024	0.015	1	DOCK7	c1
0.132259938197166	-0.778642095894223	0.01	0.02	1	CCSAP	c1
0.440145699672393	0.778218234801425	0.021	0.015	1	AF117829.1	c1
0.718487240931473	0.777604632643375	0.029	0.026	1	PSEN2	c1
0.233497351964219	-0.77717976951048	0.005	0.011	1	TRPV1	c1
0.269451220081355	0.776976428132124	0.025	0.017	1	ALDH1B1	c1
0.557346630277286	0.775254234734463	0.056	0.05	1	APOBEC3H	c1
5.85283075679886e-05	-0.775221535363859	0.102	0.183	0.775148905430441	MPHOSPH9	c1
0.0113718973265598	0.775200360577126	0.107	0.068	1	INTS3	c1
0.297915435380745	0.775173973969834	0.03	0.021	1	AL136962.1	c1
0.159903932569056	-0.774719553124053	0.008	0.017	1	RASA4	c1
0.124776540165977	-0.774147248522844	0.033	0.05	1	SLC26A11	c1
0.227839083316205	-0.774140141351428	0.008	0.015	1	TOLLIP-AS1	c1
0.0334639787326277	-0.773756715429093	0.019	0.039	1	STRN4	c1
0.00567479556288072	-0.773564793064304	0.027	0.059	1	SRGAP3	c1
0.0919808820264796	-0.773411492745057	0.013	0.026	1	FAM86C1	c1
0.00703047236419631	0.773030844568109	0.132	0.086	1	CPQ	c1
0.0218722520031457	-0.772936316716237	0.037	0.065	1	ATMIN	c1
0.000843315591870372	-0.772779430232772	0.083	0.142	1	OPA1	c1
0.0332862105860985	0.772767554708377	0.076	0.048	1	DNLZ	c1
0.000994581610370564	-0.771690370835032	0.067	0.123	1	ZNF37A	c1
0.000221033742706142	-0.771288982218207	0.081	0.148	1	BOP1	c1
0.32533841493039	0.77126190929014	0.038	0.029	1	SYNE3	c1
0.472802957885257	0.7709696471831	0.025	0.02	1	MCM2	c1
0.0086808955378024	-0.77085795497849	0.057	0.097	1	RASA1	c1
2.30095215746929e-05	-0.770540075926122	0.122	0.214	0.304738103735233	CDC25B	c1
0.0480413736222718	0.770529702278378	0.046	0.026	1	LFNG	c1
0.160029249164719	-0.770329413107098	0.021	0.033	1	AMIGO1	c1
0.000117163265387595	-0.770004108278245	0.06	0.126	1	HSCB	c1
0.591784210476501	0.769784498833703	0.03	0.026	1	TRMT5	c1
0.0661413105759553	0.769321689012099	0.087	0.062	1	RECK	c1
0.0453659070999001	-0.76830683853683	0.019	0.038	1	ZSCAN9	c1
0.234658937696853	-0.76824234860475	0.005	0.011	1	GPR27	c1
0.0714381922156436	-0.767603466186897	0.051	0.076	1	GRK5	c1
0.00472121075828759	-0.767305805528478	0.038	0.076	1	ZNF317	c1
0.322259979547423	0.767059468626917	0.011	0.006	1	TEC	c1
0.0512936246282347	-0.766920031046905	0.033	0.056	1	HOOK1	c1
0.0381804572957392	-0.76653181895018	0.033	0.058	1	EFCAB7	c1
0.0011460536261942	-0.76617407813137	0.076	0.133	1	TFRC	c1
0.00145433660208708	-0.765822022307499	0.056	0.106	1	LRRC61	c1
0.0313364817241147	-0.765759626556194	0.045	0.073	1	TRAPPC11	c1
0.000368859936511204	-0.765181956542503	0.062	0.121	1	UBALD1	c1
5.55605310185345e-07	-0.76499500105641	0.424	0.518	0.00735843672809472	ABI3	c1
0.00315377477741271	-0.764260797236238	0.072	0.121	1	CTDP1	c1
0.00127859245319593	-0.764182283310329	0.051	0.1	1	GTDC1	c1
0.180841657463802	0.764147971662767	0.011	0.005	1	GPRC5D-AS1	c1
0.0109081671873482	-0.764051297864302	0.052	0.089	1	PGP	c1
1.34875071066865e-07	-0.764026220109871	0.189	0.324	0.00178628544120957	MAZ	c1
0.00335710698239947	0.76392278109059	0.108	0.064	1	LTB4R2	c1
0.0783338075766706	0.763549498125268	0.032	0.017	1	OR4D1	c1
0.010042965005977	-0.763338920267814	0.03	0.061	1	UBXN6	c1
2.92745252518752e-05	-0.763126311528809	0.108	0.195	0.387711812435836	TMEM138	c1
0.000786499925136308	-0.763097663596404	0.078	0.138	1	FUT8	c1
0.0006757778068535	-0.763034659924884	0.138	0.212	1	ARID1B	c1
0.000772518451676813	-0.762694982625255	0.054	0.106	1	KIF20B	c1
0.0258651105258835	-0.762053984571506	0.06	0.094	1	CYP51A1	c1
0.0110436005119129	-0.761991512576309	0.092	0.138	1	MAP3K7	c1
0.030609599049565	0.761619139485103	0.06	0.035	1	SETD7	c1
0.0259243064402296	-0.761265525760977	0.04	0.068	1	NBPF11	c1
0.000306649126163335	0.760997116512685	0.286	0.215	1	TNFRSF25	c1
0.00556114378312757	-0.760250211048211	0.07	0.115	1	FBXL12	c1
6.18429941505858e-05	-0.760175480841221	0.095	0.174	0.819048614530358	ZNF593	c1
0.109864129748683	-0.759915098983618	0.008	0.018	1	AC068338.2	c1
0.188756075338809	-0.759874067979304	0.01	0.018	1	KRBA1	c1
0.000120752418984123	-0.759197742304841	0.103	0.182	1	MAPKAPK5-AS1	c1
0.312278425854333	0.759169857795881	0.035	0.026	1	CCDC65	c1
0.0373661600836466	-0.758597354762521	0.006	0.02	1	AC009133.1	c1
0.0222785192558674	-0.758326331169433	0.049	0.082	1	OASL	c1
0.000371935408972964	-0.758018735437142	0.108	0.182	1	S100PBP	c1
1.99441626999071e-05	0.757614433178213	0.305	0.214	0.264140490797569	NEU1	c1
0.000859052090256474	-0.757297748347491	0.076	0.135	1	BMT2	c1
0.000117886073635946	0.756964244171299	0.253	0.17	1	MID1IP1	c1
0.0353300452646851	-0.756389578266431	0.045	0.073	1	CLPTM1L	c1
0.0021886460457866	-0.755968491436966	0.06	0.109	1	TRIM23	c1
0.224708164958249	0.755942113126313	0.021	0.012	1	PLB1	c1
0.160013932998005	0.755605552846697	0.043	0.029	1	C22orf46	c1
2.08569172320846e-07	-0.755281719789515	0.355	0.479	0.00276229011821729	GPR174	c1
0.494058506753803	-0.755084769781124	0.017	0.023	1	MLLT11	c1
3.7833557555402e-05	0.754872843397449	0.253	0.168	0.501067636263744	MGAT5	c1
0.000320465874953862	-0.754761720327653	0.073	0.138	1	UBE2H	c1
0.0109898742807269	-0.754260929049919	0.035	0.067	1	PHKA2	c1
0.0374554975419867	-0.754259147598278	0.011	0.027	1	SLC35G1	c1
4.72162375909137e-05	-0.754195169005707	0.162	0.261	0.625331850654061	MBD4	c1
0.401690917199054	0.754060713628603	0.016	0.011	1	LRP8	c1
0.0918879914950448	-0.753918381661962	0.01	0.021	1	SOCS7	c1
0.0354260012437231	-0.753899663206417	0.045	0.073	1	CEP295	c1
0.144662150327319	-0.753459189247994	0.019	0.032	1	SNPH	c1
1.17620468264888e-06	-0.75343732997838	0.218	0.339	0.0155776548170018	TNIK	c1
0.00381563483036218	-0.753127723112196	0.07	0.118	1	VPS11	c1
0.455138343728589	-0.752858981414739	0.008	0.012	1	KLHL15	c1
0.188348182300015	0.752340898542322	0.017	0.009	1	AC239800.3	c1
0.0121399646610729	-0.751984548881619	0.04	0.073	1	TRIM32	c1
0.123630944197452	-0.751896386920989	0.048	0.068	1	TMCO4	c1
0.0368000313253447	-0.75179895071926	0.024	0.045	1	TSNAX	c1
0.0810281116258568	-0.750822038918756	0.049	0.073	1	BTRC	c1
0.726442887366941	0.750768281551599	0.017	0.015	1	MAML3	c1
0.129149530057123	0.750535637610775	0.046	0.03	1	C10orf91	c1
0.0168273252956613	-0.749897994739611	0.029	0.056	1	ABHD4	c1
0.162094656376409	-0.749810142769623	0.021	0.033	1	BCORL1	c1
0.229708944480244	-0.749805118503324	0.008	0.015	1	AL356481.1	c1
0.000626001845260868	-0.74960202950003	0.091	0.156	1	MFSD14C	c1
0.000637586243219949	-0.74958087934384	0.086	0.15	1	TGDS	c1
0.026721420998327	0.749503467147334	0.078	0.048	1	TGFBR3	c1
0.127409104182181	-0.749497345712032	0.032	0.048	1	CCDC142	c1
0.0347597586038524	-0.749486716574075	0.019	0.039	1	CCDC146	c1
0.625218882597897	-0.749427053891131	0.017	0.021	1	EEPD1	c1
5.40168326135361e-05	-0.749128890237467	0.118	0.203	0.715398931133671	PEX11B	c1
0.627959658677159	-0.748971619057368	0.008	0.011	1	AC098613.1	c1
0.0413211639637073	-0.748394316481616	0.025	0.047	1	MATN1-AS1	c1
0.00309982814004267	-0.748302692898297	0.089	0.142	1	POLB	c1
0.0617118279656465	-0.748136242375922	0.019	0.036	1	MPP6	c1
0.13855690276238	0.747962289243006	0.027	0.015	1	ALCAM	c1
0.000679648090494488	-0.747860320109373	0.087	0.15	1	CCDC14	c1
0.235185239156534	0.747846534401091	0.049	0.036	1	CFP	c1
0.000340199273051341	-0.747775235294311	0.134	0.211	1	LINC00649	c1
0.00330042388357935	-0.747657535477949	0.094	0.148	1	TMEM140	c1
0.0144932876012714	-0.74739266944151	0.038	0.07	1	MDM1	c1
0.130296488101197	-0.74730621127801	0.006	0.015	1	NUDT6	c1
0.00778275492261229	0.747064744575799	0.135	0.091	1	MKNK1	c1
0.282401362397493	-0.746791934409365	0.006	0.012	1	AL080250.1	c1
0.0108553734930317	-0.746575795790713	0.041	0.076	1	CARF	c1
0.00968237994983562	-0.746533169007806	0.037	0.07	1	ZNF518A	c1
0.301824358425032	0.746494403476064	0.032	0.023	1	FAM120C	c1
0.000120149418738286	-0.746304289220172	0.083	0.156	1	SLC25A26	c1
0.33163708000808	0.745809309935567	0.041	0.032	1	NEDD4	c1
0.207892346299296	-0.745781713763459	0.021	0.032	1	ABCC4	c1
0.0056442785596269	0.745659179838362	0.162	0.114	1	CREB3L2	c1
0.000105335929346492	0.745637555704252	0.232	0.155	1	EIF2AK2	c1
2.22508702571201e-05	-0.745636689728219	0.157	0.259	0.294690525685299	MAD2L2	c1
0.238402364962961	0.745617225104557	0.056	0.042	1	TDRKH	c1
0.153579825838111	0.745279221826207	0.054	0.038	1	LMAN2L	c1
0.0124550186979067	-0.745093039673067	0.054	0.091	1	POMC	c1
0.00162240457825375	-0.744978474428021	0.048	0.094	1	NOTCH1	c1
2.10434082586411e-05	-0.744842390084863	0.229	0.333	0.278698898977443	TTC14	c1
0.00991446420793951	0.744732388079582	0.146	0.102	1	DUSP16	c1
0.00493739814563265	0.744507323017706	0.092	0.052	1	PHOSPHO2	c1
0.000500032883407572	-0.743104047974743	0.065	0.124	1	MEF2D	c1
1.73269726159819e-05	-0.742923942174016	0.13	0.229	0.229478425326064	TRIP12	c1
0.526011367024629	0.742668052333944	0.013	0.009	1	PODXL2	c1
7.11586178947246e-08	-0.742285862555637	0.356	0.486	0.000942424735397733	ABLIM1	c1
0.248471363552804	-0.742037866273455	0.019	0.029	1	EID2	c1
0.000942620450082893	-0.741593245144859	0.057	0.111	1	PCED1A	c1
0.592891230085792	0.741292895006606	0.029	0.024	1	MTMR1	c1
0.18653594745802	-0.74095702414278	0.01	0.018	1	ULBP2	c1
0.00536621210971998	-0.740714858573634	0.052	0.094	1	MED12	c1
3.26808507260032e-05	-0.74060543676745	0.108	0.195	0.432825187015187	MPPE1	c1
0.0716936649817345	-0.740473752037474	0.025	0.044	1	CYP2U1	c1
0.000943506976831392	-0.739584086380288	0.07	0.127	1	OTULIN	c1
0.0788119814755016	0.739394266637428	0.049	0.03	1	C3orf33	c1
0.0746344521032452	-0.739317807759992	0.037	0.058	1	AP002748.3	c1
0.128729916734678	-0.739046067778396	0.032	0.048	1	MAN1C1	c1
0.474989664832165	0.738909818737884	0.027	0.021	1	TSNARE1	c1
3.10135827688213e-05	-0.738702118454516	0.143	0.238	0.410743890190269	CCDC28A	c1
0.294271006001956	-0.73728900793003	0.011	0.018	1	ZHX3	c1
3.13379348232229e-05	-0.737136264988577	0.121	0.214	0.415039608798764	LINC01934	c1
0.000258574763218065	-0.736874202627669	0.089	0.159	1	ZDHHC20	c1
0.930082481749426	0.736258787543209	0.01	0.009	1	TRAV34	c1
0.0462652249837764	-0.7361162393088	0.019	0.038	1	CSNK2A2	c1
0.326411137573374	0.735906157420498	0.011	0.006	1	C1orf74	c1
7.48554306780452e-10	-0.735898353018669	0.382	0.544	9.91385323900031e-06	IL2RB	c1
0.121981928011596	0.735510547045261	0.057	0.039	1	AP005019.1	c1
0.0888128112645256	0.734929201886779	0.056	0.036	1	PLAG1	c1
0.0231670233900813	0.734874390232334	0.127	0.091	1	NSUN6	c1
0.359674842562737	-0.734812693883833	0.01	0.015	1	TTC30B	c1
0.0466821589187675	-0.734361555359637	0.027	0.048	1	PSTK	c1
0.00413970329138216	-0.734018434197651	0.054	0.097	1	IKZF5	c1
0.119456208250178	-0.733923652611105	0.016	0.029	1	C4orf46	c1
0.0568531251375953	-0.733814169677268	0.035	0.058	1	ATG4A	c1
0.00193557070098489	-0.733586785040779	0.148	0.214	1	GNPTAB	c1
0.208304224302413	0.733433798895226	0.043	0.03	1	PCSK5	c1
2.46727131930311e-05	-0.733199191669478	0.211	0.32	0.326765413528504	USP20	c1
0.000224498483081581	-0.73319360385271	0.1	0.173	1	NNT	c1
0.0316389759975232	-0.733188102215515	0.043	0.071	1	SPHK2	c1
4.70494450178954e-09	-0.732851013720249	0.358	0.509	6.23122849817007e-05	TMEM243	c1
0.177222267798617	-0.732294966823822	0.013	0.023	1	ABHD17B	c1
6.41479867341893e-05	0.732111130715695	0.256	0.17	0.849575936307603	KDSR	c1
0.263830746637375	-0.730922797794868	0.01	0.017	1	ATP8B3	c1
0.0642155638746237	-0.730879165034523	0.01	0.023	1	PMF1-BGLAP	c1
0.00411491890418012	-0.730848861922388	0.087	0.139	1	ARHGEF9	c1
0.695903584353518	0.730643130191374	0.01	0.008	1	KIF3C	c1
8.92129562009752e-13	-0.730572206985088	0.488	0.632	1.18153639192572e-08	ARHGAP9	c1
0.010491038128329	0.730497540330013	0.087	0.052	1	RIPOR1	c1
0.133183935473342	-0.730401569539298	0.01	0.02	1	LRRC8C-DT	c1
0.159440481625298	-0.730286913464944	0.008	0.017	1	SLC30A1	c1
1.4792409409014e-05	-0.73002339135657	0.129	0.227	0.195910670212981	ZFYVE27	c1
0.32425326098002	-0.72997283260135	0.013	0.02	1	ZNF565	c1
0.0102144818924298	-0.729841908935897	0.033	0.065	1	AVPI1	c1
1.83098475477928e-05	-0.729820083814749	0.132	0.232	0.242495620922968	ZNF791	c1
0.0512932104367777	-0.729766571167981	0.021	0.039	1	AFG1L	c1
0.12863205053395	0.729606922877834	0.064	0.045	1	GCSH	c1
0.445967464907425	0.729288137328971	0.021	0.015	1	FOXJ1	c1
0.0543135532719218	-0.729176816973061	0.035	0.058	1	PPP1R3D	c1
0.229434904705132	0.728755012276875	0.021	0.012	1	BRPF3	c1
0.0175316704741164	-0.728544917005245	0.022	0.047	1	UCK2	c1
0.369134904020256	-0.728477099576024	0.022	0.03	1	KIR3DL2	c1
0.12983528742189	0.72845733939626	0.068	0.05	1	ALMS1	c1
0.407279757687377	-0.728393370537939	0.006	0.011	1	AL049780.2	c1
0.00115401548133349	-0.728293547034096	0.105	0.168	1	SMC6	c1
2.40665278446716e-06	-0.728231337035074	0.218	0.335	0.0318737094774831	NIN	c1
0.00746570482712962	-0.728136864868087	0.116	0.168	1	YES1	c1
0.0415050541906969	-0.727728494854173	0.025	0.047	1	FUK	c1
0.234658937696853	-0.727632376794956	0.005	0.011	1	SIGLEC10	c1
0.00829350912052628	-0.727434451743216	0.038	0.073	1	POLR3A	c1
0.00244029526182957	-0.727378227151218	0.049	0.094	1	CEP78	c1
2.45020570922123e-05	0.727131323966432	0.259	0.167	0.32450524412926	RARA	c1
0.252390936959101	0.72674176866261	0.024	0.015	1	ZNF501	c1
0.093141139901483	0.726651559430588	0.035	0.02	1	MMP25	c1
0.00664348968352907	-0.726593654958245	0.062	0.105	1	TRIM37	c1
0.290833799238574	0.726315851338712	0.059	0.047	1	ARMC5	c1
0.245444210816438	0.726113192292482	0.014	0.008	1	ZNF449	c1
0.0299369067603954	-0.725881831775402	0.045	0.073	1	ZNF48	c1
0.0178103113229079	-0.725773900677944	0.025	0.052	1	CCZ1B	c1
0.281998631239032	-0.725630568762142	0.006	0.012	1	MCM3AP-AS1	c1
0.0208317427838884	-0.725200685703105	0.054	0.088	1	EIF3J-DT	c1
0.715856810852585	0.725028067589882	0.014	0.012	1	PGBD4	c1
0.0366122984982629	-0.724979361307811	0.037	0.062	1	CDKN2A	c1
6.31757851933253e-05	-0.724862413180848	0.075	0.148	0.8367000991004	ALG12	c1
0.012604541608389	-0.724734643176413	0.062	0.1	1	ZNRF1	c1
0.0132217050779193	-0.724142835513391	0.056	0.092	1	TMA16	c1
0.172092833183545	0.724131677259717	0.06	0.044	1	TRBV2	c1
0.292088936031794	0.724070412326696	0.017	0.011	1	KIAA1841	c1
0.0327097504944849	-0.723963129833426	0.038	0.065	1	CENPM	c1
0.553018300439447	0.723946154001571	0.016	0.012	1	ZNF512B	c1
0.11051906521427	-0.723930379161503	0.019	0.033	1	UTP14C	c1
0.139676818400205	-0.723774422254656	0.017	0.03	1	BTBD2	c1
0.14865203324305	-0.723736992626169	0.037	0.053	1	RPUSD2	c1
0.109079922559361	0.723192876470973	0.049	0.032	1	ASPH	c1
0.0359342621355945	0.723009462481489	0.119	0.086	1	INTS13	c1
0.253850263437754	0.722167413341469	0.038	0.027	1	CENPB	c1
0.0441578296528125	-0.72129913145566	0.046	0.073	1	ZNF611	c1
7.34681438999586e-09	-0.721297568095426	0.245	0.403	9.73012097811051e-05	TINF2	c1
0.234271288590769	-0.721278868942327	0.005	0.011	1	AC074386.1	c1
0.000625325052373227	-0.720807181001013	0.146	0.221	1	RUNX1	c1
4.75638312321528e-14	-0.720369109624585	0.587	0.724	6.29935380838632e-10	FYN	c1
4.39470283122151e-05	-0.720364221684925	0.114	0.203	0.582034442966976	PPP6R2	c1
0.254118323592882	0.719727870113628	0.037	0.026	1	SGCB	c1
0.240494603104089	0.719599953645496	0.022	0.014	1	FARP2	c1
0.269334362259562	0.719576072437861	0.041	0.03	1	CCDC34	c1
0.11046500963508	-0.719538565950673	0.024	0.039	1	MAGEE1	c1
0.285769207875926	-0.719190353963919	0.016	0.024	1	CACNA1C-AS1	c1
0.0105079968112451	0.719187749376907	0.107	0.067	1	CLU	c1
0.0107910460634682	-0.718979194940623	0.033	0.065	1	ZNF738	c1
0.0128976469728772	0.718867829579417	0.137	0.095	1	AKT3	c1
0.000263291693957307	-0.718699045641874	0.091	0.161	1	SLC30A7	c1
0.188261037386245	-0.717913815173696	0.01	0.018	1	SLC45A4	c1
0.0202552920305005	-0.717753295295744	0.054	0.088	1	CEP170	c1
0.00535932885723222	-0.717320246080211	0.056	0.098	1	KLHDC7B	c1
0.356966049454042	0.716732365714509	0.013	0.008	1	AC078785.1	c1
0.00079815062926466	-0.716230128506783	0.094	0.158	1	LYRM4	c1
1.42834844083277e-07	-0.715714883923192	0.281	0.417	0.00189170467503893	RAB27A	c1
1.3898825830104e-05	-0.715682748917967	0.151	0.255	0.184076049293897	C19orf25	c1
0.0423880234321199	-0.715611449334002	0.025	0.047	1	FAM216A	c1
0.00802232535297501	-0.715540479050944	0.075	0.12	1	JMY	c1
0.215195368416653	-0.715046139448	0.011	0.02	1	LINC01004	c1
0.00388925529297391	-0.714940457287306	0.075	0.124	1	CTDNEP1	c1
7.26423914092526e-05	-0.714787229345826	0.126	0.214	0.962075831824142	VTI1A	c1
0.00106244796797808	-0.714763766015868	0.081	0.141	1	ASB1	c1
0.0159370754562683	-0.714297291111939	0.045	0.077	1	AL135925.1	c1
0.242818854858367	-0.71377029134567	0.013	0.021	1	ATP11A	c1
0.697293151801152	0.713734804924964	0.01	0.008	1	AC145207.2	c1
0.281322353891056	0.713544733992204	0.01	0.005	1	TLR3	c1
0.0168892971634262	-0.713442840969824	0.045	0.077	1	SCLY	c1
0.144614383971894	-0.713391572300556	0.065	0.086	1	EPHB6	c1
0.0709850837053764	-0.713233745102631	0.056	0.08	1	TMEM161B-AS1	c1
0.047035697946529	-0.712734510582521	0.013	0.029	1	SLC35E4	c1
0.01019675587761	0.712282271701671	0.099	0.061	1	ENPP4	c1
0.394572121212063	0.712060061436203	0.033	0.026	1	ZNF446	c1
0.000155623990112356	-0.711804866470609	0.099	0.174	1	LGALS9	c1
1.08804572221927e-05	-0.711781537354162	0.181	0.289	0.14410077545072	HDDC2	c1
0.244106679553497	0.711737478790971	0.057	0.044	1	PLXNC1	c1
0.164534109384582	0.711161846000305	0.032	0.02	1	OVCH1-AS1	c1
0.555979068029319	0.711080294965127	0.016	0.012	1	NAT1	c1
0.00144770971201728	-0.710904618048748	0.075	0.13	1	SEC23IP	c1
2.6902300665469e-05	-0.710877849353701	0.258	0.367	0.356294070013472	PTP4A1	c1
0.132353291112571	0.710812691789299	0.049	0.033	1	CMPK2	c1
2.87414065836481e-05	-0.710706788630041	0.159	0.255	0.380651188793835	ASXL2	c1
0.189454778249606	0.71063199193349	0.052	0.038	1	AL136454.1	c1
0.696598240810604	0.710169094302474	0.01	0.008	1	ST20-AS1	c1
0.093380312546359	-0.709824409179635	0.01	0.021	1	KIAA0895L	c1
0.70641024937047	0.709648829015301	0.011	0.009	1	MAGIX	c1
0.0226672978324261	-0.709489852418857	0.045	0.076	1	NCK1-DT	c1
0.129485673887418	-0.709286194322306	0.013	0.024	1	ZNF440	c1
0.0245742342985771	-0.708648796545962	0.038	0.067	1	AC009779.3	c1
0.392718580385098	-0.708126181719959	0.011	0.017	1	RTCA-AS1	c1
0.00484408738603049	0.707968140712987	0.153	0.103	1	CDK5RAP1	c1
0.000116955428759084	0.707926970227634	0.277	0.195	1	AHR	c1
0.000703490446954816	-0.707681299336175	0.083	0.144	1	SEC16A	c1
0.132906200704982	-0.707332594466027	0.01	0.02	1	DCUN1D3	c1
0.00366987327066124	-0.706787893285279	0.062	0.109	1	WDR41	c1
0.0160758293146174	0.706736622394935	0.161	0.123	1	VAMP4	c1
0.721325590535632	0.706442400083064	0.017	0.015	1	PKD2L2	c1
0.377944325377486	0.70633734620242	0.029	0.021	1	PEX11A	c1
0.00626817787698341	-0.706196560215909	0.032	0.065	1	ATG2B	c1
0.0278651810027814	-0.706158995518499	0.024	0.047	1	ZNF846	c1
0.000782208101306923	-0.706124186998401	0.086	0.147	1	TOP2B	c1
0.090026397137593	-0.705967334714555	0.029	0.047	1	BMPR1A	c1
0.851879512222203	0.705343437736034	0.03	0.029	1	THBS1	c1
0.188013877890905	-0.705292862032658	0.01	0.018	1	TTL	c1
0.129647376524741	-0.704651446733229	0.013	0.024	1	YPEL1	c1
0.000821799557174353	0.704473966855836	0.181	0.118	1	NAGK	c1
0.443633512425315	0.704088120613073	0.021	0.015	1	TWNK	c1
7.29798060326615e-05	-0.703936719578443	0.116	0.202	0.966544551096569	ING4	c1
0.0659467208340161	-0.7038335340689	0.027	0.047	1	UBXN8	c1
0.11020129253345	-0.703368163817536	0.008	0.018	1	AP005329.3	c1
0.406748171635366	-0.70298940640907	0.006	0.011	1	RAB4B-EGLN2	c1
0.12113715762375	-0.702934336846971	0.021	0.035	1	SLC26A6	c1
0.017180627867948	-0.702808423282184	0.079	0.12	1	KDM7A	c1
0.252657996823207	-0.702775183183633	0.019	0.029	1	RMI1	c1
0.19969448015711	-0.702636000066678	0.014	0.024	1	NAIF1	c1
0.657645836559532	-0.702599301749284	0.01	0.012	1	KLHL23	c1
0.0124278927036997	-0.702183915524862	0.048	0.083	1	ASL	c1
0.10191453255027	-0.701875714299362	0.032	0.05	1	TIPIN	c1
0.721656439030406	0.701796501511581	0.021	0.018	1	ZSWIM4	c1
0.00194080210797486	-0.701677698604851	0.087	0.145	1	FBH1	c1
0.000450231233021946	0.701563954805627	0.041	0.011	1	PTPN13	c1
0.0400841848378041	0.701558585692356	0.049	0.027	1	EIF4EBP3	c1
0.00751495075787695	-0.701462406702179	0.091	0.138	1	LPCAT1	c1
2.32443246237892e-05	-0.701255659969512	0.17	0.271	0.307847835317464	ZBTB1	c1
0.197994835055888	0.701166676033824	0.059	0.044	1	AKT1S1	c1
0.0291495224018707	-0.700761883408918	0.017	0.038	1	MORN2	c1
0.074303719098054	-0.700511113370596	0.037	0.058	1	LRRC8B	c1
0.0509204826583468	-0.700400927398888	0.045	0.07	1	NEMP2	c1
6.92502856728133e-05	-0.700098086121703	0.105	0.188	0.917150783450739	RBM26	c1
0.00439257205039061	-0.699454161653773	0.062	0.108	1	RPUSD4	c1
0.324353350611821	-0.699336003823565	0.019	0.027	1	TESMIN	c1
0.296202325129289	-0.699102841377223	0.024	0.033	1	ZKSCAN5	c1
0.00976940773079973	0.698923675658019	0.161	0.117	1	SLC25A24	c1
0.00150863653931061	-0.698920845594487	0.07	0.124	1	NUP37	c1
0.183837987317381	-0.698854192005342	0.035	0.05	1	CASTOR1	c1
2.12859115012744e-06	-0.698532951865012	0.145	0.258	0.0281910611922878	NLRC3	c1
0.071293117389803	-0.698188177222832	0.021	0.038	1	C21orf62-AS1	c1
0.00258721119057232	-0.697983235266664	0.107	0.167	1	IREB2	c1
0.263830746637375	-0.69770639642988	0.01	0.017	1	CCT6B	c1
0.141420314038362	0.697616381386438	0.037	0.023	1	PLEKHG1	c1
0.11116250528597	-0.697407656858221	0.011	0.023	1	ZSWIM6	c1
0.067791147002451	-0.696635689631874	0.038	0.061	1	ZNF26	c1
0.00413061200285156	-0.696571061918443	0.099	0.152	1	APBA2	c1
0.00800319427913822	0.696176989018341	0.108	0.067	1	TP53I11	c1
0.00254126395178527	-0.695783565668217	0.097	0.153	1	ETV6	c1
0.0888333652212677	-0.695734424680386	0.029	0.047	1	ZRANB1	c1
0.614613682503798	-0.695589347700801	0.008	0.011	1	CKB	c1
0.00537589195097009	-0.695307763072239	0.078	0.127	1	LANCL1	c1
0.016245732894509	-0.69521777714558	0.078	0.118	1	COQ8A	c1
0.00038499537588223	-0.694941891179789	0.057	0.115	1	MRGBP	c1
0.180694800358658	-0.694914915782086	0.017	0.029	1	DARS-AS1	c1
0.340428025053405	0.694793557376462	0.049	0.039	1	ERMP1	c1
0.324031248549981	-0.694485805131273	0.033	0.044	1	ZNF891	c1
4.39249732969264e-12	-0.694259814812938	0.504	0.686	5.81742346344493e-08	STAT3	c1
0.242593466524665	0.694221342555487	0.022	0.014	1	PLCXD1	c1
0.073166044397754	0.694120250728171	0.06	0.039	1	LINC002481	c1
0.000116285577034938	-0.693937223754145	0.079	0.153	1	DGKD	c1
0.0605154541712803	-0.693191994777175	0.022	0.041	1	AC007216.4	c1
1.44924473635383e-06	-0.693048658127219	0.211	0.335	0.0191937972882701	SYNE1	c1
0.106352412208765	-0.691564021013077	0.022	0.038	1	AXIN1	c1
7.37125639448796e-05	-0.691401856110815	0.159	0.252	0.976249196885986	U2AF1L4	c1
0.0803032905071502	-0.690830111600351	0.032	0.052	1	DHX35	c1
0.0026432392016179	-0.690460744228062	0.073	0.126	1	ELP4	c1
0.716180911311816	0.690379601496809	0.027	0.024	1	AL354733.3	c1
0.0140737224323984	-0.690361313106305	0.067	0.106	1	MOV10	c1
0.0469498268485347	-0.689811275235904	0.037	0.061	1	SRP14-AS1	c1
0.402116297347107	0.689355605885445	0.016	0.011	1	HIST1H1B	c1
0.899846083519214	-0.689057608648915	0.014	0.015	1	STAP2	c1
0.0634054533271201	-0.68893070229833	0.105	0.136	1	IFNGR2	c1
0.000211315145461198	-0.688895398250178	0.181	0.27	1	LRBA	c1
6.35102442605959e-05	0.688701070596053	0.27	0.185	0.841129674987332	ANKRD28	c1
0.00328940168625231	-0.688527390512496	0.079	0.132	1	MRPL1	c1
0.0302416740295965	-0.688359524261175	0.057	0.089	1	ALKBH4	c1
0.271550226649289	0.688356636166215	0.025	0.017	1	EIF3CL	c1
0.480060488637051	0.688250144716876	0.027	0.021	1	AC108134.3	c1
0.000767819996007062	-0.687546912429706	0.081	0.142	1	TARBP2	c1
0.130933140888617	-0.687268518047754	0.006	0.015	1	FAM157C	c1
0.0390207682851637	-0.68669541374818	0.024	0.045	1	SPSB2	c1
0.0614459892055616	-0.686666523142427	0.027	0.047	1	PRICKLE3	c1
0.0928302640273691	-0.686414892127575	0.013	0.026	1	GNA12	c1
0.0196789676301542	-0.686027037015121	0.048	0.08	1	PPP1R8	c1
0.288258437925463	0.685297981547104	0.048	0.036	1	AC087623.3	c1
0.00630333744464663	-0.685257247203454	0.057	0.098	1	PNO1	c1
0.00475491402472664	-0.685188827746863	0.081	0.13	1	VCPKMT	c1
1.83945537914404e-06	-0.684765957135761	0.192	0.315	0.0243617470413836	HBP1	c1
0.294271006001956	-0.684328888583067	0.011	0.018	1	C17orf58	c1
3.15340930735033e-05	-0.684296831050744	0.157	0.258	0.417637528665477	TRPT1	c1
0.216178196191333	0.68426409849891	0.07	0.055	1	DOLPP1	c1
0.00423929001464983	-0.684243382073919	0.111	0.168	1	ATXN7.1	c1
0.299441747933438	0.683737509142484	0.03	0.021	1	BBS12	c1
0.00887664316046117	-0.683514116821258	0.075	0.118	1	TBC1D15	c1
0.00603438334379012	-0.683384497708845	0.054	0.095	1	UBE2F	c1
0.0542547067309543	-0.683350853234223	0.017	0.035	1	ZSCAN30	c1
2.33832800440522e-05	-0.683302342961056	0.157	0.259	0.309688160903427	SLC25A1	c1
0.0246501842694936	-0.683138866698876	0.022	0.045	1	UAP1L1	c1
0.0097475265857519	-0.683010487489936	0.326	0.377	1	ITGA1	c1
0.0743858661617691	-0.682942274738175	0.072	0.098	1	ABCD2	c1
0.0889640223617538	-0.682677483390075	0.03	0.048	1	TRMT44	c1
0.327019847636991	-0.68260243818378	0.008	0.014	1	EXOC3-AS1	c1
1.32846620508492e-05	0.682430077492426	0.308	0.212	0.175942064201446	NFKBID	c1
4.61239500999484e-06	-0.682413608121483	0.326	0.444	0.0610865595123717	TBCC	c1
0.0609056483251468	0.682378960387366	0.095	0.068	1	ATF5	c1
0.0190230128034795	-0.681249084976803	0.048	0.08	1	ATG10	c1
6.64307134010423e-07	-0.680783451710143	0.251	0.391	0.00879808368283404	RASSF1	c1
8.95806022910041e-07	-0.680118273031373	0.256	0.394	0.0118640549674206	ATF6B	c1
0.00157972506094147	-0.679867689614863	0.103	0.165	1	STYXL1	c1
0.0116954194420645	-0.679668166912838	0.075	0.117	1	GABPA	c1
0.00181899060278189	-0.679623479870249	0.092	0.152	1	CEPT1	c1
0.424152414054011	0.678594081185652	0.017	0.012	1	AC023157.3	c1
0.0217539212512314	0.678515734904999	0.07	0.041	1	PSTPIP2	c1
0.0211842307106621	-0.678419555977563	0.07	0.106	1	GOLGA3	c1
0.0567485483357271	-0.678267452637355	0.014	0.03	1	ZNF684	c1
1.16072369876697e-05	-0.678159192865646	0.176	0.285	0.153726246664697	MLLT3	c1
0.0403648667748871	-0.678151404305803	0.045	0.071	1	AMMECR1L	c1
0.000197453038703599	-0.677654269444094	0.118	0.197	1	PPP1R21	c1
0.240939971493606	-0.677249972218262	0.013	0.021	1	AC139887.2	c1
0.124933325902622	0.676703939919252	0.033	0.02	1	RAB20	c1
0.0107066782210731	-0.676053440820096	0.07	0.112	1	DMXL1	c1
0.0315212528864564	-0.676013821981521	0.089	0.126	1	FAR1	c1
0.323179469215641	0.675786501461576	0.011	0.006	1	LINGO3	c1
0.405686242283126	-0.675595233470193	0.006	0.011	1	DDR1	c1
0.0102186091638881	-0.675538414304483	0.073	0.115	1	PHACTR2	c1
0.00607558487308492	-0.675057244187855	0.095	0.147	1	TRRAP	c1
0.00728983593917784	-0.674520806051726	0.051	0.091	1	HDAC8	c1
0.179542565157466	0.674254034214848	0.048	0.033	1	RNF157	c1
0.129001505592366	-0.67403397611145	0.013	0.024	1	MAP3K7CL	c1
0.000136874439763077	-0.674006501359387	0.126	0.211	1	TFDP1	c1
0.154203541653323	-0.673969677336209	0.005	0.012	1	NRSN2	c1
0.289790412784779	-0.673919529151055	0.022	0.032	1	TRBV29-1	c1
0.00641681225941974	0.673811173025533	0.159	0.111	1	IL18RAP	c1
0.00421627124704635	0.67351905635082	0.137	0.088	1	SFXN3	c1
0.0280590208004219	-0.67326777879903	0.054	0.085	1	IQSEC1	c1
0.0442653790657667	-0.673224475195208	0.035	0.059	1	ZNF254	c1
0.00162314775180072	-0.673009699749528	0.089	0.148	1	SLC35B3	c1
0.0104432910176987	0.672904974400261	0.095	0.058	1	ITGA5	c1
0.00200685950430286	-0.672565142372305	0.062	0.112	1	MHENCR	c1
0.0762548657585422	0.672410035816414	0.075	0.052	1	MBOAT1	c1
6.03681909995032e-05	-0.671951338851887	0.141	0.235	0.79951632159742	NLRC5	c1
0.0116670907891763	0.671910733116385	0.111	0.073	1	SPIN1	c1
0.000134708165777155	-0.671710769637536	0.127	0.211	1	ZKSCAN1	c1
0.264154650302477	-0.671517223079535	0.01	0.017	1	AGAP4	c1
0.00304567559081715	-0.671482204604063	0.057	0.103	1	PIK3C2A	c1
0.0507973259038211	0.671106336743005	0.065	0.041	1	TMOD2	c1
0.350274931157364	0.67091960244352	0.024	0.017	1	F12	c1
0.498887275302427	0.670390004595833	0.033	0.027	1	CSNK1E	c1
0.254534413659567	-0.670061202912351	0.019	0.029	1	KLHDC1	c1
0.17156662328281	-0.670047964376549	0.027	0.041	1	FAM193B	c1
0.146942847478203	-0.669915641690404	0.014	0.026	1	CREB3L4	c1
0.122054571928405	-0.669910698627151	0.03	0.047	1	PCGF3	c1
0.0184498659794213	-0.669440943037024	0.043	0.074	1	CCDC159	c1
0.229651324181251	-0.669255538114973	0.022	0.033	1	ADNP2	c1
0.235824610050905	-0.668943312136794	0.005	0.011	1	AC103736.1	c1
0.0167306093262614	-0.668864349373002	0.016	0.038	1	RAP2A	c1
0.00028268845876024	-0.668578587470647	0.173	0.261	1	MYO9B	c1
0.915667359085337	0.668477395507153	0.011	0.011	1	AC087741.1	c1
0.000475660451667813	-0.667889896411864	0.049	0.103	1	PARP3	c1
0.00780406269955394	-0.667882257873607	0.03	0.062	1	G6PC3	c1
0.00148599689911162	-0.667798417257566	0.107	0.17	1	SGMS1	c1
0.101973207428099	-0.667670864197961	0.017	0.032	1	PTCD2	c1
0.0291324743640983	-0.667001431208862	0.01	0.026	1	ARHGAP11A	c1
0.0136056316105426	0.666729222939928	0.197	0.153	1	LPP	c1
0.335804899471129	0.666082838134921	0.022	0.015	1	TEX2	c1
0.00571265620989242	-0.665887157732277	0.068	0.114	1	PAPOLG	c1
0.00111598068422245	-0.665703750983147	0.1	0.164	1	GPR68	c1
0.00131527552288997	-0.664992327125321	0.075	0.132	1	YIPF2	c1
2.38699889921391e-06	-0.664959886537055	0.356	0.467	0.031613413421189	GPRIN3	c1
0.00698052947643839	-0.664301912278504	0.043	0.08	1	DCUN1D4	c1
0.010324137557068	-0.663843222872455	0.052	0.091	1	COPG2	c1
0.00432418456598887	-0.663733698086683	0.113	0.171	1	SLC35E2B	c1
0.284420865734284	-0.66361904986484	0.006	0.012	1	AC005498.3	c1
0.00341149614388424	-0.663561074705523	0.079	0.13	1	HDAC5	c1
0.00739054037578207	-0.663289113592175	0.017	0.044	1	ERCC8	c1
0.0461421512140167	0.663199095792507	0.094	0.065	1	SLC25A51	c1
0.447137046675529	0.662553310147108	0.021	0.015	1	DHRS11	c1
2.90462692854775e-06	-0.662531103520219	0.205	0.329	0.0384688790416865	GRINA	c1
0.139979473696103	-0.662342588623468	0.017	0.03	1	MED18	c1
0.0346393433682192	-0.661884455045727	0.046	0.074	1	CAPN10	c1
0.127650845079566	0.66186032036693	0.019	0.009	1	WDR19	c1
0.323639854773773	0.661697319281275	0.011	0.006	1	TBC1D24	c1
0.849762107954942	-0.661639988220835	0.01	0.011	1	ENKD1	c1
0.0306229509735985	-0.661371721456318	0.043	0.071	1	ERI1	c1
0.00185229403180926	-0.661227541335947	0.078	0.133	1	NUDT14	c1
0.0278489581852817	0.661096216535531	0.059	0.033	1	SLC9A6	c1
0.0874480296848716	-0.660952190262778	0.024	0.041	1	TCEA3	c1
0.00489429349529962	-0.660892669254172	0.049	0.091	1	P3H1	c1
0.130295755389022	-0.660664093308125	0.013	0.024	1	F8A1	c1
0.032472408764659	-0.660336724000955	0.038	0.065	1	NOM1	c1
0.135064248181067	0.660279987794484	0.035	0.021	1	ZCWPW1	c1
2.22884711378694e-06	-0.660037630150759	0.161	0.277	0.0295188511749943	NAA60	c1
0.0170889688930549	-0.659812479234143	0.045	0.077	1	C2CD3	c1
0.023472310807719	0.659672299576103	0.073	0.044	1	TBXAS1	c1
0.238097679227675	0.659544481794547	0.033	0.023	1	KANTR	c1
2.44447465001232e-05	0.659391531689798	0.316	0.221	0.323746222647632	CISH	c1
0.00305082574162705	-0.659344845688799	0.049	0.094	1	MTIF2	c1
0.024227837973034	-0.659321766655428	0.064	0.098	1	SLC9A3	c1
0.00991238981231868	-0.659308421466849	0.064	0.105	1	SHMT1	c1
3.70590265417416e-07	-0.658748871126234	0.514	0.611	0.00490809747518826	UCP2	c1
0.00632802047122995	-0.658730682400327	0.06	0.103	1	GPN2	c1
0.157526644769033	-0.658635302905298	0.011	0.021	1	ANKRD16	c1
0.029606928757769	-0.658507291264969	0.045	0.074	1	ALKBH5	c1
0.192121000352128	-0.658404724663288	0.006	0.014	1	RAB11FIP3	c1
0.323918302537263	-0.658246040475865	0.013	0.02	1	C5orf30	c1
0.000670367847784074	-0.658088819894994	0.103	0.171	1	FOXO1	c1
0.348031891021903	-0.657775454130888	0.014	0.021	1	LRRC29	c1
0.00328494910297507	-0.657743826678588	0.079	0.132	1	TRAPPC2	c1
0.00447710637419162	-0.65743814605536	0.1	0.155	1	TNRC6A	c1
0.0995000512961322	-0.657373311445648	0.005	0.014	1	CA13	c1
0.0480078586835737	-0.657232703162283	0.041	0.067	1	ARFGEF2	c1
0.138396212174624	0.657206128134036	0.027	0.015	1	HYAL2	c1
0.0750618631865468	-0.657126101440435	0.017	0.033	1	STK11IP	c1
0.0949466662921294	-0.65693944407434	0.03	0.048	1	FBXO2	c1
0.0103435457379827	-0.656300669099642	0.059	0.098	1	ZNF7	c1
0.28665271521086	-0.655988918477723	0.022	0.032	1	SYCE1L	c1
0.249622097735849	0.655025322404768	0.038	0.027	1	USP13	c1
0.034180014439768	-0.654911089578742	0.03	0.055	1	CCDC102A	c1
0.00810943291647142	-0.654780036263548	0.129	0.183	1	STMN1	c1
0.0456763294309103	-0.654424295646002	0.037	0.061	1	NEIL2	c1
0.181687234331872	0.6543368989419	0.048	0.033	1	VEGFB	c1
0.0205374312206701	-0.654315287771371	0.065	0.102	1	ZNF43	c1
0.000391644176166167	-0.654299173154901	0.078	0.144	1	YJU2	c1
0.193895674355196	-0.654065657482347	0.006	0.014	1	AC083949.1	c1
0.00425966685614809	-0.65396167965472	0.099	0.152	1	LEMD3	c1
0.0309388634008171	0.653898829608276	0.038	0.018	1	EXD2	c1
0.0870284082540212	0.653808514705656	0.064	0.042	1	SRD5A3	c1
0.000432580612455413	-0.653780086595042	0.151	0.232	1	ZNF330	c1
0.00706492643923344	-0.653707343532838	0.056	0.097	1	ZHX2	c1
0.00113887840270075	0.653486918848079	0.196	0.132	1	NR1D2	c1
0.00499890683548684	-0.652698193625321	0.062	0.108	1	COL18A1	c1
0.346357694033792	-0.652572337564667	0.014	0.021	1	RNF227	c1
4.89231566661346e-16	-0.652490300417166	0.652	0.773	6.47938286886287e-12	TBC1D10C	c1
2.86499953981014e-05	-0.651994742368295	0.192	0.295	0.379440539052455	MRPS12	c1
2.37017934563729e-29	-0.651946134104874	0.975	0.991	3.13906552536202e-25	PTPRCAP	c1
0.38240424892217	-0.651623709692995	0.024	0.032	1	PIK3C2B	c1
0.326608489452525	-0.651333613425247	0.008	0.014	1	AC114271.1	c1
0.24450650563236	0.651176142548395	0.057	0.044	1	HEG1	c1
0.0560742523801507	-0.650583046517354	0.068	0.098	1	AMBRA1	c1
0.000112280196115886	0.650577270832874	0.307	0.223	1	TPD52	c1
0.00874066986315515	-0.650348741607255	0.056	0.095	1	SNIP1	c1
0.105916003250814	-0.649449653311051	0.022	0.038	1	BCR	c1
0.3428175843014	0.649262732627615	0.043	0.033	1	ZNF181	c1
0.12613098085423	0.649252445916912	0.033	0.02	1	MEGF6	c1
0.000359535987222975	-0.648597543812762	0.114	0.188	1	FBXO9	c1
1.21635216243939e-05	-0.648345943526089	0.153	0.262	0.161093680393473	KLHDC3	c1
0.491268798582522	-0.647801020266165	0.041	0.048	1	FXYD1	c1
9.00626535051571e-06	-0.646853356194068	0.164	0.274	0.11927897830223	TIMM13	c1
0.0107598717391489	-0.646715323652904	0.083	0.127	1	ISYNA1	c1
0.148836584690012	-0.646710209499934	0.014	0.026	1	AL009179.1	c1
0.00817779478102582	-0.646623899653247	0.102	0.153	1	SLC25A12	c1
0.00031230323796106	-0.64655045701952	0.089	0.159	1	YTHDF3	c1
0.112948225219444	-0.646519191592398	0.019	0.033	1	ABAT	c1
0.0809195809158479	-0.646476472855561	0.054	0.077	1	ASNS	c1
0.00463175536115061	0.646456751809067	0.203	0.148	1	ETV3	c1
0.0173565577100209	-0.646346974861674	0.054	0.089	1	NBPF14	c1
0.00088350382417473	-0.646333408852581	0.078	0.138	1	DTX3	c1
6.07759237687109e-05	-0.645761717353047	0.199	0.298	0.804916334392808	ABHD17A	c1
0.000119202104597886	-0.645679767015304	0.113	0.197	1	RFX5	c1
0.00162036398470213	-0.645296687233828	0.118	0.182	1	RNGTT	c1
0.00306480691328743	0.645236094011101	0.189	0.13	1	ATP2B1-AS1	c1
0.134112921350405	-0.644829074870811	0.01	0.02	1	AC022098.1	c1
0.0344802065274601	-0.644773158782115	0.043	0.071	1	PPARD	c1
0.475439426110735	0.644732517217204	0.01	0.006	1	TTC30A	c1
0.00538603169074791	0.644318612992792	0.258	0.208	1	TNFSF10	c1
0.0587429188428631	0.644291467862423	0.113	0.085	1	MICB	c1
0.00531628186897481	-0.643892234984984	0.07	0.117	1	SAYSD1	c1
0.293439466229097	-0.643603737452509	0.022	0.032	1	PLEKHO2	c1
0.144032303002908	0.643397753406786	0.049	0.033	1	NOTCH2NL	c1
0.0147329470834372	-0.643389622199428	0.068	0.108	1	NUDT9	c1
0.0212912886121461	-0.64322658870312	0.021	0.044	1	CCDC28B	c1
0.00114669218181027	-0.643026972768968	0.161	0.235	1	SLC25A36	c1
0.0118697134052842	-0.64268819492942	0.062	0.102	1	ZNF266	c1
0.000829105047937449	-0.642384829297653	0.105	0.17	1	TOPORS	c1
0.0126270616168954	-0.642372220205996	0.032	0.062	1	TNRC18	c1
0.622224707391815	-0.642354438649448	0.008	0.011	1	AC008610.1	c1
0.323274316814878	-0.642286832922973	0.025	0.035	1	DCBLD1	c1
0.188508436502883	-0.642267613755642	0.01	0.018	1	ZNF530	c1
0.0839283634261249	0.642214431567609	0.151	0.124	1	ALG2	c1
0.0189341450067938	-0.642166185384547	0.065	0.103	1	THADA	c1
0.0016334009956225	-0.641947933470888	0.119	0.186	1	ARHGAP18	c1
0.106492764255779	-0.641546581653569	0.027	0.044	1	LYL1	c1
1.78407485610278e-05	-0.641429990791734	0.178	0.288	0.236282873942252	RASGRP1	c1
0.569978265291663	-0.641322165396266	0.024	0.029	1	TNFRSF10D	c1
1.78805264253297e-05	-0.640801924401204	0.272	0.386	0.236809691977066	AC116366.3	c1
0.00842620426240897	-0.640632095120314	0.041	0.077	1	TRIB3	c1
0.136975540378193	-0.640461868515855	0.017	0.03	1	PLPP6	c1
0.391995313404576	-0.640360456818323	0.017	0.024	1	CCDC102B	c1
0.238600236680143	-0.640154047262137	0.03	0.042	1	RGPD2	c1
2.0677192778763e-07	-0.640104190488262	0.256	0.403	0.00273848741161937	TSPAN14	c1
0.00842034939112691	-0.64009491742693	0.073	0.118	1	MXD4	c1
0.00336919041842998	-0.639641091005922	0.041	0.082	1	BARD1	c1
0.385673613558162	0.639577209367886	0.014	0.009	1	STXBP1	c1
0.0337137022013204	-0.639488764383438	0.022	0.044	1	HACE1	c1
0.220795615637908	-0.639259271953245	0.016	0.026	1	LINC01679	c1
0.217389710062113	-0.638954661891934	0.021	0.032	1	ZFP30	c1
0.29958480580033	-0.638748688637697	0.011	0.018	1	AC090517.4	c1
0.0437490338460856	0.638647787438197	0.087	0.059	1	FAM50B	c1
0.00881583086869762	-0.638611120255058	0.094	0.141	1	TIMM22	c1
0.0311195399117559	0.638595623601027	0.121	0.086	1	IL18BP	c1
0.0248807780631049	-0.638525106033696	0.087	0.126	1	ARNT	c1
3.39459708153288e-09	-0.638503383997564	0.65	0.732	4.49580437478215e-05	ALOX5AP	c1
0.0856493810772118	0.638228222413166	0.084	0.061	1	FYCO1	c1
0.0804892623722797	-0.63793409660246	0.022	0.039	1	DCLRE1A	c1
0.00543500844981041	-0.637919458501261	0.079	0.129	1	ACADS	c1
4.44211172864514e-07	-0.637725579566747	0.288	0.429	0.00588313277341763	FDFT1	c1
0.000528096062662045	-0.637560048509907	0.11	0.18	1	CNOT3	c1
0.0234918161589717	-0.637546821551284	0.037	0.065	1	TSHZ1	c1
0.0028058182094849	-0.63698746879474	0.116	0.176	1	TMEM216	c1
0.444664625132178	-0.6368029679156	0.022	0.029	1	FAM161B	c1
0.180811885796276	-0.635932882175553	0.013	0.023	1	KNTC1	c1
0.0397520386518016	-0.635742285482694	0.059	0.089	1	TRMT2B	c1
0.00239040436242293	-0.63547120340201	0.087	0.142	1	ZNF720	c1
0.000132482509547814	-0.635459523534494	0.149	0.241	1	IP6K2	c1
0.043865976027672	0.635427286868885	0.105	0.074	1	MYBBP1A	c1
1.69035025999191e-11	-0.63540266479575	0.588	0.717	2.23869988433328e-07	PNISR	c1
0.00948720664307753	-0.635126231683776	0.052	0.091	1	MCTP2	c1
0.581792016805799	0.63458617472738	0.021	0.017	1	TIGD1	c1
0.393331852961092	-0.634503791538561	0.017	0.024	1	PPFIBP1	c1
0.25391087048947	0.634001563415357	0.037	0.026	1	CACNB1	c1
0.418355378099446	0.633958094980949	0.017	0.012	1	TRAM2	c1
0.00554571384553129	-0.633893212922133	0.048	0.088	1	RAB39B	c1
0.0051913719038443	-0.633320104134433	0.091	0.142	1	CHAMP1	c1
0.0298635737623082	-0.633279343891379	0.054	0.085	1	ZNF420	c1
0.323639854773773	0.633223788647091	0.011	0.006	1	SPAG1	c1
0.414735381691107	0.632648122815699	0.07	0.061	1	HIPK2	c1
0.0209098559374584	-0.632379085898476	0.087	0.129	1	ZBTB24	c1
0.16040715347462	-0.632180142862694	0.032	0.047	1	ZNF549	c1
0.0223112288549312	-0.632087580459264	0.054	0.088	1	LINC02210-CRHR1	c1
0.400416397949899	0.632066852816917	0.016	0.011	1	AC005332.6	c1
0.00125025241704005	-0.631993585504626	0.121	0.188	1	SNX14	c1
0.148082977897618	0.631897778040303	0.099	0.079	1	DNAJC14	c1
0.00440540068995968	-0.63128614356238	0.108	0.165	1	NABP2	c1
0.0076670624728332	0.630773989325625	0.208	0.158	1	UBE2S	c1
0.0363885492076295	-0.630733076292105	0.027	0.05	1	ZBTB33	c1
0.26512800611011	-0.630503257969398	0.01	0.017	1	KDF1	c1
0.0331246595137535	-0.630236348443277	0.038	0.065	1	SEPHS1	c1
0.215310263755701	0.630147113005199	0.076	0.061	1	BBS9	c1
0.0185010036289638	-0.630074359273357	0.064	0.1	1	ZSCAN25	c1
0.00532641805182369	-0.629845316749926	0.1	0.155	1	HIF1AN	c1
0.176778254808661	0.629819433996314	0.033	0.021	1	AL445686.2	c1
0.0106738515270709	-0.629591835612044	0.046	0.082	1	IDUA	c1
0.00981998660761426	-0.629447797441464	0.049	0.086	1	MRPL12	c1
0.021428659309766	-0.629308362306169	0.021	0.044	1	HNRNPUL2	c1
0.498338585835503	-0.629305343322403	0.017	0.023	1	ZBTB42	c1
0.139149043416843	-0.629201091364611	0.033	0.05	1	PEX5	c1
0.413205273948043	0.629132113618012	0.038	0.03	1	BPHL	c1
0.0462125200135036	-0.629108527480071	0.03	0.053	1	PANX1	c1
0.0063233562920919	-0.628970455638469	0.054	0.095	1	ENOX2	c1
0.0528651880434452	-0.628951343654772	0.029	0.05	1	PCSK1N	c1
0.00303328663024723	-0.628866077940164	0.107	0.165	1	PARN	c1
1.28486722328279e-08	-0.628421212777503	0.464	0.583	0.000170167815051572	AKAP13	c1
0.00180358077238056	-0.628393027180657	0.1	0.161	1	PPM1D	c1
0.066638721981456	0.628374141284325	0.132	0.103	1	AC245297.3	c1
0.857553089937484	0.628373464623094	0.04	0.042	1	TRAV22	c1
0.436434742855035	0.62825464304973	0.019	0.014	1	AC138969.1	c1
0.00558019632444756	-0.628139950865435	0.068	0.115	1	TRMT61B	c1
0.00707347321668325	-0.628132172702981	0.067	0.111	1	SELENOI	c1
0.10695826199463	0.628039193720462	0.03	0.017	1	RGS18	c1
0.239327135959413	0.627581447769436	0.054	0.041	1	MLKL	c1
0.011874995008724	-0.627395911124038	0.1	0.147	1	ZNF451	c1
7.68198599287241e-19	-0.627332829323832	0.803	0.886	1.01740222489602e-14	LIMD2	c1
0.0212590393221757	0.627164353794999	0.113	0.076	1	ARHGAP5	c1
0.012068717806225	-0.626804192739381	0.073	0.115	1	PXK	c1
0.199238395701597	-0.626557941822373	0.056	0.073	1	SUFU	c1
0.0616362431776817	-0.626462282364728	0.027	0.047	1	DSN1	c1
0.500722368111712	0.626406334923034	0.035	0.029	1	ZNF256	c1
3.44760712858226e-05	-0.626311475631984	0.192	0.302	0.456601088109435	DENND1B	c1
0.00965313388084916	0.626182011364469	0.235	0.189	1	EFHD2	c1
7.48903343891768e-05	-0.626008619377311	0.213	0.318	0.991847588650258	TMEM165	c1
0.194720913281379	-0.625985418167123	0.024	0.036	1	ALG9	c1
0.0365278099250088	-0.625508872604478	0.056	0.086	1	RBM34	c1
0.0019846771653549	-0.624824713763527	0.099	0.159	1	ARHGAP27	c1
0.00551302229093343	0.62479254081577	0.215	0.162	1	PTTG1IP	c1
0.001966508738125	-0.624629738675448	0.091	0.147	1	KDM2B	c1
0.0441705571801633	-0.624527873550113	0.075	0.108	1	MMAB	c1
0.103023608686798	-0.624466210812472	0.072	0.097	1	PISD	c1
0.161767926545692	-0.623985055016314	0.008	0.017	1	AP003774.4	c1
0.070995818744506	0.623303640367505	0.068	0.045	1	PLBD2	c1
0.0338054139693571	-0.623014445559773	0.019	0.039	1	AC022182.2	c1
0.000783039980247132	-0.622782199414971	0.208	0.292	1	LENG8	c1
0.0470404035854749	-0.62273615655457	0.035	0.059	1	CORO7	c1
0.0427979852375622	-0.622725455857266	0.051	0.079	1	FAM91A1	c1
0.0120852340107835	-0.622525922318465	0.075	0.117	1	MFSD8	c1
0.00928569804742372	-0.622414291765253	0.07	0.112	1	NRF1	c1
0.0325848216662087	-0.622197239143192	0.033	0.059	1	DHFR	c1
2.94480711843102e-05	-0.622167039150362	0.286	0.4	0.390010254765004	ARID5A	c1
0.00890246427355282	-0.621992973040524	0.043	0.079	1	LDAH	c1
0.358774971289822	0.62197415192688	0.013	0.008	1	AL132780.1	c1
0.00767395085307809	-0.621441412917574	0.091	0.138	1	ZNF92	c1
1.07434834425525e-05	-0.621233893038973	0.189	0.303	0.142286694713166	NUDT22	c1
0.000196953570934421	-0.621096854212202	0.235	0.335	1	BATF	c1
0.178949444567302	0.620944397785117	0.035	0.023	1	AC133644.2	c1
0.00610254657205665	-0.620541357001438	0.052	0.094	1	ZNHIT6	c1
0.2309615677633	-0.62048524003915	0.008	0.015	1	TFR2	c1
0.00864623798423471	-0.620115282727407	0.046	0.083	1	SLC43A1	c1
0.109634569245537	-0.620035703842991	0.033	0.052	1	ZNF614	c1
0.0374468521600315	0.619871475355009	0.064	0.038	1	ZBTB16	c1
0.585370050575255	0.619410466707608	0.022	0.018	1	ZNF778	c1
0.506893605522257	0.619377700848315	0.011	0.008	1	OAF	c1
0.166199434300306	-0.618986410344045	0.016	0.027	1	LCMT2	c1
0.000250394272317586	-0.618866003883078	0.402	0.482	1	NEAT1	c1
0.140579388504676	0.618546455118022	0.046	0.03	1	AL162377.1	c1
0.021090716948439	-0.618468663926749	0.07	0.106	1	CAMKMT	c1
0.525295613917834	-0.618457674566797	0.011	0.015	1	PWAR6	c1
0.0954177102296216	-0.618211477134405	0.041	0.062	1	AL450998.2	c1
0.0218046071118664	-0.618208855293262	0.087	0.127	1	NCOA5	c1
0.598773962470476	-0.618150200253548	0.016	0.02	1	XRCC3	c1
0.00284107679038699	-0.617484756012192	0.111	0.171	1	CASP7	c1
0.0674382742297725	0.61724827080189	0.132	0.103	1	C15orf39	c1
0.0245195717722182	-0.617152005885165	0.046	0.077	1	DHCR7	c1
0.0410092389462504	-0.616755713230059	0.029	0.052	1	ZSCAN32	c1
0.000206855921020755	-0.616417858334887	0.118	0.194	1	KDM5B	c1
2.65738081167802e-05	-0.616038254221158	0.205	0.308	0.351943514698637	H2AFJ	c1
0.00347392286069791	-0.616012132003241	0.11	0.17	1	SLAMF7	c1
4.09168415812368e-05	-0.615916543139554	0.203	0.308	0.5419026499019	NSD1	c1
0.157928224646472	-0.615889802023531	0.011	0.021	1	CPLANE2	c1
0.0032895462496525	0.615888706938137	0.181	0.124	1	GNPDA1	c1
0.00776085101961181	-0.615388167260087	0.04	0.076	1	THTPA	c1
0.0262375567219739	-0.615250077194187	0.03	0.056	1	WDYHV1	c1
0.00173111526807326	-0.615079418220015	0.094	0.155	1	CCDC93	c1
0.0149535799045289	-0.614750489608338	0.017	0.041	1	C15orf53	c1
0.0320174526870062	-0.614489259375402	0.052	0.083	1	MFN1	c1
0.00672275944812438	-0.614462912775616	0.081	0.13	1	IVD	c1
0.262867847082047	0.614338621566304	0.065	0.052	1	POLR3F	c1
0.0286174068287205	0.61428741760804	0.11	0.076	1	FAM241A	c1
0.00979641432670132	-0.614266223441243	0.091	0.138	1	RTL8A	c1
0.165635698260896	-0.614068274089748	0.021	0.033	1	RASA4B	c1
0.216073332363585	0.613959415095287	0.043	0.03	1	Z93930.2	c1
1.40973437646255e-06	-0.613890539848193	0.574	0.653	0.01867052208187	RGS1	c1
0.0328054580943825	0.613833621825111	0.083	0.053	1	DPEP2	c1
0.196890535212102	-0.613821297858265	0.019	0.03	1	PGAP1	c1
0.700663600577809	0.613620066238038	0.011	0.014	1	SCARB1	c1
0.218077332387747	-0.613185158954074	0.016	0.026	1	TPCN2	c1
2.62069785004422e-05	-0.612988355483783	0.161	0.261	0.347085223259856	RAMMET	c1
0.0289110381131672	0.612607451168075	0.105	0.071	1	DDX10	c1
0.479885151119594	0.612250105427016	0.027	0.021	1	SYNJ2BP	c1
0.403394057969949	0.612164914648079	0.016	0.011	1	AC010226.1	c1
0.0601379509673954	-0.611912017035738	0.046	0.071	1	STK38L	c1
0.400955001713836	0.611823542356759	0.035	0.027	1	TOR4A	c1
0.00803288308260781	-0.611762342239353	0.086	0.133	1	LRCH3	c1
0.164749667077697	0.611741677944618	0.016	0.008	1	CMC4	c1
0.00838670512056939	-0.61157439692869	0.051	0.089	1	CSTF3	c1
9.98643130660668e-16	-0.61135955392971	0.897	0.93	1.32260296224699e-11	FYB1	c1
0.109730128264443	0.611074010693557	0.03	0.017	1	PAIP2B	c1
0.00670516896955538	-0.610917365751221	0.051	0.091	1	NDUFAF6	c1
0.0132502181484606	-0.610630103211212	0.076	0.118	1	GPATCH2	c1
0.0380756437241679	0.610546964897336	0.111	0.079	1	UBQLN4	c1
0.00134020278944919	-0.610408872393641	0.418	0.482	1	TRBC1	c1
0.175021867158309	0.610373435130951	0.068	0.052	1	TANGO6	c1
0.00287252542573646	-0.609877926008672	0.094	0.152	1	MEMO1	c1
0.148700605344265	-0.609256708549241	0.035	0.052	1	STK11	c1
0.0874152173427189	-0.60887158878749	0.006	0.017	1	AC138150.1	c1
0.0287747319429357	-0.608627821795612	0.04	0.068	1	GMNN	c1
0.477879855732955	0.608572261256264	0.01	0.006	1	LKAAEAR1	c1
0.120021773059552	0.608307868487552	0.103	0.082	1	BCL2L12	c1
0.0167099396456941	-0.608058165837569	0.089	0.132	1	FBXO32	c1
0.130720655772853	0.607941795607559	0.006	0.015	1	GCNA	c1
0.101702848551359	0.607701713585395	0.037	0.021	1	AC091271.1	c1
0.153683557323697	-0.607398785966578	0.019	0.032	1	SLC25A30	c1
0.00035434021659596	-0.607362899982565	0.122	0.198	1	TSEN34	c1
0.195085457984033	-0.607328723044413	0.006	0.014	1	FGD2	c1
0.00360794241069649	0.607187375817303	0.196	0.141	1	F2R	c1
0.126450296786769	-0.607150373325268	0.025	0.041	1	ITGAV	c1
0.28401076328908	0.606827565764814	0.027	0.018	1	IFT122	c1
0.0332532537835258	-0.606731401940445	0.025	0.048	1	SLC25A14	c1
0.000918716110310909	-0.606610548732087	0.127	0.2	1	POLG	c1
0.00180855559779683	-0.605698043171555	0.121	0.183	1	MTX1	c1
0.0492473768939467	-0.605551155743401	0.049	0.076	1	PRH1	c1
0.00194818635971238	-0.605469767354688	0.141	0.208	1	DCTN6	c1
0.123270753083159	0.605229292977882	0.052	0.035	1	TRAV12-3	c1
0.15159702156621	0.604966499214344	0.038	0.024	1	KRTCAP3	c1
0.885874780364533	0.604949716353611	0.019	0.018	1	AC106739.1	c1
0.154203541653323	-0.604920709896482	0.005	0.012	1	FAM234B	c1
0.164753794897777	-0.604845311283436	0.025	0.039	1	ATP10A	c1
0.00657824344977713	-0.604766659211522	0.083	0.132	1	RDX	c1
0.0319291087007611	-0.604306461901725	0.054	0.085	1	ZNF669	c1
0.015555511320754	-0.604079011659365	0.035	0.065	1	XPO5	c1
0.327019847636991	-0.604025622840953	0.008	0.014	1	ZNF367	c1
0.49031897490051	-0.603849119071248	0.01	0.014	1	ADSSL1	c1
0.0354078804876096	-0.603823607796963	0.035	0.061	1	IPO11	c1
0.283207994073717	-0.603754080649435	0.006	0.012	1	CELSR2	c1
0.110271298589433	-0.603346483301303	0.038	0.058	1	TUBGCP4	c1
0.000633253704382571	-0.603154228097187	0.146	0.221	1	NCOA3	c1
0.582668949452211	0.602956122598913	0.021	0.017	1	ZNF417	c1
0.00580549975464621	-0.602802438574281	0.059	0.103	1	C1orf216	c1
0.0115666800226133	-0.602739928470664	0.011	0.032	1	MSC	c1
0.118605441426417	-0.602546148728871	0.024	0.039	1	AC004865.2	c1
0.0675811042859504	-0.602235935908568	0.024	0.042	1	PI4K2A	c1
0.014927161853927	0.60200934185628	0.145	0.103	1	RNF130	c1
0.498399293133379	0.601658787679483	0.048	0.041	1	MKS1	c1
0.0819817887259544	0.601598129287318	0.079	0.056	1	RHPN1	c1
0.312655030173342	0.601573150251085	0.032	0.023	1	ROBO3	c1
0.0289589281161016	-0.601553024106942	0.046	0.076	1	PAXBP1	c1
0.218819191948599	-0.600974647560738	0.027	0.039	1	TTC12	c1
0.106571150640575	-0.600448225987172	0.022	0.038	1	NDC80	c1
0.00127745006404896	-0.600428130509832	0.129	0.197	1	BEX2	c1
0.0741964884116664	-0.600422504324707	0.033	0.055	1	RHBDD3	c1
0.0124946878836204	-0.600128501691219	0.07	0.111	1	CENPK	c1
0.00131100154540717	-0.599990256123371	0.121	0.189	1	NADSYN1	c1
0.211316966521881	0.599880119099746	0.019	0.011	1	UBTD2	c1
4.29067562021094e-05	-0.599831129864071	0.219	0.324	0.568257079140736	IRF7	c1
4.85280289523991e-06	-0.599700187515545	0.456	0.553	0.0642705215445574	SIRPG	c1
0.0344100921503778	-0.599621490485251	0.019	0.039	1	PRKACA	c1
0.00165148659983883	-0.599553375543846	0.141	0.214	1	TATDN1	c1
0.0420713256204605	-0.59949153737342	0.033	0.058	1	ST3GAL3	c1
0.219433452373915	-0.599489405966278	0.016	0.026	1	CNTROB	c1
0.112871212080397	-0.599297828838631	0.052	0.074	1	AKT1	c1
0.432847784777849	-0.59918027318829	0.021	0.027	1	STXBP5	c1
0.000192836323220896	-0.598736831302714	0.176	0.267	1	PPM1M	c1
0.000303945563676862	-0.598697335225755	0.175	0.259	1	APBB1	c1
0.345355641972961	-0.598507629270776	0.014	0.021	1	SWAP70	c1
0.0178894261537053	-0.59833622041829	0.302	0.352	1	GBP5	c1
0.324561907287499	0.598147396114757	0.011	0.006	1	SYT5	c1
0.0297019075958454	0.598137068527541	0.167	0.129	1	SNX10	c1
0.102147859037443	-0.597997361256741	0.017	0.032	1	MIEF2	c1
0.00455471387476411	-0.597386494105251	0.086	0.138	1	NCBP1	c1
0.402633631303066	-0.597309514284895	0.027	0.035	1	STARD10	c1
0.000783554727493771	-0.597191510524848	0.162	0.238	1	C22orf39	c1
0.491621322059718	0.597034582946049	0.03	0.024	1	RNLS	c1
0.0649392166138442	-0.59701603329712	0.045	0.068	1	KCTD6	c1
0.000441361883831867	-0.596953541426059	0.092	0.161	1	BTAF1	c1
0.597231811232247	0.59693773691282	0.03	0.026	1	S1PR2	c1
0.112516110618625	-0.596931655868012	0.011	0.023	1	KBTBD8	c1
0.243357565710031	-0.596875430416659	0.013	0.021	1	MFSD13A	c1
0.0276004326160687	-0.596873929921867	0.072	0.106	1	EIF5A2	c1
0.464577355106963	-0.596838505200064	0.024	0.03	1	ZXDB	c1
0.0925211376797649	0.596749621188308	0.035	0.02	1	CENPL	c1
0.00304644945508397	0.59651885298017	0.242	0.182	1	LRRN3	c1
0.0256251157589243	0.596497090553247	0.132	0.094	1	TMEM39A	c1
0.0432558434176303	0.596423451293281	0.135	0.102	1	CGAS	c1
0.0127330282878177	-0.596243807751252	0.064	0.103	1	L3MBTL2	c1
0.181808496670915	0.595831331902785	0.024	0.014	1	ARAP3	c1
2.59660813403226e-05	0.595793569681994	0.321	0.223	0.343894781271233	PBX4	c1
0.14677160743851	-0.595593382330089	0.014	0.026	1	DNAJC25	c1
0.00571119450282675	-0.595377524360125	0.062	0.106	1	C8orf33	c1
0.00433064715915096	-0.595255666756757	0.111	0.167	1	LMBR1	c1
0.409410240969815	-0.594779678839982	0.006	0.011	1	AL451085.2	c1
1.05666786570148e-05	-0.594718068870132	0.517	0.624	0.139945092133503	FCMR	c1
0.192415947048839	-0.594656576993622	0.006	0.014	1	NAP1L3	c1
0.00202411927065328	-0.594629780282713	0.081	0.136	1	CLPX	c1
0.0263343632329917	-0.594544130745123	0.04	0.068	1	PBX3	c1
0.0935346421525512	0.594534078629235	0.045	0.027	1	MFSD4B	c1
0.00176407521302466	-0.594446085036016	0.151	0.223	1	UBN1	c1
7.63408850366645e-06	-0.594367803960544	0.369	0.483	0.101105868142558	TGFBR2	c1
0.0917089080371535	-0.594314970345096	0.035	0.055	1	RFC5	c1
0.0209317369957724	-0.594137527825878	0.076	0.115	1	NT5C2	c1
0.0492183213341838	-0.593822266208597	0.032	0.055	1	TCF3	c1
0.00175206529995026	-0.593600985557964	0.113	0.177	1	UBR1	c1
0.0154453665790981	0.593563904336964	0.172	0.13	1	LTBP4	c1
0.000732904364158249	-0.593494915757297	0.456	0.503	1	IDH2	c1
0.0158605546450828	0.593401746986134	0.165	0.123	1	ERO1A	c1
0.080426274617822	-0.593396683310994	0.043	0.065	1	LINC02361	c1
0.0984555183116465	-0.59337415899805	0.056	0.079	1	PKNOX1	c1
0.0209549317387366	-0.593319199416746	0.043	0.074	1	RAD51D	c1
0.118278334396383	-0.593285224732764	0.035	0.053	1	LCORL	c1
0.203143757806058	-0.593240440366112	0.062	0.08	1	TSPAN32	c1
0.502416494813593	0.593185237994049	0.033	0.027	1	CLYBL	c1
0.136681284499579	-0.593004501706313	0.072	0.094	1	TIMM21	c1
0.00300698285550073	-0.59294510770602	0.091	0.147	1	CEP95	c1
0.289671354341064	-0.592885479871216	0.016	0.024	1	OTUD1	c1
3.05466225303401e-05	0.592810240540676	0.41	0.321	0.404559468791824	PPP1R10	c1
0.844275759182061	-0.592807885474133	0.029	0.03	1	TCAF2C	c1
0.266103830088627	-0.592708119084322	0.01	0.017	1	MMP23B	c1
0.0412496543196162	-0.592694644285539	0.095	0.132	1	GADD45A	c1
0.095640237786754	0.592629338133153	0.203	0.179	1	ZC3H12A	c1
5.31567685420924e-06	-0.592598129718069	0.243	0.368	0.0704008242571472	CSNK1D	c1
7.65709346123976e-05	-0.592508285937032	0.156	0.25	1	PPP6R1	c1
6.25649867657713e-07	-0.592493096002057	0.394	0.521	0.00828610684725875	ELOVL5	c1
0.01132762667237	-0.592368756240358	0.099	0.145	1	WBP4	c1
0.52578974145661	-0.592345700202174	0.011	0.015	1	AL118506.1	c1
0.0131730030720122	-0.592092410364997	0.045	0.079	1	NUP43	c1
0.0296653918506654	-0.592035063127421	0.051	0.082	1	RBSN	c1
0.127222675802782	-0.591618057095419	0.052	0.073	1	RMND5B	c1
0.0647677169821486	-0.591588441645921	0.019	0.036	1	HIC2	c1
0.000996069992635893	-0.591322377178505	0.116	0.185	1	BRAT1	c1
0.0297514329364762	-0.591293665018538	0.092	0.129	1	RIC1	c1
0.0474704168532767	-0.591160229937272	0.076	0.109	1	ABI2	c1
0.108118968200698	-0.591042106828559	0.014	0.027	1	RMRP	c1
0.182797654545547	0.590775030234839	0.068	0.052	1	CEP83	c1
0.0435903388375178	-0.590689975443103	0.054	0.083	1	ZNF260	c1
0.00206530906785736	0.590625559280274	0.515	0.47	1	NFKBIZ	c1
0.00890447483576124	-0.590234913727369	0.081	0.127	1	FBXO28	c1
0.0985110480048461	-0.589897652684761	0.043	0.064	1	ATAD3B	c1
0.00162174590723222	-0.589831701758083	0.107	0.171	1	RNF6	c1
0.125973298282351	-0.589768773597156	0.025	0.041	1	RLN2	c1
0.00447684887576588	-0.589742666650282	0.081	0.133	1	MAN1A1	c1
0.709124180161799	-0.589466933567837	0.013	0.015	1	MORN1	c1
1.1095119299311e-07	-0.589421166810193	0.865	0.879	0.00146943760000075	RARRES3	c1
1.64017088745292e-17	-0.589212374779662	0.779	0.868	2.17224232334264e-13	STK17A	c1
0.0118884546330781	0.588713807426143	0.162	0.118	1	SMAD3	c1
0.350593622624726	0.58853369221173	0.045	0.035	1	PDXP	c1
0.0419975992006828	0.588267606847388	0.146	0.114	1	CERS4	c1
0.0190611953236763	-0.587511282982984	0.081	0.121	1	ZC3H3	c1
0.303925646994879	-0.587174620377218	0.024	0.033	1	RTTN	c1
0.00022634784996965	-0.58714108871216	0.167	0.256	1	TBL1XR1	c1
0.0706490705908288	-0.586891957748603	0.035	0.056	1	EFNA4	c1
0.489305869690292	-0.586768797213915	0.01	0.014	1	USP51	c1
0.0148406184366898	0.586609631215007	0.129	0.088	1	SAMD3	c1
0.723046669936634	0.586536197721244	0.032	0.029	1	AL138724.1	c1
0.14987735606906	-0.58620556090851	0.014	0.026	1	SPOPL	c1
0.23880337130826	-0.586021115887234	0.037	0.05	1	WDR76	c1
0.07969353456428	-0.585767513429206	0.011	0.024	1	ZNF555	c1
0.00216890319827639	-0.585732662629769	0.111	0.171	1	RASA3	c1
0.0441363439666451	0.585663327107458	0.126	0.094	1	EPOR	c1
7.00772833413551e-08	-0.585317028746403	0.458	0.591	0.000928103540572907	DCXR	c1
0.049151051306277	-0.585166504990944	0.048	0.074	1	RFWD3	c1
0.076451427930741	-0.58508196367102	0.052	0.077	1	SGPP1	c1
0.000444753888638615	-0.585021502361054	0.138	0.218	1	NIPA2	c1
0.869565211200781	0.584882124593219	0.024	0.023	1	FBXO45	c1
0.0365995789611467	-0.584706545917573	0.196	0.233	1	SPINT2	c1
0.098370263763701	0.584531816111642	0.07	0.048	1	BTBD11	c1
0.143553253232344	-0.584271464570728	0.029	0.044	1	MTHFSD	c1
0.0163572022556197	-0.584068574977456	0.07	0.109	1	SNX29	c1
0.229609459180054	-0.583769888582987	0.049	0.065	1	RBMXL1	c1
0.0468240515423701	-0.583215967818706	0.051	0.079	1	SLC35B4	c1
0.939385481051937	-0.582977532640673	0.01	0.009	1	GVQW3	c1
0.50570352137725	0.582695422518041	0.041	0.035	1	F8A3	c1
1.73054203393214e-08	-0.582633536111748	0.426	0.568	0.000229192986973972	PRDX6	c1
0.262816684130189	-0.582485027079452	0.014	0.023	1	ZNF665	c1
0.024002529203736	-0.582331406652508	0.087	0.129	1	ZNF226	c1
0.029701983725218	-0.582287651914865	0.041	0.07	1	TAF4B	c1
0.032919714956375	-0.582233413429001	0.033	0.059	1	ATPAF2	c1
0.00109312694138496	-0.581914672873258	0.143	0.217	1	PRDM2	c1
0.0268388257072662	-0.581840977702218	0.048	0.079	1	CHP1	c1
0.455138343728589	-0.581772244671631	0.008	0.012	1	ZKSCAN2	c1
0.183745169912863	0.581454003044628	0.097	0.079	1	NHEJ1	c1
0.331007233130101	0.581338381476691	0.122	0.111	1	GAB3	c1
0.181181747372066	0.581086802664517	0.024	0.014	1	AL138963.3	c1
0.0149310406914152	0.581074428390892	0.13	0.088	1	PATJ	c1
0.0213162872515155	-0.581040261811236	0.064	0.1	1	MTHFD1	c1
0.528394454430291	-0.580931699542928	0.019	0.024	1	TENT5A	c1
0.0694029175405421	0.580826463738922	0.111	0.085	1	RHBDF2	c1
0.0955669375711498	-0.580620206218962	0.054	0.077	1	RANBP9	c1
0.697988316804757	0.580537890775357	0.01	0.008	1	AC034231.1	c1
0.0159436488876794	-0.580301215866174	0.048	0.082	1	TM7SF2	c1
0.011359200199874	-0.580120678947226	0.094	0.141	1	TBC1D23	c1
0.0848138739465919	-0.580045219439177	0.059	0.083	1	CYB561D1	c1
0.0138469627329774	-0.579666818854903	0.07	0.111	1	MRS2	c1
0.266103830088627	-0.579462969983934	0.01	0.017	1	ZP3	c1
0.0412267928252798	-0.579422982390478	0.06	0.091	1	AEN	c1
0.00475521096185906	0.579402898989169	0.202	0.147	1	AC026979.2	c1
0.0181922761388477	0.579367129611694	0.188	0.145	1	IER5	c1
0.50344326645186	0.579002156491091	0.011	0.008	1	GOLGA7B	c1
3.47893220804662e-05	-0.578789963060779	0.251	0.362	0.460749781633694	SSH2	c1
0.0206506765256277	-0.57828578097089	0.181	0.23	1	ZNF831	c1
0.0952918029744593	-0.578209544340891	0.013	0.026	1	PPM1N	c1
0.166534798073562	-0.577991569010102	0.038	0.055	1	DGAT1	c1
0.270413001663805	-0.577927604417986	0.027	0.038	1	HIST1H2AG	c1
0.397631011702387	-0.577840693906827	0.011	0.017	1	AC096677.1	c1
0.502638306046884	-0.577798404632562	0.017	0.023	1	PHF7	c1
0.0128796765125562	-0.576945586994816	0.057	0.095	1	GXYLT1	c1
0.170076182840719	0.576780253434147	0.045	0.03	1	SLC19A1	c1
0.0716679116636006	-0.576686830779506	0.056	0.082	1	ZNF322	c1
0.00783605252671324	-0.576031837828141	0.1	0.152	1	B3GALT4	c1
0.00272073642865498	0.575983027103475	0.203	0.144	1	KLF10	c1
0.295232162177084	0.575975079725683	0.051	0.039	1	HDAC4	c1
0.504144609682618	0.575502133380158	0.038	0.032	1	AC021188.1	c1
0.145711682913339	0.57539272057919	0.049	0.033	1	GIN1	c1
0.0254819567072652	-0.575314851621429	0.07	0.106	1	IFT43	c1
0.0763114874725945	-0.575216018972183	0.03	0.05	1	MTSS1	c1
0.284420865734284	-0.575183721188249	0.006	0.012	1	BUB1	c1
0.000730708424450423	-0.574799833846919	0.102	0.17	1	MUS81	c1
0.0723797060724509	-0.574617177765576	0.045	0.068	1	ZNF621	c1
0.0415673086951962	-0.574509832259775	0.038	0.064	1	NAPA-AS1	c1
0.0894843039295402	-0.574208057237175	0.04	0.061	1	AREL1	c1
0.00621239641887142	-0.574024865064943	0.084	0.133	1	HMGXB3	c1
0.00792772032519128	-0.573973112701574	0.087	0.135	1	SELENOO	c1
0.000461701354823782	-0.573599693430399	0.124	0.2	1	KDM6A	c1
0.15420581572354	0.573537704782459	0.052	0.036	1	C1orf159	c1
0.188450052683974	0.573519499086284	0.025	0.015	1	RASD1	c1
0.0228998175844437	0.573319797731271	0.219	0.179	1	TSC22D2	c1
0.00499738693683868	-0.573247034463719	0.116	0.174	1	GPR132	c1
0.00544730361761773	-0.572768307101297	0.048	0.088	1	RABEP2	c1
0.00549447992818949	-0.572281329046783	0.132	0.192	1	YTHDC2	c1
0.234402674495565	-0.57167981770408	0.029	0.041	1	CEP162	c1
0.0509998944538908	-0.571363482520535	0.045	0.071	1	NXT2	c1
0.219966840890296	0.571086176979458	0.072	0.056	1	TMED8	c1
0.000225094001854718	-0.570455121119917	0.134	0.215	1	PHKG2	c1
0.00427689473338892	-0.570431238440364	0.064	0.111	1	SPTSSA	c1
0.0809498526364871	0.570300124691195	0.078	0.055	1	MTAP	c1
0.0474872276509915	-0.570262435262211	0.016	0.033	1	NCKAP5L	c1
0.709627152045187	0.570023881141971	0.011	0.009	1	ANKRD6	c1
0.00844077235462172	-0.569825911747964	0.057	0.098	1	GPATCH3	c1
0.126036114468039	0.569793809057344	0.1	0.077	1	HIRIP3	c1
0.0679371130762454	-0.569607614565558	0.029	0.048	1	ACOT4	c1
0.00197640950332694	-0.56917978429658	0.083	0.139	1	STAMBPL1	c1
0.000122219818187109	-0.569099248944873	0.196	0.297	1	PRKD2	c1
0.930912118459167	0.569041281280436	0.016	0.017	1	AL445524.1	c1
0.00499890709538547	-0.568655568196337	0.062	0.108	1	PTPRN2	c1
0.71904328820506	0.568255284017606	0.027	0.024	1	ZNF587	c1
0.0046311183627531	-0.568230025926109	0.084	0.136	1	LMNB1	c1
0.0414355462719115	0.567857218468289	0.243	0.208	1	ANKRD37	c1
0.0112797442604089	-0.567813698263012	0.052	0.091	1	SPIN2B	c1
0.000407502336769615	-0.567803005788404	0.145	0.227	1	PRKCB	c1
0.0246582024343466	-0.567593730250957	0.062	0.097	1	TFDP2	c1
0.438852828095982	0.567490363305404	0.019	0.014	1	HIST2H2BF	c1
0.056419907866884	-0.567404890838523	0.045	0.07	1	TCF20	c1
0.155145603128998	-0.567354309413426	0.119	0.147	1	RHOB	c1
0.844291376258996	0.567056748835367	0.029	0.027	1	SS18L1	c1
0.283180545688935	0.566873458792597	0.01	0.005	1	LRRC75A	c1
0.0131221920324512	-0.5668498302915	0.089	0.135	1	APC	c1
0.432401846758336	0.566506536082157	0.046	0.038	1	STX3	c1
0.356973592003999	0.566462660642609	0.024	0.017	1	FITM2	c1
0.0238093456388555	-0.566409862895801	0.079	0.118	1	ZNF141	c1
0.00817213980543116	-0.566224444572162	0.138	0.194	1	RFFL	c1
0.310010991690956	0.565949595372418	0.03	0.021	1	AC020765.2	c1
0.0915518266243198	-0.565746329045215	0.04	0.061	1	SAMD10	c1
0.164077193160805	0.565745102448195	0.022	0.012	1	ANK1	c1
0.0384466420274047	-0.565525274663262	0.137	0.177	1	LSR	c1
0.242737705099502	0.565459583480889	0.056	0.042	1	PLA2G6	c1
0.0251185043468388	-0.565324277215066	0.099	0.141	1	PIGX	c1
0.0165503957106615	-0.565299124271379	0.067	0.106	1	RBM19	c1
0.439660563850176	0.565067382366473	0.019	0.014	1	NPTXR	c1
0.2155990856256	0.564999002793486	0.029	0.018	1	TCEANC	c1
0.0568572061640161	-0.564959955113644	0.07	0.1	1	DNAJC24	c1
0.0259361779574107	-0.564924715426418	0.087	0.127	1	MARF1	c1
0.00897016064047086	0.564506563372617	0.167	0.121	1	SGSM3	c1
0.219940295636057	-0.564506209333227	0.035	0.048	1	NOL4L	c1
3.1717407402097e-05	-0.563815116050629	0.369	0.477	0.420065343633372	LSM2	c1
0.544964567124846	0.563805456000791	0.014	0.011	1	C5orf34	c1
0.475439426110735	0.563747627018525	0.01	0.006	1	AC073934.1	c1
0.565943259322834	0.563442398728854	0.062	0.056	1	TMEM135	c1
2.53193160492657e-06	-0.56335391880201	0.415	0.55	0.0335329021756475	GCC2	c1
0.712506569934467	0.562961754645404	0.027	0.024	1	DENND5A	c1
0.173625703202646	0.562915947582873	0.06	0.044	1	FN3K	c1
0.0141526904710927	-0.562699337746202	0.129	0.18	1	BAK1	c1
0.00397400468351921	-0.562131188637477	0.13	0.192	1	PAFAH1B3	c1
0.0039269193637148	-0.561969683360545	0.06	0.108	1	TPMT	c1
0.0420956540544445	-0.561660275135582	0.087	0.123	1	HAUS3	c1
0.0314325000428597	-0.561601951024477	0.052	0.083	1	BISPR	c1
0.00701324387544029	-0.561368835055841	0.102	0.153	1	MAP2K6	c1
0.0101908411049496	0.561211194068995	0.275	0.227	1	DNAAF2	c1
2.48558534899752e-10	-0.561191073931558	0.502	0.655	3.29190923621231e-06	CSK	c1
0.257130282547487	-0.561076156146264	0.019	0.029	1	CFD	c1
0.00876903741886336	-0.561016872717395	0.149	0.209	1	ATP11B	c1
0.0457291125739578	0.560952268631751	0.052	0.03	1	POLI	c1
0.284112752939895	0.560890713810814	0.01	0.005	1	ZSCAN20	c1
0.0080916335399492	0.56081337042093	0.223	0.17	1	LINC00623	c1
0.724857380011995	0.560748761739475	0.025	0.023	1	TRIP6	c1
0.0254299707904943	-0.560584975650279	0.079	0.118	1	MAP1LC3A	c1
0.0622748694807252	-0.560349561374074	0.043	0.067	1	TPK1	c1
0.412082646769936	-0.560332261392121	0.006	0.011	1	SPDYA	c1
0.231904215112264	-0.560327418041825	0.008	0.015	1	PSPH	c1
0.000265246838343364	-0.560314175118232	0.181	0.271	1	VPS26B	c1
0.00449564240822782	-0.560224147233959	0.107	0.164	1	GNL2	c1
0.0258273799219862	-0.559926726409191	0.075	0.112	1	UTP11	c1
0.00773832877287371	-0.559811507091528	0.108	0.159	1	CWF19L2	c1
0.261472112127006	-0.559747782174335	0.033	0.045	1	SLX1B	c1
0.00485858386948166	-0.559702254777585	0.102	0.158	1	ATE1	c1
0.000521144591240371	-0.559471941516783	0.087	0.155	1	SBF1	c1
0.0105306707637809	-0.559391086379586	0.097	0.145	1	CIAPIN1	c1
0.00293628891955066	-0.559360386410513	0.067	0.117	1	ADPRM	c1
0.18784119764543	-0.55930153732803	0.029	0.042	1	HEATR3	c1
0.151489151022481	0.558944524988541	0.084	0.065	1	IER3	c1
0.0265276564936665	0.558919950739949	0.176	0.136	1	HSD17B8	c1
0.529281222332301	0.558863701648049	0.013	0.009	1	TNS4	c1
0.0222006138077524	-0.558710471842908	0.035	0.064	1	ZADH2	c1
0.094195738373105	0.558667553166616	0.068	0.047	1	NUFIP1	c1
0.0129664818377813	-0.55855534335161	0.072	0.114	1	NDUFAF7	c1
0.529281222332301	0.558534212345005	0.013	0.009	1	GAS2L1	c1
0.272585229199024	0.558335776603423	0.04	0.029	1	C11orf21	c1
0.685721555763069	0.558085713241324	0.038	0.044	1	SLC35D2	c1
0.075206473848068	-0.557859614508118	0.035	0.056	1	DHX37	c1
0.869175981911636	0.557737977712564	0.068	0.067	1	TRAV8-6	c1
0.00730081055736207	-0.557730378568392	0.051	0.091	1	KDM4B	c1
0.0791153393374928	-0.557377583654169	0.065	0.092	1	AMMECR1	c1
0.0914184727331791	0.557215199465722	0.119	0.092	1	RRP15	c1
0.159094373308498	0.557167475606875	0.075	0.056	1	TTLL1	c1
0.107780593057846	-0.55699030664854	0.022	0.038	1	FAM185A	c1
0.0107744417700473	-0.556775675855054	0.66	0.612	1	CST7	c1
0.131174351607889	-0.55665088710912	0.052	0.073	1	METTL25	c1
2.85256216553621e-05	-0.556509991597351	0.146	0.25	0.377793333203615	TMED3	c1
0.00164374281598554	-0.55634040090038	0.092	0.155	1	ZNF766	c1
0.894744061721422	0.556317706703148	0.03	0.032	1	TRAV2	c1
6.49700891108454e-05	0.55624503802019	0.343	0.247	0.860463860184036	SORL1	c1
5.95501591777293e-05	-0.55584373297843	0.234	0.348	0.788682308149847	ARIH2	c1
0.0267705917018979	0.555833404060238	0.083	0.052	1	LINC00243	c1
0.487037780631719	-0.555516050893605	0.025	0.032	1	JMJD7	c1
0.280859101883721	0.555477551050116	0.01	0.005	1	MPZ	c1
0.4971474482743	0.55543452858923	0.032	0.026	1	GKAP1	c1
0.0669182863089493	-0.555276544471285	0.049	0.074	1	LY75	c1
0.112867531490834	-0.555202489941392	0.078	0.103	1	ZNF567	c1
0.0855299384667387	-0.554856942169517	0.019	0.035	1	SUSD1	c1
0.00183915614178971	0.554648382135689	0.262	0.194	1	MYLIP	c1
0.023719609599018	-0.554486792087785	0.097	0.138	1	DIS3	c1
0.371205328246433	-0.554438831895403	0.016	0.023	1	RASL11A	c1
0.000157848244878761	-0.554430018533614	0.2	0.297	1	LSM1	c1
0.00206931822507909	0.554196990129509	0.186	0.126	1	LGALS3BP	c1
0.162370945981158	0.553905462552705	0.095	0.076	1	ECPAS	c1
0.00958675606573119	-0.553743530023195	0.064	0.106	1	ZBTB17	c1
0.0010615243803792	-0.553344607634533	0.28	0.368	1	NGRN	c1
0.311799772667859	0.553302793265407	0.019	0.012	1	ATP6V0A1	c1
0.000245541690046123	-0.553222097858082	0.154	0.245	1	AK3	c1
0.357417740430196	0.552892373927828	0.013	0.008	1	MARCH10	c1
0.179116853404145	-0.552875328296982	0.022	0.035	1	MOCS3	c1
0.0341592918843677	-0.552405796550605	0.022	0.044	1	AC015982.1	c1
0.530920018348239	0.552324034258872	0.013	0.009	1	NCKAP1	c1
0.0677981241453323	-0.552196756202702	0.024	0.042	1	AHDC1	c1
0.726442887366941	0.551949655708674	0.017	0.015	1	SNED1	c1
5.86943580096482e-09	-0.551825810912658	0.59	0.692	7.77348077479781e-05	C9orf16	c1
0.000739101674745319	-0.551814704713053	0.151	0.229	1	RRN3	c1
0.00977154868712795	-0.551741637050794	0.132	0.186	1	ASPSCR1	c1
1.00211837503085e-05	-0.551702815452028	0.156	0.262	0.132720557589086	IFNG	c1
0.607461175486522	0.551604263947297	0.03	0.026	1	AC092683.1	c1
0.433178748382673	-0.55126574220548	0.021	0.027	1	ARL10	c1
8.86554802399238e-05	-0.551128541605094	0.223	0.329	1	RAB24	c1
0.00288854411114057	-0.551049522173795	0.094	0.152	1	NTAN1	c1
0.000124265175975504	0.551012031601754	0.399	0.315	1	GLO1	c1
0.0801848471274205	-0.550735515566138	0.052	0.077	1	GCNT1	c1
0.285904830078552	-0.550666039134723	0.029	0.039	1	SMURF1	c1
0.44098628389635	0.550617926415248	0.052	0.044	1	AC109826.1	c1
0.0130510303165738	-0.550561296386113	0.076	0.12	1	AUH	c1
0.144277236264713	-0.550502569654697	0.056	0.076	1	HECTD3	c1
3.62431221641271e-07	-0.550348785626484	0.351	0.497	0.00480003909941699	SYF2	c1
0.000559413484611306	-0.550222135061767	0.153	0.233	1	MDM4	c1
2.6816433524292e-05	-0.550118727783425	0.266	0.391	0.355156845595723	NT5C	c1
0.00706845260421733	-0.550092107325993	0.07	0.115	1	MFN2	c1
0.491956262116738	0.5500506134477	0.03	0.024	1	ZSCAN29	c1
0.0356632295344001	-0.549858268536191	0.073	0.108	1	MRE11	c1
0.0131573830013908	0.549837490092432	0.083	0.048	1	TMEM238	c1
0.304743782624789	0.549835219304328	0.076	0.064	1	ACP6	c1
0.00018974032300446	-0.54954991637446	0.355	0.447	1	GRAP2	c1
0.602719090855712	-0.549441200137721	0.029	0.033	1	LINC01678	c1
0.714836434358925	0.549218172670283	0.03	0.027	1	SNHG10	c1
0.000388253494377567	-0.54889856275987	0.18	0.271	1	CDV3	c1
0.00511561967587587	-0.548686538288623	0.207	0.267	1	LINC00861	c1
0.00241751117477	-0.54856834087093	0.108	0.17	1	TP53RK	c1
0.0751304483704504	-0.548544105080894	0.065	0.092	1	NPRL3	c1
0.0574157494641276	-0.548309432395337	0.035	0.058	1	ZNF691	c1
0.0449533483983865	-0.548155544304419	0.03	0.053	1	SFXN2	c1
0.0730406212462907	-0.54788865873171	0.072	0.1	1	SCO2	c1
2.35640936567736e-05	-0.547648862036354	0.196	0.309	0.31208285639031	OVCA2	c1
0.0940783605588233	-0.547622825725447	0.033	0.053	1	AP001816.1	c1
0.00408574530375565	-0.547539538887764	0.146	0.209	1	DDHD1	c1
0.000672168412789075	-0.547539064819061	0.132	0.209	1	STK16	c1
0.384350965595914	0.547215508205127	0.014	0.009	1	CES4A	c1
0.00128075822954739	-0.547153698582402	0.091	0.153	1	ZNF414	c1
0.00108283518938047	-0.547136538582851	0.157	0.233	1	KIF22	c1
0.129017232505987	-0.546991415978933	0.054	0.076	1	MTMR4	c1
0.00055530411706536	-0.546988402151585	0.199	0.283	1	ZNF655	c1
0.126434822192488	-0.546950833287203	0.043	0.062	1	HSPBAP1	c1
0.327431542136351	-0.546892934362509	0.008	0.014	1	NT5DC3	c1
0.296919956424467	-0.546871105874288	0.011	0.018	1	ZNF343	c1
0.000937179961499018	-0.546742847780583	0.141	0.217	1	NMRAL1	c1
0.0351268918769313	-0.546731453248266	0.035	0.061	1	RYBP	c1
0.0490506808688733	-0.546657882748744	0.041	0.067	1	UTP15	c1
0.0538134355271048	-0.54651190899967	0.021	0.039	1	CEP76	c1
0.07191598061979	-0.546109952336357	0.046	0.07	1	DPH2	c1
0.422650015356388	0.545959862140022	0.067	0.058	1	CTSO	c1
0.145110191832455	0.545639410215506	0.049	0.033	1	TAF5	c1
0.195337076986732	0.545639254825367	0.122	0.105	1	NME1	c1
0.0183970860672749	-0.545531395775437	0.065	0.103	1	MED13	c1
0.042881201498166	-0.544770085023877	0.065	0.097	1	KCTD7	c1
0.0226635409463879	-0.544717373302651	0.086	0.126	1	MFSD6	c1
0.159362707861373	-0.54470389967444	0.03	0.045	1	TYW5	c1
4.3666126135829e-05	0.544583049139107	0.39	0.302	0.578314174542919	LIX1L	c1
0.347434973906456	0.544570726958459	0.043	0.033	1	WDR91	c1
0.0251337479544014	-0.544544990673609	0.019	0.041	1	PCTP	c1
0.988126435892631	0.543942458008549	0.03	0.03	1	TRAV20	c1
0.104970020168457	-0.543906203497417	0.043	0.064	1	ZDHHC21	c1
0.505742113439365	0.543859231814693	0.011	0.008	1	TMEM220	c1
0.081790607123128	-0.543721142386872	0.037	0.058	1	TRIM68	c1
0.0005385832784185	-0.543623597721192	0.188	0.277	1	HDAC7	c1
0.275908001352094	-0.543619597366155	0.035	0.047	1	SLC7A1	c1
0.000171939581655846	-0.543563367556889	0.141	0.23	1	CREBZF	c1
0.0652533482792525	-0.543471580011669	0.062	0.089	1	C11orf54	c1
0.0955918977710701	-0.543201063335104	0.051	0.074	1	SPPL2B	c1
0.201339507446089	0.543180813825889	0.086	0.068	1	PAK1IP1	c1
5.82540486859214e-07	-0.542934868961666	0.437	0.565	0.00771516620796344	SCAND1	c1
0.00035828091210558	-0.542759145917672	0.205	0.294	1	MTHFD2	c1
0.807965170071349	0.542705774302685	0.041	0.039	1	AC147067.1	c1
3.79202376141336e-06	-0.542024940137598	0.194	0.324	0.0502215626961586	SYAP1	c1
0.373237925742543	-0.541748048444291	0.04	0.05	1	ODR4	c1
0.0144265818763802	-0.541549489574289	0.059	0.097	1	ESS2	c1
0.00120591047640493	-0.541485970643722	0.167	0.247	1	ETNK1	c1
2.56107972099187e-05	0.54140457292281	0.38	0.28	0.339189398248163	KCNA3	c1
0.182945354747164	-0.541274255379717	0.017	0.029	1	CCDC120	c1
0.521438572272243	-0.541029349978019	0.019	0.024	1	MORC4	c1
0.235435598272414	-0.540955249611531	0.005	0.011	1	PCSK4	c1
0.000100033897301538	-0.540741488906368	0.215	0.321	1	GMIP	c1
0.0158453330763139	-0.540635215839181	0.11	0.156	1	MTMR6	c1
0.0119867531821315	-0.540601529778497	0.038	0.071	1	SPATC1L	c1
0.0198011904258475	-0.540507076920718	0.099	0.144	1	PLEKHM1	c1
0.101802615361301	-0.540249694414132	0.03	0.048	1	HSPA14	c1
3.92159800538376e-05	-0.540133814838959	0.203	0.317	0.519376439833025	STARD7	c1
0.0794660856814787	-0.540126407852098	0.041	0.064	1	DNASE1L1	c1
0.0133739602480966	-0.540126389510531	0.079	0.123	1	CLECL1	c1
0.00525138774403419	-0.539926647136106	0.126	0.185	1	MON2	c1
0.0523337722502529	-0.539865314719822	0.024	0.044	1	PARL	c1
0.138016990446796	0.539585908230635	0.129	0.108	1	RANGAP1	c1
0.0176464534880403	-0.539431967102677	0.097	0.141	1	RNF38	c1
0.00388999701878332	-0.539190147240081	0.151	0.218	1	ETF1	c1
0.180451683105889	-0.539185803023083	0.079	0.1	1	MRNIP	c1
3.9164436300264e-05	0.539087333060333	0.444	0.356	0.518693794360697	DNAJB9	c1
0.0333287503098585	-0.539021481239292	0.052	0.083	1	PURB	c1
0.0126164543880955	-0.538947156765557	0.127	0.177	1	MUC20-OT1	c1
0.742453324166753	-0.538294068381168	0.016	0.018	1	NBPF9	c1
0.00422545812468468	-0.538243428406898	0.129	0.191	1	SLC52A2	c1
4.34242731016603e-05	0.538116572987992	0.329	0.232	0.575111072958388	SESN1	c1
6.75627332207311e-10	-0.538056802132519	0.812	0.838	8.94800838775362e-06	LAT	c1
0.0653252994442617	-0.537935191171743	0.07	0.098	1	MIATNB	c1
0.116785580683623	-0.537237364442303	0.029	0.045	1	MXRA7	c1
0.181450913113717	-0.537055256016736	0.013	0.023	1	LRP5L	c1
0.000118525808722808	-0.536831479887344	0.227	0.329	1	BIRC6	c1
0.00822676183943865	-0.536600862400417	0.06	0.103	1	SYNJ1	c1
0.165836953963436	-0.53638984449983	0.016	0.027	1	PFAS	c1
0.010192146508636	-0.536319457839854	0.118	0.168	1	NINJ1	c1
6.8187585442551e-06	0.53604977589471	0.736	0.682	0.0903076381601146	IER2	c1
0.00737674266660012	-0.535915394722528	0.105	0.158	1	ATG4D	c1
0.00198769136422655	-0.535277119899626	0.156	0.229	1	IWS1	c1
0.212925777723594	0.535087819990054	0.064	0.048	1	RNF123	c1
0.413362427635351	0.534993255196365	0.035	0.027	1	FADS3	c1
0.101247409097481	-0.534970574894944	0.03	0.048	1	IRF2BP1	c1
0.000719815171810016	-0.534684983415026	0.065	0.124	1	FBXO6	c1
0.470768979660366	-0.534642276197833	0.024	0.03	1	ZNF589	c1
0.000511837684788571	-0.534581591572594	0.202	0.288	1	CD2BP2	c1
0.0858139344374475	-0.534570351917584	0.076	0.105	1	MIOS	c1
0.227171756987058	0.534213142611673	0.084	0.068	1	MAP4K4	c1
0.0967967782912128	-0.534007709371051	0.095	0.124	1	DNAJB4	c1
0.00310364490362923	-0.53378250676983	0.202	0.276	1	IPCEF1	c1
0.126689322824734	-0.533150233629308	0.025	0.041	1	CCZ1	c1
0.302403827154889	0.533021616831695	0.051	0.039	1	ZNF41	c1
0.0493877178340382	0.532938655191207	0.213	0.176	1	AC007384.1	c1
0.0619602064427359	-0.53282195785858	0.046	0.071	1	POLR1B	c1
0.232561248762086	0.532800315638392	0.081	0.065	1	PRUNE1	c1
0.297178647458059	0.532781691781627	0.017	0.011	1	SHISA4	c1
0.00571428228053096	-0.53267409053197	0.073	0.123	1	FKBP15	c1
0.709627152045187	0.53252305553611	0.011	0.009	1	TRBJ2-3	c1
0.0601054594001544	0.532306342386465	0.181	0.147	1	NME4	c1
0.229607750664691	0.531972268058927	0.046	0.033	1	BRMS1L	c1
2.52430907487872e-05	-0.531954029223212	0.361	0.47	0.334319493876938	ITK	c1
0.000510031466231038	-0.531902499962958	0.157	0.242	1	MRPL36	c1
0.185712308344907	0.531874857087139	0.084	0.067	1	MSRB2	c1
0.0034971115662734	-0.531800884246072	0.079	0.132	1	IFNAR2	c1
0.0847604502630047	-0.531601073634067	0.038	0.059	1	ZKSCAN8	c1
4.86189560337006e-13	-0.531584644559101	0.733	0.823	6.43909453710331e-09	RGS10	c1
0.089316773917246	0.531318279052186	0.052	0.033	1	EPS8	c1
0.101685301706937	0.531183436311173	0.067	0.045	1	ZNF677	c1
0.233293217876431	-0.531115781659601	0.029	0.041	1	CR381653.1	c1
0.00704408036575788	-0.531115665354738	0.089	0.139	1	FAM219B	c1
0.447527310735987	0.530934055356096	0.021	0.015	1	ADGRE1	c1
0.0236940989995077	-0.530773378462228	0.072	0.109	1	FAM214A	c1
0.155384058827327	-0.530645566578959	0.043	0.061	1	AP5S1	c1
0.0890717069459471	-0.530224080124513	0.091	0.12	1	PIKFYVE	c1
0.0417596154482588	-0.530035441596604	0.07	0.103	1	PSME4	c1
0.000239324051683575	-0.529990604134325	0.172	0.265	1	ARHGEF7	c1
0.380407274597257	-0.529842757689868	0.024	0.032	1	FKBPL	c1
0.00348708077464525	-0.529839288254534	0.119	0.179	1	MTA2	c1
0.0510811059547458	-0.529760655941431	0.059	0.088	1	SOCS4	c1
0.0781915716753724	-0.529702909066682	0.046	0.07	1	CCL28	c1
0.0160318429056765	-0.529618463771481	0.067	0.106	1	GNGT2	c1
0.0263597823960767	0.52946591759348	0.216	0.176	1	RPS6KA5	c1
0.325823988431043	0.529436687887919	0.067	0.055	1	AMN1	c1
0.554746206929713	-0.529197211035049	0.022	0.027	1	FNTB	c1
0.0187477990375536	-0.529069141898797	0.095	0.139	1	ZNF84	c1
0.510006320237657	0.529032567823761	0.035	0.029	1	NFIA	c1
0.0107027422396137	0.528818074117946	0.199	0.152	1	NUP62	c1
0.412227026247112	0.528731697812222	0.032	0.024	1	TRAV41	c1
0.000379778150012154	-0.528241936198845	0.137	0.22	1	GNB5	c1
0.186284685006849	-0.52816561552483	0.029	0.042	1	CASP9	c1
0.230557706028488	0.528135444031848	0.092	0.076	1	PDHX	c1
0.00230955723700018	-0.527973243049127	0.137	0.205	1	ABHD3	c1
0.029539587976792	-0.527856705785347	0.089	0.129	1	CES2	c1
0.0169704044967343	-0.527673848387724	0.124	0.171	1	FAM122B	c1
0.0193760300675677	-0.52763458184062	0.078	0.118	1	PHF21A	c1
0.13317463974187	-0.527573110007258	0.051	0.071	1	GATAD1	c1
0.0130313824260846	-0.527513550053082	0.103	0.15	1	PPIF	c1
0.0515729576445377	-0.527211710873762	0.06	0.089	1	RNF121	c1
0.167524712958994	0.527204361550485	0.097	0.077	1	FBXL4	c1
0.010506271993806	0.527070934318948	0.262	0.218	1	SACM1L	c1
0.00719487163701794	-0.526901977331013	0.151	0.211	1	TERF1	c1
0.133323079351438	-0.526868334106387	0.032	0.048	1	DAGLB	c1
0.232219037059343	-0.526424657036244	0.008	0.015	1	POLR2J2	c1
0.111219887377659	-0.526415811429414	0.027	0.044	1	ADAT2	c1
0.0191619410418461	-0.526289127288249	0.064	0.102	1	SARS2	c1
0.0969261106506971	-0.526092501745706	0.021	0.036	1	TIGD7	c1
0.0394242483990584	-0.525651173449327	0.024	0.045	1	DVL3	c1
0.394690622051354	0.525468011840449	0.06	0.05	1	TRAV26-1	c1
0.00235493248818613	-0.525461728917392	0.211	0.285	1	ZNF394	c1
0.22135333437372	-0.525380989067859	0.027	0.039	1	KLHL5	c1
0.09713453104586	-0.525374517380969	0.021	0.036	1	TMEM177	c1
0.032918381136859	0.525371787123936	0.189	0.152	1	SLC1A5	c1
0.0525029071671555	-0.52520461530185	0.091	0.124	1	CC2D1A	c1
0.0463048950377519	-0.525015065745699	0.04	0.065	1	SLC4A2	c1
0.0865650909853262	-0.524805795934933	0.059	0.085	1	TOR1AIP2	c1
0.451832840922473	0.524656869564734	0.021	0.015	1	NOS3	c1
0.0791626295475531	0.524389545512736	0.132	0.103	1	KATNA1	c1
0.0026110632903688	-0.524351770239257	0.067	0.118	1	DMAC2	c1
0.155029204528157	-0.524149321958339	0.019	0.032	1	TMSB15B	c1
0.050600023929921	-0.523898240573168	0.048	0.074	1	CHCHD4	c1
9.20252617545362e-06	-0.523849721044851	0.393	0.515	0.121878256667708	ARID4B	c1
0.183889192993562	-0.523704286204042	0.017	0.029	1	NETO2	c1
0.310285095044616	0.523653014940457	0.076	0.064	1	SRGAP2	c1
0.599643736662218	-0.523541986523099	0.027	0.032	1	NOP9	c1
0.000803566171720744	-0.523458328926716	0.143	0.221	1	VHL	c1
0.0475643256090542	-0.523294061079499	0.051	0.079	1	NF2	c1
0.607094497620177	0.523221707341473	0.03	0.026	1	ENDOG	c1
0.187460275638226	-0.523188263719342	0.035	0.05	1	HHLA3	c1
0.0105092755319127	0.522561166006989	0.25	0.202	1	ABHD13	c1
0.0338446418052584	-0.522382242362607	0.054	0.085	1	ABHD2	c1
0.316168480749254	0.522350299394351	0.019	0.012	1	RTEL1	c1
0.00515702535755591	-0.522293459037491	0.094	0.147	1	KPNA6	c1
0.172272572789018	0.522271751111886	0.134	0.114	1	BLZF1	c1
0.00037428169493339	-0.522129836960049	0.258	0.35	1	SENP6	c1
0.477730044122531	-0.521961410643562	0.016	0.021	1	ZBTB3	c1
1.48751839156805e-05	-0.521889125789434	0.355	0.473	0.197006935779273	LASP1	c1
0.0257605283489022	-0.521743358185935	0.108	0.152	1	CPSF1	c1
0.187175082048317	-0.521611904484214	0.075	0.095	1	NKAPD1	c1
0.507469867801717	0.521517335018618	0.011	0.008	1	UBTD1	c1
1.48595463888734e-09	-0.521377342754696	0.693	0.777	1.96799832374239e-05	CNN2	c1
0.0060453648085943	-0.521060351689873	0.127	0.185	1	ZNF107	c1
0.0657877787271087	-0.521049453722756	0.032	0.053	1	SLC25A42	c1
0.411547339600443	-0.520915837306303	0.006	0.011	1	RNFT1-DT	c1
0.164674616479826	-0.52088962912398	0.032	0.047	1	MINCR	c1
0.716681856931496	0.52088689103374	0.033	0.03	1	GSDMB	c1
0.012981016261339	-0.520748686942099	0.107	0.158	1	MRPL44	c1
0.000646340453006127	-0.520648940039648	0.162	0.245	1	THUMPD3-AS1	c1
0.0956604098006033	0.520622712916291	0.083	0.059	1	BTBD9	c1
0.0320392938530648	0.520545847476015	0.215	0.176	1	COPG1	c1
5.45263831252475e-05	-0.52052056818687	0.256	0.365	0.722147418110778	SFXN1	c1
0.000610062417177712	-0.520341054515002	0.178	0.261	1	IRAK4	c1
0.0469127628330414	-0.52022261610905	0.078	0.111	1	AC025164.1	c1
0.00171706641148891	-0.520202430093337	0.146	0.221	1	CCDC186	c1
0.000359096629100736	-0.520195767805581	0.221	0.317	1	CNOT8	c1
0.137482967049112	-0.520014470266028	0.092	0.117	1	ANAPC7	c1
0.0321961239613647	-0.519768145328932	0.052	0.083	1	C11orf24	c1
0.000734417768778382	-0.519701848807163	0.159	0.239	1	COX19	c1
0.00551203344204095	-0.519651400081417	0.046	0.086	1	RELL2	c1
0.00705728740581802	-0.519638634947917	0.141	0.2	1	RSAD1	c1
0.00196691752302438	-0.519341895486103	0.079	0.136	1	IL12RB2	c1
0.0101588096229918	-0.51916621018135	0.04	0.074	1	RIDA	c1
0.32425326098002	-0.519148288442201	0.013	0.02	1	NHLRC4	c1
0.162601812906444	-0.519027234120168	0.03	0.045	1	SLC41A1	c1
0.00325298738285454	-0.519020657736397	0.175	0.245	1	RBM5	c1
0.14030535443553	-0.519017152312991	0.033	0.05	1	ZMYM3	c1
0.0313865154511597	-0.518957832813706	0.029	0.053	1	CCDC138	c1
0.0102631304711101	-0.518465021265294	0.121	0.174	1	STYX	c1
0.0287990749335183	0.518351765941831	0.097	0.064	1	SMIM14	c1
0.0442190723189841	-0.518108577774959	0.07	0.103	1	BACH1	c1
0.00029412192798618	-0.517499458769219	0.296	0.395	1	PRPF4B	c1
0.180123752838853	-0.517432927219512	0.022	0.035	1	EXTL3	c1
0.56709901361865	0.51721972211014	0.017	0.014	1	MIR497HG	c1
0.429530549681932	0.51719553988414	0.043	0.035	1	GANC	c1
0.863400206923446	-0.517145120049791	0.011	0.012	1	MAP3K9	c1
9.26149303523396e-11	-0.517136382188969	0.391	0.567	1.22659213758639e-06	ZNF331	c1
0.0458802366140268	-0.517117769211168	0.091	0.127	1	FAM78A	c1
0.00876948333457611	-0.517050052779886	0.083	0.13	1	ORC2	c1
0.877358273496061	0.516583680225514	0.011	0.012	1	DMXL2	c1
0.728667984473564	0.51646460882782	0.025	0.023	1	BLOC1S3	c1
0.332143477025048	0.516075292866541	0.021	0.014	1	NOD2	c1
0.00138137411526884	-0.516024505809263	0.208	0.286	1	ZMYM2	c1
0.0276568106524278	-0.515976386254981	0.072	0.108	1	PAICS	c1
1.16713368704994e-08	-0.515942410071314	0.684	0.744	0.000154575185512894	SLC25A5	c1
0.885874780364533	0.515875247403838	0.019	0.018	1	TEF	c1
0.130143509564389	-0.515779330008388	0.056	0.077	1	POFUT2	c1
0.021076457014374	-0.515720207848357	0.068	0.106	1	BNIP1	c1
0.0995321460314801	0.515490075022012	0.094	0.07	1	PIEZO1	c1
0.0426439649925627	-0.514995312909031	0.072	0.105	1	FBXO38	c1
0.215817824840177	0.514827346869001	0.067	0.052	1	TMEM121	c1
0.57726196594584	-0.514814691709118	0.014	0.018	1	CAMSAP1	c1
0.604189375898554	0.514695260137622	0.041	0.036	1	TIMM8A	c1
0.147301038380818	-0.514485763466232	0.057	0.077	1	RANBP6	c1
0.0088186741229725	-0.51429286163136	0.089	0.138	1	PLA2G12A	c1
0.00886779615260024	-0.514167780821726	0.068	0.112	1	ARV1	c1
0.0175352636394439	-0.513695759724148	0.06	0.097	1	WDR7	c1
0.00845670935263063	-0.513687689537252	0.073	0.118	1	SLC46A3	c1
0.0117750383295999	-0.513683852473099	0.114	0.167	1	AP4B1	c1
9.84412568626628e-05	-0.513579373289093	0.326	0.424	1	RBCK1	c1
0.816495999510033	0.513578107906085	0.019	0.021	1	FANCB	c1
0.0103073319578826	-0.513570861743206	0.154	0.212	1	ST6GAL1	c1
0.0256222586293673	-0.513409138144626	0.033	0.061	1	ESRRA	c1
0.00317571843549455	-0.513181919863598	0.288	0.367	1	FKBP5	c1
0.0941089244539974	-0.513133142862161	0.059	0.083	1	RBM15B	c1
0.165484197240881	-0.513053343748327	0.032	0.047	1	PXYLP1	c1
0.294867625514013	0.512868885717325	0.048	0.036	1	ZNF441	c1
0.0104229148140609	-0.51272310077578	0.086	0.132	1	ZNF581	c1
0.00313039923257473	-0.512705162839307	0.213	0.286	1	ELMO1	c1
0.0750193819983407	-0.512641121849132	0.025	0.044	1	PRSS21	c1
0.0112563554660628	-0.51264027976914	0.11	0.161	1	RHOT1	c1
0.0907142307681074	-0.512447682849615	0.033	0.053	1	ABHD11	c1
0.0187067763365688	-0.512439811395091	0.065	0.103	1	MTMR2	c1
0.171432888146096	-0.512376241049183	0.065	0.086	1	ZFP91	c1
0.00661537818115765	-0.512362915966907	0.095	0.147	1	UBA6	c1
0.0197132320521265	-0.512279088259681	0.103	0.147	1	AP5Z1	c1
0.235330072672542	-0.51199222687874	0.029	0.041	1	UBE3D	c1
0.0459698176324887	-0.511962641614305	0.114	0.152	1	ZNF101	c1
0.722743311500494	0.511737629906202	0.025	0.023	1	FAM131A	c1
0.102285837133163	0.511546100333951	0.143	0.115	1	TMEM107	c1
0.0352014707609946	-0.511253564647135	0.064	0.097	1	MTOR	c1
0.0155405015079744	-0.510794814131242	0.1	0.147	1	ZC3H14	c1
0.087289837762368	0.510684123670599	0.108	0.082	1	GTF2H2	c1
0.0791138838759959	-0.510666329547244	0.037	0.058	1	DCAF17	c1
0.109838438509632	-0.510483569157535	0.045	0.065	1	SIK3	c1
0.00106812526605513	-0.51029920275247	0.218	0.298	1	NEDD9	c1
0.0190822246285452	-0.510227849164473	0.108	0.153	1	SERGEF	c1
0.0026109549798319	-0.509864538486919	0.151	0.224	1	TRIM56	c1
0.0176849006393625	-0.509737687398583	0.286	0.338	1	RIPOR2	c1
0.0559403384220843	-0.509696292332758	0.038	0.062	1	PNPO	c1
0.110928649178188	-0.509518469832396	0.014	0.027	1	PTPN12	c1
2.09240790126811e-05	-0.509372846390092	0.434	0.541	0.277118502443948	SURF4	c1
0.507896605423558	0.509258639758285	0.033	0.027	1	AP003392.4	c1
0.00293006786691228	-0.509225382818328	0.108	0.17	1	CDK11A	c1
0.00288114415057282	-0.509200017415569	0.165	0.236	1	USP22	c1
0.0207948401848135	-0.509040374687102	0.083	0.124	1	NBPF15	c1
0.328007158619593	-0.509006159408827	0.035	0.045	1	ZNF563	c1
0.0175903695026162	-0.508931559309397	0.1	0.145	1	GBP3	c1
0.425673917760582	-0.508907961797592	0.048	0.058	1	ZNF550	c1
0.477269106913671	0.508731453172401	0.01	0.006	1	SGCE	c1
0.76410243956318	-0.508651099142697	0.033	0.036	1	KIAA1324	c1
0.0357404171463107	-0.508638504940147	0.067	0.1	1	TMEM39B	c1
0.0855044296118008	-0.508552528256662	0.032	0.052	1	CEP97	c1
0.0278950614968598	-0.508241935406087	0.07	0.106	1	ZNF136	c1
0.274453153546412	-0.508232866471531	0.027	0.038	1	FICD	c1
0.305034692097528	0.508057882753453	0.072	0.059	1	CHST14	c1
0.000434215944856369	-0.50793754711821	0.347	0.433	1	SUSD3	c1
0.964215211957825	-0.507793252867276	0.025	0.026	1	TRBV4-2	c1
0.0870875123203458	0.50779303560863	0.1	0.074	1	TFE3	c1
2.59801721099187e-07	-0.507756637346745	0.647	0.709	0.00344081399423764	ZYX	c1
0.0356200865856228	-0.507695950727427	0.119	0.162	1	IGF2R	c1
0.00135097438356474	-0.507691909955004	0.237	0.323	1	FIBP	c1
0.0127213687628827	-0.507634605054765	0.095	0.142	1	SERTAD2	c1
0.121232651459666	-0.50754396760757	0.095	0.123	1	MRI1	c1
0.0121029757761315	0.507514807752934	0.232	0.185	1	DHRS4	c1
0.0131020789737081	-0.507435629518653	0.095	0.144	1	HIPK1	c1
0.00218525406926379	-0.507060590564898	0.281	0.362	1	CCM2	c1
0.3279526844284	-0.507047593224545	0.013	0.02	1	KDELC1	c1
0.230251417554517	-0.506686151486765	0.064	0.08	1	TRIM39	c1
0.00671232874297153	-0.506424443519645	0.159	0.223	1	MAP2K4	c1
0.00351981442046094	-0.506274086773339	0.153	0.218	1	CREBRF	c1
0.271927119009378	0.506068843910968	0.016	0.009	1	TMPO-AS1	c1
0.00405254862253536	-0.505964783443754	0.083	0.136	1	C16orf87	c1
0.0507608013660942	-0.505752639104046	0.037	0.061	1	AL441992.1	c1
0.410477963970101	-0.505695030556805	0.006	0.011	1	AC008763.1	c1
0.0904640460425662	-0.505520806642589	0.024	0.041	1	AC079922.2	c1
0.196941121035147	0.505345175463526	0.081	0.064	1	HOMEZ	c1
0.697988316804757	0.50522056961958	0.01	0.008	1	EPM2A	c1
0.353085276083737	-0.5051910050895	0.014	0.021	1	EXO5	c1
0.0811270919329692	-0.505162848406852	0.048	0.071	1	AC027097.1	c1
0.0115521043734882	-0.505028546634687	0.116	0.17	1	UIMC1	c1
0.00813686578041864	0.505013178013725	0.145	0.097	1	CRYZ	c1
0.507469867801717	0.504871310593251	0.011	0.008	1	ECHDC3	c1
0.112365071327045	-0.504734123736394	0.011	0.023	1	PLD2	c1
0.0106228148296991	-0.504663877657318	0.06	0.102	1	ARMC6	c1
0.816018593201403	0.504586327492193	0.019	0.021	1	LRFN1	c1
0.00515438147357439	-0.504492987964273	0.149	0.215	1	BOD1L1	c1
0.0126018318873273	-0.504478402052618	0.107	0.158	1	ATF6	c1
0.35038439474292	-0.504426009443534	0.014	0.021	1	NPHP4	c1
0.101908326812573	-0.50438652254713	0.079	0.106	1	DOHH	c1
0.742873710872275	0.504353264148957	0.054	0.061	1	ABCD1	c1
0.00977126953407465	-0.504338362943313	0.073	0.118	1	WDR70	c1
0.0955342568150475	0.504249736658754	0.148	0.12	1	ZBTB7B	c1
0.0150431856939623	-0.503640804676381	0.11	0.158	1	TMEM245	c1
0.020035153823116	-0.503505923658667	0.073	0.114	1	TBCCD1	c1
0.0290096822302746	0.503207051481748	0.207	0.167	1	CDC27	c1
0.39769463368814	-0.503056569817571	0.017	0.024	1	TMEM30B	c1
0.107493794099176	-0.502814566496382	0.076	0.103	1	ZHX1	c1
0.435550717224168	0.502703967718108	0.172	0.164	1	HIST1H1E	c1
0.0217491377300084	-0.502567617218816	0.052	0.086	1	PUS3	c1
0.151273675107451	-0.502478637731885	0.014	0.026	1	LNX2	c1
0.254697646722821	-0.502474772927335	0.04	0.053	1	PDCD2L	c1
0.0686599820656997	-0.502426454449111	0.075	0.105	1	BCOR	c1
0.0368011026966156	-0.502095278910901	0.277	0.315	1	LDLRAP1	c1
0.484513265168968	0.5019278954839	0.078	0.07	1	GRAMD1B	c1
0.104939276048703	-0.501539879136763	0.022	0.038	1	LRRCC1	c1
0.286738089757335	0.501425381694961	0.043	0.032	1	ETAA1	c1
0.927527063148232	-0.501268046404842	0.014	0.014	1	TRBV14	c1
0.344217398227883	0.501212079172978	0.022	0.015	1	RPGRIP1L	c1
0.0987144906341792	-0.501020153576501	0.103	0.133	1	COIL	c1
0.321817759869134	-0.500866693365743	0.072	0.086	1	GTF2H2C	c1
0.00040370255577804	-0.500720265868036	0.227	0.321	1	IDI1	c1
0.109182607184255	-0.500593001674055	0.014	0.027	1	SLFN12	c1
0.041490378806686	-0.500526850447894	0.032	0.056	1	FANCA	c1
0.00412583440140094	-0.500391719521883	0.079	0.132	1	NIPSNAP3A	c1
0.00428251992142294	-0.500340919359699	0.072	0.121	1	TSPOAP1-AS1	c1
0.00625277862709144	-0.500176364495144	0.122	0.182	1	SEC14L1	c1
0.000274867627932589	-0.500076227403988	0.437	0.529	1	NAP1L4	c1
0.0679985978890498	-0.500031089636836	0.127	0.165	1	HENMT1	c1
0.376989560742905	0.499882454470662	0.124	0.114	1	SNTB2	c1
0.00765324050369616	-0.499519250305871	0.121	0.177	1	MTR	c1
0.0187901057638715	-0.499475771802961	0.068	0.108	1	PDSS2	c1
0.10374007859481	0.499276151265478	0.218	0.189	1	ARL5B	c1
0.614967622883232	0.499140337456549	0.035	0.03	1	CAMK2N1	c1
0.238095976798792	0.499100769361205	0.083	0.067	1	AL121944.1	c1
0.0627303507438793	-0.499077701581448	0.118	0.153	1	BACH2	c1
0.00415839612258857	-0.498968780951746	0.17	0.238	1	MARK3	c1
0.292700489527739	0.498933018186194	0.083	0.068	1	TCAF1	c1
0.712257222316036	0.498760888897323	0.037	0.033	1	CEP57L1	c1
0.0101585979465063	-0.498558458783965	0.1	0.15	1	TGIF2	c1
0.168244085393095	0.498549369911133	0.056	0.039	1	DUSP3	c1
0.00764694783655493	0.498526737377077	0.235	0.179	1	CDKN2D	c1
0.709627152045187	0.498463497746069	0.011	0.009	1	LRTOMT	c1
0.0116083134132489	-0.498292121745362	0.078	0.123	1	TRIM41	c1
0.0460976288678074	-0.497788695573822	0.073	0.106	1	SH3BP2	c1
0.417018992055157	0.497774378720623	0.038	0.03	1	POLA2	c1
0.23573144128819	0.49762419055065	0.122	0.105	1	AAED1	c1
0.000163822034649899	-0.497373489039116	0.149	0.241	1	SNRNP27	c1
0.0897270501193972	0.497301148289091	0.094	0.068	1	SAP130	c1
0.512551723650059	0.497286800340659	0.043	0.036	1	STXBP4	c1
0.654031535963835	-0.496997773497754	0.01	0.012	1	ZNF90	c1
0.00574112749760441	-0.496856216538208	0.062	0.106	1	ENG	c1
0.163465842570313	-0.49667588826159	0.032	0.047	1	METRNL	c1
0.905488738066341	-0.496376466941528	0.033	0.035	1	SLC27A1	c1
0.000531117598364012	-0.496215565818124	0.219	0.308	1	TMPO	c1
0.000630064133200044	0.496090643575313	0.407	0.35	1	SEC11C	c1
0.00154409904115235	-0.496072390705308	0.161	0.236	1	NFAT5	c1
0.00413612175268828	-0.496063335153369	0.335	0.405	1	GBP2	c1
0.00220225028178081	-0.496042105990715	0.189	0.264	1	DUSP23	c1
0.00487619909009521	-0.496015884262377	0.264	0.333	1	TPST2	c1
0.366213346443376	-0.495738237517361	0.03	0.039	1	TRAV8-1	c1
0.5507413199674	-0.495558828194957	0.013	0.017	1	UBR5-AS1	c1
0.000101454058450665	-0.495469362245135	0.226	0.333	1	PPM1B	c1
0.000240074550158978	-0.495415828722246	0.452	0.552	1	PIK3IP1	c1
0.02181056975829	-0.495397025205506	0.103	0.148	1	KMT5B	c1
0.00128068856092056	0.495137232760381	0.281	0.212	1	SYTL2	c1
0.221154289041248	-0.49506063737638	0.041	0.056	1	OPN3	c1
0.0213413958722707	-0.495001932578715	0.154	0.203	1	USB1	c1
0.209333672408872	-0.494975145612492	0.04	0.055	1	TRBV7-9	c1
0.00101769725966027	-0.49486943945908	0.224	0.314	1	SDR39U1	c1
0.0393677051144737	-0.494835436348329	0.062	0.094	1	KMT2D	c1
0.000258551900787175	-0.494748311851711	0.231	0.327	1	RNF138	c1
0.00724847856288006	-0.494678336392503	0.223	0.289	1	RBM38	c1
0.00329043955359873	-0.494676154103747	0.073	0.124	1	ZNF335	c1
0.00754830956715528	-0.494599042136073	0.092	0.142	1	DDX49	c1
0.735884048216185	0.494590545087743	0.025	0.023	1	NPIPA1	c1
0.0786101743939374	-0.494197690426672	0.06	0.086	1	GATC	c1
0.215844133241646	-0.494124857265219	0.033	0.047	1	PAFAH2	c1
0.116994726440311	-0.494079814931323	0.041	0.061	1	MPP7	c1
0.318446464601509	-0.494039529888294	0.038	0.05	1	AC004817.3	c1
0.124369706779179	-0.494009651750249	0.019	0.009	1	TANC2	c1
0.111116178938198	-0.493931923094998	0.003	0.011	1	AC024909.2	c1
0.000851162329281866	-0.493829152055856	0.308	0.395	1	VOPP1	c1
0.0131426810233837	0.493614004667521	0.205	0.155	1	STT3A	c1
0.995152981677282	0.493489389949467	0.051	0.052	1	TRAV23DV6	c1
0.0116262828105559	-0.493452003619542	0.105	0.155	1	ANGEL2	c1
0.166685498896082	-0.493368528842459	0.025	0.039	1	B3GALNT2	c1
0.0234447944494044	0.493182794975107	0.183	0.141	1	ORAI2	c1
0.526284106541558	-0.492829375820834	0.011	0.015	1	AL357054.4	c1
0.00432455282187045	-0.492789168480064	0.102	0.159	1	TTC13	c1
0.0934981856677881	0.492733661862201	0.13	0.103	1	CHD7	c1
0.0903714378085827	-0.492697444064541	0.024	0.041	1	CHN1	c1
0.0148382944713114	-0.492582896966371	0.076	0.118	1	TMEM127	c1
0.0666889406633974	-0.492576338222044	0.016	0.032	1	URB1-AS1	c1
1.17716555708752e-05	0.492554037786169	0.533	0.435	0.155903806380671	TUBB4B	c1
0.0330430785485874	0.492470239642677	0.181	0.144	1	ATG16L2	c1
0.0274112681927094	-0.492426368127855	0.095	0.136	1	ANAPC2	c1
0.0599392550946158	-0.491959841725269	0.054	0.082	1	AGFG1	c1
0.0108254029796419	-0.491899888009918	0.048	0.085	1	ACOX1	c1
0.14331986258711	0.491856926035013	0.048	0.032	1	MSANTD2	c1
0.00708242362111148	-0.491842600294254	0.099	0.152	1	ZDHHC24	c1
0.520098971818214	0.491747714250632	0.057	0.05	1	TTI1	c1
0.0115264173660043	0.491662837517508	0.224	0.173	1	MALSU1	c1
0.724370121943044	0.491656945799965	0.032	0.029	1	CLPB	c1
0.000966066070357602	-0.491587661786204	0.202	0.283	1	RBM6	c1
0.175873584834059	-0.491559593661725	0.078	0.1	1	PIGB	c1
0.680526806886806	-0.491556595190456	0.011	0.014	1	ZNF793	c1
0.298248840325922	-0.491496726725401	0.078	0.094	1	MIGA1	c1
0.0018600239053049	-0.491427883774552	0.226	0.305	1	MKRN1	c1
0.00185563658643174	0.491276946173941	0.386	0.32	1	BCL2A1	c1
0.0306275550339283	-0.491268239175092	0.164	0.212	1	ITFG1	c1
0.000740154519625759	-0.491123393939368	0.164	0.247	1	PBRM1	c1
0.00524824654684401	-0.491032988963371	0.151	0.217	1	MED6	c1
0.14406593923017	-0.490990943612151	0.022	0.036	1	WDR4	c1
0.00794071154403617	-0.490911828837345	0.157	0.218	1	TOM1	c1
0.0825790146657411	-0.490747841565578	0.037	0.058	1	CCDC7	c1
0.00620407009477118	-0.490715435798052	0.105	0.161	1	ACBD5	c1
0.501773837984341	0.4906889253971	0.033	0.027	1	LINC02482	c1
0.28983994346468	0.490678118465989	0.045	0.033	1	RAD54L2	c1
0.0341911161737366	-0.490660692363102	0.076	0.112	1	MTF1	c1
0.0387313596620571	-0.49061370550945	0.025	0.047	1	TRAV5	c1
0.00933446835144647	0.490211867272476	0.194	0.142	1	P2RY8	c1
0.019166898716578	-0.490173250458492	0.078	0.118	1	APTX	c1
0.0144909896932292	-0.489765783134301	0.059	0.097	1	MCM7	c1
0.0112540308187712	-0.489525601970259	0.091	0.139	1	MVD	c1
0.0525543531661533	-0.48949245214613	0.083	0.117	1	GOT1	c1
0.609127806742698	0.489478825382167	0.04	0.035	1	P3H4	c1
0.00103236076018857	-0.489435167952968	0.196	0.277	1	PIGC	c1
0.0225945330270073	-0.489392898718764	0.067	0.103	1	LINC00476	c1
0.356609190509499	0.48915372290674	0.051	0.041	1	HIST2H2AA4	c1
0.000111769839681971	-0.489125975136873	0.251	0.356	1	ACIN1	c1
0.333140626759303	0.489090095043971	0.037	0.027	1	SNAPC4	c1
0.00208184117882422	-0.488959832760613	0.164	0.233	1	TIMM10	c1
5.94792646013612e-05	-0.488825640953139	0.267	0.383	0.787743380380428	P2RY10	c1
0.0217880285413529	-0.488797987429383	0.052	0.086	1	C8orf82	c1
0.106644927403252	-0.488691111506597	0.086	0.114	1	ELMOD3	c1
0.129476197917393	0.488674225462922	0.14	0.115	1	INSIG2	c1
0.609788543455777	0.488441681608415	0.037	0.032	1	TRAV36DV7	c1
0.139828083035441	-0.488367619849964	0.017	0.03	1	TTLL4	c1
0.218819931296779	0.48835568675812	0.059	0.044	1	CEP19	c1
0.0290403977959297	-0.488323482209065	0.164	0.212	1	DCPS	c1
0.267082123443849	-0.488260497811078	0.01	0.017	1	LRRIQ3	c1
0.562589341436817	-0.48800098661874	0.022	0.027	1	GIT1	c1
0.0208840104034394	-0.48798645173772	0.081	0.121	1	C3orf58	c1
0.0341874596409137	-0.487853247654691	0.086	0.123	1	ATP9B	c1
0.0462895104253257	-0.487797710439979	0.056	0.085	1	CLN6	c1
0.0543713431784721	-0.487698652746141	0.059	0.088	1	FUNDC1	c1
0.00551839155583449	-0.487481902056963	0.095	0.148	1	FAM53B	c1
0.00666806122681912	-0.487476679774739	0.094	0.145	1	PHRF1	c1
0.000527873307622954	-0.487424183407028	0.285	0.382	1	PLEKHF1	c1
0.0203401898745433	-0.487286869929476	0.081	0.123	1	C7orf43	c1
0.00116983962607088	-0.487270121103489	0.145	0.22	1	NFATC2IP	c1
6.3275370746549e-05	-0.48694617258801	0.347	0.458	0.838019010167295	ATF7IP	c1
0.0760206293515059	-0.486862624302003	0.03	0.05	1	SRD5A1	c1
0.0154930231048464	-0.486834333960567	0.14	0.194	1	COMMD5	c1
0.0011531378292268	-0.486809384928757	0.176	0.262	1	PTRHD1	c1
0.530744053775827	-0.486806319819956	0.011	0.015	1	ZNF2	c1
0.00283003606509601	-0.486779728132357	0.188	0.261	1	ZBTB7A	c1
0.0812410526439928	-0.486710973056498	0.065	0.092	1	TIMM29	c1
0.296256228594912	-0.486638483388613	0.011	0.018	1	AC064807.1	c1
0.406813271097502	-0.486520093938029	0.016	0.011	1	IFIT1	c1
0.731805366753045	0.486451768481786	0.019	0.017	1	AC009041.2	c1
0.122006170997119	0.486267155916728	0.121	0.095	1	PSEN1	c1
4.07162603031023e-05	-0.485843924989111	0.266	0.38	0.539246151454286	MPG	c1
0.115948902190545	0.485196812700668	0.107	0.082	1	DYNLL2	c1
0.000205226999727589	-0.485110152947442	0.348	0.459	1	MRFAP1	c1
2.16941993194926e-05	-0.485040503544696	0.424	0.539	0.28731797578736	SMCHD1	c1
0.0388667187201876	-0.484974515036461	0.06	0.092	1	ZC3HC1	c1
0.00228250527554744	-0.484937983036129	0.119	0.185	1	ZFX	c1
0.290512174654989	-0.484930869265042	0.016	0.024	1	AC009163.4	c1
0.0141486330225071	-0.48483442983642	0.062	0.102	1	TEN1	c1
0.473989916858756	0.484789036711454	0.024	0.018	1	FZD3	c1
0.0577208268514093	-0.48454533767606	0.062	0.091	1	TMEM102	c1
0.0608330348207213	-0.484482508448701	0.035	0.058	1	AC005332.5	c1
0.0740857661836434	-0.484449100827366	0.078	0.108	1	POLR3E	c1
0.0249787811059075	-0.48417147708507	0.079	0.118	1	MRRF	c1
0.48110284396166	-0.484026289504613	0.035	0.042	1	FIGNL1	c1
0.311710756613416	-0.483956913443252	0.017	0.026	1	AC012360.3	c1
0.0976805764686564	0.483836272970848	0.086	0.062	1	IL2RA	c1
0.438204371791499	0.483648512085619	0.043	0.035	1	MED22	c1
0.0017427000767883	-0.483591926384144	0.145	0.217	1	C15orf40	c1
0.929284351737813	0.483466553468001	0.016	0.017	1	ZEB1-AS1	c1
0.173259253257858	0.483138699501773	0.032	0.02	1	POLR3B	c1
0.147166331639012	-0.482877393600326	0.041	0.059	1	TNK2	c1
0.139676818400205	-0.482816110405215	0.017	0.03	1	ITFG2-AS1	c1
0.000374664452212307	0.482806548435461	0.348	0.268	1	CRTAP	c1
0.0267609063453822	-0.48275528112435	0.057	0.091	1	USP21	c1
0.00297712324921031	-0.482625835448097	0.084	0.141	1	MON1B	c1
0.0399424795456128	-0.482556837790599	0.057	0.088	1	EIF1AD	c1
0.0261354178373911	-0.482498140544129	0.068	0.105	1	SAAL1	c1
0.00363203795265864	-0.482352611291766	0.154	0.22	1	NUFIP2	c1
0.325931435299887	-0.482340467305261	0.013	0.02	1	LINC00092	c1
0.518296580246595	-0.482323493969675	0.027	0.033	1	GRAMD4	c1
0.405101516470553	0.482274054751614	0.016	0.011	1	MAP3K10	c1
0.570639173506158	-0.482060352692472	0.037	0.042	1	DISC1	c1
0.00300400054219142	-0.481979125630813	0.165	0.236	1	CRTC3	c1
0.0322553634894624	-0.481957486962003	0.094	0.133	1	ZSCAN16-AS1	c1
0.0138685800337114	-0.481765946309593	0.095	0.142	1	KLHDC4	c1
0.000194381403203745	-0.481755765131549	0.337	0.445	1	CRLF3	c1
0.00111070953952975	-0.481659746846202	0.181	0.262	1	KAT6B	c1
0.00439519923205971	-0.481637599104255	0.118	0.176	1	POLR2D	c1
0.654633359226332	-0.481489104018872	0.01	0.012	1	CENPS-CORT	c1
0.000598163483542052	-0.481463185674728	0.37	0.47	1	RANBP2	c1
0.3280206782426	0.481329707557655	0.079	0.067	1	GEMIN6	c1
0.00645478161997697	-0.481325454460931	0.097	0.15	1	CHPT1	c1
0.872277963273533	-0.481304646321289	0.011	0.012	1	ZBTB18	c1
0.604503828221468	0.481273379164471	0.029	0.024	1	JRKL	c1
0.299250829898881	-0.481143212593079	0.011	0.018	1	ZNF487	c1
0.436170851035394	0.481060460077053	0.07	0.061	1	OPA3	c1
0.0339251967232913	-0.480930374703302	0.059	0.091	1	PPAN	c1
0.0132586931716895	-0.480924257943121	0.091	0.136	1	PIGG	c1
6.00846390575768e-06	-0.480795227366822	0.25	0.385	0.0795760959678547	PSMB4	c1
0.397189741519235	-0.480750254466789	0.017	0.024	1	ABCB10	c1
0.0903413115123633	-0.480721854487939	0.097	0.127	1	C18orf25	c1
0.281740765806573	0.480625451207603	0.041	0.03	1	POC1B-GALNT4	c1
0.0226228460733396	0.480612625614048	0.293	0.241	1	MYC	c1
0.0211099118260197	-0.480513486207534	0.072	0.111	1	TRIM5	c1
0.259983030017354	-0.480226265471097	0.019	0.029	1	AC009779.2	c1
0.325342868436074	0.480057745043546	0.078	0.065	1	NFE2L1	c1
0.00344720454125452	0.479860319454719	0.259	0.198	1	MAP4K2	c1
0.00714574048034634	-0.479662136961704	0.132	0.188	1	CDK9	c1
0.00044123647052896	0.479545045813262	0.434	0.367	1	AMD1	c1
0.224602112193798	-0.479484202038613	0.033	0.047	1	ZNF316	c1
0.324561907287499	0.47938108342745	0.011	0.006	1	RNASE4	c1
0.0106844462978257	0.479359732099831	0.27	0.226	1	CDK6	c1
0.313547150385531	-0.479273889548306	0.032	0.042	1	SLC16A6	c1
0.00338748322672455	-0.479041656739377	0.156	0.224	1	UNC50	c1
6.68824704232257e-07	-0.478959566031522	0.518	0.63	0.00885791438285202	POLD4	c1
0.000525187001025343	-0.478746658209889	0.361	0.468	1	DDX46	c1
0.0018884392361376	-0.478618319534047	0.28	0.371	1	MRPS24	c1
0.000690022589195194	0.478578057529356	0.285	0.211	1	ATF1	c1
0.00101820868655639	-0.478438806104306	0.157	0.238	1	HEXA	c1
0.31808292091636	0.478401509262796	0.072	0.059	1	CCDC92	c1
0.404865041445634	0.478370933883465	0.033	0.026	1	PLEKHM3	c1
0.0216076446436788	-0.478354593770673	0.134	0.18	1	KPNA1	c1
0.278789319659673	-0.478223297651906	0.021	0.03	1	MCM4	c1
0.0106078181567662	-0.477780299613851	0.302	0.359	1	APOBEC3G	c1
0.126335518846691	-0.477612078671454	0.119	0.148	1	BRD8	c1
0.0445022051200588	-0.47757086665489	0.049	0.077	1	TXNL4B	c1
0.283646389971434	0.477467889107516	0.01	0.005	1	HBEGF	c1
0.0245444361639391	0.477347256110535	0.216	0.171	1	MRPL17	c1
0.739429015613231	-0.477174647062713	0.016	0.018	1	BBS10	c1
0.746807411354634	0.477039005323264	0.059	0.056	1	SPATA5	c1
0.00192896283827169	-0.477021255415607	0.286	0.374	1	PIM3	c1
0.0238637561337382	-0.476968570220162	0.119	0.165	1	ZNF276	c1
0.000153883611965342	0.47690551832413	0.315	0.224	1	THEM4	c1
0.225746382356798	-0.476804341794408	0.027	0.039	1	SLC22A5	c1
0.876804657242196	0.476557723941414	0.022	0.021	1	TNFRSF12A	c1
0.329158412805489	0.476552404100429	0.021	0.014	1	ZNF547	c1
0.00247014305909488	-0.476544311163774	0.122	0.188	1	CASP3	c1
0.726370245416618	0.476121495476229	0.016	0.014	1	NEURL1	c1
0.000754593305018294	-0.476057982106059	0.264	0.355	1	PIK3CD	c1
0.127960279839088	-0.476034104637368	0.064	0.086	1	DPH6	c1
0.475855019520643	0.475811920932396	0.024	0.018	1	ZNF461	c1
0.136491724990186	-0.475712891297827	0.067	0.089	1	PPP1R3E	c1
0.0156790737829496	-0.475679691549005	0.07	0.111	1	UBE2Z	c1
0.000359380149987086	-0.475486663582777	0.34	0.442	1	PIN1	c1
1.0288652005992e-07	-0.475386886122611	0.591	0.708	0.00136262907167358	ZAP70	c1
0.179110741017964	-0.475332318310733	0.065	0.085	1	AC004922.1	c1
0.041197424828275	-0.475325285584869	0.032	0.056	1	UBE2T	c1
0.00501059681845245	-0.474787951291718	0.126	0.186	1	COX11	c1
0.0393714303299605	0.474609587307211	0.078	0.05	1	RARG	c1
0.372186749597996	0.47456066489021	0.049	0.039	1	CXorf56	c1
0.0376141477635581	-0.474237441164022	0.035	0.061	1	UBP1	c1
0.232003551313166	-0.474225053208218	0.029	0.041	1	HIST4H4	c1
0.00178399766368319	-0.473990696310262	0.132	0.203	1	ATP6V1B2	c1
0.251987864241796	-0.473914299869553	0.083	0.103	1	MAVS	c1
0.0390618117330162	-0.473848717307272	0.062	0.094	1	PGGT1B	c1
0.0207222370661923	-0.473702751242933	0.062	0.098	1	NOL10	c1
0.620796732902869	0.473663746999915	0.035	0.03	1	AC025171.3	c1
0.133436671891468	-0.473635460844654	0.032	0.048	1	AP000787.1	c1
0.0218979895791397	-0.473630626063282	0.076	0.117	1	FAM210A	c1
0.101032782274449	-0.473506988103984	0.076	0.103	1	MADD	c1
1.05072089568705e-05	-0.473433444757082	0.429	0.558	0.139157475424793	SYNGR2	c1
0.293891864847847	-0.473186518209079	0.016	0.024	1	QSOX2	c1
0.939385481051937	-0.473147819322306	0.01	0.009	1	KTN1-AS1	c1
0.562420476641027	0.472921754865596	0.016	0.012	1	IKZF4	c1
0.131190832968253	-0.472846675225683	0.095	0.123	1	ITGA6	c1
0.490926374762344	0.472763509610304	0.029	0.023	1	ZNF513	c1
0.727980472062649	0.472374998285181	0.017	0.015	1	POMK	c1
0.704743909570712	-0.472269721102562	0.013	0.015	1	ZNF354C	c1
0.0605124632258808	-0.472239869366967	0.04	0.064	1	SMAD4	c1
0.0800825573901711	-0.472094837170181	0.087	0.118	1	ANKRD36C	c1
0.0225480413688907	-0.471974335787539	0.04	0.07	1	MSRB1	c1
0.00587320357183115	-0.471890756588866	0.119	0.177	1	MCM3AP	c1
0.602487993631909	-0.471620583686434	0.027	0.032	1	TAPT1	c1
0.189107350408152	-0.471516384540664	0.065	0.085	1	BAZ2B	c1
0.00023123749774712	-0.471103899758621	0.169	0.262	1	GSK3B	c1
0.736320986665179	0.471089202606408	0.022	0.02	1	AC004812.2	c1
0.479714663733972	0.471053843136446	0.01	0.006	1	XKR9	c1
0.00175326356930348	-0.470992044605212	0.25	0.335	1	KXD1	c1
0.00389560520740871	-0.470896886223285	0.141	0.206	1	DTNBP1	c1
0.13690568622311	-0.470858369445815	0.046	0.065	1	MROH1	c1
0.0117770833133292	-0.47083973809115	0.121	0.174	1	TRAPPC6B	c1
0.292614334129207	-0.47082882393479	0.021	0.03	1	ZNF202	c1
0.00970296564418042	-0.470787791972109	0.164	0.224	1	STARD3NL	c1
0.000934380824687684	0.470690833235467	0.437	0.382	1	H1FX	c1
0.0436898662525559	-0.470444257215984	0.038	0.064	1	ZNHIT2	c1
0.102778647332882	-0.470438330238372	0.095	0.124	1	ZNF493	c1
0.217012623996853	-0.470368021858095	0.011	0.02	1	AC010618.3	c1
0.0246860607678397	-0.470226595402985	0.218	0.27	1	USP3	c1
0.0154841530825246	-0.470043596394918	0.126	0.176	1	AP3M1	c1
0.427485988482614	0.470026199455926	0.017	0.012	1	BOLA3-AS1	c1
0.347499036642277	-0.469891026497475	0.021	0.029	1	GAN	c1
0.713466914418073	0.469406340584814	0.045	0.041	1	ARRB1	c1
0.358241671269454	0.469147194631906	0.091	0.079	1	LAS1L	c1
0.0248857096065362	-0.469113941749381	0.065	0.102	1	TRMU	c1
4.05917896637005e-05	-0.469053135259572	0.226	0.338	0.537597662306049	NBDY	c1
0.0267072758540035	-0.468787913513338	0.079	0.118	1	TAF8	c1
0.00464161966171851	-0.468714729412902	0.237	0.315	1	TNFRSF1A	c1
0.0158675377397734	-0.46871025903618	0.06	0.098	1	KATNB1	c1
0.0354443705118389	-0.468429217911178	0.121	0.165	1	TCTN3	c1
0.0193511873738312	-0.468425850326573	0.094	0.136	1	GON7	c1
0.0533854434285602	-0.468371590964769	0.06	0.089	1	ZNF3	c1
0.0464446885313056	-0.468336283481972	0.045	0.071	1	ZNF746	c1
0.026367416684461	-0.468191984305898	0.083	0.123	1	ORC5	c1
0.0944818831512735	-0.467994134263592	0.029	0.047	1	AL451062.3	c1
0.194456335608191	-0.4677765208997	0.072	0.092	1	GMDS-DT	c1
0.0731560387598602	-0.467758419157645	0.021	0.038	1	TRBV6-2	c1
0.0238712909415717	-0.467740010937641	0.188	0.241	1	RICTOR	c1
0.0339474047893723	-0.467474323587809	0.099	0.138	1	STAT5B	c1
0.028249877121558	-0.467391357455241	0.107	0.15	1	AZI2	c1
0.308665987213074	0.467372003386082	0.084	0.071	1	CPSF4	c1
0.389509991499882	-0.467280190253349	0.033	0.042	1	NDRG2	c1
0.0641061296471054	-0.467220973798717	0.06	0.088	1	MCCC1	c1
0.0114916413348766	-0.467202536765194	0.102	0.152	1	HMGXB4	c1
0.00115516956101083	-0.467174074843561	0.141	0.22	1	NOA1	c1
0.736033593026378	0.467094349736733	0.024	0.021	1	TLE1	c1
0.000932104141210408	-0.4670741907237	0.243	0.332	1	NDUFA10	c1
0.00204043727083151	-0.466957035152448	0.366	0.455	1	DAP3	c1
0.0137629494723524	-0.466878552520805	0.186	0.247	1	CCDC130	c1
0.3986400829404	-0.466868613875309	0.032	0.041	1	TNPO2	c1
0.0404884702705061	0.466848488219493	0.2	0.168	1	PPP3CA	c1
5.9436938992261e-09	-0.466274748351966	0.738	0.821	7.87182820013505e-05	STK17B	c1
0.249006879209249	-0.466183378103382	0.024	0.035	1	ATP11C	c1
0.104327486982921	0.465922620330122	0.143	0.115	1	HSPA13	c1
0.15708989243673	-0.465811537734754	0.037	0.053	1	ADCK5	c1
0.0110322724840534	-0.465551632549597	0.188	0.247	1	SNX20	c1
0.0101490744084634	-0.465382571692403	0.165	0.224	1	FAM13B	c1
0.596406559329828	0.465248651767253	0.022	0.018	1	CDK2AP1	c1
0.582692321012934	0.465051310209211	0.019	0.015	1	TXNDC16	c1
0.245511691301568	-0.464848492956079	0.029	0.041	1	SNHG19	c1
0.0932415631948132	-0.464694426275666	0.029	0.047	1	ZNF197	c1
0.118440392335613	-0.464688398853251	0.019	0.033	1	PRDM15	c1
0.599681341136849	-0.464547060497659	0.016	0.02	1	AL662899.2	c1
2.46941692019161e-07	-0.464437046916215	0.617	0.717	0.00327049576910177	WDR1	c1
0.00829045361196653	0.46437428489804	0.318	0.268	1	GPR108	c1
0.0402663189039683	-0.46427590209786	0.062	0.094	1	ALG6	c1
0.152986927582462	0.46417060027079	0.051	0.035	1	CEP128	c1
0.0521552114951468	-0.464058854329997	0.041	0.067	1	KLHL8	c1
0.00542620832279693	-0.463954523278505	0.153	0.22	1	HBS1L	c1
0.224260174291613	0.463671051795595	0.127	0.109	1	ALKBH3	c1
0.0713463083259967	-0.463621763240611	0.103	0.136	1	DCTN5	c1
0.142757663942805	-0.463554984858196	0.033	0.05	1	CDC34	c1
0.0543012371591436	-0.463528307927402	0.033	0.056	1	TOP3A	c1
0.110389073074815	-0.463423307864318	0.014	0.027	1	AP006621.3	c1
5.77902035277506e-22	-0.463299906061218	0.976	0.983	7.65373455521528e-18	PTPRC	c1
0.0296167963499594	-0.463257515445198	0.107	0.148	1	TGFBR1	c1
0.00268203587620834	-0.463188473581666	0.146	0.217	1	KLHL24	c1
0.285231396840277	-0.463050204463644	0.006	0.012	1	AP000311.1	c1
0.0308890034720117	-0.463047611531358	0.135	0.182	1	CALCOCO1	c1
0.130126279123441	-0.462603374671816	0.037	0.055	1	FAM173B	c1
0.573748312556979	0.462486184067872	0.017	0.014	1	AC099778.1	c1
0.0382593520509158	-0.462403080936661	0.13	0.174	1	KLHL36	c1
0.364684750472925	0.46237870198705	0.107	0.094	1	ICAM1	c1
0.00301043916763589	-0.462090771492147	0.167	0.239	1	TAF10	c1
0.0681637436525195	0.461917543656853	0.064	0.041	1	CLOCK	c1
0.0120137512243802	-0.461809985289687	0.086	0.133	1	IFT52	c1
0.546521277451706	0.461755511695733	0.014	0.011	1	WFS1	c1
0.00132032718436571	-0.461742729691348	0.205	0.292	1	YIPF3	c1
0.152418604841953	-0.461723257234758	0.094	0.118	1	PDCD4-AS1	c1
0.556502679736141	-0.461502972915611	0.013	0.017	1	AVEN	c1
0.0332935093040009	-0.461219306535345	0.095	0.135	1	LINC00847	c1
0.184418111949531	-0.461200881140921	0.073	0.094	1	THUMPD2	c1
0.00501581860857967	-0.461107438200744	0.097	0.153	1	DOCK11	c1
0.60003190749594	0.461092770084876	0.052	0.047	1	LRSAM1	c1
0.0772525936429138	-0.460966168233805	0.124	0.158	1	ZNF10	c1
0.00013377423825795	-0.460884660196337	0.358	0.482	1	TGOLN2	c1
0.00180112054022354	-0.460871107236766	0.173	0.248	1	HMG20B	c1
0.478472909382912	0.460767444549324	0.024	0.018	1	CHAF1A	c1
0.000163168977711039	-0.460722773152397	0.334	0.438	1	CFLAR	c1
0.0333019050416907	-0.460587464203849	0.099	0.138	1	SYMPK	c1
0.000518344700178428	-0.460570445050497	0.223	0.317	1	RRP1B	c1
0.477005879734235	-0.460451363948477	0.024	0.03	1	ZNF619	c1
0.000586792389562269	-0.460402646341356	0.243	0.335	1	RBBP7	c1
0.217687641487366	0.46035569023019	0.03	0.02	1	BIK	c1
0.12696620404413	-0.460155600156867	0.016	0.029	1	SALL2	c1
0.428060076842173	-0.460126131683091	0.019	0.026	1	URB2	c1
0.849877159033711	-0.460085406544394	0.029	0.03	1	TRBV11-2	c1
0.114934722839261	-0.459798241159726	0.029	0.045	1	TIPARP-AS1	c1
0.00088731798644969	-0.459668762377604	0.25	0.347	1	DNAJC4	c1
0.146260503999861	-0.459598143970082	0.068	0.091	1	GNB1L	c1
0.504012954788654	0.459455579011681	0.04	0.033	1	INAFM1	c1
0.40051362625536	-0.459426033993769	0.011	0.017	1	TRAF3IP1	c1
0.0160070308326567	-0.45923299982714	0.13	0.183	1	PLSCR1	c1
1.56820629982415e-06	-0.459183666257288	0.466	0.595	0.0207693242348711	ANKRD44	c1
0.0125123578679851	-0.459107385260924	0.114	0.165	1	OCEL1	c1
0.00160903799080575	-0.459068451938122	0.31	0.398	1	RNF19A	c1
0.247362915051547	0.458970309615052	0.022	0.014	1	TCTN1	c1
0.219609458957267	-0.458913064948781	0.021	0.032	1	WIZ	c1
0.150778212183189	0.458781051486281	0.103	0.082	1	COG6	c1
0.144107103142997	-0.458531486615288	0.038	0.056	1	C1orf109	c1
0.0557388758691196	0.458520779130448	0.203	0.171	1	GATAD2A	c1
0.299919030236581	-0.458518034606826	0.011	0.018	1	MIR4458HG	c1
1.8974700158408e-05	-0.458394737254449	0.65	0.691	0.251300928897955	PPP1R18	c1
0.130647191224202	0.458327717254779	0.102	0.079	1	BMI1	c1
0.0117907314811573	-0.457979291527149	0.095	0.144	1	GAMT	c1
0.0927070409532804	-0.457966159165422	0.075	0.102	1	SMIM8	c1
0.0763456079521627	-0.457932554088685	0.07	0.098	1	LARP4B	c1
0.00122009656917299	-0.457781984401915	0.227	0.317	1	MOB3A	c1
0.0392606420869897	-0.457510775471596	0.102	0.141	1	NUP133	c1
0.0441246726977462	-0.457409685109721	0.043	0.07	1	KCTD9	c1
0.294740891202955	-0.457327959334308	0.016	0.024	1	ETV7	c1
0.00982772949279482	-0.457255977301145	0.156	0.217	1	N4BP2L1	c1
0.916553617669808	-0.457117698585054	0.017	0.018	1	CEP72	c1
0.428896381160708	0.457035001815434	0.035	0.027	1	ZNF771	c1
0.117274381832887	-0.456898700636077	0.059	0.082	1	TMLHE	c1
0.0357840557404228	-0.456786651919601	0.043	0.071	1	PCNT	c1
0.374428461313421	-0.456703937429013	0.087	0.103	1	MAN2C1	c1
0.0283804667896041	-0.456665704116739	0.078	0.115	1	RPRD1A	c1
0.0322817623362604	-0.456643089573687	0.072	0.108	1	POLR2J3	c1
0.590359875767268	-0.45663095162357	0.122	0.133	1	ITPR2	c1
0.314512697514193	0.456384550676204	0.033	0.024	1	ABHD6	c1
0.00944337198847007	-0.456307089086104	0.157	0.217	1	ATP6V1H	c1
0.00196163937443925	0.45630239278829	0.391	0.336	1	TRAPPC6A	c1
0.0052647959070408	-0.456275803427344	0.113	0.171	1	SLC50A1	c1
0.0145873247627953	-0.456235550277456	0.103	0.152	1	KPNA5	c1
0.00648783015021768	-0.456222339093534	0.159	0.221	1	NAPRT	c1
0.00517457941643853	-0.456067459041543	0.089	0.142	1	DDX41	c1
0.608788929831387	0.455764684419454	0.037	0.032	1	CEP89	c1
0.257872659577735	0.455726224554776	0.037	0.026	1	ZNF528	c1
0.0754826249047372	-0.455610193797396	0.008	0.02	1	AURKA	c1
0.659685577931688	0.455345355117872	0.103	0.1	1	PHYH	c1
0.00388701450341227	0.455322132284486	0.356	0.294	1	PLK3	c1
0.267408770184478	-0.45529271197332	0.01	0.017	1	SMN1	c1
0.0181745749816289	-0.455261183033748	0.196	0.253	1	IRF2BP2	c1
0.0881739215496417	-0.455003362781751	0.06	0.086	1	RPRD1B	c1
0.223079341623856	-0.454872705961286	0.016	0.026	1	LRFN3	c1
0.0194771422017636	-0.45483528852153	0.132	0.182	1	UBE4A	c1
0.243714565637975	0.45480489097645	0.051	0.038	1	TAF1A	c1
0.000136937672343834	-0.454776645391284	0.215	0.321	1	TIPRL	c1
0.526778709003035	-0.454654622720645	0.011	0.015	1	CATSPERG	c1
0.0058745305870142	-0.454495632254311	0.229	0.3	1	MED15	c1
0.0271488295846967	-0.454386483995786	0.065	0.102	1	METTL18	c1
0.175945073030767	0.454372522793523	0.083	0.064	1	SLC35C1	c1
0.296361101798238	0.454112001599501	0.048	0.036	1	KLHL11	c1
0.244892607403054	-0.454105438515028	0.083	0.102	1	TP53BP2	c1
0.00052732301457903	-0.454085303361753	0.334	0.424	1	ITSN2	c1
0.0267494302191818	-0.453943487503436	0.064	0.098	1	LINC00909	c1
0.418205792442423	-0.453825796441611	0.119	0.135	1	LPAR6	c1
8.71540147257799e-06	0.453671550682114	0.499	0.408	0.115426777102823	FKBP2	c1
0.00416568851501215	-0.453293427321858	0.342	0.415	1	KRAS	c1
0.441337846719288	0.453213274312505	0.051	0.042	1	THAP9-AS1	c1
0.0105918835598977	-0.453137877948303	0.11	0.161	1	ABHD18	c1
0.00456701205757112	-0.452917503969937	0.141	0.209	1	GAPVD1	c1
0.24465726858015	-0.45285501355209	0.017	0.027	1	IQCH-AS1	c1
0.0608312454483555	-0.45279564705653	0.121	0.159	1	CACUL1	c1
0.724756260715222	0.452777259672328	0.016	0.014	1	ZNF30	c1
0.211551116899595	-0.452723248740813	0.065	0.083	1	TRAF3IP2	c1
0.0393677063843069	-0.452677848593182	0.062	0.094	1	BRPF1	c1
0.3122769837354	-0.4524505665573	0.024	0.033	1	ZRANB3	c1
0.0337865537820191	-0.452314381098539	0.065	0.098	1	GCFC2	c1
0.0437975152306426	0.452255320197228	0.203	0.17	1	COMTD1	c1
0.00124173600978952	-0.452114963981041	0.14	0.217	1	TMEM120A	c1
0.726421713948986	0.451912567092496	0.027	0.024	1	TBC1D32	c1
0.0153457060994244	-0.45182753220552	0.127	0.18	1	PYROXD1	c1
0.0025074815165705	-0.451769024423401	0.148	0.22	1	GATAD2B	c1
0.260725240486605	0.451753300094162	0.081	0.067	1	PPOX	c1
0.0483641095801525	-0.451723392521272	0.052	0.08	1	PTBP2	c1
0.0623405889022723	-0.451717338678117	0.116	0.152	1	FCHO1	c1
0.409943895815235	-0.4516900073915	0.006	0.011	1	FAM72A	c1
0.154311792251678	-0.451649469996796	0.043	0.061	1	STAM2	c1
0.017169030034927	-0.45157116601442	0.095	0.141	1	WAC-AS1	c1
0.00496952845773356	0.451511315655525	0.328	0.273	1	ACAA2	c1
0.0263124818133509	-0.4514155969789	0.091	0.13	1	TM2D2	c1
0.00124385085677011	-0.451257463821297	0.151	0.226	1	ZCRB1	c1
0.140384608448511	0.451087760945012	0.083	0.062	1	SGSH	c1
0.00298623056305976	-0.451038825553546	0.14	0.209	1	DELE1	c1
0.0347627014106108	-0.450772674190832	0.038	0.065	1	DEPDC5	c1
0.725294120142752	0.450749810006156	0.016	0.014	1	AL450326.1	c1
0.0503413283550349	-0.450747174867596	0.04	0.065	1	NAB2	c1
0.125061664895262	0.450520101500233	0.102	0.079	1	AC087239.1	c1
0.240177365148354	0.450434455057188	0.079	0.064	1	COQ2	c1
0.49430426692145	0.4504104327324	0.03	0.024	1	PTCH2	c1
0.0998819629753301	-0.450383227075116	0.052	0.076	1	KCTD17	c1
0.121365405974652	-0.450034846019453	0.095	0.123	1	DYRK2	c1
0.097244480535644	-0.44999514753273	0.081	0.109	1	ECE1	c1
0.619683154440711	-0.449975034805456	0.008	0.011	1	SLC16A5	c1
0.11172865200235	-0.449922251194716	0.008	0.018	1	FANCI	c1
0.000859518798608872	-0.449893495617055	0.24	0.33	1	DNAJC7	c1
0.309312350305329	-0.449677152535767	0.024	0.033	1	AC009961.1	c1
4.46971847885552e-05	-0.449495051417608	0.232	0.353	0.591969515339625	AAMP	c1
0.455165036219979	-0.449451117315348	0.022	0.029	1	REEP6	c1
0.00370305226875808	-0.449415227294006	0.211	0.288	1	MPLKIP	c1
0.914621999380329	0.449218784934868	0.014	0.015	1	AC090204.1	c1
0.113432273657394	-0.449206347765879	0.027	0.044	1	URB1	c1
0.000188786447032566	-0.44899453257507	0.479	0.577	1	EIF5	c1
0.0247758704702868	-0.448886787739924	0.06	0.095	1	PGPEP1	c1
0.0923495386332415	0.448695992629818	0.062	0.041	1	GLCE	c1
0.339197960207288	0.448581844668858	0.134	0.121	1	NBPF19	c1
0.0508933207087379	-0.448568345379855	0.008	0.021	1	HMGB3	c1
0.494891874173057	-0.4485296877785	0.01	0.014	1	ABHD14A	c1
0.00740455211044572	-0.448526859749771	0.189	0.259	1	METTL17	c1
3.42706449831441e-05	-0.448309422562056	0.447	0.561	0.453880422156761	GRK6	c1
0.269801682513127	0.448094567301057	0.064	0.05	1	LINC02132	c1
0.141185650918987	-0.448033445023968	0.086	0.111	1	ZNF460	c1
0.00665552258452709	-0.447849224187171	0.199	0.265	1	YIF1A	c1
0.132341491201383	-0.446878135595191	0.049	0.07	1	BICDL1	c1
1.30139100627214e-05	-0.446641396106073	0.358	0.486	0.172356224870683	SH3BP1	c1
0.227490137420852	-0.446557309582497	0.035	0.048	1	RPGR	c1
0.0254259471510791	-0.446407910346185	0.124	0.171	1	CRKL	c1
3.34482282196535e-06	-0.446377801875263	0.417	0.553	0.0442988334541092	UQCRFS1	c1
0.023139388835285	-0.446058350290139	0.213	0.264	1	CHRM3-AS2	c1
0.0680052449842845	0.445972091809998	0.176	0.145	1	DDB2	c1
0.0789626325194673	-0.44597012908112	0.045	0.068	1	ACTR5	c1
0.0355013808423299	-0.445931920870763	0.052	0.083	1	DNAJC11	c1
0.0168675528652131	-0.445744407478025	0.092	0.136	1	RMND5A	c1
0.480804887885078	0.445299033724398	0.067	0.059	1	BEST1	c1
3.58215503762327e-05	-0.445270976762572	0.526	0.638	0.474420613182826	TRAC	c1
0.00540109610626579	0.445229392682963	0.355	0.297	1	NR4A3	c1
0.343491637865121	0.445193582032448	0.159	0.148	1	SEPT11	c1
0.264742184251572	0.445159129500936	0.038	0.027	1	AC058791.1	c1
0.111349138615773	-0.445090249473918	0.003	0.011	1	ARHGEF4	c1
0.306047369521496	-0.445071119441288	0.03	0.041	1	AC114490.2	c1
0.0694722299721361	-0.444775613086104	0.048	0.073	1	MOSPD1	c1
0.0222509701964618	-0.444764987025286	0.14	0.189	1	RDH11	c1
0.230647957850554	-0.444590055386774	0.008	0.015	1	CASC1	c1
0.000162630724584976	-0.444345274396926	0.362	0.464	1	ZRANB2	c1
0.112519502428254	-0.444277063613936	0.079	0.106	1	ASB6	c1
0.0162518864449077	-0.444227454055082	0.105	0.153	1	DNTTIP1	c1
0.000833986536650356	-0.444067611751727	0.205	0.294	1	APEH	c1
0.0135213235153581	0.443831649396605	0.107	0.067	1	GPHN	c1
0.00987985490121319	-0.44378792487098	0.216	0.283	1	PCED1B	c1
0.196266101554565	-0.443781466432972	0.076	0.097	1	TAF9B	c1
0.138858121868624	0.4437073117026	0.075	0.055	1	RNF26	c1
0.0776221159227494	-0.443627108529798	0.04	0.062	1	LMF1	c1
0.0151447496200751	-0.443617063005703	0.143	0.198	1	ZNF506	c1
0.0287907405769051	-0.443588240099791	0.107	0.15	1	CDC37L1	c1
0.0885613370497092	-0.443506655770283	0.076	0.105	1	TELO2	c1
0.00519091462854329	0.443452697940098	0.326	0.271	1	ANP32E	c1
0.619683154440711	-0.44340402471115	0.008	0.011	1	AC021092.1	c1
0.0758579293732912	-0.443399802308448	0.07	0.098	1	ALAD	c1
0.420799756548251	-0.443266849892607	0.027	0.035	1	RWDD2B	c1
0.0361364484024625	0.443189249792755	0.176	0.138	1	NDRG1	c1
0.0257291971436468	-0.443104170365265	0.119	0.164	1	RBM48	c1
0.00769632109271157	-0.442798493044699	0.14	0.2	1	GGA2	c1
1.26801361915457e-05	-0.442757058873298	0.523	0.618	0.167935723720831	ARGLU1	c1
0.0923322956536237	-0.442744907924062	0.024	0.041	1	AC016065.1	c1
0.0666916655920831	-0.442508759587607	0.062	0.089	1	FCHSD2	c1
0.00838576490091169	-0.44243696640661	0.1	0.155	1	WARS	c1
0.0820742245495888	-0.44224788546116	0.105	0.138	1	AHCTF1	c1
7.66017394882556e-05	-0.442117022586611	0.448	0.564	1	TMC8	c1
0.0292049181972775	-0.442095911988581	0.161	0.211	1	PANK2	c1
0.322452095947524	0.441952314343545	0.083	0.07	1	RNF185	c1
0.0065022396205202	-0.441880593287791	0.145	0.206	1	LZIC	c1
0.00866256421351911	-0.441535088828622	0.293	0.359	1	ADD3	c1
0.45775331300703	-0.441493857009128	0.008	0.012	1	IGF1R	c1
0.0753864393049365	-0.441327833141365	0.079	0.109	1	PANK4	c1
0.0478446666320387	-0.44128530583597	0.089	0.126	1	HIP1R	c1
0.0909875153758437	-0.441150307805081	0.141	0.176	1	RNF168	c1
0.11160116285311	-0.441008293725117	0.086	0.114	1	PIP5K1A	c1
0.00629872344658535	-0.440996201597053	0.134	0.195	1	APBA3	c1
0.0123926618542774	-0.44077875794227	0.127	0.182	1	FBRS	c1
0.0144904802896323	-0.440517047867605	0.092	0.139	1	NKIRAS2	c1
0.000454289562779202	-0.440501366728515	0.614	0.65	1	CLEC2B	c1
0.0525908983966942	-0.440496982970864	0.105	0.142	1	HADH	c1
0.187910191487511	0.440480751089404	0.114	0.094	1	HSD17B4	c1
0.327338315128565	0.440426636662147	0.011	0.006	1	HLF	c1
0.00475819169210776	-0.440293786304976	0.124	0.186	1	FAM207A	c1
0.016839503637963	-0.440210618365844	0.092	0.138	1	MUTYH	c1
0.0264279900487118	-0.439715360231352	0.14	0.189	1	STAG1	c1
0.170433903286473	-0.439562688219743	0.052	0.071	1	LXN	c1
0.205119763100099	0.439465257172484	0.094	0.076	1	NOMO2	c1
0.0744789033103308	0.439301839740313	0.081	0.056	1	INF2	c1
0.603758559591783	-0.439299935687142	0.043	0.048	1	HPGD	c1
0.477187429023448	0.439288882625544	0.114	0.106	1	FUBP3	c1
0.0375531112649776	-0.439216643796267	0.181	0.232	1	LONP2	c1
0.458320068826829	-0.439197657669855	0.014	0.02	1	BTBD8	c1
0.147013413580055	0.439112041559508	0.18	0.155	1	CRTC2	c1
0.126880738681328	-0.439028836104544	0.03	0.047	1	CCDC51	c1
0.436837223081356	0.439001764082069	0.019	0.014	1	CTPS2	c1
0.907071008632128	0.438925182919399	0.014	0.014	1	RPH3AL	c1
0.265453006468398	-0.438701737608733	0.01	0.017	1	SPINDOC	c1
0.116588540071412	0.43867352014112	0.07	0.05	1	TMEM62	c1
0.0800583571984341	-0.438404791648499	0.04	0.062	1	SPATA33	c1
0.0196184112772751	-0.438384709935363	0.173	0.227	1	SPATA13	c1
0.00487061407768282	-0.438237216658227	0.134	0.197	1	VAMP7	c1
0.50983822440174	0.43819570330551	0.033	0.027	1	ZNF438	c1
0.0165451308602836	-0.438180820389185	0.089	0.135	1	ARL3	c1
0.713494274155793	0.438103843044088	0.011	0.009	1	AL158152.1	c1
0.247332893194962	-0.438100834371716	0.024	0.035	1	NEMP1	c1
0.0738356995248966	-0.438060738640824	0.075	0.105	1	MTMR3	c1
0.00502565031838478	-0.4379781473528	0.24	0.318	1	METAP2	c1
0.0238759214928584	-0.437831165594866	0.14	0.191	1	HDAC10	c1
2.17399338920513e-06	-0.43764577980235	0.458	0.612	0.0287923684466327	OCIAD2	c1
0.0971032620839724	-0.437260677812841	0.062	0.086	1	GCA	c1
0.000628257214803724	-0.437256074459779	0.138	0.221	1	SPNS1	c1
0.0379690889167334	0.437176521218754	0.17	0.13	1	PRDX4	c1
0.245520805777351	-0.436981420967187	0.013	0.021	1	CBWD6	c1
0.384027208541163	0.436835981702817	0.052	0.042	1	RAB34	c1
0.00290325908436643	-0.436452914741456	0.404	0.477	1	CASP4	c1
0.711559785507514	0.436452746111306	0.011	0.009	1	AC093249.6	c1
0.962698168519568	0.436353297819076	0.021	0.021	1	HEATR5A	c1
0.271697431442207	-0.436296587612681	0.072	0.088	1	ZFP64	c1
0.0015805915872894	-0.435891484186217	0.153	0.23	1	SCNM1	c1
0.302539159873303	-0.435726661041955	0.03	0.041	1	PPP1R12B	c1
0.000515651341725404	-0.435622234710718	0.21	0.302	1	SMIM29	c1
0.0703497899815986	-0.43555051227227	0.072	0.1	1	KIAA0586	c1
0.029384897818363	-0.435470393974823	0.073	0.111	1	POLL	c1
0.028236030590609	-0.435447868724725	0.079	0.118	1	SCYL2	c1
0.21880040272673	-0.435387766469983	0.021	0.032	1	SGO2	c1
0.063777603734388	-0.435371677706121	0.087	0.12	1	THEM6	c1
0.0045317363558383	-0.435276646943618	0.143	0.209	1	TPP2	c1
0.268372905214131	-0.434947535609621	0.137	0.161	1	TRGV3	c1
0.604164640398444	-0.434705074842657	0.025	0.03	1	AC016727.1	c1
0.284579634668884	0.434551600709108	0.01	0.005	1	GHRLOS	c1
0.0023704001902024	-0.434317791974684	0.208	0.288	1	SMARCC1	c1
0.108223075248997	-0.434082287521386	0.022	0.038	1	FRMD4A	c1
0.0910573500109792	-0.434066147249144	0.056	0.08	1	TIMM44	c1
0.0147816809704275	-0.433963452343135	0.083	0.127	1	RAD9A	c1
0.0207676022235907	-0.433920858100635	0.097	0.142	1	SWI5	c1
0.0440460901644983	-0.433864580413649	0.043	0.07	1	ABHD8	c1
0.0637823056573861	-0.433656149558397	0.081	0.114	1	ARID3B	c1
0.217619943205315	0.433538918956776	0.062	0.047	1	SOCS5	c1
0.883079656514904	0.433486472690168	0.011	0.012	1	ARMCX2	c1
0.0256838091039059	-0.433254506300279	0.089	0.13	1	KBTBD4	c1
0.0697162810661111	-0.433252023192614	0.052	0.079	1	FBXO11	c1
0.00265743587344224	-0.433121800950465	0.189	0.265	1	USP8	c1
0.398395887326985	0.43309572915569	0.145	0.132	1	EDEM2	c1
0.219632389361673	-0.43296885524596	0.048	0.064	1	GPR25	c1
0.454584873849872	0.43284489310342	0.021	0.015	1	RNF212	c1
0.0143759701772255	0.432740693487329	0.28	0.232	1	NFKB2	c1
0.197425051550895	-0.432620538727007	0.045	0.061	1	DDX11	c1
0.236253586223854	-0.432603938556616	0.017	0.027	1	VIPR1	c1
0.03349782246041	-0.432403298413187	0.054	0.086	1	RPP14	c1
0.110176545222346	-0.432327493798154	0.051	0.073	1	GTF2H4	c1
0.522965034442582	0.432251115790264	0.056	0.048	1	ZDHHC2	c1
0.0894898782280815	-0.432133542768453	0.043	0.065	1	TMEM19	c1
0.0243476773434084	-0.4320078804467	0.079	0.12	1	SLC12A6	c1
0.000430740614007653	-0.431954796805897	0.196	0.291	1	NUTM2B-AS1	c1
0.0398627392285586	-0.43193983584893	0.054	0.085	1	HS2ST1	c1
0.0710125448652751	0.431932224716769	0.127	0.097	1	GPN3	c1
0.00173267926073937	-0.431617700714901	0.308	0.395	1	SLC25A39	c1
0.243382025611103	-0.431255405504007	0.052	0.068	1	NNT-AS1	c1
0.409410240969815	-0.431032297679527	0.006	0.011	1	C16orf95	c1
0.0733200124513073	-0.431011162616574	0.091	0.123	1	SENP5	c1
0.00209697326794087	-0.43091208004853	0.216	0.302	1	ECHDC1	c1
0.000279576746132709	-0.430854017270309	0.428	0.527	1	R3HDM4	c1
0.433333519139193	-0.430542348072834	0.013	0.018	1	CTNNAL1	c1
0.00558402700570942	-0.430503436065941	0.266	0.339	1	SMG1	c1
0.367506314852819	-0.430453538014678	0.01	0.015	1	FBXL22	c1
0.000524786489387313	-0.430434604015908	0.356	0.442	1	RPS19BP1	c1
0.0778069581141749	-0.430184477995372	0.097	0.129	1	ANKRD13C	c1
0.816858054298444	0.430109601365281	0.038	0.036	1	GSAP	c1
0.0111410515919313	-0.430007938657712	0.141	0.198	1	EML2	c1
0.215789568077649	-0.429966567743076	0.065	0.083	1	BBS2	c1
0.504991848171535	-0.429819186105791	0.017	0.023	1	RPP40	c1
0.286271425174204	-0.429816056897604	0.049	0.064	1	ZNF740	c1
0.00154024151194172	-0.429789227115903	0.184	0.265	1	NAA50	c1
0.342989081552404	-0.429775623469469	0.035	0.045	1	ZNF500	c1
0.00270978623038136	-0.429768873202475	0.202	0.277	1	ZBTB8OS	c1
0.00436515541849078	-0.429717195773931	0.208	0.282	1	WAC	c1
0.192090802813773	0.42955238469937	0.107	0.086	1	STX18	c1
0.0231602406250896	-0.429465231490196	0.143	0.192	1	DRG2	c1
0.00193962475163575	-0.429386980404267	0.294	0.377	1	RNASEH2B	c1
0.00198483596622578	-0.429187343351115	0.243	0.33	1	ARHGAP25	c1
0.499575435581673	0.429186408451998	0.029	0.023	1	EID2B	c1
0.0258668597288185	-0.4291627559957	0.11	0.155	1	OTUD5	c1
0.490383353445045	0.429141921907855	0.073	0.065	1	PRADC1	c1
0.00456419281414023	-0.428938113656836	0.114	0.174	1	RDH14	c1
0.436756837645397	0.42881428602939	0.057	0.048	1	NUP35	c1
0.0054171912688108	-0.428679758469105	0.146	0.211	1	EHMT1	c1
0.1054873865828	-0.428581674131726	0.037	0.056	1	MARK4	c1
0.36206057529611	-0.42852910958404	0.048	0.059	1	NPIPB4	c1
0.000400541327222358	-0.428516389895322	0.283	0.391	1	DNAJB14	c1
0.0912087892505927	-0.428410444361993	0.052	0.076	1	ERCC6	c1
0.0859015721780317	-0.428408507168013	0.052	0.077	1	PCCB	c1
0.000766875760023025	-0.428219975094484	0.34	0.429	1	IGBP1	c1
0.0656418510247591	0.42814575393087	0.294	0.271	1	LPIN2	c1
0.00920359812251944	-0.428066594396163	0.116	0.171	1	MRPS2	c1
0.283476215124776	0.428023432277017	0.13	0.115	1	ATF7IP2	c1
0.217508073854227	0.427908769720927	0.137	0.118	1	GUCD1	c1
0.177266733520472	-0.427820763408039	0.046	0.064	1	ZFP62	c1
0.354382632321619	-0.427701178821923	0.021	0.029	1	ZNF169	c1
0.0019304479463712	0.427642812835114	0.374	0.308	1	HNRNPLL	c1
0.228721725042673	0.427439052798722	0.076	0.061	1	SIRT5	c1
0.0779422186241895	-0.427376764651873	0.046	0.07	1	QTRT2	c1
0.885796295744767	0.427123912814594	0.048	0.047	1	MYO1C	c1
0.0716620123858667	-0.42700358290812	0.054	0.08	1	GLYCTK	c1
0.0241849282683618	-0.426890245909325	0.087	0.129	1	GPAT4	c1
0.025283083996776	-0.426774351939037	0.122	0.17	1	PPIL2	c1
0.00178641720782815	-0.426515386464965	0.297	0.385	1	DNPH1	c1
0.174754545678945	-0.426455873125543	0.086	0.109	1	SGK1	c1
0.00399736772796568	-0.426387455999658	0.121	0.185	1	PIGH	c1
0.236432619031948	-0.426284186004501	0.022	0.033	1	SDCBP2-AS1	c1
0.0570130452052434	-0.426186160933874	0.052	0.08	1	PINX1.1	c1
0.326896649861858	0.42613897973459	0.095	0.082	1	ATP13A2	c1
0.432550596643621	0.426014199585704	0.056	0.047	1	PIGU	c1
0.0627573227356708	-0.425948919899777	0.107	0.141	1	PEX3	c1
0.507573379924076	0.425943957397472	0.033	0.027	1	H1F0	c1
0.26612941256409	0.425842033486994	0.1	0.085	1	ZBTB45	c1
0.00349001434726695	-0.425595264216194	0.188	0.261	1	AKTIP	c1
0.00921581095969546	-0.425556662869278	0.409	0.465	1	CBLB	c1
4.58384112065345e-05	-0.425405087962562	0.251	0.37	0.607083918019342	LYPLA1	c1
0.00182474514171666	-0.425299203011931	0.21	0.297	1	FAM133B	c1
0.0666609844532252	-0.425225418410416	0.065	0.094	1	TOGARAM1	c1
0.0655687698891143	-0.425058743002439	0.067	0.095	1	ZNF268	c1
0.139682581270165	-0.425010738085656	0.032	0.048	1	AL137003.1	c1
4.5378704389799e-07	-0.42495117504216	0.693	0.788	0.00600995560938498	CD247	c1
0.366029753120507	0.424916208629018	0.024	0.017	1	DUSP8	c1
3.40094364525939e-05	0.4246722179415	0.56	0.485	0.450420976378154	YWHAH	c1
0.0363715132961865	-0.42463981140858	0.199	0.245	1	GON4L	c1
0.0187333946493406	0.424621940110969	0.259	0.214	1	KMT2E-AS1	c1
0.701820817693577	0.424572087745156	0.011	0.014	1	COA7	c1
0.162788073401928	-0.424548202838655	0.037	0.053	1	NSDHL	c1
0.0309677922723238	-0.424544451921689	0.111	0.153	1	EXOC1	c1
0.404626580149833	0.424529081631776	0.03	0.023	1	SCD5	c1
0.0411086586643316	-0.424504889266108	0.194	0.245	1	EPB41L4A-AS1	c1
0.534482114513693	-0.424463439078457	0.056	0.064	1	ZNF100	c1
0.104528795109833	0.424462618297414	0.103	0.079	1	BBC3	c1
0.281654086658821	0.424428598279929	0.062	0.048	1	PAXIP1-AS1	c1
0.72049727335288	0.424411492351476	0.013	0.011	1	YPEL4	c1
3.61097908789659e-05	0.42431859005163	0.531	0.445	0.478238070401025	STAT4	c1
0.12977156228024	0.424152481291946	0.073	0.053	1	ATRIP	c1
0.0472024642556176	-0.423945008768523	0.108	0.147	1	KIAA0100	c1
0.0227787452409315	-0.423902520370088	0.075	0.114	1	ISOC2	c1
0.620953365415401	-0.423834521579782	0.008	0.011	1	C7orf25	c1
0.0635939147681749	0.423751691613226	0.052	0.032	1	AC073896.2	c1
0.0121550055831822	-0.423711832152005	0.121	0.174	1	PPIL3	c1
0.065647437793351	-0.423667455535933	0.135	0.173	1	C3orf38	c1
0.881948053982516	0.423593935851996	0.022	0.021	1	SYCP2	c1
0.52048054862705	0.423526885272177	0.049	0.042	1	ZNF814	c1
0.0362916839240212	-0.423461754409609	0.081	0.118	1	NTPCR	c1
0.548080187381986	0.423166672564968	0.014	0.011	1	SPINT1-AS1	c1
0.0512325759869178	0.4231041801874	0.197	0.159	1	PRCP	c1
0.143366070821366	-0.422994810645683	0.022	0.036	1	ZNF510	c1
0.213648576167157	0.422920724048545	0.081	0.064	1	ANKRD52	c1
0.16002326441608	0.422740276962588	0.099	0.077	1	HIST2H2AC	c1
0.244049933104146	-0.422677471451969	0.046	0.061	1	OSGEPL1	c1
0.0524778675959075	-0.422644089215368	0.086	0.12	1	NUDT3	c1
0.130847655211908	-0.422634449502158	0.056	0.077	1	LINC02001	c1
0.701467933759803	0.422583483562461	0.01	0.008	1	PELI3	c1
0.008247927771944	-0.422573042062396	0.141	0.203	1	CCDC25	c1
0.00738110370474088	0.422385202035101	0.211	0.156	1	MBNL2	c1
0.00402200693111144	-0.422281359700897	0.13	0.195	1	AFTPH	c1
0.167419316215536	-0.422279578763447	0.037	0.053	1	TIRAP	c1
0.00134015231399136	-0.422120654789004	0.576	0.635	1	NR3C1	c1
0.00256729691159702	-0.422020681629865	0.169	0.244	1	ZCCHC7	c1
0.0245437848623677	-0.42192888826058	0.132	0.179	1	ANKZF1	c1
0.0364816780891271	-0.421884034141982	0.078	0.114	1	GTF3C1	c1
5.13635207483704e-05	0.421866509127986	0.463	0.373	0.680258468791417	GDI1	c1
0.0361891415981019	-0.421848306816824	0.113	0.155	1	SPOUT1	c1
0.873627644403508	0.421724674802405	0.024	0.023	1	AKAP2	c1
0.00856354410771377	-0.421553152721012	0.092	0.142	1	ZBTB2	c1
0.741311008878484	0.421459414026214	0.024	0.021	1	AC135457.1	c1
0.178009322848006	-0.421411999880103	0.078	0.1	1	SKI	c1
0.455654602507137	0.421111436918952	0.065	0.056	1	CAMKK2	c1
0.118291755451693	0.421064666255343	0.114	0.089	1	BOD1	c1
0.324588444902761	-0.420943810195283	0.013	0.02	1	PLEKHG4	c1
0.231936897591257	-0.420925472059832	0.081	0.1	1	ATR	c1
0.013799071734984	-0.42059977770849	0.137	0.191	1	TOR3A	c1
0.611528246657868	-0.420534327863391	0.017	0.021	1	ASTN2	c1
0.411012445282693	-0.420521661179624	0.006	0.011	1	ZNF653	c1
0.00190433317244471	-0.420454595617258	0.394	0.477	1	RAB11B	c1
7.88778805935507e-05	-0.420393635129814	0.157	0.256	1	RB1CC1	c1
0.00109745715735019	-0.420303593842454	0.189	0.274	1	CUEDC2	c1
0.0689951598722491	-0.42019551111044	0.078	0.109	1	KLHL12	c1
0.0544418041128585	0.420156949439979	0.041	0.023	1	KLF5	c1
3.18500313002099e-05	0.420018675050129	0.539	0.442	0.42182181453998	VSIR	c1
0.0092702074611621	-0.419836349598076	0.219	0.285	1	GPBP1L1	c1
0.501640185277781	0.419762942091223	0.067	0.059	1	PGAP3	c1
0.144822577097756	0.419750575530532	0.262	0.238	1	RASGEF1B	c1
0.0990645785136809	0.419645400175437	0.118	0.089	1	ACSL6	c1
0.0613861750560497	0.419457033991861	0.218	0.185	1	CHD9	c1
0.00391291319667272	-0.419324245434146	0.213	0.286	1	PSMC6	c1
0.00102236097001998	-0.419317838748982	0.439	0.521	1	PIM2	c1
0.913910587821708	0.419314172236604	0.013	0.012	1	AP003392.6	c1
0.247619846745971	-0.418980672310433	0.045	0.059	1	SMCR8	c1
0.042735366408281	-0.418833304268238	0.076	0.111	1	DNAJC30	c1
0.0336538547491801	-0.418611234775299	0.102	0.142	1	AP5M1	c1
0.517608587969052	0.418537029816598	0.054	0.047	1	ZBTB22	c1
0.00106423349813611	-0.418450376604855	0.261	0.353	1	BUD31	c1
0.297297145752656	0.418371211212419	0.046	0.035	1	FECH	c1
0.26684081578969	-0.41824209278825	0.032	0.044	1	ZNF345	c1
0.0022345510894551	-0.418162867049462	0.219	0.3	1	THOC3	c1
0.109922603320558	-0.417787844341673	0.045	0.065	1	OSBPL7	c1
0.733627613094666	0.417739040503204	0.017	0.015	1	BMP1	c1
0.0518823981297699	0.417698516143979	0.157	0.124	1	MED31	c1
0.077548388740791	-0.417660811787889	0.073	0.102	1	KHDC4	c1
0.193508255971553	-0.417593844755472	0.024	0.036	1	STPG1	c1
0.0787716469108862	-0.417584001320106	0.045	0.068	1	BLM	c1
0.079293776000353	-0.417471983126334	0.064	0.091	1	TMED1	c1
0.450718077867025	-0.417323890017026	0.041	0.05	1	MAPK7	c1
2.33201777933155e-09	-0.417254368776145	0.803	0.845	3.0885243469467e-05	MBNL1	c1
0.000777552329781972	-0.417229364618186	0.463	0.538	1	PPP1CC	c1
0.705800388724206	0.41717150039342	0.04	0.036	1	ZNF236-DT	c1
0.0228039454032267	-0.417058267768859	0.078	0.118	1	EXOC3	c1
0.863661354272349	0.416950030168682	0.052	0.056	1	IMPAD1	c1
0.402425490072655	-0.416877914978234	0.017	0.024	1	FOXO4	c1
0.0452526782442318	-0.41674512462083	0.164	0.211	1	RIF1	c1
0.202148096140207	-0.416719732708957	0.065	0.083	1	ZNF134	c1
7.58563174792116e-05	-0.416706419448516	0.499	0.576	1	POLR1D	c1
0.00573549135582152	-0.416690954502452	0.184	0.253	1	UBL7	c1
0.439861111220592	0.416578280726052	0.072	0.062	1	IRS2	c1
3.10600087609197e-07	-0.416571381199266	0.803	0.874	0.00411358756029621	HMGN2	c1
0.00107788193718275	-0.416351560764241	0.203	0.289	1	HERC1	c1
0.236015207103858	-0.416258570502312	0.07	0.088	1	ZNF484	c1
0.244464162072885	0.416206709334478	0.081	0.065	1	B4GALT7	c1
0.00396259844883578	-0.416147388180591	0.232	0.309	1	NUDT16L1	c1
0.0229441431794134	-0.416140793097533	0.097	0.141	1	SLC7A5	c1
0.024596687549845	-0.416120500247832	0.132	0.179	1	SLMAP	c1
0.00161013672961724	-0.416070553051653	0.234	0.321	1	TMEM106B	c1
0.00335480541033434	-0.41606897762183	0.143	0.209	1	UBR5	c1
0.12843730402387	0.415889467978667	0.092	0.07	1	TMEM185B	c1
0.0122483771664643	0.415805034498594	0.232	0.185	1	TBX21	c1
0.0197871555478684	-0.415779512627704	0.079	0.12	1	ACOT13	c1
0.0820960376531211	-0.415768609869968	0.129	0.165	1	TMEM106C	c1
0.00410484356738739	-0.41575295045672	0.194	0.267	1	PCIF1	c1
0.221584406031888	0.415719609443975	0.083	0.065	1	CTBP1-DT	c1
8.72482589805899e-06	0.415438514671175	0.588	0.489	0.115551594193893	OSTC	c1
0.0193489891114784	-0.415387196162442	0.11	0.158	1	HCFC1	c1
0.0025498427281327	-0.415308862081182	0.197	0.28	1	CIAO1	c1
0.00138272322092517	-0.415162493002021	0.173	0.255	1	GLRX	c1
0.169131940378201	0.415054229524427	0.175	0.155	1	GOT2	c1
0.0121957185708479	-0.414913428998933	0.167	0.23	1	NAMPT	c1
0.131012075288984	-0.414890094435606	0.121	0.15	1	CRK	c1
0.042948681024735	0.414486556873107	0.192	0.155	1	TIFA	c1
0.010456644611399	-0.41414771874204	0.11	0.164	1	DICER1	c1
0.00300698577866553	-0.414147148283166	0.202	0.277	1	CYTH4	c1
0.0814974262282622	-0.414135565490759	0.097	0.129	1	FAM222B	c1
0.0219701854982351	-0.413917763928143	0.181	0.242	1	ERBIN	c1
0.172262936959227	0.413916315509442	0.083	0.064	1	TMEM184B	c1
0.132725716983699	-0.413801221211245	0.067	0.089	1	PAN3	c1
0.566627139493705	-0.413763413866833	0.07	0.079	1	GZMK	c1
0.000698285085242787	-0.413605942559788	0.334	0.433	1	DNAJC15	c1
0.00195967005396372	-0.413520143506103	0.227	0.315	1	PDE7A	c1
0.0192175778825088	-0.413500160766224	0.087	0.13	1	KLHL6	c1
0.737463060335431	-0.413494562263661	0.014	0.012	1	TRAV1-1	c1
0.0603488319381227	-0.413103622035537	0.141	0.18	1	TLE3	c1
0.478663473792326	-0.413074335184976	0.033	0.041	1	DHRS7B	c1
0.0612862608300163	-0.41295404545675	0.086	0.12	1	ZNF444	c1
0.159223280482367	-0.412717373155374	0.035	0.052	1	ECI1	c1
0.0106781684076325	-0.412581633006937	0.143	0.202	1	RAB28	c1
0.00776446916841296	-0.412579721754237	0.081	0.13	1	MVB12A	c1
0.00766025712028433	-0.412568982976359	0.221	0.298	1	XRN1	c1
0.00800559996040967	-0.412417479049452	0.186	0.25	1	RFTN1	c1
0.0233318652630267	-0.412338236512155	0.108	0.155	1	OXR1	c1
0.0190511983729277	-0.41216206304757	0.13	0.18	1	MRPL2	c1
0.115989274965098	-0.412117668838145	0.057	0.08	1	FUCA1	c1
0.0707467172096009	0.412102596862059	0.173	0.141	1	NCOA2	c1
0.368336815332614	-0.411731482509015	0.01	0.015	1	ERVMER61-1	c1
0.0997799896432271	-0.411584537942151	0.103	0.133	1	AVL9	c1
0.0159204129554956	-0.411547679258849	0.126	0.179	1	RABEP1	c1
0.201883291107897	0.411373955404117	0.072	0.055	1	GALNT10	c1
0.00981208149739477	-0.411271212888795	0.194	0.258	1	DDX39B	c1
0.715430606733312	-0.411254140563341	0.011	0.009	1	RNF207	c1
0.278839204027049	0.411235565232804	0.068	0.055	1	HERC6	c1
0.182017770140771	0.41119213850311	0.024	0.014	1	RAD54B	c1
0.0244899643848699	-0.411178929741038	0.107	0.15	1	TRIM26	c1
0.0203272846633244	0.410910937473122	0.192	0.147	1	HNRNPH2	c1
0.0306313318202346	-0.410889137081203	0.07	0.106	1	CYREN	c1
0.0204712154872257	-0.410870579620323	0.067	0.105	1	NUDT18	c1
0.106555055559091	-0.41080542127548	0.064	0.088	1	DROSHA	c1
0.734277204460277	0.410615202264074	0.024	0.021	1	TRIM62	c1
0.0128516549458903	0.410613967312744	0.205	0.152	1	GIMAP8	c1
0.0990689518870128	-0.410526406281199	0.072	0.098	1	CDK5RAP2	c1
0.233256754257143	-0.410420629431901	0.041	0.056	1	AP4M1	c1
0.00847017060225142	-0.41030424394845	0.2	0.268	1	ST8SIA4	c1
0.0242386366449845	-0.410294936799462	0.199	0.255	1	KANSL1	c1
0.285260758346581	-0.410243798543885	0.029	0.039	1	VKORC1L1	c1
0.173993745257973	0.410149322089536	0.092	0.071	1	IFITM3	c1
7.36916238904968e-05	0.410147115995117	0.548	0.467	0.97597186680574	RNH1	c1
0.110249366927971	0.410076279883199	0.132	0.105	1	P4HA1	c1
0.0556838268590821	-0.409972504583913	0.064	0.094	1	MAPK3	c1
0.0822134459017594	0.409893940359848	0.011	0.003	1	PTOV1-AS2	c1
0.124584989527306	-0.409759262632593	0.059	0.082	1	SLF2	c1
0.000807511257451116	0.409677947018436	0.471	0.417	1	CCDC107	c1
0.0198959185961753	-0.409653008419452	0.175	0.232	1	RTCB	c1
0.00957014772657361	-0.409639555543919	0.223	0.294	1	CTNNB1	c1
0.0228764498998595	-0.409509769880006	0.122	0.17	1	HTRA2	c1
0.0779875921407199	-0.409421733890626	0.068	0.097	1	TSR1	c1
0.0914019213634481	-0.409416596404721	0.038	0.059	1	MMAA	c1
0.0430693788665858	-0.409400806094104	0.068	0.102	1	PITPNM1	c1
0.98249598221507	-0.409305439301497	0.04	0.039	1	SOCS2	c1
0.268071664760559	-0.409236169677928	0.025	0.036	1	FAM111A-DT	c1
0.000879208862139604	-0.409187758958826	0.208	0.298	1	RPIA	c1
0.000731674453795524	-0.409125009445032	0.264	0.359	1	TRAPPC5	c1
0.00262037556891732	-0.409101679924258	0.167	0.241	1	CHCHD1	c1
0.157747298286562	-0.409100654933542	0.019	0.032	1	SYNGR3	c1
0.0905688057557094	0.409091482668422	0.234	0.206	1	MOSPD3	c1
0.0120666309073396	-0.409088136569359	0.094	0.142	1	KIAA1468	c1
0.681999057502204	-0.408964472631709	0.41	0.395	1	MAP3K8	c1
0.508046473891562	0.408943154137912	0.011	0.008	1	SIAH3	c1
0.484917980190007	-0.408928305389118	0.033	0.041	1	DHRS4L2	c1
0.00208481931200414	-0.408799325980566	0.238	0.326	1	CWC15	c1
0.0152771507989265	-0.40876801900205	0.072	0.114	1	HGH1	c1
0.129341878626728	-0.408752950942359	0.025	0.041	1	SAMD1	c1
0.146247772093699	0.408691366122288	0.076	0.056	1	PIK3CB	c1
0.00927669289593875	-0.408684797021572	0.194	0.259	1	POGZ	c1
0.0470220437708249	-0.408614942472243	0.033	0.058	1	ZSWIM8	c1
0.00324044092470141	0.408574401767117	0.331	0.267	1	HTATSF1	c1
0.817322982027775	0.408572676080992	0.065	0.064	1	ZC3H4	c1
0.44216994986808	-0.408553547553312	0.021	0.027	1	IFT172	c1
0.584556471783217	-0.408551634381969	0.025	0.03	1	SNURF	c1
0.00680948429586993	0.408449977475615	0.296	0.239	1	TPP1	c1
0.498343321838876	0.408311871303407	0.03	0.024	1	ZIK1	c1
0.205373887471746	-0.408296986871391	0.072	0.091	1	SUN1	c1
0.0486195828261925	-0.408132283528932	0.13	0.173	1	ZNF770	c1
0.137113597384783	-0.408000885622243	0.06	0.082	1	RFX3	c1
0.715950923335423	0.407727093049117	0.076	0.073	1	TRMT61A	c1
0.064578922658022	-0.407694772233326	0.095	0.13	1	PVT1	c1
0.164760832322013	-0.407509246750331	0.056	0.076	1	HIP1	c1
0.0547938225376305	-0.407471843256276	0.029	0.05	1	ERCC2	c1
0.912346729969847	0.407427939139879	0.014	0.015	1	TSPAN2	c1
0.173168906517477	-0.407311127065423	0.046	0.064	1	C2orf76	c1
0.00301909152056648	-0.40724812359876	0.383	0.468	1	EIF1AX	c1
0.0829173784271147	-0.407156844712125	0.089	0.121	1	TP53BP1	c1
0.740139749822696	0.4071328785252	0.025	0.023	1	ARIH2OS	c1
0.0318347047073894	-0.407056411385914	0.07	0.106	1	PUDP	c1
0.00628332282840508	0.407011174636136	0.385	0.333	1	TMEM109	c1
0.713494274155793	0.406969484457377	0.011	0.009	1	MIRLET7BHG	c1
0.00854291519402515	-0.406841920372404	0.081	0.13	1	YBEY	c1
0.166984189108839	-0.406809945770174	0.025	0.039	1	AL627171.1	c1
0.00241979634864556	0.406635231896083	0.366	0.286	1	CD82	c1
0.0791785590523237	-0.406452666129219	0.135	0.173	1	CDK10	c1
0.431693495154474	-0.406442512387256	0.013	0.018	1	GAS8	c1
0.139329785137871	-0.406404170134454	0.032	0.048	1	FAM189B	c1
0.177749490412205	0.406346366238876	0.13	0.109	1	RCHY1	c1
0.104729357784062	-0.406202027734843	0.041	0.062	1	ACY1	c1
0.473617379060464	0.40616441683655	0.024	0.018	1	CCND1	c1
0.00218270514924295	-0.406132579781234	0.223	0.309	1	PRPF38A	c1
0.00735611814710312	-0.4061133309392	0.127	0.186	1	PLAA	c1
0.0527021833252044	-0.406074809136376	0.073	0.106	1	AC093512.2	c1
0.00398428837295777	-0.406029622094475	0.183	0.255	1	WIPI2	c1
0.0124726956243718	-0.405799629343643	0.126	0.179	1	COP1	c1
0.00201348572895506	-0.405754439813452	0.25	0.338	1	HPS1	c1
0.632722901448012	0.405558721934898	0.079	0.074	1	SLC35A5	c1
0.0918801961203492	0.405470245501145	0.116	0.089	1	ANXA4	c1
0.500810669198893	-0.405364265082298	0.027	0.033	1	ZXDA	c1
0.0165740671098137	-0.405345671276322	0.127	0.18	1	CDC16	c1
0.269285874270977	-0.405162921321053	0.06	0.076	1	SENP2	c1
0.612643295482225	0.405057122534578	0.041	0.036	1	SLC16A1-AS1	c1
0.0208355016369688	-0.404953153740165	0.095	0.139	1	SUSD6	c1
0.519367821858792	0.404940993212752	0.064	0.056	1	HTD2	c1
0.0585180462383695	-0.404821405839186	0.07	0.102	1	SLC27A3	c1
0.0978731608368098	-0.404752566752211	0.054	0.077	1	FAM220A	c1
0.711906352475647	0.404703932988939	0.037	0.033	1	PWWP2B	c1
0.213220108205044	-0.404590088583341	0.064	0.082	1	ERV3-1	c1
0.133966652319502	-0.404475855073219	0.079	0.105	1	USP53	c1
0.0244510031032575	-0.404471326648409	0.094	0.138	1	BAG4	c1
0.112986618522244	-0.404441058116667	0.045	0.065	1	RCN1	c1
0.203900783234156	-0.404341251685937	0.014	0.024	1	ZNF81	c1
0.146036509985174	0.404304237897695	0.191	0.167	1	MPZL3	c1
0.0565307488372932	-0.404027376792004	0.033	0.056	1	IPP	c1
0.00050176426785161	-0.403980066265178	0.359	0.456	1	ADAR	c1
0.00523254351809015	-0.403923654752967	0.266	0.342	1	EIF4E2	c1
0.531240784933711	-0.403896063199416	0.011	0.015	1	CHAF1B	c1
0.257297742297228	-0.403820381914131	0.045	0.059	1	DNAAF5	c1
0.271835425725698	-0.403814832044066	0.032	0.044	1	GBA2	c1
0.0652590155370439	-0.403767883906684	0.046	0.071	1	THOP1	c1
0.267082123443849	-0.403763464200456	0.01	0.017	1	HOMER1	c1
4.0888075875582e-06	0.403661874586107	0.693	0.589	0.0541521676896207	RPL22L1	c1
0.00485923859494093	-0.403651455439913	0.143	0.211	1	SUPT7L	c1
0.296443870535031	-0.403513612705413	0.016	0.024	1	PPP1R3B	c1
0.271135963149158	0.403392882873015	0.078	0.064	1	LRCH1	c1
0.327445640291205	-0.403221430255499	0.033	0.044	1	ARHGAP19	c1
0.112498177284094	-0.403200071057319	0.075	0.102	1	RNF8	c1
0.174911517027457	-0.403104446764479	0.021	0.033	1	FGFRL1	c1
0.107482021246901	-0.402945754580311	0.102	0.132	1	MAP3K1	c1
0.161363673732869	-0.402769180964613	0.062	0.083	1	SMYD4	c1
0.0640385151556678	-0.402697999914729	0.072	0.102	1	NOL9	c1
0.672780396258682	0.402539861689097	0.056	0.052	1	TCEANC2	c1
1.09712546839773e-11	-0.402459474093918	0.975	0.976	1.45303297034595e-07	CD3D	c1
0.296134950983548	-0.402261649803235	0.022	0.032	1	POLA1	c1
0.0473271502704133	-0.40223404596401	0.13	0.171	1	PTCD3	c1
0.110120063557611	-0.402089235690842	0.014	0.027	1	AC106791.1	c1
0.0940201846898612	-0.401970488568695	0.072	0.098	1	OGFOD2	c1
0.610379870104246	-0.401948200279445	0.029	0.033	1	SUSD4	c1
0.195125515247812	-0.401946354838725	0.051	0.068	1	ARHGEF19	c1
0.134232783435691	-0.401935230495714	0.056	0.077	1	PIGL	c1
0.0868073004250957	-0.401780128883151	0.084	0.115	1	RNASEL	c1
0.000568432654386133	-0.401584708349324	0.223	0.321	1	SRA1	c1
0.0414308968467187	-0.40157006055076	0.121	0.164	1	RNF111	c1
0.478491031672759	0.401438289633902	0.01	0.006	1	SMN2	c1
0.491263748406585	-0.401425111243321	0.025	0.032	1	ZNF485	c1
0.417885665216997	-0.401421729038326	0.043	0.053	1	AGO1	c1
0.063932484341711	0.401290086157871	0.245	0.211	1	TFG	c1
0.0185242653774438	-0.401197666194113	0.211	0.267	1	CARHSP1	c1
0.0201921818043685	-0.401074470713902	0.124	0.173	1	AGPAT1	c1
0.0785670567134821	-0.400844868339076	0.052	0.077	1	SENP1	c1
0.0456196239245602	-0.400712546126301	0.06	0.091	1	NF1	c1
0.00872486464875679	-0.400643265976759	0.178	0.245	1	TSPAN5	c1
0.0228375029133847	-0.400635433008242	0.289	0.352	1	SDF2L1	c1
0.00192034765553635	-0.400614701948253	0.488	0.553	1	MPHOSPH8	c1
0.666712476411109	-0.400594177424697	0.062	0.067	1	ZYG11B	c1
5.71611070211316e-05	0.400530634464645	0.755	0.688	0.757041701387866	DNAJA1	c1
0.829807577631266	0.400246099657101	0.041	0.039	1	KIAA0513	c1
0.61307600825201	0.400208810487842	0.027	0.023	1	AL390728.6	c1
0.46377841092407	-0.399792076970732	0.033	0.041	1	KLHL26	c1
0.00770306399418631	-0.399742904048024	0.364	0.433	1	ATM	c1
0.928652066597287	0.399626935437539	0.01	0.009	1	AL035071.1	c1
0.236980538005637	0.399585174175713	0.062	0.047	1	TTC9	c1
0.412296248022454	0.399427513776796	0.1	0.089	1	MARCH2	c1
0.00650374283329283	-0.399145401358571	0.358	0.426	1	LUC7L3	c1
0.696041698836396	0.398968319723362	0.011	0.014	1	PARPBP	c1
0.0899209390309142	-0.398956099211199	0.378	0.421	1	MYCBP2	c1
0.00716910539874683	-0.398946636847796	0.145	0.208	1	AGO3	c1
0.238877861337828	-0.398727100003302	0.029	0.041	1	C20orf194	c1
0.0041120311623299	-0.398619525938032	0.267	0.344	1	RNF125	c1
0.00111517401069279	-0.398578976836807	0.375	0.476	1	LNPEP	c1
0.224764571294787	0.398535701154712	0.06	0.045	1	ARHGAP10	c1
0.284016185229084	-0.398511655443316	0.006	0.012	1	SRXN1	c1
0.106356617005881	0.398485746270579	0.167	0.138	1	AL118516.1	c1
0.00552492238882859	-0.398452652699247	0.165	0.235	1	MRPL27	c1
0.040380813698564	-0.397885099049899	0.116	0.158	1	NSUN5	c1
0.0184386360822229	-0.397829158094301	0.097	0.144	1	GDE1	c1
0.00197966421969894	-0.397733534653169	0.302	0.398	1	RNF114	c1
0.0186744300478362	-0.39770425049243	0.118	0.167	1	C8orf76	c1
0.58380767775008	-0.397637288721723	0.014	0.018	1	MAST2	c1
0.523814658269668	-0.397502842338906	0.011	0.015	1	ZNF132	c1
0.134408161034269	0.397073656875553	0.146	0.121	1	PAQR8	c1
0.202787660649979	-0.396938534652047	0.014	0.024	1	CCR1	c1
0.553665859939887	0.396674798331234	0.086	0.079	1	SP1	c1
0.0387659046908067	-0.396596377486754	0.169	0.217	1	KRI1	c1
0.300198912121875	-0.396392441806555	0.046	0.059	1	DAAM1	c1
0.884964592249094	0.396324850517037	0.065	0.065	1	WRNIP1	c1
0.0104680568026024	-0.396324656795804	0.17	0.23	1	TXNDC9	c1
0.826624382494732	0.396186004838944	0.04	0.038	1	AC019163.1	c1
0.00400673056838374	-0.396020766401773	0.218	0.298	1	PPWD1	c1
0.0169270976167807	-0.395991406283572	0.094	0.139	1	MAPKAPK5	c1
0.598112860872438	0.395980146605168	0.022	0.018	1	RPP25	c1
0.458676332835994	-0.395913701410679	0.11	0.123	1	FBLN5	c1
0.109583598554214	-0.395901523928438	0.014	0.027	1	MCM8	c1
0.736713980013936	0.395792934492828	0.017	0.015	1	AC104532.1	c1
0.2850215471128	-0.39570370146641	0.035	0.047	1	AP4S1	c1
0.122292367826631	0.395446814941662	0.132	0.105	1	AL357060.1	c1
0.698351251569403	0.395238994109552	0.011	0.014	1	AGAP3	c1
0.89704348104454	0.39519458372625	0.021	0.02	1	CRIP2	c1
0.188317930134017	-0.395147114942752	0.04	0.056	1	UGDH	c1
0.0460263836047654	-0.39505319073276	0.232	0.285	1	NUP58	c1
0.512671668181422	0.394971221916045	0.011	0.008	1	TCTN2	c1
0.282410091651291	-0.394782773570435	0.06	0.076	1	CASK	c1
0.116464092333463	-0.394703809748748	0.057	0.08	1	NSUN3	c1
0.507937961812841	0.394526864565127	0.078	0.07	1	LINC00662	c1
0.219048637133666	0.394523404996933	0.057	0.042	1	ZNF626	c1
1.7501128212569e-05	-0.394467650256094	0.668	0.744	0.231784942047264	FKBP1A	c1
0.0321365228084195	-0.394399702081432	0.11	0.153	1	NME6	c1
0.733770878612507	0.394377596538984	0.019	0.017	1	POC1B-AS1	c1
0.082244243114354	-0.394212805770851	0.03	0.05	1	ZNF562	c1
0.0562895055957477	-0.394203696968829	0.108	0.145	1	PNPLA6	c1
2.36157448396988e-05	0.39407757184608	0.556	0.444	0.312766924656971	ICOS	c1
0.0627405847791445	-0.393926489066059	0.122	0.162	1	ADIPOR2	c1
0.287619064993326	0.393875914893314	0.062	0.048	1	AC097376.2	c1
0.0524233100171838	0.393731868201327	0.199	0.161	1	MBOAT7	c1
0.32998204859938	-0.393676954051065	0.013	0.02	1	SFXN5	c1
0.255244609217253	-0.393569216354035	0.032	0.044	1	CHIC1	c1
0.0945057824151338	-0.393491993982634	0.045	0.067	1	ARRDC1-AS1	c1
0.132037367182703	-0.393438414962216	0.025	0.041	1	ACAD10	c1
0.00736474591950002	-0.393360823916937	0.25	0.324	1	ZNHIT3	c1
0.899927529377553	0.393321173957446	0.013	0.014	1	DRAM1	c1
0.0334433142457729	0.393224738590966	0.223	0.182	1	CCDC167	c1
0.424333500789398	-0.393211640311694	0.019	0.026	1	RNF122	c1
0.069577046389433	-0.393145538414072	0.157	0.198	1	GLYR1	c1
0.083387858776282	-0.393120920572515	0.095	0.127	1	AC100810.1	c1
0.000829621191382532	-0.393081059590215	0.221	0.318	1	SECISBP2	c1
0.0319452855632721	-0.393060650471873	0.084	0.123	1	C2orf69	c1
0.291930362938155	0.392887393815308	0.043	0.032	1	TMEM150A	c1
0.709627152045187	0.392837602314441	0.011	0.009	1	AL096678.1	c1
0.329495058937596	-0.392821261575531	0.008	0.014	1	AL117339.5	c1
0.245727335124179	-0.392820717240546	0.094	0.114	1	HEATR1	c1
0.0380374960757421	-0.392744197165731	0.04	0.067	1	HSDL1	c1
0.398874898020632	0.392579028607541	0.03	0.023	1	ZNF776	c1
0.0261953376106168	-0.392292044482798	0.181	0.235	1	SMIM10L1	c1
0.1517857199039	0.392279209481824	0.062	0.044	1	KLF11	c1
0.110415592832993	-0.392084518664	0.208	0.242	1	AP3M2	c1
0.611501136471283	0.391998592028672	0.03	0.026	1	AMACR	c1
0.0364328283043833	-0.391700703945038	0.099	0.139	1	WDR13	c1
0.00949694827145412	-0.39164895179231	0.175	0.238	1	NELFCD	c1
0.416785309035711	0.391576064913354	0.035	0.027	1	SLC35F2	c1
0.0914495709317029	0.391538534257161	0.141	0.112	1	AAAS	c1
0.876363332036012	0.391528099489525	0.079	0.079	1	CEP290	c1
0.203176596157285	0.391365164268804	0.173	0.155	1	CD81	c1
0.150492689549568	-0.391324576079521	0.029	0.044	1	LINC01806	c1
0.346329436348465	0.391278954557986	0.075	0.062	1	SMAD7	c1
0.103318920061594	-0.391083911777053	0.062	0.086	1	SLC25A53	c1
0.213361529074675	-0.391027542603184	0.079	0.1	1	C1RL	c1
0.190061969543812	-0.39098538541456	0.049	0.067	1	WDR47	c1
0.294261805971832	-0.390853507719176	0.037	0.048	1	TEX261	c1
0.164107777789391	-0.390825987150683	0.043	0.061	1	ZNF189	c1
0.00440017893585573	-0.390791921889986	0.17	0.238	1	ZNF430	c1
0.177188673013682	0.390733805698124	0.191	0.171	1	MGAT2	c1
0.0105513964334439	-0.390619082198277	0.146	0.206	1	CBFB	c1
0.0124980243674283	-0.390508167254295	0.162	0.221	1	SLC35C2	c1
0.210630902000377	-0.390373431820619	0.051	0.068	1	TET2	c1
0.148380525945679	0.390348164117832	0.099	0.077	1	NAA25	c1
0.667322991711676	0.390312573479482	0.01	0.012	1	AC011450.1	c1
0.0097408005463525	-0.38995988746325	0.205	0.273	1	ZDHHC12	c1
0.0615287370115454	-0.389938641410778	0.157	0.2	1	PTPMT1	c1
0.739601409243338	0.389727684793236	0.027	0.024	1	TRAV18	c1
0.315759309548585	-0.389491836041905	0.024	0.033	1	SCRIB	c1
0.00174541347819671	-0.389385613397567	0.34	0.435	1	ANKRD11	c1
0.054892734715075	0.389229608872568	0.143	0.108	1	SGK3	c1
0.00793180003038486	-0.389169172456892	0.176	0.244	1	CAPN7	c1
0.0186052224955724	-0.389155106251548	0.196	0.256	1	NOP56	c1
0.12907000336451	-0.389138127586302	0.073	0.097	1	PDP1	c1
0.301575490061571	-0.389108538652144	0.022	0.032	1	ALG14	c1
0.479714663733972	0.388850400545054	0.01	0.006	1	ADM2	c1
0.00226365040093091	-0.388795598692638	0.219	0.303	1	GTF2I	c1
0.838076710731687	-0.388594422682603	0.065	0.068	1	RALGAPA2	c1
0.00596900578764602	-0.38850504837202	0.213	0.289	1	PUM2	c1
0.00431460409373078	-0.388405627560582	0.151	0.223	1	COMMD4	c1
1.68295507798777e-06	-0.388328881755613	0.572	0.658	0.0222890570528701	SEM1	c1
0.0321263541097745	-0.388210417612544	0.119	0.164	1	PWWP2A	c1
0.098724881016685	-0.388180110719038	0.122	0.158	1	STIM2	c1
0.230229522725536	0.388117998701792	0.021	0.012	1	PLEKHN1	c1
0.00049166719439886	-0.38810858382074	0.339	0.445	1	SP110	c1
1.29945298450699e-05	-0.388080606154868	0.59	0.697	0.172099553268106	LBH	c1
0.013124980976189	0.388076825989967	0.242	0.185	1	ATP2B1	c1
0.609332676282848	0.388026562704388	0.033	0.029	1	VPS37C	c1
0.159653613305735	-0.387976748748807	0.094	0.117	1	XPOT	c1
0.915149024723018	0.387925446433479	0.013	0.012	1	RWDD2A	c1
0.0834529636451399	-0.387731963220544	0.041	0.064	1	TMEM94	c1
0.994324946480683	0.387490970274328	0.025	0.026	1	HOXB-AS1	c1
0.0363336721454838	-0.387453358251028	0.107	0.148	1	COPS7B	c1
0.0660624949112683	-0.387340587590246	0.153	0.198	1	MPRIP	c1
0.735780245211334	0.387241274101606	0.021	0.018	1	C17orf107	c1
0.0411381461836279	0.387221955608135	0.256	0.218	1	DNAJC3	c1
0.23872420626518	-0.387144663497401	0.022	0.033	1	AC104596.1	c1
0.278599332019664	-0.387078923382519	0.033	0.045	1	TMEM63B	c1
0.102356790899012	0.387071098881142	0.277	0.252	1	ELF2	c1
0.00132204744198221	-0.387055169259607	0.58	0.653	1	CDKN1B	c1
0.810876882242576	-0.387047258680647	0.022	0.024	1	LINC01011	c1
0.0200344400430158	-0.387000888520716	0.175	0.233	1	DIP2A	c1
0.506415193632993	0.386945452462306	0.076	0.068	1	CDADC1	c1
0.0778853321323708	-0.386900126369408	0.045	0.068	1	ZNF75D	c1
0.0188538197769941	-0.386819691642702	0.25	0.309	1	MITD1	c1
0.409943895815235	-0.386707420956131	0.006	0.011	1	MALINC1	c1
0.233165322618373	-0.386678300518851	0.008	0.015	1	MGST2	c1
0.0723934588128611	-0.386676225111179	0.089	0.123	1	SCAMP4	c1
0.0059875806431985	-0.386161322928241	0.137	0.202	1	MIIP	c1
0.272105107797231	-0.386066469776649	0.092	0.111	1	NAF1	c1
0.0809439622803754	-0.386043092982173	0.127	0.164	1	RC3H2	c1
0.00120063222928958	-0.386009952352593	0.418	0.514	1	RAB5IF	c1
0.188259351944043	0.385928735345675	0.067	0.05	1	ZNF749	c1
0.344048292101379	-0.385859298906373	0.043	0.055	1	CCDC125	c1
0.19443244516225	0.385853863367537	0.135	0.114	1	EDEM1	c1
0.231980044361207	-0.385814065416712	0.087	0.108	1	SCO1	c1
0.225377935027568	-0.385671525817944	0.027	0.039	1	C11orf68	c1
0.121441455394465	-0.385641919074635	0.105	0.133	1	CCDC71	c1
0.00175633748342618	-0.385625783477885	0.159	0.238	1	MRPL28	c1
0.0212303837317162	-0.385394070690822	0.127	0.177	1	PLPP5	c1
0.160976105765729	-0.385189187703163	0.03	0.045	1	SLC2A13	c1
0.0078048817501574	-0.385114347193238	0.161	0.226	1	DDIT3	c1
0.00166077061215736	-0.384994442371904	0.169	0.247	1	CNOT1	c1
0.0824700951436801	-0.384940859461552	0.048	0.071	1	ZNF827	c1
0.438998095922587	0.384669809290505	0.078	0.068	1	MICA	c1
0.0238888111792194	-0.384584447281048	0.167	0.22	1	TRIM14	c1
0.0563615980694191	0.384432457917245	0.342	0.298	1	SERTAD1	c1
0.203494185101873	-0.384410731704707	0.068	0.088	1	GIGYF1	c1
0.0663656513677062	-0.384377936469656	0.056	0.083	1	ANAPC10	c1
0.0588683148196078	-0.384296199475689	0.091	0.126	1	AARS	c1
0.024101808307571	-0.384129139366335	0.13	0.18	1	RANBP3	c1
2.64549448075242e-05	-0.383947738194403	0.382	0.512	0.35036928903085	TRABD	c1
0.528801025733084	0.383917455906594	0.059	0.052	1	ZNF605	c1
0.332434988009523	0.383824104830073	0.076	0.064	1	RFX1	c1
0.162471137550865	-0.383705308635139	0.008	0.017	1	AP002990.1	c1
0.431773048756497	0.38360382330661	0.094	0.083	1	ALDOC	c1
0.0802293965950527	-0.383582483036005	0.087	0.118	1	MED23	c1
0.0551334515518152	-0.383477073959164	0.138	0.18	1	CBLL1	c1
0.0552240571440362	0.383383661898162	0.226	0.188	1	ANAPC13	c1
0.141463658721323	-0.383321060599855	0.027	0.042	1	IZUMO4	c1
0.0168069706688791	-0.383110525682831	0.186	0.244	1	P4HTM	c1
0.0978364183589907	-0.383005608668936	0.095	0.126	1	ANKRA2	c1
0.33552412844173	0.382781073723547	0.083	0.07	1	VPS50	c1
0.00891367392719091	0.382664338498169	0.216	0.161	1	BCL7C	c1
0.0227482802661821	-0.382634342032443	0.107	0.152	1	DNM1L	c1
0.0345539541144749	-0.382548471962594	0.13	0.174	1	PMM1	c1
0.0124299991777816	-0.382375530471946	0.189	0.253	1	PHAX	c1
0.527768625375228	-0.382362019843279	0.011	0.015	1	AL135791.1	c1
0.134951630050678	-0.382289712801693	0.057	0.079	1	ZDHHC16	c1
0.405777154729816	0.382271665386503	0.068	0.058	1	GOLGA8A	c1
0.0829678185893904	-0.382032789530903	0.1	0.133	1	CARNMT1	c1
0.0596314890185694	-0.381937400079012	0.156	0.2	1	PRR14	c1
0.0413447408321402	-0.38191912012946	0.079	0.115	1	DYRK4	c1
0.0600557347532423	-0.381596748245642	0.181	0.23	1	USP34	c1
0.330737203987956	-0.381562088285283	0.008	0.014	1	FAAP24	c1
0.750132823225637	-0.38150387384237	0.052	0.056	1	TRAV12-1	c1
0.000425733045616215	-0.38142515642674	0.42	0.523	1	PTPN7	c1
0.0638223015076092	-0.381394785677112	0.086	0.12	1	MKRN2	c1
0.115018975857356	-0.381341746462797	0.032	0.05	1	ATL2	c1
0.23264698772933	0.381154588323423	0.065	0.05	1	LIMK2	c1
0.118137986561885	-0.381113677903654	0.057	0.08	1	CCDC117	c1
0.0398853215986857	-0.380986714519504	0.138	0.183	1	SCAF4	c1
0.500432319247057	0.380915919521384	0.032	0.026	1	LEKR1	c1
0.0523551390987705	-0.380821258621466	0.108	0.145	1	ZC3H12D	c1
0.0554101061671939	-0.380791279007225	0.127	0.165	1	GRWD1	c1
0.914621999380329	0.380656539501898	0.014	0.015	1	UST	c1
0.141261276329259	-0.380648292335668	0.045	0.064	1	CUL4B	c1
0.00469542315896431	-0.380481329531861	0.316	0.391	1	GNAI2	c1
0.508558328021598	0.380479627184538	0.064	0.056	1	PAK1	c1
0.114590587848474	-0.380428334299489	0.051	0.073	1	ARL8A	c1
0.832380467270458	-0.380343055686978	0.025	0.027	1	ZNF354B	c1
0.156389761178988	0.380269474922108	0.259	0.236	1	TLE4	c1
0.0135574054467433	-0.380237613696293	0.135	0.191	1	BTBD1	c1
0.00986491998579296	-0.380199727664356	0.218	0.288	1	URI1	c1
0.0116188910639051	-0.380081467159932	0.14	0.2	1	PDZD11	c1
0.00366182120056064	-0.379943305836648	0.18	0.253	1	NOB1	c1
0.909533691017959	0.379839512842834	0.016	0.015	1	FGL2	c1
0.356007669615916	-0.379825490712703	0.027	0.036	1	SPRYD4	c1
0.0900579101062071	0.379749784283569	0.161	0.133	1	MAP3K4	c1
0.296155990452492	0.379642767838703	0.017	0.011	1	CENPP	c1
0.00920642446807213	-0.379614256031585	0.102	0.155	1	POLM	c1
0.0367960459783677	-0.37941396930989	0.086	0.124	1	EAF1	c1
0.203127156080408	-0.379405134501778	0.045	0.061	1	ZNF575	c1
0.0667925033594681	-0.379343386400611	0.072	0.102	1	ZDHHC4	c1
0.410477963970101	-0.379133286061565	0.006	0.011	1	AC048382.5	c1
0.00791031397241414	-0.379098075891647	0.087	0.138	1	DFFA	c1
0.33700409005041	0.379086448339333	0.067	0.055	1	SH3GLB2	c1
0.0176512928489733	-0.379039423784204	0.321	0.38	1	AKAP9	c1
0.0458726449529553	-0.378857930845601	0.057	0.088	1	COX10	c1
0.00541613959717867	-0.37869205356469	0.143	0.208	1	MRPS25	c1
0.232628933142793	-0.37862250010928	0.041	0.056	1	SELENON	c1
0.0141660125593705	-0.378522483520146	0.095	0.144	1	KDM5C	c1
0.50201158223369	0.378514855555856	0.029	0.023	1	USP40	c1
0.0141806619456618	-0.378495988534032	0.165	0.224	1	MRPS30	c1
0.00414772438377978	0.378493029050394	0.369	0.309	1	SND1	c1
0.963730936384161	0.378293526005654	0.033	0.033	1	FBXL8	c1
0.00105905232709361	-0.378214216477737	0.361	0.442	1	GLG1	c1
0.206380646484168	-0.378063902444922	0.03	0.044	1	INTS7	c1
0.00179626140880822	-0.377941765805352	0.343	0.438	1	CYBC1	c1
0.139582436925359	-0.377839776714793	0.038	0.056	1	TCEAL1	c1
0.000228224404507179	-0.377810484052105	0.337	0.455	1	XRN2	c1
0.49540137725172	-0.377703613086164	0.01	0.014	1	MYO15B	c1
0.0681976463481696	-0.377699015019207	0.079	0.111	1	TUBGCP3	c1
0.221599667635316	-0.377660562322318	0.033	0.047	1	MFSD9	c1
0.0772973523091719	-0.377626518254343	0.111	0.145	1	GMFB	c1
0.0126267267615183	-0.377598684289964	0.208	0.276	1	ATXN7L3B	c1
0.0409679953735562	-0.377541495608714	0.118	0.162	1	CISD1	c1
0.330242048861355	-0.37750006277146	0.025	0.035	1	FBXO5	c1
0.115622075125023	-0.377500047157366	0.095	0.124	1	DUSP10	c1
0.0409982339048366	-0.377384096682281	0.075	0.109	1	KLHL18	c1
0.447698449029385	-0.377345294309531	0.03	0.038	1	CCDC71L	c1
0.14140536457042	-0.377175202944437	0.072	0.095	1	FAM117A	c1
0.166102892477262	0.37709069866813	0.054	0.038	1	TJP3	c1
0.324100667468019	0.377077445221037	0.011	0.006	1	INKA1	c1
0.271774968748276	-0.377044330288656	0.033	0.045	1	AC019205.1	c1
0.0550495458473245	-0.3769246617361	0.18	0.226	1	MRPS31	c1
0.079544251358714	-0.376881944327313	0.083	0.114	1	PRKCZ	c1
0.0916528517523443	-0.376844042928258	0.084	0.114	1	GCN1	c1
0.162077788376963	-0.376721189062992	0.064	0.085	1	TARS2	c1
0.916897968620904	0.376663871483582	0.014	0.015	1	L3MBTL1	c1
0.0127959203141736	-0.376658078809348	0.192	0.256	1	PWP1	c1
0.123477121877229	0.37662734305711	0.052	0.035	1	TRBV3-1	c1
0.0015256730721473	-0.376548163181893	0.307	0.403	1	CCDC88C	c1
0.268527424628301	-0.376392057356033	0.1	0.12	1	SNX19	c1
0.172264135795929	0.376355375946285	0.153	0.129	1	CYB5A	c1
0.0326957274994768	-0.37635273849149	0.124	0.171	1	ZMYND11	c1
0.322855501599904	-0.376324070175016	0.04	0.052	1	MTHFR	c1
0.285231396840277	-0.37631027890197	0.006	0.012	1	AC027290.1	c1
0.39257791319242	0.376292603640455	0.057	0.047	1	SGSM2	c1
0.0145066026081346	-0.376254265322048	0.159	0.218	1	SLAMF6	c1
0.359770758116524	-0.376202827906837	0.087	0.102	1	AC093010.2	c1
0.0822994150242457	-0.376197623850742	0.083	0.112	1	FCF1	c1
0.122541859218078	-0.376150219675135	0.121	0.153	1	RBM10	c1
0.52309121299004	0.376090525522168	0.057	0.05	1	FEN1	c1
0.504074179302962	0.376037341408913	0.084	0.076	1	FAM98A	c1
0.229160102817867	-0.37602930227193	0.033	0.047	1	NLRX1	c1
0.231849224848002	0.375946719858488	0.151	0.135	1	TMEM128	c1
0.237458178233034	-0.375942063000843	0.043	0.058	1	ZNF468	c1
0.00091548066770111	-0.37588912414931	0.509	0.589	1	MAT2B	c1
0.183128497007122	-0.375877175112255	0.099	0.123	1	TMEM11	c1
0.197666404174616	-0.375632772548792	0.06	0.079	1	RBL1	c1
0.113425710268496	-0.375591111180509	0.011	0.023	1	LINC00467	c1
0.590147660195175	0.375471216596176	0.021	0.017	1	PHLPP2	c1
0.0293613608697421	-0.375435217964836	0.089	0.132	1	MOB2	c1
0.00992103070928978	-0.375392116433342	0.138	0.2	1	XPNPEP1	c1
4.44892648076964e-05	0.375358648429392	0.553	0.467	0.589215823113131	PARP8	c1
0.0101584826194047	-0.375330337227212	0.156	0.217	1	SMIM27	c1
0.000855708682780833	-0.375321041000584	0.194	0.288	1	EIF2AK1	c1
0.0156003737255447	-0.375314827258714	0.251	0.321	1	SMC3	c1
0.00014599950150729	-0.375245473649732	0.41	0.524	1	EIF1B	c1
0.138043303019725	-0.375190308719759	0.045	0.064	1	TEPSIN	c1
0.92261685606616	0.375175718338054	0.011	0.011	1	ZNF165	c1
0.142614068946451	-0.375154495122689	0.027	0.042	1	MTHFD2L	c1
0.324962729852979	0.375045546967423	0.127	0.114	1	SH2D3A	c1
0.0531020253658903	0.375016294948021	0.277	0.238	1	CALHM2	c1
0.280492726639246	-0.37495838625663	0.021	0.03	1	ZNF525	c1
0.173309072980628	-0.374764510943142	0.079	0.102	1	ASB16-AS1	c1
0.45670631475049	-0.374707721410782	0.008	0.012	1	ZNF610	c1
0.000101910651599052	0.374655485159691	0.482	0.405	1	CTDSP1	c1
0.339999481866464	0.374491962921714	0.081	0.068	1	NUDT15	c1
0.0562134481978349	-0.37448813367144	0.17	0.217	1	COA5	c1
0.516988115266383	0.374349556285667	0.035	0.029	1	MIPEP	c1
0.00103788928068748	-0.374304593207294	0.424	0.521	1	CCT3	c1
0.264384903459699	-0.374251706661407	0.065	0.082	1	ZNF586	c1
0.0667142212848314	-0.374157282464821	0.141	0.18	1	DNAJB2	c1
0.0226317273196362	-0.373977308919019	0.095	0.138	1	RRP8	c1
0.128716552106143	-0.373769202536358	0.016	0.029	1	B4GAT1	c1
0.118621269856705	-0.373697213371039	0.132	0.162	1	SIDT1	c1
0.047683150189616	-0.373689019662637	0.173	0.22	1	SEL1L	c1
0.00588452199609079	-0.373681593607364	0.385	0.465	1	MOB1A	c1
0.167498558429329	0.373643070786132	0.052	0.036	1	LAPTM4B	c1
0.090387150243906	-0.373546273772315	0.094	0.126	1	BROX	c1
0.746217110365976	-0.373477428051411	0.051	0.055	1	ABCA5	c1
0.146597527927443	-0.373416820324462	0.076	0.1	1	SLC8B1	c1
3.07571319486405e-05	0.373408548671618	0.561	0.458	0.407347455527795	TSPO	c1
0.00531484635571924	-0.373363597094406	0.199	0.273	1	CPSF7	c1
0.0240539334790198	-0.373290929367204	0.164	0.218	1	MTF2	c1
0.62881468974531	0.373144854443096	0.073	0.068	1	MAPK8	c1
0.117362647153076	0.373130156641071	0.259	0.235	1	YIF1B	c1
0.382531479805172	0.373079339468066	0.057	0.047	1	ZNF780B	c1
0.0441376279623431	-0.373070931430002	0.176	0.226	1	PABPN1	c1
0.00717888240105318	-0.373009653391572	0.156	0.223	1	TRAFD1	c1
0.0826800875802546	0.372938413916682	0.183	0.148	1	FOXJ3	c1
0.023081534374309	-0.372848260333195	0.178	0.233	1	IGSF8	c1
0.401569522172911	-0.372789019253647	0.057	0.068	1	AP3S2	c1
0.0143778883505239	-0.372781350929637	0.248	0.312	1	ARRDC1	c1
0.605991104033807	0.37277744116756	0.052	0.047	1	PWP2	c1
3.42835053421449e-06	-0.372716986836251	0.644	0.727	0.0454050744751367	ATP5IF1	c1
0.00979996238127176	-0.37263300577434	0.132	0.189	1	LUC7L	c1
0.10008433618748	-0.372514156777813	0.17	0.203	1	ADA2	c1
0.0135092621306997	-0.372394947572505	0.227	0.292	1	ERICH1	c1
0.354577383859455	-0.372183325071314	0.045	0.056	1	SAMD4B	c1
0.262084825609349	0.372155093947426	0.118	0.1	1	CYSTM1	c1
0.937353243303628	0.372052364120482	0.037	0.036	1	SIPA1L3	c1
0.964206400444172	0.371922590288731	0.051	0.052	1	GM2A	c1
0.358774971289822	0.37180829723411	0.013	0.008	1	GOLGA8N	c1
0.21367394710691	0.371780762149637	0.172	0.153	1	KIAA1109	c1
0.680526806886806	-0.371745321451553	0.011	0.014	1	DYRK3	c1
0.113871000880942	-0.371657096788788	0.232	0.268	1	BET1L	c1
0.0131392247172596	-0.371644246802182	0.226	0.289	1	HSPA4	c1
0.019601634788545	-0.371585478293704	0.145	0.2	1	SKA2	c1
0.639582211651962	-0.371564965298258	0.019	0.023	1	HIST1H2AK	c1
0.116119603221322	-0.371489468464743	0.072	0.097	1	EIF3B	c1
0.00017661680798151	-0.371379337615143	0.418	0.532	1	AURKAIP1	c1
0.113094771527585	-0.371205879221573	0.057	0.08	1	BRF1	c1
0.000802154528139172	-0.371055168528464	0.218	0.312	1	TNKS2	c1
0.0261367790988212	-0.371039554503769	0.175	0.229	1	TUBGCP2	c1
0.0558922762623762	-0.370963859887545	0.213	0.258	1	TTC19	c1
0.404576969100659	-0.370909823216991	0.025	0.033	1	IFFO2	c1
0.269534296192246	-0.370653672804392	0.059	0.074	1	SYNGAP1	c1
0.0592904298648435	-0.370580157177436	0.054	0.082	1	CLEC16A	c1
0.523294396791213	0.370575992850428	0.013	0.009	1	PHETA2	c1
0.0653267293465959	-0.370505667946918	0.075	0.106	1	DDX60	c1
0.00193207423493742	0.370408848370931	0.483	0.432	1	TGFB1	c1
0.216377189889909	-0.370398484261297	0.07	0.089	1	ITPRIPL1	c1
0.0105518367213868	-0.370388151742463	0.289	0.355	1	MRPS36	c1
0.0588730834266302	-0.370387941970423	0.084	0.118	1	KCTD5	c1
0.464854121680705	0.37010290227673	0.092	0.083	1	WDFY2	c1
0.0331363983825188	-0.370033605403023	0.18	0.23	1	ECI2	c1
0.319003181581639	0.370030239110238	0.052	0.041	1	GNE	c1
0.0243173228671931	-0.369906852252491	0.148	0.202	1	MAD1L1	c1
0.306115964559338	0.369772067439278	0.03	0.021	1	PHC2	c1
4.89507984791549e-05	-0.369682027555566	0.571	0.662	0.648304375057928	CLEC2D	c1
0.021290926933136	-0.369620307433511	0.32	0.38	1	NKTR	c1
0.00170581681471864	-0.369592216554529	0.989	0.974	1	CD52	c1
0.310962532062891	-0.369562139002456	0.038	0.05	1	POFUT1	c1
0.244106679553497	-0.369492502678537	0.043	0.058	1	CASD1	c1
0.0790507731250266	-0.369391390982618	0.062	0.089	1	H6PD	c1
0.142027844220021	0.369231754587526	0.102	0.079	1	CRY2	c1
0.295244516303217	-0.368842317755249	0.029	0.039	1	C12orf66	c1
0.111151721414477	-0.368774732333156	0.048	0.07	1	RBM12B	c1
0.151035568221699	-0.36874770251656	0.046	0.065	1	ASB7	c1
0.890340270341001	-0.368609265593623	0.013	0.014	1	FSBP	c1
0.018680572682392	-0.368406127721906	0.261	0.327	1	SAP30BP	c1
1.50362530412507e-05	0.368399225286987	0.49	0.361	0.199140135278324	ICAM2	c1
0.278155664605915	-0.368396922689918	0.04	0.053	1	SDHAF4	c1
0.0226153023941288	-0.368032565641789	0.25	0.309	1	MRPS15	c1
0.130002144240864	-0.368025857702357	0.078	0.103	1	WARS2	c1
0.18608127697121	-0.367996142713335	0.022	0.035	1	AP002360.1	c1
0.0111448312092456	-0.367921487688492	0.149	0.209	1	CWC22	c1
0.13769892741901	-0.367886925510593	0.057	0.079	1	TCAIM	c1
0.685690066180616	0.367808519993489	0.054	0.05	1	RBM41	c1
0.819505979425497	0.367753941153795	0.046	0.044	1	EAF2	c1
0.454101072876297	0.367379033319726	0.076	0.067	1	STX11	c1
0.0167909797328647	-0.367359839948083	0.189	0.248	1	RANGRF	c1
0.289410295247089	0.367251711166132	0.083	0.068	1	SOS2	c1
0.0353056751931874	-0.367049713671321	0.207	0.261	1	BRMS1	c1
0.0299059035519923	-0.366978126559096	0.199	0.255	1	CTSD	c1
0.505984599923753	-0.366971247205546	0.488	0.424	1	LINC01871	c1
0.195515693900057	-0.366845500883463	0.079	0.1	1	ERCC6L2	c1
0.530647527687401	0.366837585575614	0.045	0.038	1	LARP1B	c1
0.839437833861937	0.366720739438718	0.022	0.024	1	AC105446.1	c1
0.00161729298134393	-0.366714646486738	0.413	0.5	1	AKNA	c1
0.0600256629731232	-0.366588989724739	0.183	0.227	1	LRRC59	c1
0.418101304807288	0.366534700667427	0.033	0.026	1	ZNF844	c1
0.459919736044405	0.36645376727549	0.056	0.047	1	TRIM35	c1
0.0668789058108377	0.366366549007919	0.331	0.295	1	RELB	c1
0.000740108612442277	-0.366234405171415	0.437	0.536	1	PPP4C	c1
0.117753620576614	-0.366174209471227	0.038	0.058	1	AIM2	c1
0.000951755968862807	-0.366170806085406	0.361	0.447	1	WNK1	c1
0.624133834168029	-0.366123282989629	0.008	0.011	1	FAM201A	c1
0.133980621513716	-0.366089388145747	0.078	0.102	1	UNK	c1
0.0537175733488444	-0.366066183942768	0.051	0.079	1	OTUD4	c1
0.705838066511328	-0.365994248683329	0.013	0.015	1	SMARCA5-AS1	c1
0.011856948956317	-0.365672428933206	0.269	0.339	1	ZNF638	c1
0.00249929108456243	-0.365589366396441	0.366	0.445	1	POLR2G	c1
0.00035686821784709	-0.365516893171113	0.342	0.455	1	MLF2	c1
0.00497519713240581	-0.365398787872136	0.18	0.25	1	COA6	c1
0.279761831412439	-0.365242851370241	0.021	0.03	1	LINC00342	c1
0.514563311651361	0.365187043202595	0.076	0.068	1	NUP205	c1
0.524660693152633	-0.365178512404301	0.029	0.035	1	AL121594.1	c1
0.151911337166958	-0.365143155219229	0.121	0.15	1	ITPKB	c1
0.674567643781978	0.3646562506495	0.054	0.05	1	ZNF354A	c1
0.688218858968223	-0.364598327549244	0.103	0.109	1	C20orf204	c1
0.0303973911401333	-0.364557927211045	0.172	0.226	1	PREX1	c1
0.33115192474684	-0.364508821495834	0.008	0.014	1	AC002116.2	c1
0.0673990628721201	-0.364440168743566	0.087	0.12	1	HDHD2	c1
0.243939212930397	-0.364381933119833	0.118	0.144	1	DDX60L	c1
0.0030887472131194	-0.36437256101428	0.475	0.55	1	RNF7	c1
0.350399975574319	-0.364302394445718	0.169	0.192	1	AC004687.1	c1
0.0152412645831939	-0.364092063851454	0.083	0.127	1	SPON2	c1
0.0064915465697876	-0.364003701672534	0.119	0.179	1	MT1F	c1
0.0603549803819819	-0.363944042746369	0.156	0.198	1	TBCD	c1
0.000315781512237887	-0.363894858215482	0.374	0.473	1	PRKACB	c1
0.161015306131651	-0.363863289143953	0.051	0.07	1	UPF1	c1
0.565966994898289	-0.363863156634382	0.022	0.027	1	FAM135A	c1
0.0300187682030527	-0.363855309528312	0.169	0.221	1	FOPNL	c1
0.39132499944014	-0.363812120987844	0.024	0.032	1	NACC1	c1
0.0207747977811666	-0.363671760142396	0.213	0.271	1	XPC	c1
0.407670789502004	0.363632445806063	0.016	0.011	1	PDGFB	c1
0.206743551926501	-0.363574846715348	0.056	0.074	1	FMR1	c1
2.43269307017135e-06	-0.363514931401621	0.707	0.809	0.0322185870213493	SEPT6	c1
0.0242634211178818	-0.363509490200446	0.111	0.158	1	SART3	c1
0.334937001817503	-0.363477133594362	0.04	0.052	1	ZNF559	c1
0.353271276040237	-0.363343882972881	0.037	0.047	1	UBAC1	c1
0.0805556862526075	-0.363113616440491	0.03	0.05	1	SLX4IP	c1
0.232366416685721	-0.363104931945064	0.064	0.082	1	MAIP1	c1
3.84178626335524e-06	-0.363101835801336	0.806	0.867	0.0508806172718768	CIRBP	c1
0.102363130479736	-0.363070614656176	0.156	0.192	1	SH2B1	c1
0.114846558935916	0.363025097939561	0.141	0.115	1	KIF21A	c1
0.0790986373863798	-0.36301606292358	0.156	0.197	1	NPAT	c1
0.202229420900101	-0.363009378773921	0.037	0.052	1	XXYLT1	c1
0.00148971408286948	-0.362923679563001	0.436	0.527	1	SF3B6	c1
0.106793569710983	-0.362697886119229	0.046	0.068	1	TRGV7	c1
0.0502537768159539	-0.362671160271348	0.076	0.111	1	SMURF2	c1
0.0029350986444497	-0.362585913400066	0.413	0.492	1	CSNK1A1	c1
0.00226377295504371	-0.362537603837891	0.238	0.321	1	DNTTIP2	c1
0.585556372905674	0.362521723834841	0.079	0.073	1	AMFR	c1
0.0672850098577455	-0.362520185520307	0.114	0.152	1	DCAF12	c1
0.21018802372963	-0.362463351293779	0.1	0.123	1	MCM5	c1
0.38925178043209	-0.362359000220709	0.041	0.052	1	WDR35	c1
0.000672652863311002	-0.362234682663255	0.399	0.498	1	ZNF207	c1
0.317415746053398	-0.362209628756018	0.017	0.026	1	WDR34	c1
0.00166609328042468	-0.36208578896424	0.32	0.426	1	CMTM7	c1
0.0631186664710046	-0.362015902600336	0.113	0.15	1	IDH3A	c1
0.575502995773673	0.362002866513734	0.067	0.061	1	WIPI1	c1
0.00763129915657163	-0.361981700726917	0.237	0.315	1	CTSA	c1
0.478491031672759	0.361978585701658	0.01	0.006	1	AL357033.4	c1
0.0180950900368683	-0.361971481025278	0.199	0.255	1	IGFLR1	c1
0.274579753504508	0.361916011139976	0.138	0.123	1	UTP3	c1
0.150189848336267	-0.36188971522128	0.033	0.05	1	IFT22	c1
0.896440991111767	-0.36185098623928	0.014	0.015	1	ZNF546	c1
0.00786045540916942	-0.361822564387712	0.199	0.27	1	SMPD1	c1
0.0213000363779189	-0.361784109664024	0.159	0.211	1	CEBPZOS	c1
0.0942832864986881	0.361686852856596	0.143	0.114	1	PARD6A	c1
0.669016105051391	0.361619039309556	0.119	0.117	1	ITPR1	c1
0.0955009042698885	0.361435421794214	0.181	0.15	1	LEPROT	c1
0.328966352227148	-0.361381651535051	0.013	0.02	1	CCDC134	c1
0.0570479976131233	-0.36136308043394	0.103	0.139	1	NAALADL1	c1
0.0988715102406923	-0.361175399715489	0.097	0.127	1	ZNF224	c1
0.146653308597279	-0.361131915726081	0.127	0.156	1	ZFP90	c1
0.41261836663691	-0.361112771878002	0.006	0.011	1	AL136531.2	c1
0.190008004564993	-0.361092044778779	0.064	0.083	1	DUS1L	c1
0.655837678961652	-0.360944351490944	0.01	0.012	1	AC091180.2	c1
0.505741200513808	-0.360897657164764	0.037	0.044	1	WRN	c1
0.0111540188479878	-0.360894880314537	0.24	0.308	1	MRPS18C	c1
1.49619055693572e-05	0.360862136432092	0.679	0.603	0.198155477360566	BCAP31	c1
0.0111849580704805	-0.360696367297093	0.339	0.411	1	FBXO7	c1
0.000236452387216847	-0.360606476873408	0.59	0.665	1	GZMM	c1
0.0480479524942445	-0.360473413905316	0.105	0.142	1	ENOSF1	c1
0.0201010151142178	-0.360231420614913	0.176	0.236	1	SIRT2	c1
0.0469145427812784	-0.360174514089802	0.121	0.162	1	CXorf40B	c1
9.27325885522573e-05	-0.360037595583771	0.394	0.517	1	NDUFV1	c1
0.276059124161627	0.35967505361805	0.105	0.089	1	SNX12	c1
0.0475161877963075	-0.35966100993207	0.134	0.177	1	TRAF7	c1
0.383172753351146	0.359493575774504	0.027	0.02	1	ENTPD5	c1
0.0915088518381219	-0.359382132769545	0.078	0.108	1	HMGCS1	c1
0.102710904576909	-0.359373963974599	0.059	0.083	1	PGM2L1	c1
0.145536988571866	0.359317271946508	0.211	0.188	1	FAF1	c1
0.00636632047055073	-0.359265232911393	0.18	0.252	1	PEX16	c1
0.0111222610036025	-0.359117622402034	0.262	0.333	1	URM1	c1
0.041131098397206	-0.359113260025119	0.076	0.112	1	ST3GAL5	c1
0.21538547415696	-0.35893838441933	0.068	0.088	1	GPR89A	c1
0.0350065094056396	0.358884214393441	0.329	0.283	1	ORAI1	c1
0.404575559193861	-0.358871666555447	0.072	0.085	1	TJAP1	c1
0.474221779868219	0.358840634973123	0.01	0.006	1	PSMA8	c1
0.187235547562692	-0.358821792170351	0.04	0.056	1	GSK3A	c1
0.350143454330226	-0.35875635591892	0.118	0.135	1	MAP3K5	c1
0.0035636671760077	-0.358711923202241	0.114	0.177	1	PRKAG1	c1
0.0838612188911856	-0.358668151160922	0.07	0.098	1	ACOT2	c1
0.541728550155117	0.358442102713161	0.102	0.094	1	CORO2A	c1
0.0414029603116306	-0.35843550364101	0.064	0.097	1	SBNO2	c1
0.0731459936309988	-0.358331739245593	0.06	0.088	1	STRADA	c1
0.84840662666496	-0.358331289009591	0.01	0.011	1	IGKV3-20	c1
0.0104545854033898	-0.358249063436121	0.296	0.368	1	TAOK3	c1
0.00462072958061415	-0.358201538560152	0.188	0.264	1	UPF3A	c1
0.0315899163627223	-0.358197098512127	0.219	0.277	1	MRPS18B	c1
0.236994373188548	-0.358080970068169	0.005	0.011	1	TPX2	c1
1.60312221080379e-05	0.357521078506814	0.852	0.762	0.212317505598854	CXCR4	c1
0.287139372663316	-0.357183263797138	0.043	0.056	1	AC067852.2	c1
0.401407315566035	-0.357115322242263	0.064	0.076	1	USP12	c1
0.259611121310248	-0.357017513700209	0.032	0.044	1	PCBP3	c1
0.59299760267092	0.356922029598909	0.06	0.055	1	HAUS5	c1
0.1350952261406	-0.356863062431737	0.043	0.062	1	BRWD3	c1
0.000290694488912378	-0.356772652940314	0.533	0.615	1	DEK	c1
0.47371177152558	-0.356704914574262	0.06	0.071	1	ZNF649	c1
0.346748835890567	-0.356692392688064	0.065	0.079	1	RNF141	c1
0.290509236994523	-0.35664104793379	0.054	0.068	1	TNFAIP8L1	c1
0.306888748934248	-0.356615746108471	0.057	0.071	1	KTI12	c1
0.616256132370177	0.356605356019279	0.048	0.042	1	KDM1B	c1
0.345890365265733	-0.356567143221544	0.043	0.055	1	BRF2	c1
0.114045049901054	-0.356498000276742	0.097	0.126	1	WDR37	c1
0.279615166743728	-0.356450980710298	0.027	0.038	1	ZNF248	c1
0.712849239168719	0.356222574405312	0.011	0.009	1	AC004982.2	c1
0.00546241176464767	0.356180269652911	0.456	0.397	1	SPCS3	c1
0.33293360158637	-0.35616446351736	0.075	0.089	1	TMEM251	c1
0.36679613235527	-0.356070543751027	0.057	0.07	1	ZNF507	c1
0.114303003562775	-0.356041585102287	0.051	0.073	1	EDC3	c1
0.217081349056739	-0.355976602107517	0.083	0.103	1	BLOC1S5	c1
0.000966807894724822	-0.35588181173977	0.404	0.515	1	STRAP	c1
0.0108285194121526	-0.355825680493801	0.262	0.332	1	MTERF4	c1
0.125861029224384	0.355803554989739	0.199	0.171	1	GPS2	c1
0.432318925755161	0.355766337784774	0.116	0.106	1	CCR5	c1
0.0432707955064381	0.355633258750345	0.568	0.527	1	GADD45B	c1
0.137355933881395	-0.355630803769658	0.081	0.108	1	N4BP1	c1
0.477879855732955	0.355583169422885	0.01	0.006	1	NEK3	c1
0.0708625312713741	-0.355568394831738	0.156	0.197	1	THAP11	c1
0.416093220430456	-0.355531858533112	0.049	0.059	1	SPEF2	c1
0.469788336927501	-0.355511850426201	0.024	0.03	1	PRPF40B	c1
0.0259185380051043	-0.355508008880014	0.138	0.189	1	ECSIT	c1
0.362101149578255	-0.35541580079421	0.029	0.038	1	SSX2IP	c1
0.36887801479793	0.355371924679241	0.146	0.135	1	FRMD8	c1
0.342195923248198	0.355316737541056	0.13	0.117	1	SLC39A6	c1
0.496421223191573	-0.355306477221667	0.01	0.014	1	RAB19	c1
0.02798398763838	-0.355299116800031	0.073	0.111	1	CTNNBIP1	c1
0.00687909167177805	-0.355260125948966	0.242	0.32	1	CNOT6L	c1
0.106108098282301	-0.355254970382921	0.13	0.164	1	PRKRIP1	c1
0.950827870820349	0.35517427333814	0.035	0.035	1	SLC29A3	c1
0.21044383763104	-0.355131060034457	0.072	0.091	1	RPE	c1
0.607796929865518	0.355074759659516	0.11	0.105	1	MMD	c1
0.145401754777084	-0.355058747964657	0.1	0.127	1	ABCD4	c1
0.376511768914627	-0.355024198441344	0.059	0.071	1	LIPT1	c1
0.384791539605184	0.354894830549021	0.014	0.009	1	PRMT5-AS1	c1
0.11870032234206	-0.354672780965423	0.245	0.282	1	ADA	c1
0.292663393454526	0.354517637483789	0.091	0.076	1	IFIT5	c1
0.159729834267672	-0.354420834574759	0.046	0.065	1	ZFYVE16	c1
0.0163682214552055	-0.354369165471475	0.154	0.212	1	AGTRAP	c1
0.928114858265878	-0.354249372791358	0.021	0.021	1	TREX1	c1
0.287264552339724	-0.354140148670886	0.006	0.012	1	FAM66B	c1
0.142615592984026	-0.354106984359526	0.049	0.07	1	VMAC	c1
0.184551591136181	-0.354065245436667	0.076	0.098	1	PRKCD	c1
0.0675621512563753	-0.353898846626799	0.097	0.132	1	DCAF16	c1
0.267408770184478	-0.353854816062686	0.01	0.017	1	ZNF579	c1
0.337374235635874	0.353656895729196	0.149	0.136	1	FN3KRP	c1
0.0950860031538481	0.353477440995407	0.262	0.23	1	MORF4L2	c1
0.563714144100629	-0.353374880971569	0.022	0.027	1	AF213884.3	c1
0.359868985894878	0.353259780981053	0.024	0.017	1	HDAC11	c1
0.011055358618747	-0.353126026023961	0.224	0.292	1	TRAPPC2L	c1
0.177154458315923	-0.353100067137154	0.092	0.115	1	PEX6	c1
0.0185809217304533	0.352935090330897	0.267	0.218	1	TCERG1	c1
0.159590951221709	-0.35289650807451	0.057	0.077	1	SLC35E1	c1
0.0157120876245743	-0.352801549259195	0.289	0.361	1	OGFR	c1
0.0444721728670305	-0.352752089570926	0.159	0.203	1	CHRAC1	c1
0.00185276505536567	-0.352731646832826	0.316	0.414	1	TXNL1	c1
0.0104708453344861	0.352699169399859	0.695	0.645	1	RGCC	c1
0.0429403639784121	-0.352684275106272	0.102	0.141	1	TIMM10B	c1
0.879604013296507	0.352649211462817	0.029	0.03	1	TRBV11-3	c1
0.132904077832243	-0.352572332626961	0.025	0.041	1	ZNF646	c1
0.120643393840097	-0.352540156533069	0.057	0.08	1	WDR83	c1
0.439840174907685	-0.352492682903157	0.064	0.074	1	BTBD7	c1
0.845697012418569	-0.352360413168427	0.01	0.011	1	NPIPB11	c1
0.442589618865809	0.352327944299444	0.057	0.048	1	GGCX	c1
0.0185879456570419	0.352299644963563	0.315	0.27	1	DNAJC1	c1
0.399688743471746	-0.351967733605957	0.011	0.017	1	KIAA1958	c1
0.00561932489669534	-0.351926099631773	0.254	0.33	1	VPS36	c1
0.375125195049569	-0.351842956346558	0.075	0.088	1	MCEE	c1
0.0692155101933625	-0.351448865208318	0.094	0.127	1	ARAP1	c1
0.144808955854303	-0.351314771334228	0.111	0.139	1	ZNF281	c1
0.287235087524625	0.351127476033189	0.068	0.055	1	GSTM3	c1
0.0180147983730791	-0.351123475928006	0.188	0.248	1	HERC4	c1
0.184500617353554	-0.351072115076346	0.062	0.082	1	TOP1MT	c1
0.092309443278021	0.350895544876551	0.18	0.148	1	PPP2R2B	c1
0.216298624826116	-0.350848361937897	0.038	0.053	1	MPV17L2	c1
0.000414402642230887	-0.350795069030611	0.464	0.565	1	EVI2B	c1
0.0548064170779659	-0.35078361746378	0.103	0.141	1	SP4	c1
0.0280376984001552	-0.35070459671612	0.051	0.083	1	ATG2A	c1
0.419727991706851	0.350692746311866	0.132	0.121	1	GRN	c1
0.0131344156227895	-0.350667937819593	0.418	0.477	1	LIME1	c1
0.397191059574438	0.350646319854091	0.084	0.073	1	NCALD	c1
0.709533819603253	0.350333270229541	0.078	0.074	1	SIRT3	c1
0.228988479154611	0.350144424383756	0.215	0.2	1	BCL2L1	c1
0.109221497779866	-0.350110355920066	0.032	0.05	1	KIAA0355	c1
0.185901688265233	0.350082146421566	0.146	0.124	1	ACAT1	c1
0.00615685897336095	-0.350014636328952	0.176	0.247	1	TMEM18	c1
0.321449714921385	-0.349977457052075	0.017	0.026	1	ZNF77	c1
0.771850078366587	-0.34990913433364	0.035	0.038	1	ZNF606	c1
0.0123405855646919	-0.349875739254919	0.275	0.347	1	CELF1	c1
0.000618512940401122	-0.349840057043081	0.412	0.511	1	CLTA	c1
0.00873983984432351	-0.349637008528443	0.285	0.358	1	VAMP5	c1
0.0295388818328298	-0.34958771784614	0.218	0.276	1	TBC1D1	c1
0.351269365821161	0.349567352952209	0.068	0.056	1	DIAPH2	c1
0.0126847167322255	-0.349535199440235	0.448	0.511	1	SLFN5	c1
0.198216351488377	-0.349505019652943	0.024	0.036	1	KIAA0556	c1
0.142917727379607	-0.349446150573977	0.045	0.064	1	GEMIN5	c1
0.261178116809632	-0.34933085225948	0.019	0.029	1	TMEM191B	c1
0.129688316060626	-0.349223210639259	0.03	0.047	1	FAM102B	c1
0.499026370858326	-0.349045391196472	0.037	0.044	1	ZNF747	c1
0.127811718502659	-0.34903527633951	0.075	0.1	1	DGKE	c1
0.241749730066128	-0.348975563472246	0.035	0.048	1	MTX3	c1
0.124576621438014	-0.348957903681409	0.089	0.117	1	DVL2	c1
0.0410455837120345	-0.348837310196983	0.238	0.292	1	TMEM131L	c1
0.434154880663778	-0.348819718254731	0.013	0.018	1	CENPBD1	c1
0.0950287342886005	-0.348626085850671	0.073	0.1	1	MAD2L1BP	c1
0.266879438941256	0.348606916534486	0.105	0.088	1	INTS5	c1
0.102026729538192	-0.348579723652799	0.06	0.085	1	DEAF1	c1
0.0764260872452528	-0.348509717726089	0.25	0.295	1	WBP1	c1
0.371622224599882	-0.348430277102263	0.059	0.071	1	FOXJ2	c1
0.191995593279781	0.348291470477329	0.186	0.164	1	HIST1H1D	c1
0.147042439364573	-0.348098495402382	0.114	0.144	1	DYNC1LI2	c1
0.116207272460411	-0.348095958664308	0.083	0.112	1	FBXO22	c1
0.871950074003357	0.348059328914865	0.054	0.053	1	LMTK2	c1
0.189391958176889	-0.347926187835901	0.146	0.173	1	HOOK2	c1
0.0191306582434839	-0.347843561542014	0.175	0.232	1	TCF12	c1
0.0149384877722281	-0.347776604636773	0.13	0.185	1	DMTF1	c1
0.018964764394903	-0.347614423523671	0.17	0.229	1	TYMP	c1
0.533968995583179	0.347481700199506	0.048	0.041	1	ZNF585B	c1
0.133541628099554	-0.347349621167895	0.079	0.105	1	NXPE3	c1
0.549394805881415	-0.347207378730139	0.021	0.026	1	ADAP1	c1
0.697773600487694	0.347155815947672	0.011	0.014	1	AC242426.2	c1
0.0398609610123042	-0.346812649212131	0.089	0.127	1	USF3	c1
0.0500488912311682	-0.346755120256908	0.111	0.152	1	MLST8	c1
0.085033642208589	0.346734665482535	0.227	0.195	1	IL12RB1	c1
0.604167529509074	0.346713817199652	0.024	0.02	1	ZNF717	c1
0.046358990859092	-0.346580464382689	0.227	0.28	1	NARF	c1
0.0400962464836066	-0.346493265810219	0.075	0.111	1	EMSY	c1
0.295713300221246	0.346484135945138	0.083	0.068	1	NFRKB	c1
0.124579526087269	-0.346457570036786	0.132	0.167	1	CSGALNACT2	c1
0.112763714524202	-0.346294632832292	0.062	0.086	1	FBXO33	c1
0.01674604327101	-0.346177163927233	0.396	0.455	1	FAM177A1	c1
0.771144839012752	-0.346152387252224	0.035	0.038	1	ZNF571	c1
0.897575813145859	-0.345995345567341	0.014	0.015	1	ZNF674	c1
0.00306337193239888	-0.345988859458839	0.372	0.456	1	PARP1	c1
6.887982973875e-06	-0.345962089883377	0.997	0.998	0.0912244465060005	ACTG1	c1
0.0268839396765264	-0.345948925266879	0.119	0.168	1	RPP25L	c1
0.22019092924166	-0.345860058237308	0.046	0.062	1	DNAJC27	c1
0.0239199466755689	-0.345822060879155	0.1	0.147	1	HIBCH	c1
0.0125051780238809	-0.3457765338912	0.256	0.324	1	OFD1	c1
0.122290328992769	-0.345757596012349	0.035	0.053	1	GK5	c1
0.144423858141846	-0.345746971648884	0.161	0.192	1	MRPS10	c1
0.966065233071478	0.345549471928509	0.021	0.021	1	CA11	c1
0.00113432651039174	-0.345548382679379	0.612	0.67	1	DYNLL1	c1
0.0519785452450292	-0.345522777456006	0.191	0.239	1	KDM2A	c1
0.747041965715288	0.345241060712245	0.024	0.021	1	GSTCD	c1
0.321239486936755	-0.345138150522962	0.04	0.052	1	TATDN2	c1
0.196106885396403	0.345093870591829	0.095	0.076	1	RRP9	c1
0.0468236518675546	-0.344942065902839	0.11	0.152	1	TBK1	c1
0.903438851509381	0.344888577675183	0.016	0.015	1	NRBP2	c1
0.850941637871306	-0.34481734152064	0.048	0.05	1	MTMR12	c1
0.0417231458855111	-0.344726052538994	0.051	0.08	1	GUF1	c1
0.250302908376948	-0.34462686049819	0.24	0.27	1	PHTF2	c1
0.0231017935421942	-0.344429390717325	0.24	0.305	1	MT1X	c1
0.266103830088627	-0.344404457468723	0.01	0.017	1	UBAC2-AS1	c1
0.311691235136845	0.344269333348333	0.149	0.133	1	PLEKHA3	c1
0.730616647489506	0.344227079768547	0.014	0.012	1	DNHD1	c1
0.0736962718064307	-0.343934794022657	0.148	0.185	1	ZNF33A	c1
0.450881381110909	0.343764491228874	0.059	0.05	1	TEX10	c1
0.254205083461074	-0.343758469846231	0.045	0.059	1	CAPN15	c1
0.174203891642941	-0.34369363011831	0.038	0.055	1	RAB11FIP2	c1
0.0371835255294328	-0.343371615825854	0.189	0.239	1	LLPH	c1
0.299341823731473	-0.343257507891572	0.022	0.032	1	TAF4	c1
0.181237954046621	-0.343238639219572	0.083	0.105	1	INTS12	c1
0.129498010450112	-0.343087945274971	0.037	0.055	1	KIF1C	c1
0.681338782591736	-0.343041006569493	0.022	0.026	1	CCDC122	c1
2.48815343559522e-05	-0.343000735746226	0.582	0.68	0.329531041010231	ELF1	c1
0.00652015342773728	-0.342908256766191	0.261	0.342	1	UBE2G1	c1
0.453760688291499	0.342606262458633	0.092	0.082	1	TUBE1	c1
0.0222301670815573	-0.342560131583171	0.227	0.292	1	PRELID3B	c1
0.0172412697078704	-0.342268895819803	0.137	0.191	1	RPUSD3	c1
0.198316424799108	-0.342172029349327	0.056	0.074	1	ARMC7	c1
0.631568543024342	0.341991294723955	0.038	0.033	1	DHX34	c1
0.611779796976247	0.341820784252017	0.025	0.021	1	TPTEP2-CSNK1E	c1
0.154723966138672	-0.34170797081169	0.029	0.044	1	TMEM44-AS1	c1
0.624433942948975	0.341648497573927	0.03	0.026	1	LIN9	c1
0.0835311240464992	-0.341609205820904	0.04	0.062	1	FAIM	c1
0.161516638185681	-0.341432093341742	0.03	0.045	1	ZNF419	c1
0.145837947999921	0.341257175865338	0.153	0.127	1	CPT1A	c1
0.017357264762728	-0.341250656512658	0.321	0.383	1	C6orf48	c1
0.0062328803787685	-0.341222249807576	0.447	0.53	1	TPR	c1
0.0134609550902353	-0.341163305509365	0.196	0.259	1	DCTN4	c1
0.459548897825466	0.341111523271705	0.079	0.07	1	VARS	c1
0.104315050507331	-0.341074364275427	0.046	0.068	1	GEMIN8	c1
0.191655664431228	-0.340863258495651	0.065	0.085	1	TFB2M	c1
0.0336474741822156	-0.340846326393191	0.076	0.114	1	RAD17	c1
0.114850960223308	-0.340777208106445	0.092	0.121	1	RNASEH1	c1
0.0915222180092408	-0.340475373418593	0.043	0.065	1	ZER1	c1
0.00754304796940889	-0.340305144788871	0.366	0.447	1	ARHGEF3	c1
0.160459055103243	-0.339939710479333	0.054	0.074	1	MYO18A	c1
0.0253251901391738	-0.33978960202905	0.116	0.164	1	USP9X	c1
0.348303674253325	0.33977085306106	0.135	0.123	1	RELL1	c1
0.0185304291235385	-0.339735828124759	0.251	0.315	1	DECR1	c1
0.11896776601536	-0.339725504274924	0.103	0.132	1	CLN3	c1
0.385847830042169	0.339692044564846	0.065	0.055	1	AC008555.5	c1
0.1131404980689	-0.339613231147403	0.056	0.079	1	FASTKD5	c1
0.121302717784098	-0.33961005410491	0.024	0.039	1	MBTD1	c1
0.0566757503688036	-0.339404681168344	0.13	0.171	1	DEDD	c1
0.0554939678304666	-0.339378080671206	0.277	0.324	1	PYHIN1	c1
0.523705299565914	0.339370203736815	0.049	0.042	1	ENTPD3-AS1	c1
0.0861221392066356	-0.339340455626412	0.094	0.126	1	RASSF2	c1
4.45487144309383e-06	0.339197213672771	0.653	0.545	0.0590003173923347	SH2D2A	c1
0.0140800165808791	-0.339171767269241	0.087	0.133	1	C18orf21	c1
0.00747083526663198	-0.339163652948547	0.307	0.388	1	COQ10B	c1
0.621250852299495	0.339126277932162	0.048	0.042	1	BDH1	c1
0.0609648257382558	0.339103045321966	0.3	0.262	1	NPC2	c1
0.0374198136763577	-0.338991322936373	0.094	0.133	1	TRNT1	c1
0.956519651761341	0.338961300349377	0.054	0.056	1	TMEM8A	c1
0.0746044835794415	-0.338945766071416	0.116	0.152	1	RWDD4	c1
0.0258546699115113	-0.338925243816585	0.1	0.144	1	GPR89B	c1
0.605138635923655	-0.338865826916891	0.016	0.02	1	NAP1L2	c1
0.497442187656718	-0.338779089231682	0.01	0.014	1	AC004943.2	c1
0.419321597463989	0.338749390560462	0.132	0.123	1	AKAP7	c1
0.346845589353271	-0.338611624635901	0.027	0.036	1	PYCR3	c1
0.0418956268658555	0.338534740350984	0.264	0.224	1	RTN3	c1
0.246335487476311	-0.338461335854417	0.013	0.021	1	FANCC	c1
0.811739275377216	0.338430363343895	0.046	0.044	1	ZBTB6	c1
0.274281611119864	0.33825568978812	0.143	0.126	1	KIFAP3	c1
0.0780592129982754	-0.33818460440238	0.132	0.168	1	TYW3	c1
0.151498280961791	-0.338170348338208	0.084	0.109	1	CHM	c1
0.0294181832115911	-0.338167212213915	0.073	0.111	1	AC127521.1	c1
0.288379044068569	0.337922155390306	0.078	0.064	1	INTS1	c1
0.713596981342109	0.33784450585702	0.043	0.039	1	SLC12A7	c1
0.274147426345565	-0.337723414521355	0.025	0.036	1	GSTZ1	c1
0.0320996160377376	-0.337618025323486	0.326	0.389	1	NIPBL	c1
0.149514647496601	-0.337580392238145	0.126	0.156	1	ITCH	c1
0.0433170686841354	-0.337546270346513	0.119	0.162	1	CANT1	c1
0.0842005630739731	-0.337414202036283	0.103	0.136	1	ZNF195	c1
0.826265242624089	0.337245316630823	0.081	0.08	1	ACOT9	c1
0.998690361810419	0.337198394750724	0.025	0.026	1	TMEM182	c1
0.0717436383035879	-0.337196843397126	0.164	0.208	1	KIAA1191	c1
0.0493011004934535	-0.337126298195398	0.162	0.209	1	KPNA3	c1
4.28231285403803e-05	0.337094806995716	0.556	0.429	0.567149514388796	FKBP11	c1
0.400685879367753	0.33709408788085	0.03	0.023	1	MID2	c1
0.564089318984556	-0.337064969934734	0.022	0.027	1	CIPC	c1
0.297921687894092	-0.337050580777331	0.124	0.145	1	ATXN3	c1
0.186933705086381	-0.336867680436462	0.017	0.029	1	GALNT4	c1
0.49540137725172	-0.336859757918056	0.01	0.014	1	AC004241.1	c1
0.032432772354487	-0.336824825648102	0.21	0.268	1	TTC17	c1
0.0186831931408274	-0.336814825361903	0.17	0.229	1	SURF2	c1
0.0435966764268737	-0.336784639535279	0.149	0.2	1	PKN2	c1
0.153266471936387	-0.336767880083431	0.143	0.171	1	EXOSC5	c1
0.0113829571324782	-0.336766392688509	0.315	0.388	1	OGT	c1
0.0511586667597447	-0.336628469087876	0.129	0.17	1	SLC25A20	c1
0.00388993184348365	-0.336611887228936	0.405	0.497	1	MAPK1IP1L	c1
0.00124125709851339	0.336421352760415	0.482	0.408	1	CCND2	c1
0.403783336207267	-0.33638016500766	0.017	0.024	1	ZNF613	c1
0.247806662448875	0.336361492427846	0.151	0.132	1	SHISAL2A	c1
0.000593743590691761	-0.336269787872874	0.661	0.733	1	DDX17	c1
0.115975620631354	-0.33623231339396	0.072	0.097	1	CDK7	c1
0.00835228390052133	-0.336228010227303	0.129	0.188	1	CDK13	c1
0.00907304982204042	-0.336205266998665	0.18	0.25	1	PREB	c1
0.0331826104709111	-0.336136164201117	0.091	0.13	1	CEP250	c1
0.0167223892673639	-0.33613075503989	0.194	0.255	1	CDK4	c1
0.10440559779941	-0.336050477220537	0.095	0.126	1	TRMT10B	c1
0.137593520451711	-0.33601238089476	0.056	0.077	1	TCTEX1D2	c1
0.0151966332475298	-0.33593268000764	0.188	0.252	1	PLEKHB2	c1
0.00447056366027048	-0.335800930314972	0.39	0.467	1	PPM1G	c1
0.248310411609312	0.335646145139324	0.176	0.159	1	COPS4	c1
0.626810733106149	0.335582656599467	0.04	0.035	1	SNTA1	c1
0.311137485350648	-0.335536583278366	0.03	0.041	1	SPATA5L1	c1
0.60879315885963	0.335521000047407	0.027	0.023	1	ZNF599	c1
0.140455076655696	-0.335485191902221	0.022	0.036	1	ERRFI1	c1
0.0648121595250033	-0.335436453697286	0.192	0.238	1	IFRD1	c1
0.211083414864069	-0.335426964912381	0.076	0.097	1	CCDC84	c1
0.0315548976499688	-0.335341121146248	0.138	0.188	1	ATXN1	c1
0.00689228032437327	-0.335291810236146	0.34	0.429	1	FNTA	c1
0.492334956538199	-0.335290369255899	0.079	0.091	1	CARD8-AS1	c1
0.144498805304232	-0.33523303201935	0.103	0.13	1	PXN	c1
0.00029212664484122	-0.33518151441221	0.383	0.495	1	MRPS34	c1
0.313683654023477	-0.335047784826253	0.059	0.073	1	ZNF821	c1
0.905725614471734	0.335042840061166	0.017	0.017	1	PPP1R13L	c1
0.0139452805939725	0.335012334495702	0.347	0.3	1	PDIA4	c1
0.011804753581902	-0.334997449246942	0.167	0.227	1	PAGR1	c1
0.0796702187864249	-0.334943318371424	0.119	0.155	1	CYB5R4	c1
0.890289054677854	-0.33492153278949	0.059	0.061	1	GADD45G	c1
0.00117198868454273	-0.334907642882488	0.393	0.491	1	ILF3	c1
0.00735476252908575	-0.334874974170582	0.45	0.517	1	CYLD	c1
0.289966750330929	-0.334858902790494	0.079	0.097	1	SLC39A4	c1
0.435565360858863	0.334707492199728	0.043	0.035	1	SLCO3A1	c1
0.127097312347677	-0.334668050698489	0.091	0.118	1	NAGPA	c1
0.00183388495262217	-0.334650899239863	0.362	0.455	1	FAM107B	c1
0.459129210756483	-0.33465073179983	0.014	0.02	1	KLHDC8B	c1
0.00321568289096245	-0.334471345080014	0.375	0.461	1	PNPLA2	c1
0.400025936233442	-0.334447928015347	0.227	0.2	1	TNFSF9	c1
0.182341565782627	-0.334263459623406	0.057	0.076	1	ZNF124	c1
0.164162828744864	0.333881314798092	0.04	0.026	1	CKAP4	c1
0.12894986950831	0.333870636979797	0.183	0.155	1	GCLM	c1
0.0471270658055974	-0.333797854567079	0.13	0.174	1	FLYWCH2	c1
0.0136389136919532	-0.333794165570253	0.25	0.321	1	NFATC3	c1
0.00693362112461897	-0.333687564511942	0.302	0.388	1	RCN2	c1
0.0942088441224879	-0.333647261371717	0.262	0.306	1	SHARPIN	c1
0.607936038947617	0.33349704359871	0.089	0.083	1	TEX30	c1
0.217760757720507	-0.333483100600517	0.045	0.061	1	MAP3K6	c1
0.339833073433262	0.333394497082691	0.081	0.068	1	LRRC57	c1
0.601833243770072	-0.333334757859008	0.068	0.076	1	CD99L2	c1
0.0273723051441143	-0.333282149698281	0.167	0.223	1	ZNF524	c1
0.561508044852038	-0.333203316941082	0.033	0.039	1	LIMD1	c1
0.382369522734024	-0.33308273330432	0.016	0.023	1	IFT46	c1
0.141895829802754	-0.333055252282645	0.089	0.115	1	PRPF39	c1
0.567086769475631	0.33305275130072	0.108	0.102	1	COQ10A	c1
0.118212631512391	-0.333051095596853	0.051	0.073	1	NUP188	c1
0.344543619636484	0.332994739737052	0.022	0.015	1	LINC01970	c1
0.424671494669232	-0.332925754039272	0.019	0.026	1	TRIM66	c1
0.0112188043744556	-0.332896830384593	0.364	0.441	1	LIMS1	c1
0.461561432223089	-0.332889552369202	0.014	0.02	1	NKD1	c1
0.00587393797421554	0.332845535695036	0.413	0.347	1	RNPEPL1	c1
0.0395430159816393	0.332747621334358	0.216	0.176	1	TMEM170A	c1
0.344846524898791	-0.332726732502679	0.062	0.076	1	ACTR8	c1
0.127167004501522	-0.332725483943501	0.137	0.171	1	THAP4	c1
0.00683092473888172	-0.332671808493309	0.192	0.265	1	MRPL47	c1
0.00795209884809016	-0.33243944326567	0.159	0.226	1	MFSD1	c1
0.0245994329258184	-0.332024855811235	0.248	0.311	1	DENR	c1
0.284825936255506	-0.33197127216454	0.006	0.012	1	NEURL2	c1
0.00250899134472064	-0.331810625039709	0.285	0.371	1	PDCD6IP	c1
0.902850524623754	0.331801857647797	0.048	0.047	1	PXN-AS1	c1
0.456815606941993	0.331584869033622	0.051	0.042	1	REXO1	c1
0.316555660927618	-0.331361649763728	0.017	0.026	1	DHX32	c1
0.357627928964811	0.331282784279859	0.07	0.088	1	FURIN	c1
0.135402822538006	-0.331170172729192	0.383	0.406	1	GYG1	c1
0.140723453084574	-0.331129326462225	0.064	0.086	1	R3HCC1L	c1
0.823308557298108	0.331122799689987	0.041	0.039	1	KDM8	c1
0.0152631540484266	-0.331121240275119	0.296	0.368	1	C11orf98	c1
0.976755641632263	0.331061094765787	0.022	0.023	1	C8orf58	c1
0.568520753058932	0.330956548881393	0.017	0.014	1	SLC4A4	c1
0.00088010013964521	-0.330875858351974	0.224	0.321	1	ERLEC1	c1
0.0245474738080674	-0.330859344783112	0.277	0.341	1	HSPH1	c1
0.0811833365909769	-0.33084771836909	0.102	0.135	1	RNF2	c1
0.125677079876551	-0.330838714708581	0.145	0.18	1	REV3L	c1
0.158849457979513	-0.330828816441097	0.041	0.059	1	AC083798.2	c1
0.00351357881683589	-0.330747072871419	0.351	0.436	1	DENND1C	c1
0.0392838663505175	-0.330666611554244	0.134	0.179	1	TDP1	c1
0.614321385366643	0.330562220794046	0.029	0.024	1	THAP7-AS1	c1
0.0187804481041961	-0.330302256643074	0.045	0.077	1	RENBP	c1
0.000296097337259514	-0.330198673749215	0.547	0.626	1	SRSF3	c1
0.0249238215954529	-0.330196448578776	0.13	0.18	1	GMDS	c1
0.00019307346759053	0.330195301077329	0.601	0.526	1	PPA1	c1
0.447081777320824	-0.330172509359298	0.078	0.089	1	ZNF737	c1
0.0180856043838249	-0.330140363523134	0.258	0.321	1	SMARCB1	c1
0.479697417702057	0.330117319213465	0.099	0.089	1	MANEA	c1
0.558429642091666	-0.330112757454356	0.013	0.017	1	AC092368.3	c1
0.246190435261094	-0.329964406671799	0.045	0.059	1	STK39	c1
0.0248439729167486	0.32990544526659	0.321	0.279	1	ORMDL2	c1
0.237936844138165	0.329877309292525	0.111	0.092	1	BTD	c1
0.392348257264429	-0.32984316058071	0.083	0.097	1	PELO	c1
0.000612898406747146	0.329749110461237	0.566	0.497	1	TRIM22	c1
0.124696438084537	-0.32954243491715	0.056	0.079	1	SLC25A16	c1
0.0241718660402098	-0.329524450211422	0.367	0.439	1	AKIRIN1	c1
0.204116091008669	-0.329402039560165	0.019	0.03	1	MYL5	c1
0.296281293143274	0.329237890020498	0.165	0.148	1	VAT1	c1
0.523741507600908	0.328993374979675	0.073	0.065	1	RELT	c1
0.451911507318339	0.328971871965996	0.122	0.114	1	PARP12	c1
0.075864752573835	-0.328933907834828	0.471	0.509	1	SOCS3	c1
0.181294689239728	-0.328931897106672	0.081	0.103	1	WASHC5	c1
0.0252079606476644	-0.328810626136659	0.18	0.238	1	AP3D1	c1
0.2302418572434	-0.328780277758358	0.06	0.077	1	TFAP4	c1
0.301824349882039	-0.328731739594648	0.022	0.032	1	LBHD1	c1
0.224733259784771	-0.328556154673302	0.057	0.074	1	TBC1D19	c1
0.0910768249355205	-0.328532978244755	0.11	0.142	1	RLIM	c1
0.121969569515125	-0.328438100965132	0.103	0.132	1	HDGFL2	c1
0.0964374855249216	-0.328378872745922	0.107	0.139	1	RIOK2	c1
0.917071650745545	-0.328268535944932	0.017	0.018	1	EXOC6B	c1
0.0167158831826552	-0.328142023733224	0.254	0.321	1	SRRT	c1
0.405101516470553	0.328132583210599	0.016	0.011	1	HMGN5	c1
0.361028967315857	-0.328064933495573	0.076	0.091	1	EIF4EBP1	c1
0.577927148570138	0.328058827757053	0.1	0.094	1	GPATCH11	c1
0.550162146132818	0.327742503869133	0.014	0.011	1	PTGR2	c1
0.0687218851213164	-0.327547117120345	0.099	0.133	1	ATG16L1	c1
0.35308528890891	-0.327415902916194	0.014	0.021	1	ZNF8	c1
0.406151210908116	-0.32739805960361	0.033	0.042	1	BCL6	c1
0.0102976541946798	-0.327226350108147	0.219	0.295	1	ZNF644	c1
0.0252894349217398	-0.327039989262584	0.231	0.292	1	SP3	c1
0.733378141802364	0.326756844291262	0.016	0.014	1	VWDE	c1
0.152564755344738	-0.326735493145028	0.076	0.1	1	TACO1	c1
0.00939714923106909	-0.326600962619526	0.256	0.333	1	PRPS1	c1
0.0928307916882118	0.326546076506848	0.203	0.171	1	PRKRA	c1
0.0105906243486792	-0.326497518490133	0.471	0.535	1	VASP	c1
0.880090071771207	-0.326437869740081	0.237	0.25	1	PTPN18	c1
0.000111485270652053	-0.326295644708015	0.409	0.529	1	UBAC2	c1
0.712849239168719	0.326243074216938	0.011	0.009	1	CCDC163	c1
0.00363377524453263	-0.325983997536681	0.267	0.35	1	WAPL	c1
0.346788949652463	-0.325914378706577	0.035	0.026	1	TRBV12-3	c1
0.45754324926195	0.325911553678521	0.056	0.047	1	ZNF687	c1
0.00154778036741517	-0.325908019265278	0.548	0.627	1	SSU72	c1
0.738615934181086	0.32586326200474	0.021	0.018	1	FAM156A	c1
0.0391220392153578	-0.325805531153444	0.11	0.153	1	BORCS6	c1
0.103739935173111	-0.325698987625612	0.072	0.098	1	DENND4B	c1
0.869114040139086	0.325600205322345	0.024	0.023	1	KIAA0825	c1
0.0190367879640318	-0.325593508406669	0.111	0.162	1	LEMD2	c1
0.440215900153786	0.325524442626593	0.084	0.074	1	GTPBP3	c1
0.0346339988874813	0.325490594074498	0.407	0.371	1	ODF2L	c1
0.375347359186561	-0.32547871370627	0.022	0.03	1	ST7	c1
0.878629149212751	0.325467025674685	0.011	0.012	1	TRIP10	c1
0.598816221439403	-0.32532596810406	0.019	0.015	1	TRBV15	c1
0.0265987488553574	-0.325218628598066	0.146	0.197	1	GFER	c1
0.0707627597395207	-0.32515716363678	0.121	0.158	1	DNAJC17	c1
0.0321459463150483	-0.325141663746767	0.199	0.253	1	MAN1A2	c1
0.00215476558733772	0.32500597692596	0.874	0.864	1	BTG2	c1
0.000704627203223197	-0.324947308220228	0.66	0.703	1	NME2	c1
0.733378141802364	0.324884160998926	0.016	0.014	1	HARBI1	c1
0.0432801043144975	-0.324865414541288	0.084	0.121	1	ASB3	c1
0.326103406542804	-0.324795515581305	0.04	0.052	1	CBY1	c1
0.0209788344617074	-0.32477873846768	0.119	0.168	1	DUSP22	c1
0.857847380014161	0.324757540314615	0.024	0.026	1	SMAGP	c1
0.0615037979887196	-0.324594422165749	0.094	0.129	1	ADCY7	c1
0.0950732908185111	-0.324579793888093	0.091	0.123	1	TMEM42	c1
0.0851698766266488	-0.324411864460362	0.11	0.145	1	TPRA1	c1
1.32060031638498e-05	-0.324376415984163	0.671	0.774	0.174900305902027	STK4	c1
0.304689047726923	-0.324035095253658	0.052	0.067	1	FAM213B	c1
0.000108970235562483	0.323849083584669	0.722	0.652	1	SQSTM1	c1
0.0364900538192009	-0.323808094771267	0.216	0.274	1	PFDN1	c1
0.0847176895483737	-0.323681557517814	0.06	0.086	1	RFC2	c1
0.0417814810330819	-0.323678482648089	0.111	0.155	1	PGM2	c1
0.0990451259690903	-0.323605930645245	0.091	0.12	1	PNPT1	c1
0.134584938966838	-0.323593042052224	0.1	0.13	1	MCCC2	c1
0.00572541876283333	-0.32358019301404	0.14	0.203	1	MAP2K7	c1
0.883046134668984	0.323555204286022	0.027	0.029	1	PUS10	c1
0.0705150654206741	-0.323494292797229	0.068	0.098	1	C1orf50	c1
0.495988962064159	-0.323472940495139	0.035	0.042	1	TRIM34	c1
0.384516029871877	0.323459997031263	0.068	0.058	1	FAAP100	c1
0.0588451599468964	-0.32341152650444	0.124	0.165	1	TANGO2	c1
0.0120292079099505	-0.323365113176942	0.601	0.659	1	ISG20	c1
0.133120437927273	-0.323298533577487	0.13	0.162	1	ZC3H18	c1
0.0254040419271058	-0.323111425171264	0.068	0.106	1	USP30-AS1	c1
0.108746691050187	-0.323040410992188	0.132	0.165	1	EPM2AIP1	c1
0.00172475185161033	-0.322941130615882	0.526	0.595	1	FAM49B	c1
0.0624750297758805	-0.322939235649432	0.11	0.147	1	INIP	c1
0.135228104206455	0.322823537982875	0.216	0.191	1	GNA13	c1
0.0526292029888999	-0.322582071863764	0.14	0.183	1	TXNDC11	c1
0.00978816502009323	-0.322569779197953	0.197	0.264	1	TSTA3	c1
0.240720838783624	-0.322478471164247	0.086	0.106	1	PHF6	c1
0.00214815181869753	-0.322441238524531	0.455	0.547	1	TBRG1	c1
0.102610931456299	-0.322274545899309	0.056	0.08	1	NHLRC2	c1
0.208241401686743	-0.322261678346377	0.037	0.052	1	MCOLN1	c1
0.00165094107428192	-0.322247181710447	0.493	0.582	1	C8orf59	c1
0.0313259259356927	-0.322019187812485	0.25	0.308	1	USP36	c1
0.0310490120807494	0.321842768715284	0.313	0.268	1	ATIC	c1
0.110941714000203	-0.321810230134866	0.043	0.064	1	ZNF786	c1
0.106564366060848	-0.321739110091255	0.116	0.148	1	NUP214	c1
0.0392075041993084	-0.321620635989296	0.129	0.174	1	MRPS27	c1
0.0330032406425928	-0.321610401486963	0.207	0.262	1	JMJD6	c1
0.050561561028996	0.32153759818297	0.208	0.173	1	UBE2D1	c1
0.000259417180497068	0.321476774566294	0.604	0.544	1	M6PR	c1
0.0678401756502647	0.321463168539184	0.159	0.124	1	FAM210B	c1
0.20390049822495	-0.321461436842563	0.11	0.133	1	GTPBP10	c1
0.227232544133555	-0.321427035435807	0.016	0.026	1	SPATA24	c1
0.563184896753258	0.321405318480437	0.156	0.15	1	R3HCC1	c1
0.0217955949934831	-0.321402338067497	0.254	0.321	1	CCDC91	c1
0.0626563154975897	-0.321278801890596	0.31	0.362	1	SNHG7	c1
0.633219279090022	-0.321226870750693	0.03	0.035	1	USP45	c1
0.0131861358144046	-0.321195674554953	0.215	0.285	1	B4GALT3	c1
0.166128965135705	-0.32111796564011	0.18	0.212	1	SUCO	c1
0.727711897297621	0.320991717420882	0.046	0.042	1	C17orf67	c1
0.696618823822667	0.320971462283561	0.011	0.014	1	ZMYND19	c1
0.740321928089573	-0.320899684429294	0.014	0.012	1	TMEM147-AS1	c1
0.0492491397887668	-0.320861273823467	0.235	0.288	1	PEF1	c1
0.163029085801779	-0.320448730137724	0.122	0.15	1	ACSL3	c1
0.0408990185919589	-0.32033398151409	0.138	0.185	1	C6orf62	c1
0.0438070506255666	-0.320291274635992	0.143	0.189	1	G6PD	c1
0.952366466826344	0.320242148620864	0.072	0.073	1	DBR1	c1
0.358193948498819	0.320242093030397	0.045	0.035	1	LSS	c1
0.93009139029058	-0.320192805660058	0.019	0.02	1	TRBV5-6	c1
0.000580581740157559	-0.320037851099681	0.569	0.641	1	RALY	c1
0.479443196060641	0.320030008681995	0.073	0.064	1	RFT1	c1
0.00933886412766115	-0.319957129988882	0.307	0.389	1	NUDT21	c1
0.815323996566254	-0.319939671689118	0.022	0.024	1	ZNF280C	c1
0.35688091677874	0.319893606731794	0.079	0.067	1	POGK	c1
0.912346729969847	0.319860403378573	0.014	0.015	1	RAB11B-AS1	c1
0.0883486215974919	-0.319763638109802	0.149	0.189	1	ZBED5	c1
0.0278680095983385	-0.31970649518311	0.138	0.189	1	GPR137B	c1
0.529255275996031	-0.319633754910741	0.011	0.015	1	EPB41L2	c1
0.00389022756138554	-0.319589518368512	0.401	0.486	1	EIF3A	c1
0.543491236700709	-0.319482377204583	0.043	0.05	1	ZCCHC2	c1
0.881012514027277	0.319464614866907	0.022	0.021	1	SEMA4C	c1
0.0232174211926461	-0.319312102538161	0.277	0.344	1	TRAPPC3	c1
0.630894846556818	0.319129500610813	0.032	0.027	1	RILP	c1
0.921292671059041	0.319021201166135	0.011	0.011	1	HIST1H4F	c1
0.12085363416329	-0.319008888010115	0.145	0.179	1	ZNF431	c1
0.902744257960576	-0.318859665856309	0.016	0.017	1	SAMD12	c1
0.040061958127994	0.318788373848299	0.291	0.25	1	TMEM134	c1
0.10654302022721	-0.3187745808753	0.025	0.042	1	UQCC1	c1
0.0434793887634458	-0.318586846014542	0.189	0.242	1	CCNK	c1
0.0493322836078295	-0.318512099822789	0.107	0.145	1	PIGBOS1	c1
0.119743745360022	-0.318494107515047	0.102	0.13	1	PPTC7	c1
0.158992778387426	-0.318491796598668	0.105	0.132	1	CRYL1	c1
0.000469044953137263	0.318451798248954	0.445	0.367	1	CYB5R3	c1
0.00856466768451513	-0.318405427531958	0.219	0.292	1	PHF14	c1
0.662351746213837	-0.318394884869037	0.033	0.038	1	UBN2	c1
0.069392011068511	0.318098976523998	0.234	0.198	1	SPRYD3	c1
0.619246491301563	0.318073795802483	0.046	0.041	1	NUDT7	c1
0.169302088403104	-0.318065744873599	0.165	0.195	1	ACYP2	c1
0.0477138578109733	0.318063166353846	0.37	0.333	1	NMRK1	c1
0.521091881866409	0.317983944765806	0.037	0.03	1	NPEPL1	c1
0.544979708693748	0.317934170931213	0.119	0.112	1	LZTFL1	c1
0.0344991613962946	-0.317930673724096	0.183	0.238	1	DIDO1	c1
2.76050257271764e-05	0.317770732845163	0.688	0.609	0.365600960730724	P4HB	c1
0.352432056577347	0.317696133542523	0.022	0.015	1	SRR	c1
0.35814695796612	-0.317689577886613	0.021	0.029	1	NACC2	c1
0.210316248330857	-0.317681355520758	0.107	0.13	1	CLASP2	c1
0.538601621141061	-0.317534859285693	0.013	0.009	1	LRP11	c1
0.187714064770822	-0.317532868850685	0.06	0.08	1	RAD51B	c1
4.0566077543244e-08	-0.317485631059371	0.847	0.905	0.000537257130982723	EIF3F	c1
0.253438727158229	-0.317430777370966	0.024	0.035	1	WDR81	c1
0.392386619110466	0.317353261206298	0.161	0.148	1	STK24	c1
0.0046433481606697	-0.317189053420972	0.304	0.388	1	BCL11B	c1
0.163499768046419	0.317100189896993	0.184	0.159	1	WDR43	c1
0.351127561568943	-0.317097752429153	0.065	0.079	1	LIN52	c1
0.432978429635018	-0.317017025155447	0.027	0.035	1	NUP50-DT	c1
0.152266697188589	-0.317013556037254	0.087	0.114	1	GTF3C5	c1
0.644449168974714	0.317012431607608	0.126	0.121	1	TM9SF1	c1
0.671870298266082	0.316914319502052	0.059	0.055	1	HMBS	c1
0.00293124842138882	-0.316872966705969	0.203	0.283	1	ERCC5	c1
0.441068691338758	0.316801703919419	0.116	0.103	1	EGR2	c1
0.041061055090342	-0.316538944299388	0.254	0.314	1	CHST11	c1
0.0400591290790511	-0.316516124695066	0.246	0.303	1	SLC25A11	c1
0.866051498667528	0.316442774668531	0.056	0.055	1	FAM206A	c1
0.460902376680234	0.316260460410394	0.008	0.012	1	C3orf62	c1
0.237353080798741	0.316095498695748	0.07	0.055	1	RPS6KC1	c1
0.0407880616621147	-0.3160682976795	0.132	0.177	1	ZNF91	c1
0.60094707134742	0.316004050158467	0.051	0.045	1	DDX31	c1
0.299094321706538	-0.315824270834614	0.022	0.032	1	CSRNP2	c1
0.0668351988709825	-0.315820175764313	0.176	0.22	1	RABL6	c1
0.364732285342983	0.315738269909472	0.072	0.059	1	ZNF701	c1
0.273476614468014	-0.315736779061768	0.078	0.095	1	ICMT	c1
0.0664952612810008	-0.315510787324762	0.143	0.185	1	CD151	c1
0.0208444277479205	-0.315452870626793	0.184	0.245	1	PFDN6	c1
0.312920976266334	-0.315387683731453	0.03	0.041	1	FOXK1	c1
0.971718826514236	0.315365128803279	0.032	0.032	1	ZBTB11-AS1	c1
0.0953287117330723	-0.315200527610428	0.06	0.086	1	MAP3K14	c1
8.71786448127982e-06	0.315193966184211	0.734	0.677	0.11545939719007	POLR2L	c1
0.0143697600971367	-0.31517819896084	0.595	0.626	1	RNF213	c1
0.878073220478486	0.315004137088493	0.027	0.026	1	AL022328.4	c1
0.155207620689196	-0.314996832007005	0.097	0.124	1	PACSIN2	c1
0.312860505530109	-0.314964405874309	0.091	0.109	1	STX6	c1
4.53681107202601e-06	-0.314778936572429	0.963	0.956	0.0600855258379125	EVL	c1
0.839607096079243	-0.3146088969707	0.01	0.011	1	GABBR1	c1
0.336537699033309	-0.314589633475817	0.041	0.053	1	RTL6	c1
0.31960334941882	-0.314556636484089	0.07	0.085	1	RFNG	c1
0.605822637046938	0.314440418504356	0.024	0.02	1	TCTE3	c1
0.0112699481266248	-0.314020758593633	0.124	0.182	1	CAAP1	c1
0.0423304335430595	-0.313964351214328	0.183	0.233	1	TMEM208	c1
0.160286294308303	0.313801924785716	0.192	0.168	1	SETD3	c1
0.0395640107939482	0.313548241530555	0.328	0.295	1	TMBIM1	c1
0.00842051790627254	-0.313397644654351	0.415	0.495	1	MRPL57	c1
0.12973568390817	-0.313237524022746	0.089	0.117	1	AIFM1	c1
0.0745917307245672	-0.313144508564586	0.095	0.129	1	PIK3C3	c1
0.160502948359767	0.313106627523889	0.219	0.198	1	MPV17	c1
0.438160741281389	-0.313084408445604	0.021	0.027	1	STX1A	c1
0.452090475880221	-0.313044288644295	0.038	0.047	1	POU2F1	c1
0.0460312939073666	-0.313037215280139	0.188	0.236	1	CCDC174	c1
0.21339341083629	-0.312954522318411	0.025	0.038	1	AC010422.3	c1
2.02933422223614e-08	-0.312942534466131	1	1	0.000268765024392955	MALAT1	c1
0.607298924342892	0.312803085652943	0.107	0.1	1	DDX52	c1
0.0280595300617811	-0.312763122002426	0.184	0.241	1	TBC1D5	c1
0.330178711358029	-0.312709911877304	0.051	0.064	1	PUSL1	c1
0.141517839488528	-0.312705208609876	0.124	0.156	1	DNAJC21	c1
0.134660270955926	0.312667494676702	0.175	0.148	1	TARSL2	c1
0.0335772685397614	-0.31238905313802	0.153	0.202	1	ZFC3H1	c1
0.138088376638494	-0.312331673348053	0.084	0.109	1	CREB3	c1
0.389565960726117	-0.312194960908782	0.048	0.059	1	SETD1A	c1
0.0572638266039261	-0.312117951282736	0.126	0.167	1	TBP	c1
0.368336815332614	-0.311903923608276	0.01	0.015	1	LINC00528	c1
0.344777643820765	-0.311787598185688	0.07	0.085	1	TRMT11	c1
0.325948189377065	0.311742259284761	0.011	0.006	1	AL451085.1	c1
5.81460933056263e-06	0.31172491856138	0.63	0.521	0.0770086859739715	TC2N	c1
0.129588286589289	-0.311663225387138	0.048	0.068	1	UBA6-AS1	c1
0.0260350691207222	-0.311654737615231	0.221	0.28	1	MORC3	c1
0.0976837162033714	-0.311592031490428	0.183	0.221	1	XPO1	c1
0.621072442164116	0.311495827089288	0.105	0.1	1	CLIC5	c1
0.00686835269508317	-0.311441228754728	0.237	0.314	1	FAM96A	c1
0.0724816922951956	-0.311305033869098	0.167	0.208	1	POLDIP2	c1
0.121222753126503	-0.311301926430039	0.156	0.192	1	ATG4B	c1
0.0073666326519781	-0.31126977064521	0.423	0.503	1	GRB2	c1
0.888904837807423	0.311188827679232	0.019	0.018	1	PSMG3-AS1	c1
0.221253366387114	-0.311184527155699	0.038	0.053	1	NFXL1	c1
0.110617229834733	-0.311131021883533	0.122	0.155	1	NOL12	c1
0.136349298228804	-0.311056851520748	0.092	0.12	1	PIK3CG	c1
0.493894676779612	0.311044102567132	0.025	0.02	1	FBXO30	c1
0.00526285698364249	-0.311010779444093	0.164	0.233	1	JPX	c1
0.915768320612993	0.31100564253163	0.013	0.012	1	MTBP	c1
2.28441722982244e-05	-0.31096942819268	0.715	0.779	0.302548217917683	JAK1	c1
0.710628747033344	0.310706298269528	0.043	0.048	1	ROCK2	c1
0.0192472752002347	-0.310683982494413	0.148	0.203	1	TMUB2	c1
0.195446208996464	-0.310481094143358	0.029	0.042	1	PIGA	c1
9.97871755765686e-06	0.310437582683904	0.652	0.573	0.132158135333607	DHRS7	c1
2.94867117314944e-06	-0.310385507408059	0.75	0.85	0.0390522010171911	SRSF5	c1
0.159813313458799	-0.310382684424015	0.127	0.156	1	ING5	c1
0.0186125082888519	-0.310180955685015	0.176	0.236	1	PPP5C	c1
0.150870625028289	-0.31017208507208	0.151	0.183	1	SLC4A1AP	c1
0.0337415988626427	-0.310121419586644	0.199	0.258	1	HECTD1	c1
0.0460769688042342	-0.309953457471066	0.208	0.261	1	SECISBP2L	c1
0.896087377201437	0.309927361442308	0.048	0.047	1	AZIN2	c1
0.109360534107662	-0.309825313823324	0.134	0.167	1	MTA1	c1
0.0218097006424947	-0.309693072678355	0.116	0.167	1	CCDC137	c1
0.166430737278348	0.309667007826692	0.087	0.067	1	PRKCI	c1
0.936879035600799	0.309624830354584	0.041	0.041	1	EPN2	c1
0.00942607460045033	-0.309554398490003	0.246	0.324	1	UFD1	c1
0.0815950390582615	-0.309389183981748	0.072	0.1	1	FAM104B	c1
0.947690435701995	0.309356835949922	0.017	0.018	1	ZKSCAN3	c1
0.0117378135869896	-0.309301034529186	0.102	0.155	1	RAP2C	c1
0.114142573338893	-0.309258876756242	0.132	0.167	1	GATD3B	c1
0.0222856328651194	-0.309080223744803	0.216	0.282	1	HACD4	c1
0.712849239168719	0.309023049174852	0.011	0.009	1	ENO1-AS1	c1
0.0213090618556878	-0.308883828134374	0.331	0.392	1	PCM1	c1
0.287446687848873	-0.308717866304389	0.051	0.065	1	TPCN1	c1
0.150394326298475	-0.308654374820526	0.046	0.065	1	VPS18	c1
0.0317251948471085	0.308621548055527	0.409	0.38	1	LYSMD2	c1
0.000284369510298432	-0.308518683628308	0.752	0.776	1	PPP1CA	c1
0.42657386430021	0.308512807272518	0.035	0.027	1	ZNF543	c1
0.347766409426172	0.308395655001493	0.078	0.065	1	GATD3A	c1
0.0629588156170346	0.308345707519986	0.302	0.273	1	PPIH	c1
0.0119805258281315	-0.308334918978468	0.097	0.147	1	NUBP1	c1
0.0916382916265741	-0.308206025033247	0.062	0.088	1	PIGO	c1
0.979066482376945	0.308158979390336	0.059	0.061	1	SETD4	c1
0.061001536243777	-0.308110038933541	0.17	0.214	1	ILKAP	c1
0.0053563873288718	-0.308003586867151	0.254	0.333	1	SSRP1	c1
0.309315162968031	0.307960817041873	0.094	0.079	1	MTMR9	c1
0.0211733303808308	-0.30789106309846	0.258	0.327	1	SAT2	c1
0.0672522705440195	-0.307773221698918	0.211	0.256	1	RAB5B	c1
0.0217165494258318	-0.307758801370199	0.084	0.127	1	PDZD8	c1
0.422983098880658	-0.307663156574774	0.019	0.026	1	C1orf61	c1
0.344076270648206	0.307357568994189	0.037	0.027	1	TRPC1	c1
0.309655443149865	0.307349636468295	0.137	0.121	1	TLNRD1	c1
0.192248244045626	-0.307294934941017	0.01	0.018	1	CRIM1	c1
0.683963177578345	-0.307281667026225	0.011	0.014	1	IER3-AS1	c1
0.1298061478358	0.307220311282282	0.126	0.1	1	UQCC3	c1
0.625377307074816	0.307086280398672	0.048	0.042	1	RTL10	c1
0.0339550461715468	-0.30705508146267	0.108	0.153	1	SCRN2	c1
0.0390181106544474	-0.306929647198617	0.146	0.197	1	MPDU1	c1
0.353406929314284	-0.306832775026573	0.087	0.103	1	MFSD14B	c1
0.879609515778652	0.306708974286982	0.022	0.021	1	MTMR8	c1
0.572796164532258	0.306575153228509	0.017	0.014	1	TRAV10	c1
0.0108645909426795	-0.306244856478136	0.24	0.318	1	NDUFS3	c1
0.117498401532333	-0.306003136034	0.103	0.135	1	TMEM41B	c1
0.58825681830262	0.305899036495669	0.108	0.102	1	GEMIN7	c1
0.00884428983473757	-0.305604327915586	0.18	0.248	1	OXLD1	c1
0.306433373985345	0.305500985752249	0.129	0.112	1	ZSCAN18	c1
0.197098638232824	-0.305491978729323	0.056	0.074	1	GALNT1	c1
0.259077907460512	0.305420478217517	0.113	0.095	1	FNIP1	c1
0.400075229980425	-0.30532098773677	0.049	0.061	1	TSC1	c1
0.0393167652969401	-0.305298007227632	0.132	0.179	1	LPCAT3	c1
0.959812640300167	0.305241123281617	0.021	0.021	1	TMEM256-PLSCR3	c1
0.419424092611062	0.305193414468627	0.033	0.026	1	C4orf47	c1
0.273247655162724	0.305149131728705	0.126	0.108	1	CASP6	c1
0.109417721359459	-0.305124860525542	0.083	0.112	1	OSBPL2	c1
0.292659813101722	-0.304989530427549	0.052	0.067	1	GNPDA2	c1
0.101101090206142	-0.304952254097872	0.086	0.115	1	CEP135	c1
0.947351618492333	0.30493684826848	0.13	0.139	1	PDPK1	c1
0.456183320720532	-0.304718124371772	0.008	0.012	1	C11orf65	c1
0.0313695596434837	-0.304583274776401	0.539	0.594	1	PTPN6	c1
0.371689861867965	-0.304359182599796	0.076	0.091	1	TBL1X	c1
0.303913884854666	-0.304257807910313	0.169	0.192	1	RNF216	c1
0.496421223191573	-0.304248782684562	0.01	0.014	1	ARMH4	c1
0.0838577584732155	-0.304231652104112	0.367	0.414	1	IL27RA	c1
0.419384152412475	-0.304211107703366	0.052	0.064	1	TIMM23B	c1
0.0328596277955316	-0.304185767511425	0.148	0.197	1	ANKRD49	c1
5.09509382818165e-07	-0.304113733983362	0.897	0.906	0.00674794226604377	LCK	c1
0.700632791211464	0.304054345510006	0.06	0.056	1	PCGF6	c1
0.100086271440801	-0.303906512945018	0.064	0.089	1	C12orf73	c1
0.186334544998502	0.303849887348024	0.14	0.118	1	INO80D	c1
0.593299579465207	-0.303808973610784	0.035	0.041	1	SPATS2	c1
0.383641914535714	0.303766101193196	0.027	0.02	1	PLXND1	c1
0.746600621363112	0.303682301137275	0.024	0.021	1	AC020659.1	c1
0.0625645955251273	-0.303676288060323	0.151	0.195	1	RINL	c1
0.00038263760742738	-0.303658063721588	0.7	0.738	1	WIPF1	c1
0.545556185399726	0.30364414407857	0.057	0.05	1	CIC	c1
0.138070765985344	-0.303603644781156	0.037	0.055	1	ZNF700	c1
0.0734446700793259	-0.303546405906723	0.21	0.258	1	PPID	c1
0.0583653662426854	-0.303543880500959	0.215	0.265	1	EPN1	c1
0.734050867236242	0.303507234245321	0.156	0.156	1	MRPL19	c1
0.406291721281998	0.303486396507687	0.156	0.144	1	FNDC3A	c1
0.753423223836461	-0.303405222080622	0.14	0.145	1	PLCB2	c1
0.290999109182353	-0.303335070285791	0.111	0.13	1	RAP2B	c1
0.948793784623709	0.303256572134306	0.076	0.079	1	C9orf85	c1
0.197544224603184	-0.303066047605061	0.029	0.042	1	C7orf31	c1
0.715430606733312	0.303063297401669	0.011	0.009	1	DLK2	c1
0.365703870731887	0.302971514518698	0.024	0.017	1	CDK20	c1
0.00285979460044693	-0.302944352313583	0.391	0.483	1	CHD2	c1
0.053277757530413	-0.302864204709135	0.157	0.205	1	STX12	c1
0.0716111517571699	-0.302784234229573	0.189	0.233	1	AKT2	c1
0.00030411044921881	0.302723172857224	0.577	0.494	1	CAST	c1
0.0328066045594205	0.302658631188581	0.38	0.345	1	ILK	c1
0.81490798270606	-0.302606562335454	0.024	0.026	1	CEP70	c1
0.472218220797957	-0.302604124769288	0.054	0.064	1	FRS2	c1
0.282684001627055	-0.302166037537793	0.148	0.171	1	NUMB	c1
0.153070984373173	-0.301996006725799	0.132	0.162	1	GTF3C2	c1
0.0648443053220263	-0.301909724594227	0.107	0.144	1	BANP	c1
0.00189459867111403	0.301739474618292	0.626	0.573	1	TRAM1	c1
0.53377865283746	0.301541921102556	0.084	0.076	1	PLCD1	c1
0.255662934808016	0.301540451123486	0.141	0.124	1	PGM1	c1
0.000223135051720371	-0.301502212811267	0.599	0.67	1	CHURC1	c1
0.253072234562153	-0.301479434931912	0.045	0.059	1	SSBP3	c1
0.353832334540631	0.301469531884488	0.094	0.08	1	CBWD1	c1
0.0648709369058712	0.301310533865397	0.192	0.155	1	TMEM204	c1
0.96229617807376	0.301298179690622	0.056	0.058	1	TTLL12	c1
0.0947819764657474	-0.30128673147891	0.075	0.103	1	SIL1	c1
0.278621044906143	-0.301205043830422	0.079	0.097	1	YIPF1	c1
0.456704186710524	-0.301161039105687	0.014	0.02	1	TRAV24	c1
0.836661246106486	0.301008095832187	0.041	0.039	1	MBTPS2	c1
0.000322865464830609	0.300817823283219	0.672	0.605	1	FLT3LG	c1
0.00217845951769	0.300754499488869	0.665	0.621	1	CYCS	c1
0.0892688685466242	-0.30071624418995	0.122	0.158	1	FBXO42	c1
0.147776643221273	0.300714614312062	0.114	0.091	1	AMPD2	c1
0.929284351737813	0.300629858079608	0.016	0.017	1	LIPE-AS1	c1
0.18532027464387	-0.300588215404367	0.11	0.135	1	AL390728.5	c1
0.238322599654025	-0.300544837579315	0.041	0.056	1	C14orf93	c1
0.167571109753821	-0.300501351766031	0.099	0.124	1	NT5C3B	c1
0.0207751812775868	-0.300472137500649	0.196	0.259	1	INTS10	c1
0.516664357829221	-0.300429124087626	0.027	0.033	1	KBTBD6	c1
0.0265493291907382	0.300423206242855	0.431	0.394	1	PDCD5	c1
0.558076658693008	0.300305488215344	0.113	0.106	1	RALB	c1
0.0426795689826543	-0.300299177654648	0.118	0.161	1	TMX3	c1
0.0488201748844884	-0.300279282288321	0.216	0.27	1	TDG	c1
0.0142249938828281	-0.300275031779873	0.39	0.465	1	TMEM9B	c1
0.560312076324157	0.300091834687332	0.156	0.152	1	DYNC1I2	c1
0.0166919552043141	-0.300073347403269	0.27	0.344	1	THYN1	c1
0.782323190436817	-0.300053617056082	0.037	0.039	1	VPS33B	c1
1.71028459422639e-05	0.30004325688107	0.763	0.686	0.226510091659343	ATP5MD	c1
0.510162204795114	-0.299998470484917	0.027	0.033	1	ZNF486	c1
0.508845473129638	0.2999899515889	0.099	0.089	1	EIF4E3	c1
0.365717523401166	0.299968216836836	0.118	0.105	1	B3GALT6	c1
0.819046867916831	0.299960043242852	0.076	0.074	1	SRGAP2C	c1
0.142425900241002	-0.299837616849941	0.056	0.077	1	LETM1	c1
0.0772646878608385	-0.299816546664339	0.293	0.342	1	EIF4E	c1
0.730582121553862	0.299767675827018	0.038	0.035	1	ENTR1	c1
0.291613418376962	0.299754182299238	0.159	0.142	1	PCNX1	c1
0.56163747510404	0.299725967317383	0.114	0.108	1	PPME1	c1
0.500010681332544	-0.299712672633785	0.046	0.055	1	AC022916.1	c1
0.159398821635292	-0.299689858490986	0.114	0.141	1	PGS1	c1
0.024232609771734	-0.299603643743847	0.145	0.198	1	RAB35	c1
0.460296065555314	0.2995530855341	0.051	0.042	1	DUSP14	c1
0.0393387176790919	-0.299538163104607	0.231	0.291	1	UBE2V2	c1
0.0602884858209738	-0.299493301740086	0.134	0.174	1	MAN1B1	c1
0.561326152248544	-0.299447121918011	0.013	0.017	1	ZNF703	c1
0.866102354210829	0.299266206997724	0.029	0.027	1	TMEM67	c1
0.16464689561367	0.299244020854414	0.202	0.177	1	EBP	c1
0.26015930254312	-0.299032123006994	0.103	0.124	1	CHD1L	c1
7.99525194813932e-05	-0.298958444185273	0.628	0.711	1	PSMB8	c1
0.225997090025351	-0.298910470205643	0.103	0.127	1	MCUR1	c1
0.0372418240811173	0.298881038183544	0.382	0.335	1	STT3B	c1
0.473813810300995	-0.298862411648949	0.102	0.115	1	RGL2	c1
0.00132116333744458	-0.298829692721207	0.665	0.698	1	CELF2	c1
0.539961291391316	0.298585478622844	0.04	0.033	1	SUV39H1	c1
0.391389454211588	0.298533037135968	0.075	0.064	1	AAMDC	c1
0.531140996719597	-0.29849278993538	0.03	0.036	1	PCNX3	c1
0.032013593775493	-0.298401694481658	0.254	0.314	1	RRP7A	c1
0.469460581069447	-0.298205547531605	0.087	0.1	1	HGSNAT	c1
0.320877333577068	-0.298111684306794	0.102	0.12	1	TMEM116	c1
0.356094909443191	0.298036901392514	0.078	0.065	1	DCP1B	c1
0.161067015737418	-0.298003498027099	0.008	0.017	1	MAP10	c1
0.00272281869548771	0.298001460239011	0.537	0.489	1	RPN2	c1
0.815457544312914	0.297937794845446	0.041	0.039	1	TRUB1	c1
0.277523043738164	0.29791730232767	0.153	0.136	1	FOXO3	c1
0.608332301752013	-0.297912633719904	0.016	0.02	1	PELI2	c1
0.763647847941204	0.297910386526253	0.041	0.045	1	GFPT2	c1
0.431721364139986	0.297767349183407	0.037	0.029	1	ZNF805	c1
0.0563313128474585	-0.297717212623213	0.051	0.079	1	ZNF529	c1
0.0983776932770848	-0.297702005182445	0.1	0.133	1	SDE2	c1
0.0336347421008591	-0.297699205537001	0.184	0.239	1	FAM104A	c1
0.011163542832479	-0.297628248180397	0.231	0.305	1	CDC40	c1
0.0473752143630972	-0.297564085512223	0.095	0.135	1	SIPA1L1	c1
0.607660615107194	0.297523160587429	0.111	0.106	1	LHPP	c1
0.0235781664630177	-0.297487548143482	0.157	0.214	1	YARS	c1
0.000516741141491865	0.2973133362808	0.588	0.517	1	GTF3A	c1
0.0447053471261192	-0.29729743661168	0.169	0.218	1	ARFGAP2	c1
0.200522290523259	-0.297130416124527	0.056	0.074	1	FAM76A	c1
0.219061677122464	0.297097951354885	0.078	0.061	1	PRMT3	c1
0.151934633262515	-0.297049830313995	0.099	0.126	1	PRR14L	c1
0.0355155724217575	-0.297045999858649	0.262	0.321	1	RTF1	c1
0.588197667387628	0.296992078667725	0.019	0.015	1	AC074032.1	c1
8.16616431273938e-05	-0.29691742678272	0.727	0.8	1	ACAP1	c1
0.598324060826191	-0.296880072155473	0.025	0.03	1	LINC00921	c1
0.123874318048343	-0.296831725773687	0.079	0.106	1	DCLRE1C	c1
0.0796395310713819	-0.296682836962327	0.145	0.186	1	BCL10	c1
0.100221540288057	-0.296590164051533	0.062	0.088	1	SNX13	c1
0.0226726925758065	-0.296576102571392	0.396	0.467	1	RER1	c1
0.0568545788583055	-0.296575782802246	0.137	0.18	1	ZSWIM7	c1
0.00715904681312598	-0.296548485115598	0.302	0.386	1	DERL1	c1
0.314129724693089	-0.296483037429326	0.054	0.068	1	EXOSC2	c1
0.492243349262672	0.296439102366945	0.027	0.021	1	MIR22HG	c1
0.163067422726725	-0.296430054167863	0.064	0.085	1	ZNF564	c1
0.171522554412658	-0.296374006811067	0.016	0.027	1	GRK4	c1
0.207937758475657	-0.296322083134265	0.037	0.052	1	MAP3K3	c1
0.00590039907330127	-0.296309329943002	0.335	0.427	1	LAMTOR5	c1
0.177987134928177	-0.296283148441078	0.148	0.176	1	TGIF1	c1
0.0352025660998642	-0.29621236998724	0.172	0.223	1	SLC2A4RG	c1
0.166330825343687	-0.29608433925335	0.108	0.135	1	PGD	c1
0.312679494383652	-0.295742846601965	0.076	0.092	1	ZNF841	c1
0.0656661103186586	-0.2957353904616	0.137	0.176	1	ANKRD39	c1
0.0438415164834063	-0.295630815307976	0.231	0.289	1	HSBP1	c1
0.537167590140778	0.295629854383224	0.062	0.055	1	TTC21B	c1
0.353251057830017	0.295617553978814	0.105	0.091	1	DPH5	c1
0.966065233071478	0.295391433861544	0.021	0.021	1	FANCD2	c1
0.184023787147899	-0.29534922797296	0.013	0.023	1	ZDHHC8	c1
0.0408290237037009	0.295347929598392	0.304	0.264	1	DPYD	c1
0.0705244226501219	-0.29532878074256	0.124	0.164	1	MSI2	c1
0.0480157150886041	-0.295303696307013	0.188	0.242	1	SREK1	c1
0.0941605430448316	-0.29520784014586	0.048	0.071	1	IMPACT	c1
0.125397257856524	-0.295161688736707	0.097	0.126	1	SCAMP1	c1
0.146316870570251	-0.294921878417969	0.072	0.095	1	NAA35	c1
0.180537388308415	-0.294568855059176	0.129	0.155	1	CHID1	c1
0.373805523622294	-0.294474933799927	0.038	0.048	1	PARP2	c1
0.528949153056222	0.294419450159816	0.141	0.133	1	CASP8AP2	c1
0.071708651580055	0.294304163168279	0.329	0.3	1	AP3S1	c1
0.0532614496764083	-0.294238726959004	0.081	0.117	1	RITA1	c1
0.453807741413799	-0.294085381405955	0.04	0.048	1	WDSUB1	c1
0.891695671786973	0.294039013400911	0.021	0.02	1	SLAIN1	c1
0.645102284687773	0.293984600038773	0.084	0.079	1	C16orf72	c1
0.0315917105209962	-0.293935731089916	0.226	0.285	1	QRICH1	c1
0.393174023501179	0.293922868338877	0.099	0.086	1	PCNX2	c1
0.202401389443198	-0.293764003602718	0.054	0.073	1	ZNF668	c1
0.0886646905375739	-0.293534531770862	0.426	0.477	1	NSMCE3	c1
0.228731336873413	0.293396372507057	0.161	0.139	1	BID	c1
0.443175522183222	-0.293323441760135	0.021	0.027	1	MOSMO	c1
0.627321322865354	0.293315869225627	0.008	0.011	1	POMT2	c1
0.892975917682841	0.293237690610907	0.083	0.088	1	GLRX2	c1
0.161326000737909	0.293162315606454	0.135	0.111	1	C1GALT1C1	c1
0.0208149956203925	-0.293137190844827	0.266	0.335	1	NDUFS2	c1
0.10111354991539	0.293125852367109	0.183	0.15	1	PRPF3	c1
0.0353681655008529	-0.293096112328738	0.141	0.191	1	TOLLIP	c1
0.066785710565752	-0.293086615999182	0.095	0.132	1	SIRT6	c1
0.0077684486147674	-0.293053301122267	0.475	0.564	1	LSM8	c1
0.208287617762492	-0.293037003846259	0.052	0.07	1	ALDH3A2	c1
0.00961359018388917	-0.292872251983183	0.353	0.439	1	MFF	c1
0.406470802430397	0.292820120430291	0.078	0.067	1	ZNF250	c1
0.105240800956774	-0.292816080743475	0.157	0.194	1	FEZ2	c1
0.0779374612179745	-0.292711034848704	0.1	0.135	1	CLCN3	c1
0.116147804525851	-0.292710129779804	0.102	0.132	1	FRA10AC1	c1
0.430012892563751	0.292707264580006	0.037	0.029	1	ANO10	c1
0.0139807652401276	-0.292491133011438	0.226	0.303	1	HK1	c1
0.0862917746519278	-0.292483898835054	0.032	0.052	1	ZNF627	c1
0.0573019004856494	-0.292483633070158	0.13	0.171	1	NIPSNAP2	c1
0.486691502172577	-0.29232959098656	0.035	0.042	1	ZNF79	c1
0.565042567283404	0.292311650345192	0.156	0.15	1	CSKMT	c1
0.410270470568465	-0.292270910613131	0.017	0.024	1	AC036176.1	c1
0.117152867336247	-0.292151024865808	0.114	0.145	1	DDX1	c1
0.62406536925112	0.292115076170282	0.033	0.029	1	SPATS2L	c1
0.682882489182428	0.292051513619136	0.057	0.053	1	BORCS8	c1
0.436814792698984	-0.292029331887525	0.038	0.047	1	ZNF544	c1
0.223693192101011	-0.291966757955866	0.086	0.108	1	ITGB3BP	c1
0.0312935780127327	-0.291911167505043	0.129	0.177	1	MRPL45	c1
0.00103843116172467	-0.291904000704825	0.723	0.785	1	TRAF3IP3	c1
0.876087713824133	0.291896818304346	0.011	0.012	1	PROCA1	c1
0.261522619292431	0.291846150528733	0.213	0.195	1	CCNC	c1
8.97710980879602e-06	0.29166173283184	0.828	0.739	0.118892842307695	DAD1	c1
0.146335725378149	-0.291636185203227	0.108	0.138	1	THAP6	c1
0.532279152273473	-0.291578518696558	0.019	0.024	1	STARD5	c1
0.0277160549971993	-0.291343650341359	0.208	0.265	1	CAND1	c1
0.898143302881633	-0.291318943586713	0.014	0.015	1	FAM174B	c1
0.000667801444804547	-0.291235586157589	0.556	0.635	1	CSNK2B	c1
0.158466701641046	0.291200495095853	0.197	0.171	1	FAM129A	c1
0.615531469747955	-0.29108710137174	0.054	0.061	1	PBX2	c1
2.37322490367777e-09	-0.291074988292444	0.906	0.92	3.14309906243084e-05	SUMO2	c1
0.0205605068264202	-0.290980147079295	0.27	0.335	1	CPSF6	c1
0.00412940195894815	-0.290965357109325	0.418	0.508	1	ZC3H15	c1
0.0781685421162315	-0.290780216194872	0.094	0.127	1	IMMP1L	c1
0.20473492473527	0.290748540743083	0.135	0.114	1	FH	c1
0.141169343789572	-0.290719018390065	0.121	0.152	1	WASHC2C	c1
0.00158163138749441	-0.290706986389794	0.27	0.368	1	BNIP3L	c1
0.0964876378387619	-0.29062271921305	0.11	0.144	1	MED1	c1
0.218474033676668	-0.290595719848825	0.114	0.139	1	HMG20A	c1
0.092977546907958	-0.290550743964062	0.127	0.162	1	EIF4EBP2	c1
0.304058987590054	0.290539914241722	0.127	0.111	1	UAP1	c1
0.0655454441440711	-0.290481252497336	0.3	0.353	1	RHBDD2	c1
0.150923669671551	-0.290455569989835	0.014	0.026	1	DMTN	c1
0.185172561703736	-0.290319015813373	0.107	0.132	1	ZNF708	c1
0.47140953469025	0.290308826820006	0.079	0.07	1	ZMYM1	c1
0.532732391676723	-0.290142176328678	0.011	0.015	1	NRL	c1
0.0424009948784957	-0.290134292137596	0.189	0.241	1	RHOT2	c1
0.00453501040224697	-0.290047650483228	0.196	0.28	1	GTF2E2	c1
0.889906664663045	0.290006313933337	0.022	0.021	1	SLC25A28	c1
0.0257284289081681	-0.289975595586573	0.075	0.115	1	DLG1	c1
0.43371399937677	-0.289932547765567	0.067	0.079	1	SPICE1	c1
0.00055486332425518	-0.289828798152128	0.523	0.627	1	EPC1	c1
0.905654517737299	0.289825289732251	0.016	0.015	1	AC092279.1	c1
0.983020032869102	0.28979828722543	0.095	0.098	1	ELOA	c1
0.0319188270626336	-0.289730340497382	0.161	0.215	1	DESI1	c1
0.0690310710420312	0.289707693251974	0.323	0.289	1	CPNE3	c1
0.00648480745335582	-0.289699925269998	0.296	0.379	1	ZMAT2	c1
0.578748709362449	-0.28968599929917	0.208	0.221	1	NABP1	c1
0.578074091677578	0.289633049322088	0.129	0.121	1	NLRP6	c1
0.72140139052061	0.289585340717432	0.043	0.039	1	MNT	c1
0.176558410469321	-0.289531181799883	0.078	0.102	1	ARHGAP12	c1
0.459249556475611	0.289338293321031	0.079	0.07	1	ZNF574	c1
0.505134928778097	0.289330755858873	0.01	0.014	1	TDRKH-AS1	c1
0.0729057402204965	-0.289328297071627	0.234	0.279	1	LPIN1	c1
0.0470246391372179	-0.289272086711544	0.421	0.476	1	PPP1R12A	c1
0.146257954973193	-0.289205328293122	0.033	0.05	1	MEX3C	c1
0.161004378167781	0.289150025914448	0.051	0.035	1	SKP2	c1
0.933659497906055	0.2890708981655	0.01	0.009	1	HOXA1	c1
0.00687909204527138	-0.288994927543775	0.24	0.321	1	BECN1	c1
0.856546099580006	0.28864830399969	0.01	0.011	1	KHDC1	c1
0.409943895815235	-0.288638715181788	0.006	0.011	1	TCFL5	c1
0.924603534659554	0.288625513473354	0.011	0.011	1	AC011632.1	c1
0.0108470231465718	-0.288585144566033	0.423	0.491	1	NDUFS8	c1
0.340438992155256	-0.288525718715557	0.041	0.053	1	ZBTB41	c1
0.0519429210727672	-0.288482840703863	0.164	0.212	1	ASCC3	c1
0.622933204233794	0.288479839915325	0.095	0.089	1	PCYOX1L	c1
0.0377840179283472	-0.288426060862496	0.149	0.197	1	DDX56	c1
0.0601116645742685	-0.288245741737739	0.275	0.335	1	LAGE3	c1
0.24750456956796	-0.288232398242379	0.017	0.027	1	SPACA9	c1
0.0805823489120772	0.288197414820925	0.215	0.179	1	RNF144A	c1
0.621920792629948	0.288075119254732	0.029	0.024	1	FKTN	c1
0.104511152382461	-0.288062901281142	0.183	0.223	1	PPIL4	c1
0.00639504057633917	-0.288039512424501	0.41	0.492	1	NAPA	c1
0.078815167713848	-0.288012094262686	0.347	0.405	1	BAZ1A	c1
0.305697237114351	-0.288008825595329	0.135	0.156	1	ZNF75A	c1
5.85928142658595e-05	0.287992040009591	0.771	0.727	0.776003232137043	TUBB	c1
0.447113723013784	0.287980334000448	0.059	0.05	1	GYS1	c1
0.225150469012142	-0.287961204736744	0.062	0.08	1	TBC1D13	c1
0.0614327127161115	-0.287798821836678	0.11	0.147	1	TMEM80	c1
0.00029579554720914	0.287726951330334	0.582	0.518	1	RBMS1	c1
0.684536545248623	-0.287688198544519	0.011	0.014	1	AP002026.1	c1
0.736536231771588	0.287665677176869	0.099	0.095	1	AC093323.1	c1
0.105904419091657	-0.287598355671044	0.202	0.248	1	STIM1	c1
0.0116609760520306	-0.287574598244902	0.725	0.755	1	IL16	c1
0.0503790287231253	-0.287557695836372	0.199	0.25	1	NARS	c1
0.788924524032054	-0.28754089136079	0.019	0.021	1	TTLL11	c1
0.208400536887547	-0.287525364863094	0.113	0.139	1	HUS1	c1
0.0893853305792941	-0.287516835611207	0.091	0.123	1	AC091959.3	c1
0.0885074476578627	-0.287502056709818	0.342	0.397	1	CCDC12	c1
0.669143258686755	0.287499291485896	0.116	0.112	1	RCC1L	c1
0.0558692233070161	-0.287494866764224	0.065	0.095	1	TULP4	c1
0.21131297087394	-0.287341733097563	0.11	0.133	1	SHPRH	c1
0.24389315095368	0.287338014020686	0.076	0.061	1	AC008124.1	c1
0.522209114636895	-0.287332232087238	0.019	0.024	1	LACC1	c1
0.137560011153371	-0.287241893520572	0.122	0.153	1	RAVER1	c1
0.00589113012811079	0.287232869211517	0.514	0.461	1	CANX	c1
0.0915088518381219	-0.287196846546451	0.078	0.108	1	FEM1B	c1
0.0361356587325827	-0.287173579706935	0.175	0.226	1	POLR3K	c1
0.0988149171158615	-0.287056683137102	0.114	0.148	1	MEF2A	c1
0.937230517603364	-0.286965630593494	0.021	0.021	1	AC025259.3	c1
0.000662036191779258	0.286958146192362	0.618	0.545	1	PA2G4	c1
0.00293838984198952	-0.286955637501091	0.531	0.612	1	ATP5PD	c1
0.0264404596085307	-0.286925841797808	0.037	0.065	1	FOCAD	c1
0.275872563657922	0.286918005889503	0.169	0.148	1	SMIM3	c1
0.0066583422687466	-0.286863579007742	0.176	0.247	1	CUL1	c1
0.876722953953138	0.286777201245345	0.011	0.012	1	RFX2	c1
0.192341786877292	-0.286615329170945	0.191	0.223	1	HELB	c1
0.501749483228547	-0.286601674192252	0.025	0.032	1	TGFBR3L	c1
0.103043044389097	-0.2865442998546	0.057	0.082	1	UBE2D4	c1
0.0844259199767026	-0.286503691135448	0.111	0.145	1	MRPL39	c1
0.148561489072766	-0.2864083055122	0.102	0.129	1	MAPK8IP3	c1
0.0885484361665474	-0.286356370647169	0.108	0.142	1	LMBR1L	c1
0.074159771597945	-0.286321437331813	0.107	0.142	1	INTS8	c1
0.00212283369993452	-0.286213253512302	0.642	0.712	1	PRRC2C	c1
0.369296075410322	0.286063875956266	0.135	0.121	1	CDCA4	c1
0.00886712810107727	0.285949864858943	0.444	0.389	1	TMEM35B	c1
0.0654103032519418	-0.285853805955958	0.224	0.277	1	LETMD1	c1
0.453858002448063	0.285809342318711	0.134	0.123	1	PLIN3	c1
0.0596297715392893	-0.2857386645997	0.094	0.13	1	DIABLO.1	c1
0.537251832837815	-0.285615183369773	0.029	0.035	1	TTLL5	c1
0.0723667803871549	-0.285614530554661	0.176	0.224	1	PML	c1
0.0140798704829411	0.285487723424399	0.288	0.235	1	PRDM1	c1
0.380551986113884	0.285485256836774	0.054	0.044	1	RABL2A	c1
0.114975152083111	-0.28541345086342	0.153	0.189	1	CCAR2	c1
0.009270686467119	-0.285358797688166	0.374	0.453	1	DDX6	c1
0.692852608350805	-0.285354333123531	0.038	0.042	1	ZNF333	c1
0.0461172035443172	-0.285349231412755	0.122	0.167	1	TRMT2A	c1
0.0119349605175344	-0.285309514827582	0.335	0.414	1	MAF1	c1
0.753576186128972	-0.285199708582574	0.016	0.018	1	ANO8	c1
0.0122003062255165	-0.285188463432694	0.24	0.315	1	TXNDC17	c1
0.646935026669369	-0.285185574986413	0.019	0.023	1	ZNF658	c1
0.0904351929317579	-0.28499500167192	0.192	0.235	1	MRPL55	c1
0.150865607243469	-0.284965163452541	0.057	0.079	1	HSPA14.1	c1
0.143955785232653	-0.284957484074614	0.146	0.18	1	ARFGEF1	c1
0.190777751844418	-0.284885620698965	0.102	0.126	1	UBXN7	c1
0.302303604412615	-0.284778544097026	0.137	0.159	1	MACO1	c1
0.348214187373447	-0.284726399586555	0.079	0.094	1	PIAS4	c1
0.725613359331613	0.284637474817469	0.084	0.08	1	URGCP	c1
0.138619195894991	-0.284624252181697	0.103	0.13	1	MTX2	c1
0.40711123984955	0.284605453524163	0.092	0.08	1	NUDCD1	c1
0.0695936745632524	-0.284569569737029	0.164	0.205	1	THAP1	c1
0.0292130059066285	-0.284518991633849	0.324	0.386	1	MIEN1	c1
0.044325061425447	-0.28445801197163	0.167	0.217	1	SLC7A6	c1
0.423736788720735	0.284401514736502	0.017	0.012	1	FP236383.3	c1
0.615209133641926	0.284363366876699	0.097	0.091	1	SLC35A1	c1
0.0765063154016926	-0.284068589477903	0.215	0.265	1	CDIP1	c1
0.258880416012877	-0.284056636786294	0.07	0.088	1	MIGA2	c1
0.124597694623133	-0.284049369927828	0.153	0.188	1	MKNK2	c1
0.0304339924247214	-0.284012225360959	0.289	0.353	1	POLR2C	c1
0.440896271870224	-0.28392029451186	0.134	0.15	1	HDHD3	c1
0.162627215525493	-0.283878019676829	0.108	0.136	1	YRDC	c1
0.502555337550802	0.2835771711179	0.108	0.1	1	GLMP	c1
0.860738367383048	0.283540865111002	0.108	0.109	1	TRIP4	c1
0.0213748588378966	-0.283515901876047	0.289	0.356	1	NDUFAF8	c1
0.103944836809349	-0.283431125740957	0.293	0.338	1	FIP1L1	c1
0.00409928495114383	-0.283384854228725	0.461	0.55	1	ITGA4	c1
0.0145146239203308	-0.283278889248014	0.229	0.3	1	KLHDC2	c1
0.0128056350080677	-0.28324634812435	0.157	0.221	1	INPP5K	c1
0.71013375998173	0.283240363097052	0.049	0.045	1	NELFB	c1
0.554339306194187	-0.283038988031351	0.045	0.052	1	SAP25	c1
0.000162870876751276	-0.283036168931035	0.693	0.762	1	UBXN1	c1
0.0087787565528363	-0.282997851369269	0.51	0.586	1	SUMO1	c1
0.316482438172693	0.282939975754529	0.157	0.139	1	POU2F2	c1
0.580500122058719	0.282930812650808	0.087	0.08	1	SHQ1	c1
6.97428812301602e-06	-0.282749048896341	0.916	0.93	0.0923674719012241	HMGB1	c1
0.438874300004008	-0.282723259962938	0.087	0.1	1	ATAD2	c1
0.248049648342753	-0.282601789107116	0.035	0.048	1	TLDC1	c1
0.144731109017393	-0.282590191231621	0.157	0.189	1	UBQLN2	c1
0.034033804941575	-0.282573440613826	0.3	0.365	1	ZNF292	c1
0.0122912021783391	-0.282528284003759	0.2	0.27	1	SS18	c1
0.170648146267403	-0.282509963982827	0.108	0.135	1	DPH7	c1
0.143582368697881	-0.282445166665589	0.033	0.05	1	BTBD6	c1
0.106520725842091	0.282413801973338	0.153	0.121	1	DBNDD2	c1
0.200483490199988	-0.282329007411026	0.127	0.155	1	BRAF	c1
0.347964873495947	-0.282101311466467	0.079	0.095	1	BIN3	c1
0.600511275158508	-0.28206915076936	0.025	0.03	1	DIRC2	c1
0.0318518745057443	-0.282028567730762	0.259	0.32	1	CEP57	c1
0.0566672229608897	-0.281963243401162	0.154	0.197	1	CTBS	c1
0.882577421238715	-0.281955918947895	0.043	0.041	1	ZDBF2	c1
0.0941261640848799	-0.281938162994475	0.029	0.047	1	DHX57	c1
0.0469342564902263	-0.281900986797722	0.353	0.414	1	LBR	c1
0.03154724616991	-0.281792631308612	0.313	0.38	1	GOLGA4	c1
0.977538347535494	0.281770310481655	0.087	0.091	1	COQ5	c1
0.0819265150359748	-0.28175910959287	0.014	0.029	1	PKD2	c1
0.00094423995335626	-0.28169064235243	0.615	0.694	1	ST13	c1
0.00379314159950835	-0.281615964551395	0.574	0.65	1	SASH3	c1
0.239351605677764	-0.281543565974805	0.1	0.121	1	PTPN9	c1
0.513145025058382	0.281474021108203	0.081	0.073	1	GPATCH1	c1
0.89901651254276	0.281350644169724	0.019	0.018	1	SEC31B	c1
0.34840947918745	0.281293137611535	0.113	0.098	1	POC1B	c1
0.31310202313155	-0.281288422730324	0.135	0.158	1	PMS1	c1
0.308280195996699	0.281277874884549	0.086	0.071	1	RNASEH2A	c1
0.0152210352152882	-0.281187206548898	0.156	0.215	1	BLOC1S6	c1
0.122443483658505	-0.281097297719681	0.116	0.147	1	NIPAL3	c1
0.101946872580633	-0.281082181588229	0.38	0.424	1	FOXP1	c1
0.0745959751561779	-0.280907087011041	0.213	0.262	1	XPA	c1
0.929891947539828	0.280851577031236	0.04	0.039	1	ZNF573	c1
0.445576028359267	-0.280809539062463	0.089	0.102	1	RIOX1	c1
0.982975987774883	0.280761244366271	0.025	0.026	1	ALG10	c1
0.91700706540625	0.280733272225374	0.013	0.012	1	AC073254.1	c1
0.103300397787559	-0.280703197334212	0.162	0.203	1	MIDN	c1
0.0559568718360476	-0.280637276718912	0.108	0.147	1	RCOR3	c1
0.00773832102548011	-0.280531245713392	0.369	0.452	1	PPP2CA	c1
0.325854628903863	0.28034886951586	0.111	0.095	1	TTC39B	c1
0.0667155972244056	-0.280337823481361	0.377	0.432	1	NSD3	c1
0.178383669881229	0.280334084397265	0.078	0.059	1	ERC1	c1
0.62089321258465	0.280317290286389	0.094	0.088	1	LIN7C	c1
0.0159513483792369	-0.280278643639807	0.3	0.374	1	SUMO3	c1
0.0350874029881272	-0.280274752448329	0.548	0.586	1	NCOR1	c1
0.02484456343649	-0.280266381570978	0.114	0.164	1	ISOC1	c1
0.0510950285777985	-0.280204953879796	0.215	0.271	1	BIRC2	c1
0.25710504313352	-0.280181392589341	0.32	0.282	1	CXCR6	c1
0.305218412841576	-0.280160254194024	0.037	0.048	1	PITPNA	c1
0.0504234399667108	-0.280120725569748	0.299	0.35	1	ZBTB38	c1
0.765032137680193	-0.280045503431577	0.017	0.02	1	ATG9B	c1
0.655273724341685	0.280021066270714	0.086	0.08	1	INTS6L	c1
0.204612784630786	-0.279988901716709	0.056	0.074	1	EMC9	c1
0.0404021800590244	0.279952560169536	0.313	0.267	1	BOLA3	c1
0.0978901079547772	0.279882592241186	0.21	0.179	1	DTD1	c1
0.0804072714337803	-0.279788674972925	0.154	0.2	1	BRD7	c1
0.221583445762434	-0.279778887899104	0.103	0.127	1	LRRC58	c1
0.21467313637955	0.279596381282573	0.243	0.223	1	GNL3	c1
4.02422389776344e-05	0.279517401367256	0.725	0.653	0.532968213019791	VAMP8	c1
0.0408909578953487	-0.279484813487248	0.189	0.245	1	MTG1	c1
0.125407850472711	0.27932792309881	0.091	0.068	1	SCAI	c1
0.0168825054960874	-0.279247453308365	0.286	0.358	1	SUCLG1	c1
0.357640828772384	0.279068688545825	0.118	0.103	1	SEC24D	c1
0.795254955620018	0.279049980290774	0.051	0.048	1	BRD1	c1
0.356690288171421	-0.278849633091084	0.046	0.058	1	CPEB4	c1
0.043687404449484	-0.278847913848399	0.189	0.241	1	MRPL38	c1
0.403309009847297	-0.27863593481585	0.072	0.085	1	NARFL	c1
0.198684454448847	-0.278568406327824	0.075	0.095	1	CNPY2	c1
8.2845157715895e-06	0.278538542236582	0.836	0.736	0.109720126878931	SPOCK2	c1
0.0539107903325361	-0.27841132695663	0.215	0.273	1	SETD5	c1
0.221315709177918	0.278266887402885	0.216	0.194	1	ADPGK	c1
0.462926614553248	-0.278069372221177	0.03	0.038	1	TMCC1	c1
0.186268171010927	-0.277943518710406	0.103	0.129	1	ZCCHC9	c1
0.0663905207584754	-0.277820315632354	0.191	0.238	1	POLR2B	c1
0.745238312138296	0.277818168280684	0.07	0.067	1	RAB2B	c1
0.178806245277449	0.277682226120898	0.151	0.127	1	MCMBP	c1
0.00779325076298789	-0.277665766174645	0.328	0.411	1	TADA3	c1
0.012054598832129	0.277659337555203	0.533	0.489	1	CORO1B	c1
0.125536258604875	-0.277602319482504	0.213	0.255	1	CNDP2	c1
0.00873537797593992	0.277572225938954	0.483	0.429	1	PPP1R11	c1
0.1615197378969	-0.277527079528932	0.078	0.102	1	ARMT1	c1
0.114800103008464	-0.277432022441626	0.107	0.136	1	LTBP3	c1
0.0173366384402077	-0.277387551884611	0.318	0.386	1	CNIH1	c1
0.179197769274192	-0.277373124911397	0.13	0.158	1	COL4A3BP	c1
0.755496465607641	0.277365218570581	0.07	0.067	1	PIGN	c1
0.0596705557016838	-0.277333438337214	0.235	0.288	1	MRPS26	c1
0.0622503134997819	-0.277301859570065	0.092	0.129	1	ATP13A1	c1
0.765705497611065	0.277270687198804	0.084	0.082	1	FUT11	c1
0.226299859256632	-0.277071506163892	0.027	0.039	1	DNAJC18	c1
0.0769170306340973	-0.277055935664119	0.248	0.3	1	PJA2	c1
0.0297823656589296	-0.277032702072234	0.58	0.602	1	DBI	c1
0.0112950472181302	-0.276932942555575	0.315	0.394	1	HSF1	c1
0.0100362636802133	-0.276867075451447	0.431	0.511	1	CYFIP2	c1
0.289638029893662	0.276798905971991	0.043	0.032	1	GNAO1	c1
0.0292131623698952	-0.276782490846963	0.37	0.435	1	TTC3	c1
0.0349190109536727	-0.276738018717745	0.134	0.182	1	XPO4	c1
0.548080187381986	0.276712973747983	0.014	0.011	1	HSPA1L	c1
0.0675088354246773	-0.276706723993293	0.172	0.22	1	UPF2	c1
0.256261070959739	-0.276566998042525	0.054	0.07	1	SLC25A17	c1
8.69594302362541e-05	0.276561080362424	0.804	0.764	1	MT-ND6	c1
0.0681059554541773	-0.276489037814725	0.169	0.212	1	CUTC	c1
0.0334637702299035	-0.276405244915238	0.153	0.205	1	NOL8	c1
0.127224579870221	-0.276303473570883	0.153	0.188	1	SNRNP35	c1
0.0253310137310572	-0.276157589582879	0.172	0.226	1	TENT2	c1
0.403823357342745	-0.276107146979833	0.011	0.017	1	PPP2CB	c1
0.263719827185184	-0.276099504181839	0.062	0.079	1	TDRD3	c1
0.559936757843978	0.276048348108018	0.091	0.083	1	NVL	c1
0.27646913304519	-0.276034514839076	0.079	0.097	1	RXYLT1	c1
0.148464520718457	-0.276002518806679	0.11	0.138	1	NUS1	c1
0.707617823060195	-0.275880423812707	0.024	0.027	1	KCNQ1OT1	c1
0.0591668008779431	-0.275766034623126	0.215	0.268	1	CTCF	c1
0.0468417439132787	-0.275748741931991	0.296	0.364	1	DR1	c1
0.0202928527808792	0.275736813750651	0.434	0.389	1	ARL2BP	c1
0.0655506825227115	-0.275701450356987	0.146	0.191	1	SFT2D2	c1
0.0762679196978906	-0.27550924966776	0.086	0.118	1	ACOT7	c1
0.933659497906055	0.275502869553707	0.01	0.009	1	ZSCAN22	c1
0.0817808468419106	-0.27547648604176	0.219	0.268	1	SMNDC1	c1
0.52190888000083	0.275341121236752	0.072	0.064	1	MUT	c1
0.0149489484020593	-0.275273414433354	0.183	0.25	1	DCAF11	c1
0.00446710977381363	-0.275265069983462	0.329	0.42	1	GOLGA7	c1
0.242878800343058	-0.275225304462252	0.035	0.048	1	ATXN7L3	c1
0.322747768996733	-0.275221367025187	0.056	0.07	1	EPC2	c1
0.000562446848142448	0.275186354894956	0.612	0.524	1	SELENOT	c1
0.0371953437392653	-0.275166265787322	0.134	0.182	1	CLASRP	c1
0.131804391485726	-0.275118908608246	0.995	0.986	1	GAPDH	c1
0.173646325326443	-0.275085434998899	0.089	0.114	1	C21orf2	c1
0.994803304986883	0.274872617562758	0.097	0.1	1	ANAPC1	c1
0.0144992199393089	-0.27481793993896	0.401	0.486	1	DYNLT1	c1
0.183543372390947	-0.27475852006973	0.151	0.185	1	TAPBPL	c1
0.712854150791345	0.274755187817079	0.124	0.121	1	APLP2	c1
0.335278069689079	-0.274708565771433	0.025	0.035	1	ZBTB49	c1
0.0446469195482497	0.27452665985732	0.439	0.408	1	COX17	c1
0.249637289970888	-0.274476467775245	0.075	0.058	1	TRBV5-1	c1
0.722328852292881	0.274379207590075	0.073	0.07	1	CRAT	c1
0.405068737684652	-0.274336285685993	0.011	0.017	1	AL445472.1	c1
0.0457415269825702	-0.274325151301066	0.119	0.162	1	WDR20	c1
0.0845721190776471	-0.274291196951188	0.073	0.103	1	ZDHHC5	c1
0.0944743188525505	0.274217588896265	0.423	0.405	1	RCAN3	c1
0.382335679320321	-0.273962703991181	0.084	0.098	1	PRKD3	c1
0.582618418556224	-0.273818067662428	0.094	0.103	1	RRP12	c1
0.468320745267563	0.273801048180614	0.138	0.127	1	ATF3	c1
0.351020305369276	0.27378619441208	0.137	0.121	1	ATL3	c1
0.259605499312069	-0.27368595048588	0.03	0.042	1	ZNRF2	c1
0.0142569403302197	0.273607099090883	0.369	0.311	1	SATB1	c1
0.640583846015115	0.273546927614118	0.049	0.044	1	PKD1	c1
0.118402058242833	-0.273545819543987	0.056	0.079	1	ERCC4	c1
0.0794072277633907	-0.273342506089925	0.288	0.345	1	SRSF1	c1
0.279964699959724	-0.273265777884942	0.065	0.082	1	THAP12	c1
0.338811949784784	-0.273165160222094	0.087	0.105	1	RPP38	c1
0.221878045515352	-0.273152130011584	0.092	0.115	1	ANKFY1	c1
0.0213064120732211	-0.273101213888987	0.161	0.218	1	IBTK	c1
0.0578481202774953	0.273078520813394	0.277	0.233	1	PLIN2	c1
0.0295944934163013	-0.272957073872169	0.13	0.182	1	RBMX2	c1
0.915847235885499	0.272890747973715	0.065	0.065	1	TAX1BP3	c1
0.7214315842737	0.272875820937529	0.086	0.082	1	NUP88	c1
0.390015195489397	0.272867540729206	0.145	0.132	1	UBXN2A	c1
0.0470988777381809	-0.272824477211924	0.273	0.332	1	CAMLG	c1
0.0742219444834958	-0.272805189567394	0.065	0.094	1	TBC1D31	c1
0.000218575975234543	0.272796659671593	0.771	0.691	1	NDUFB2	c1
0.167516893428403	-0.272749470673982	0.078	0.102	1	TUBD1	c1
0.167201662239769	-0.272691359427129	0.092	0.118	1	SACS	c1
0.136721976358136	-0.272665411303001	0.154	0.194	1	SLC25A46	c1
0.290937636761028	-0.27263450874911	0.079	0.097	1	TMEM184C	c1
0.032804253357731	-0.272621104444404	0.13	0.18	1	MOAP1	c1
0.0340815423441481	-0.272604429409529	0.235	0.295	1	MRPL16	c1
0.273430019639978	0.272582643419952	0.246	0.23	1	AP2B1	c1
1.57637070265755e-05	0.272545755110072	0.868	0.803	0.208774535859966	APRT	c1
0.690228619146273	0.272493610049045	0.032	0.036	1	INTS2	c1
0.160986214032592	0.272400208123276	0.169	0.147	1	PGGHG	c1
0.158772289487159	-0.272255969101813	0.029	0.044	1	ZKSCAN4	c1
0.57040896073097	0.271952075102389	0.107	0.098	1	DHRS13	c1
0.225488909223477	0.271899844028999	0.14	0.118	1	SNUPN	c1
1.2104406637088e-05	0.271712423384672	0.878	0.789	0.160310761501593	ABRACL	c1
0.098078297846843	-0.271702234927068	0.275	0.318	1	NEMF	c1
0.824073584902218	0.271688031298607	0.043	0.041	1	KCTD10	c1
0.298953177018395	-0.271588049850688	0.062	0.077	1	RRM2B	c1
0.078358696710821	-0.271580939169363	0.347	0.398	1	DGCR6L	c1
0.053582835230432	-0.271532420589202	0.065	0.097	1	TTC33	c1
0.468418791586722	0.271469252662131	0.024	0.018	1	SLX4	c1
0.00391479956931529	-0.271467808946392	0.277	0.362	1	ERAP2	c1
0.144259361767946	-0.271465957371709	0.175	0.211	1	RALGDS	c1
0.256278832087801	-0.271419667056358	0.107	0.129	1	DHX38	c1
0.268069080835156	-0.271388307246419	0.084	0.103	1	DNAJC5	c1
0.0581491844206214	-0.271356993057985	0.202	0.253	1	CLTC	c1
0.020927506128411	-0.27120640822964	0.143	0.197	1	R3HDM2	c1
0.73869225549234	0.271112809007939	0.019	0.017	1	C9orf40	c1
0.144423936278671	-0.271041830756024	0.145	0.177	1	TPD52L2	c1
0.541763121850912	0.270994878926293	0.059	0.052	1	TXNRD2	c1
0.220037274644561	0.270992445411154	0.183	0.162	1	SLF1	c1
0.878378869340396	-0.270984238278509	0.013	0.014	1	THSD8	c1
0.201440747243833	-0.270839661359683	0.157	0.183	1	SUPT3H	c1
0.850162189149202	-0.270812219561691	0.084	0.086	1	CD79B	c1
0.954934264449262	0.270776194718277	0.04	0.039	1	ZNF25	c1
0.274492401885782	-0.270678840156122	0.046	0.061	1	TOP3B	c1
0.392833378584755	0.270565033118999	0.056	0.045	1	C9orf72	c1
0.100421313790874	0.270519997250619	0.14	0.109	1	LINC02256	c1
0.197215792950755	-0.270140785432212	0.199	0.23	1	IL10RB	c1
0.0182602844956096	-0.270122358962845	0.289	0.356	1	DCAF7	c1
0.00888621872712705	-0.270107309266311	0.135	0.197	1	GAK	c1
0.0998378979185469	-0.270102828505947	0.173	0.212	1	UBR4	c1
2.057809321702e-12	-0.270043584079796	0.992	0.992	2.72536266566213e-08	PABPC1	c1
0.0424109241784865	-0.270022204122734	0.248	0.305	1	MAP2K2	c1
0.820007961229175	0.269875675487083	0.04	0.038	1	CORO1C	c1
0.442343500076763	-0.269865010381413	0.029	0.036	1	APPL2	c1
0.0173658314214965	-0.269615954220841	0.092	0.138	1	N4BP2	c1
0.422129359554702	0.269599436950894	0.111	0.097	1	CAMK1D	c1
0.409408094517701	0.269577717447103	0.067	0.056	1	FAM228B	c1
0.262837172579994	-0.269573294125059	0.153	0.177	1	TOB1	c1
0.946568922308507	0.269520541869521	0.054	0.056	1	MICALL1	c1
0.166715524478865	-0.269517073057541	0.07	0.092	1	SMIM4	c1
0.245326671375132	-0.26946276260889	0.086	0.106	1	EDRF1	c1
0.00310417837938389	-0.269436943758239	0.405	0.506	1	PIK3R1	c1
0.0421827725912754	-0.269394796437937	0.122	0.167	1	MAP3K11	c1
0.108523979191818	-0.26936948197493	0.188	0.23	1	NFATC1	c1
0.766376067777166	0.269330037954736	0.072	0.077	1	TRAV16	c1
0.0675661132006778	-0.269181537427063	0.183	0.229	1	STK38	c1
0.898004579286859	0.269177115957454	0.019	0.018	1	DNAH1	c1
0.355967080377716	0.269152301089483	0.224	0.218	1	TXNDC15	c1
0.433537932799759	0.269104672990984	0.118	0.108	1	LRRC8C	c1
0.0823657864733587	-0.269095715398388	0.124	0.161	1	NEK9	c1
0.0212154338825052	0.269094534158299	0.328	0.279	1	SVIP	c1
0.145113856238853	-0.26906369898482	0.049	0.07	1	VIPAS39	c1
0.36792141917506	-0.269052041595146	0.01	0.015	1	AC136475.1	c1
0.438200020390568	0.268970737672918	0.025	0.033	1	RAB40B	c1
0.020075167240599	-0.268862664785553	0.258	0.329	1	SEPHS2	c1
0.685107140827349	0.268823875431117	0.057	0.053	1	CNNM2	c1
0.1877610812282	-0.268806235532714	0.087	0.111	1	REEP4	c1
0.194774807554927	-0.268803564451442	0.161	0.189	1	UMAD1	c1
0.260360302931673	-0.268800204497468	0.099	0.12	1	STAM	c1
0.0486775718002173	-0.268752479457152	0.118	0.159	1	SRSF6	c1
0.319597646167559	-0.268745579523562	0.087	0.105	1	DPH1	c1
0.362442787250272	0.26874547927655	0.18	0.165	1	PCNX4	c1
0.243095374530507	-0.268707977205976	0.067	0.085	1	COQ9	c1
0.133005267593718	-0.268696150301574	0.03	0.047	1	P2RX7	c1
0.324561040720506	0.268620200807729	0.188	0.174	1	PI4KB	c1
0.0136828787280537	-0.268607475732499	0.21	0.282	1	MCTS1	c1
0.0654633766883867	-0.268530796918892	0.092	0.127	1	NBAS	c1
0.0846813295846151	-0.268442202835324	0.207	0.252	1	SINHCAF	c1
0.223629571170351	-0.268400661135562	0.197	0.23	1	UBE2E1	c1
0.00846972729391677	-0.268394731190029	0.203	0.279	1	PFDN4	c1
0.926303868676824	-0.268391914341707	0.013	0.012	1	APLF	c1
0.846259221743405	0.268363489322086	0.059	0.058	1	GGACT	c1
0.0061478183755803	-0.268250784384009	0.426	0.523	1	RBBP6	c1
0.0739348204230558	-0.268222080566902	0.281	0.329	1	ZFR	c1
0.238296778043718	-0.268219938219816	0.229	0.262	1	SMC5	c1
0.0814004863066703	-0.268137498306007	0.068	0.097	1	GRAP	c1
0.974338999244733	-0.268114566144857	0.027	0.027	1	ADAMTSL5	c1
0.0813740951629395	-0.26811314122032	0.253	0.3	1	CENPC	c1
0.937819516154105	0.268111962101395	0.017	0.018	1	DCUN1D2	c1
0.000679388150305814	-0.26803229918304	0.768	0.798	1	COX5B	c1
0.695634735823134	0.267940448957177	0.102	0.098	1	CAMTA2	c1
0.030621403618963	-0.267938973865119	0.165	0.221	1	PDE6D	c1
0.799479145820217	-0.267720137730104	0.021	0.023	1	RNASEK-C17orf49	c1
0.319388588059825	-0.26762258504149	0.148	0.17	1	YLPM1	c1
0.97918979337918	0.267609085558101	0.089	0.091	1	REXO4	c1
0.0456178905735855	-0.267600809318857	0.108	0.15	1	TMEM33	c1
0.011549301114881	-0.267553464306548	0.173	0.242	1	MCRS1	c1
0.0368101414449834	-0.267454303091701	0.159	0.211	1	USP39	c1
0.709263963552206	0.267297158096964	0.022	0.026	1	TAF5L	c1
0.0897600649290654	-0.267188923123853	0.161	0.198	1	UTP18	c1
0.221547800151264	-0.267182892497198	0.248	0.279	1	PPP2R2A	c1
0.626995007376406	-0.26716647275346	0.017	0.021	1	TRBV12-4	c1
0.369168482960893	-0.266943003809134	0.01	0.015	1	YTHDF3-AS1	c1
0.0321080014699806	-0.266937475022338	0.424	0.482	1	RGL4	c1
0.000746001741050041	-0.266933332257907	0.547	0.633	1	FAM96B	c1
0.0982911198201767	-0.266891177930598	0.162	0.202	1	EPSTI1	c1
0.659367605744418	0.266884374085813	0.134	0.13	1	PRRC1	c1
0.276767620587467	-0.266836866752504	0.281	0.315	1	VPS37B	c1
0.0824506449169589	0.266494106193165	0.281	0.242	1	CD58	c1
0.0964038646529832	-0.266425555951143	0.215	0.256	1	FASTK	c1
0.525517196931195	0.266074336696902	0.073	0.065	1	DOCK9	c1
0.707176079459584	0.26593993547515	0.033	0.038	1	LINC01588	c1
0.814771885818837	0.265875718954667	0.07	0.076	1	ADAT1	c1
0.0426659251213184	-0.265872645563973	0.102	0.142	1	WIPF2	c1
0.0365629167804491	0.265809802668888	0.383	0.333	1	BIRC3	c1
0.329549860389364	0.265732198094013	0.091	0.076	1	HRAS	c1
0.213873885165462	0.265624447059128	0.092	0.074	1	AIG1	c1
0.438353574375083	-0.265577956948656	0.048	0.058	1	RETSAT	c1
0.204893818575449	0.265437346355975	0.2	0.177	1	OAT	c1
0.189723431171984	0.265419142810582	0.289	0.264	1	GPR15	c1
0.0867304630691851	-0.265418124922584	0.181	0.224	1	USP33	c1
0.215940507186882	-0.265319672964467	0.025	0.038	1	PLEKHM2	c1
0.938858136942592	0.265308883521152	0.017	0.018	1	ZNF222	c1
0.241031422192911	-0.265237559763508	0.022	0.033	1	ZC3H10	c1
0.169915092993729	-0.26519731618721	0.076	0.1	1	WDTC1	c1
0.219075747656701	-0.2651413962447	0.038	0.053	1	CDK19	c1
0.202841082319344	-0.264953216363393	0.049	0.067	1	TMEM234	c1
0.0242348687184001	0.264874896927163	0.459	0.424	1	PHF20	c1
0.733918140869269	0.264755170215473	0.016	0.014	1	BHLHE40-AS1	c1
0.342211650088089	0.264754844047566	0.135	0.12	1	AKAP10	c1
0.681964463232644	0.264734152775211	0.07	0.065	1	MDC1	c1
0.0238794088850445	-0.264529928359033	0.421	0.485	1	ROCK1	c1
0.534216046247263	-0.264466905201086	0.126	0.136	1	TNFRSF10A	c1
0.00331610730994473	-0.26432080033564	0.831	0.826	1	CD3G	c1
0.0133953850883351	-0.264204889306373	0.545	0.608	1	DYNLRB1	c1
0.606099039539639	0.264189557450404	0.153	0.15	1	RNF40	c1
0.299283276025556	0.26398024501241	0.183	0.165	1	DNAJC9	c1
0.615737400327097	0.263967942813793	0.03	0.026	1	XYLT2	c1
0.292506127612726	-0.263762488180938	0.084	0.103	1	ALOX12-AS1	c1
0.0717104650904964	-0.263718685001354	0.238	0.288	1	POLR2A	c1
0.324960282089816	-0.263544421567532	0.083	0.1	1	RGP1	c1
0.291559639284544	-0.263423776803908	0.172	0.197	1	BNIP3	c1
0.279858054092358	0.263382051894765	0.235	0.226	1	MTCH2	c1
0.0428094422862843	-0.263338343752287	0.305	0.361	1	YWHAE	c1
0.116619660872255	-0.263322776032779	0.394	0.423	1	SLA	c1
0.85625847546775	-0.263189937144575	0.03	0.032	1	DYNC2LI1	c1
0.023320846486854	-0.26313236076859	0.256	0.323	1	SLIRP	c1
0.0509347585728474	-0.26298149261529	0.266	0.32	1	MRPS7	c1
0.869527705955983	-0.262919875764418	0.393	0.374	1	CYTOR	c1
0.00369245966780914	0.26288357839871	0.676	0.635	1	ARHGAP15	c1
0.0172021364035423	-0.26288298452263	0.52	0.589	1	EIF2S3	c1
0.0323345575551312	0.262853743182588	0.455	0.427	1	YME1L1	c1
0.00264265138578824	0.262850060192138	0.61	0.568	1	TMED2	c1
0.848288951336892	0.262807329081493	0.068	0.073	1	APOBEC3D	c1
0.261588784217531	0.262787767967987	0.283	0.27	1	RECQL	c1
0.787410313156335	0.262765868296347	0.056	0.053	1	WHRN	c1
0.846374246218185	-0.262652186887386	0.01	0.011	1	ABCA3	c1
0.514909448163857	0.262539949992074	0.073	0.065	1	GPR35	c1
0.0938564198147497	-0.262501364814117	0.138	0.177	1	EIF2D	c1
0.49722251921674	-0.262481951930086	0.111	0.124	1	TMEM218	c1
0.706932831949472	-0.262468938644721	0.013	0.015	1	ZNF594	c1
0.18976992133111	0.262431096719165	0.097	0.077	1	WASL	c1
0.00466784309132438	-0.26235694479441	0.591	0.668	1	EIF3M	c1
0.000187052257741869	-0.262315002293642	0.738	0.756	1	UQCRH	c1
0.0161262778967852	0.262189848158802	0.347	0.289	1	NFKB1	c1
0.178247065360113	-0.262178680227968	0.283	0.314	1	BAZ1B	c1
0.725802183527878	0.262111292748783	0.083	0.079	1	SCYL3	c1
0.00991438727170309	-0.262041091389438	0.343	0.436	1	TOP1	c1
0.532246049182747	-0.261979648896998	0.092	0.103	1	TRAK2	c1
0.373313670836449	0.261703160139656	0.049	0.039	1	ATP1B1	c1
0.0892441751298156	-0.26157951778697	0.065	0.092	1	UBE2Q1	c1
0.00412065927887252	-0.261574846852925	0.839	0.827	1	SOD1	c1
0.0619067088216887	-0.261551054902387	0.234	0.286	1	TTC1	c1
0.943360948174869	0.261538996620832	0.073	0.074	1	POLR3H	c1
0.0103556996129435	-0.261423435827675	0.521	0.594	1	UBE2B	c1
0.628242356404264	0.26126765536491	0.037	0.032	1	SWT1	c1
0.901497813021766	0.261222174540768	0.017	0.017	1	FANCE	c1
0.353566304313811	0.261201130605007	0.103	0.089	1	ZNF426	c1
0.926590683603637	0.261188411218827	0.011	0.011	1	CDCA8	c1
0.265894862581687	-0.261176786559169	0.135	0.156	1	MIS12	c1
0.122693414594883	-0.261173414100196	0.121	0.153	1	BCL2L13	c1
0.83989343230651	0.261152026478705	0.145	0.147	1	TOB2	c1
0.153613209356603	0.261139447110114	0.226	0.2	1	C15orf61	c1
0.244955987517532	-0.261109497046264	0.11	0.132	1	ABHD10	c1
0.064675384602293	-0.261071630082757	0.251	0.309	1	ASNA1	c1
0.194663453501848	0.26089761685358	0.065	0.048	1	BICRA	c1
0.448263004430529	0.260801043033855	0.148	0.138	1	CD2AP	c1
0.627595995292945	0.260738501860516	0.06	0.055	1	CRADD	c1
0.0784474216517018	-0.260702866191128	0.107	0.141	1	RAD51C	c1
0.297309562490426	-0.260695634793686	0.108	0.127	1	CCDC88B	c1
0.103880722045366	0.260690631286007	0.356	0.324	1	PHPT1	c1
0.961609195347433	0.260600508241118	0.141	0.147	1	C1orf131	c1
0.00922482960196031	-0.260427684368733	0.485	0.564	1	ZNF706	c1
0.242096743875867	-0.260334125366633	0.035	0.048	1	ATN1	c1
0.369168482960893	-0.260075524031553	0.01	0.015	1	HIST2H2BE	c1
0.0719214634076062	-0.260061019649815	0.196	0.244	1	DDA1	c1
0.229848478277936	-0.260055020831249	0.192	0.221	1	FTSJ1	c1
0.0766235385590849	-0.260047710345421	0.105	0.139	1	WDR48	c1
0.062142662709384	-0.260003557928532	0.194	0.241	1	CNTRL	c1
0.144828538790512	-0.259942773579341	0.108	0.136	1	RPUSD1	c1
0.1336724188778	-0.259912226827557	0.124	0.156	1	EIPR1	c1
0.0693506312685022	-0.259805980784898	0.137	0.177	1	CRIPT	c1
0.00209165206452524	-0.259770571528351	0.658	0.733	1	SELENOH	c1
0.147550662135027	-0.259747501189406	0.027	0.042	1	PIDD1	c1
0.130282994410916	-0.259451720167504	0.113	0.144	1	ANKRD27	c1
0.0231990070657808	0.259393230445158	0.644	0.597	1	IDS	c1
0.0350194643345403	-0.259268827268427	0.235	0.295	1	BRWD1	c1
0.63090613916162	0.259140900627294	0.038	0.033	1	VARS2	c1
0.176921792555542	-0.259103636724812	0.041	0.027	1	MYO1D	c1
0.317128880940166	-0.259001469227496	0.017	0.026	1	ZNF282	c1
0.00668987348533739	-0.258997782353789	0.326	0.42	1	ATP5MC1	c1
0.000160021111563034	0.25899042086168	0.661	0.555	1	ITGB2	c1
0.817366334941049	0.258961108240157	0.043	0.041	1	FBXW4	c1
0.0207206717318923	-0.258941919865436	0.32	0.388	1	MTCH1	c1
0.295356051489252	-0.258890461556597	0.089	0.108	1	CGRRF1	c1
0.0178329474029397	-0.258826690132697	0.351	0.43	1	RPP21	c1
0.293236069420237	-0.258816798926652	0.035	0.047	1	ATAD3A	c1
0.607016996948591	-0.258723150143763	0.079	0.088	1	ADAM17	c1
0.111094867995173	-0.258655777964263	0.544	0.565	1	TAP1	c1
0.0886293136228213	-0.258573675904797	0.312	0.359	1	CNOT2	c1
0.646501543531449	-0.258442633377188	0.019	0.023	1	MACROD1	c1
0.0298958474457208	-0.258433888631673	0.285	0.353	1	RNF166	c1
0.852680721671019	-0.258373375303887	0.029	0.03	1	NMB	c1
0.0683421206912608	-0.25828089230313	0.348	0.4	1	RAB8B	c1
0.14124920085217	-0.258272577223116	0.116	0.147	1	VPS16	c1
0.044277346661531	-0.258246840757546	0.221	0.276	1	RASSF7	c1
0.000752516559528364	-0.258126379283487	0.703	0.771	1	RBM39	c1
0.265917961900609	-0.258068544817155	0.102	0.123	1	RNPC3	c1
0.367375369527476	0.258051011661107	0.079	0.067	1	ACADSB	c1
0.388417035011503	-0.257912136067867	0.032	0.041	1	OTUD7B	c1
0.587648058621321	0.257874687030857	0.283	0.291	1	MAP2K1	c1
0.0215459484790661	-0.257799278730212	0.428	0.517	1	ARHGAP4	c1
0.303608118650202	-0.257679463538935	0.037	0.048	1	ANKRD42	c1
0.241642707606858	-0.257642467284252	0.119	0.144	1	SLK	c1
0.151448210277047	-0.25763646609826	0.075	0.098	1	GDAP2	c1
0.0603251455203239	-0.257437157035404	0.114	0.155	1	MRPL15	c1
0.130735990552621	-0.257422701131168	0.081	0.108	1	UBR7	c1
0.237116668410993	0.257343595563027	0.213	0.195	1	DAP	c1
0.889752221435418	0.257231269933111	0.021	0.02	1	RFC3	c1
0.633051210938381	0.257201372052678	0.138	0.133	1	LYRM7	c1
0.0895052159542899	-0.257136737861509	0.086	0.117	1	ZFAND2A	c1
0.0954077573645333	-0.256903536940887	0.156	0.195	1	FBXW11	c1
0.0558317467645377	-0.256808026583202	0.355	0.414	1	PIAS1	c1
0.414842843447466	-0.256740925688416	0.094	0.108	1	CDR2	c1
0.628861868885666	0.256613908919337	0.059	0.053	1	PXMP4	c1
0.00666381133586511	-0.256559458424392	0.242	0.327	1	LSM10	c1
0.0925286410505237	-0.256551208401009	0.167	0.211	1	DRAM2	c1
0.552247992581594	0.256516438932101	0.014	0.011	1	SGSM1	c1
0.135142888044024	-0.256488396665149	0.145	0.18	1	MGRN1	c1
0.844315353879619	-0.2564064102752	0.129	0.13	1	FUOM	c1
0.0122993467436548	-0.256382708431185	0.676	0.72	1	KIAA1551	c1
0.320037682934494	0.256150658316195	0.129	0.112	1	SYVN1	c1
0.326577048638454	0.256043881757446	0.116	0.1	1	ASTE1	c1
0.000437202740734997	0.256030568596969	0.757	0.691	1	TMEM258	c1
0.298710289592211	0.255974307541713	0.065	0.052	1	UVSSA	c1
0.295491978209033	-0.255930256347755	0.107	0.126	1	REV1	c1
0.741844268559862	0.255919700689227	0.025	0.023	1	DUSP7	c1
0.295676417769143	-0.255894775498948	0.178	0.203	1	ZNF131	c1
0.513987562863495	0.255762567986443	0.03	0.024	1	ZNF382	c1
0.878278010491133	0.255750754863449	0.056	0.055	1	TCP11L1	c1
0.309272950303458	0.255704831789024	0.084	0.07	1	ZNF692	c1
0.148536103077773	-0.255651430406811	0.143	0.174	1	CPD	c1
0.442711724666434	0.255476974437019	0.043	0.035	1	SSH3	c1
0.15445685653402	-0.255442957743785	0.334	0.385	1	RSBN1L	c1
0.143003294798934	-0.255417351286341	0.156	0.189	1	RPAP2	c1
0.158304532165159	-0.255383031697944	0.083	0.108	1	PTPN23	c1
0.000117444265403466	-0.255327538539581	0.717	0.773	1	SPCS1	c1
0.101017023928238	-0.255317347350236	0.275	0.326	1	HELZ	c1
0.247088726889478	0.255317223995323	0.119	0.1	1	RNF24	c1
7.18382594561476e-06	-0.255313229533952	0.762	0.815	0.0951425908237219	SLC25A3	c1
0.124807917957519	0.254986739526201	0.396	0.374	1	CAPN2	c1
0.00601733864682673	-0.254921184931485	0.666	0.721	1	ARHGEF1	c1
0.0434600471847503	-0.254815953098962	0.159	0.206	1	GBP4	c1
0.0362260286950703	-0.254705667247901	0.394	0.462	1	MAPRE2	c1
0.155297898419557	-0.254686341336772	0.145	0.177	1	NCSTN	c1
0.930797774327592	0.254641603393154	0.01	0.009	1	TAPT1-AS1	c1
0.385792840972424	-0.254604741100829	0.016	0.023	1	TRIM46	c1
0.0842969783192971	-0.254496872215081	0.305	0.362	1	HAGH	c1
0.0594995785864272	-0.254453291944855	0.326	0.388	1	MOB4	c1
0.0541846015780264	-0.254388709162557	0.072	0.105	1	ASH2L	c1
0.332119851102825	0.25438745293753	0.052	0.041	1	PIAS2	c1
0.0291479880211409	-0.254342167130064	0.515	0.57	1	TNFRSF14	c1
0.595921905508888	0.254280606934988	0.11	0.103	1	DDHD2	c1
0.483132070295308	-0.254270645954959	0.054	0.064	1	INPP5E	c1
0.0120906502716515	-0.254142435412852	0.464	0.533	1	SOCS1	c1
0.0722435980090288	-0.254139842111668	0.312	0.377	1	BNIP2	c1
0.521896830048863	-0.254101356451873	0.027	0.033	1	MRM1	c1
0.740709442070276	0.254007116084998	0.043	0.039	1	TUT1	c1
0.493961163330484	-0.253941032737628	0.07	0.08	1	FAM199X	c1
0.0341497333062281	-0.253932188997311	0.431	0.477	1	ERGIC3	c1
0.0306647834920312	0.25392131044939	0.172	0.13	1	SPTLC2	c1
0.167419079128543	0.253847312831622	0.211	0.183	1	BABAM2	c1
0.275867952262695	-0.253706676619927	0.081	0.1	1	HMGCL	c1
0.0545767995499681	-0.253677597342337	0.356	0.418	1	RAB14	c1
0.204507338972839	-0.253606257931815	0.094	0.117	1	NR2C2	c1
0.853033327693923	0.253586714555047	0.04	0.038	1	AFF3	c1
0.0283561972576468	0.253569994120273	0.253	0.209	1	GRPEL1	c1
0.137749045506509	-0.253519045637837	0.141	0.176	1	TDP2	c1
0.0445285610468237	-0.253510451706085	0.122	0.168	1	ELP6	c1
0.0207073944458008	-0.253447219449796	0.506	0.573	1	VDAC2	c1
0.51451862945637	-0.253439342709048	0.048	0.056	1	SLC27A5	c1
0.930797774327592	0.253377333847503	0.01	0.009	1	FAM161A	c1
0.0333061369222077	-0.253336847892065	0.121	0.168	1	FADD	c1
0.246252489857764	-0.253307349623947	0.24	0.267	1	SUCLG2	c1
0.0862087430927982	-0.25320543680671	0.102	0.135	1	OGFOD1	c1
0.332395566275102	-0.25320076535019	0.086	0.103	1	FGFR1OP	c1
0.119445625318037	-0.25316915187191	0.129	0.162	1	DTX3L	c1
0.457897210113754	-0.25314558119014	0.192	0.209	1	SNX9	c1
0.0173512322810602	-0.253134053668295	0.259	0.338	1	NCOA4	c1
0.0821859981887587	-0.253130937519346	0.17	0.214	1	MMP25-AS1	c1
0.38271101412952	-0.253123439393685	0.016	0.023	1	JAM3	c1
0.735300454832651	-0.253057047522543	0.014	0.017	1	AC097534.2	c1
0.167246491798328	-0.252981468333583	0.103	0.13	1	RNF20	c1
0.260791087243879	-0.25296980244433	0.068	0.086	1	SLC36A4	c1
0.0614527471347205	-0.252886252353467	0.418	0.467	1	KDELR1	c1
0.000226244765886624	0.252822351776592	0.75	0.723	1	PEBP1	c1
0.828188536771301	0.252780540910757	0.068	0.067	1	TEFM	c1
0.0264696364380456	-0.252776954272308	0.208	0.271	1	PARP10	c1
0.110333007127935	-0.252751086392909	0.134	0.17	1	FAM172A	c1
0.225976411749537	0.252738222633559	0.2	0.183	1	FKBP4	c1
0.080000546992567	-0.252693731697006	0.062	0.089	1	OAZ2	c1
0.139003602876934	-0.252674596318754	0.076	0.102	1	RNF25	c1
0.0370403356926378	-0.252595463687825	0.137	0.185	1	TIMM50	c1
0.246271771232838	-0.252515669759053	0.075	0.094	1	CLK2	c1
0.535113999882882	0.252514308932223	0.073	0.065	1	KAT2B	c1
0.523155253365565	0.252357573043584	0.064	0.056	1	SZT2	c1
0.165396662317713	-0.25222530904963	0.067	0.089	1	HMGCR	c1
0.419139649380046	0.252165112503626	0.183	0.171	1	PRKAA1	c1
0.693442712035459	0.252137191192161	0.041	0.047	1	ERICH6-AS1	c1
0.580948048393256	0.252117180950274	0.208	0.211	1	ELP5	c1
0.903495008620575	0.252102545609597	0.048	0.047	1	EIF2AK3	c1
0.202104046152465	-0.251994358161103	0.114	0.141	1	FO393401.1	c1
0.103649093131727	-0.251833236286124	0.302	0.352	1	PPP3CC	c1
0.0592530922551782	-0.251824855661105	0.34	0.406	1	TRA2B	c1
0.991210228822541	0.251773558134349	0.073	0.076	1	TADA1	c1
0.990699499840073	0.251680826270591	0.065	0.067	1	ARMC2	c1
0.317760615604607	-0.25166138881599	0.024	0.033	1	NKIRAS1	c1
0.314926331665965	-0.251659139689034	0.258	0.285	1	CYB5B	c1
0.229980066133587	-0.251353053222475	0.149	0.177	1	HIVEP2	c1
0.198951888014967	0.251334396863834	0.13	0.108	1	LINC02273	c1
0.249344610562975	0.251260132606598	0.122	0.103	1	ZBTB10	c1
0.119702762384982	-0.251254202258321	0.335	0.382	1	PHIP	c1
0.0966561959717921	-0.251147300861512	0.192	0.235	1	PDS5A	c1
0.0561775503885428	-0.25106328134366	0.156	0.203	1	TRIM28	c1
0.272095013840828	-0.251013176303153	0.076	0.094	1	TAMM41	c1
0.47172191251717	0.250890331160639	0.067	0.058	1	PCBD2	c1
0.133264921092521	-0.250882937207989	0.084	0.112	1	ODF3B	c1
0.82107038326505	-0.250845247095657	0.068	0.071	1	TRAV4	c1
0.0364988904592732	-0.25071281918399	0.307	0.373	1	PSMA4	c1
0.120226820986526	-0.250687477087563	0.143	0.179	1	ZNF410	c1
0.876199797011721	0.250686621245721	0.025	0.024	1	WEE1	c1
0.0618000664810188	-0.250642323185003	0.312	0.367	1	BPTF	c1
0.552853524720638	0.250548424249502	0.059	0.052	1	LYRM9	c1
0.064103152985018	-0.250516001407061	0.34	0.392	1	PDCD2	c1
0.0460461548483868	-0.250504333244068	0.347	0.418	1	STMP1	c1
0.839768244618503	0.25050147016041	0.118	0.118	1	PARVB	c1
0.500718731910311	-0.250425721603829	0.06	0.07	1	ZNF429	c1
0.133741107032555	-0.250314710946335	0.013	0.024	1	XKR6	c1
0.384939072401582	0.250284264892117	0.118	0.105	1	CARD19	c1
0.0343158617190195	-0.250259757905954	0.251	0.315	1	MRPS5	c1
0.744140863238895	0.250179044961675	0.124	0.121	1	APOBR	c1
0.78580811859072	0.250128841034012	0.064	0.068	1	TRAV13-2	c1
0.921819397929239	0.250123998224906	0.114	0.117	1	HAUS1	c1
0.186524104907511	-0.250067042360982	0.1	0.126	1	MICU1	c1
0.355457826197804	-0.249865923347844	0.566	0.589	1	NOSIP	c1
0.179958778070397	-0.249845998143441	0.173	0.205	1	AKAP8L	c1
0.416348037672469	0.249825298681857	0.07	0.059	1	GNAQ	c1
0.154698481618736	-0.249802276231975	0.141	0.173	1	OMA1	c1
0.0567197445741951	-0.249801631333428	0.113	0.152	1	AQR	c1
0.140064564656907	-0.249750164567093	0.148	0.182	1	NUP54	c1
0.227159833107053	0.249734955717934	0.03	0.02	1	MTPAP	c1
0.427775263424805	-0.249717132237764	0.06	0.071	1	KAT2A	c1
0.0314701938760236	-0.249655022198474	0.405	0.468	1	VPS51	c1
0.0858099865688179	-0.249515314095844	0.137	0.179	1	RAE1	c1
0.741418019761321	0.24920372109694	0.025	0.023	1	CUL7	c1
0.177872074196528	-0.249027693247278	0.202	0.235	1	GLTP	c1
0.12820338890115	-0.249017070417785	0.122	0.155	1	PUS7L	c1
0.703558718644751	0.248997993109115	0.01	0.008	1	AC083973.1	c1
0.731615057974336	-0.248834070051832	0.014	0.017	1	TIGD6	c1
0.237895579145938	-0.248824762297385	0.14	0.165	1	TRAPPC12	c1
0.401770629217727	0.248752356103554	0.078	0.067	1	LDB1	c1
0.566402250958299	0.248741680242904	0.016	0.012	1	SMIM1	c1
0.19603950018023	0.248676418070381	0.145	0.123	1	FAM122C	c1
0.00690448236504928	0.248658153614397	0.588	0.526	1	DUT	c1
0.194251246364117	-0.24865387066819	0.07	0.091	1	PRKAB1	c1
0.505381125488901	-0.24858656049417	0.025	0.032	1	PAXIP1	c1
0.109769189887515	-0.248582760890029	0.235	0.277	1	SRPK2	c1
0.115270139371802	-0.248419374171804	0.091	0.118	1	MR1	c1
0.633743331785745	0.248413263328428	0.025	0.03	1	CASZ1	c1
0.62131239525617	0.248410596172778	0.057	0.052	1	RPAP1	c1
0.0838381965390727	-0.24834113060866	0.132	0.17	1	MED27	c1
0.187751101182493	-0.248212010350396	0.138	0.167	1	ZCCHC10	c1
0.209847864891977	-0.24820519420008	0.132	0.161	1	LAMP2	c1
0.570241687296243	-0.248151863236602	0.033	0.039	1	ZNF257	c1
0.0526961828621216	-0.248136758158606	0.156	0.202	1	TRNAU1AP	c1
0.228709446733892	-0.248058867742663	0.027	0.039	1	AC098484.3	c1
0.0357139997594734	-0.248057261734397	0.485	0.562	1	NDUFS7	c1
0.233760429440331	-0.248009485848303	0.095	0.118	1	HLTF	c1
0.587414513894697	0.247866745578179	0.11	0.103	1	CBX7	c1
0.730251178664293	-0.24786096046946	0.078	0.082	1	WDR89	c1
0.269527717549865	-0.24785950052423	0.019	0.029	1	ZNF784	c1
0.817562610885881	0.2478166163884	0.046	0.044	1	C5orf63	c1
0.223318008429543	-0.247809479952916	0.056	0.073	1	BPNT1	c1
0.0575286720156023	-0.247787919311062	0.162	0.208	1	PLGRKT	c1
0.162489655269104	-0.247734316097732	0.075	0.098	1	COG2	c1
0.034605362469462	-0.247639376522337	0.089	0.13	1	THOC5	c1
0.0220439438915427	-0.247593573346762	0.159	0.22	1	CUL5	c1
0.340853828651924	-0.247583195164781	0.091	0.108	1	SMARCAL1	c1
0.491236598078546	0.247577981307118	0.121	0.111	1	MCFD2	c1
0.0660828055889162	-0.247568425928627	0.191	0.238	1	SETD2	c1
0.0108800234942283	-0.247495881010978	0.579	0.647	1	NSA2	c1
0.837096292716903	0.247486861874873	0.04	0.038	1	IQCG	c1
0.0681821240847495	-0.247435840603115	0.067	0.097	1	CBX4	c1
0.0380517559321388	-0.24741699316758	0.169	0.22	1	NLRP1	c1
0.00938328429121356	-0.24738048450749	0.521	0.582	1	SNRPN	c1
0.0568536013947521	-0.247353429959021	0.223	0.279	1	USP10	c1
0.366599254182916	0.247345456742475	0.097	0.083	1	SFMBT1	c1
0.171836523432441	-0.247299794479972	0.141	0.171	1	SLC30A5	c1
0.0790821443865451	-0.247245862230134	0.188	0.236	1	STX5	c1
0.0504953159785757	-0.247200248973836	0.218	0.271	1	ANKRD10	c1
0.320973853665696	0.247186932800385	0.11	0.094	1	IL15RA	c1
0.143743808797691	-0.247178411767123	0.116	0.147	1	BMS1	c1
0.9252658659882	0.247110233056353	0.011	0.011	1	TMEM231	c1
0.0369380616266767	-0.247097108778716	0.614	0.638	1	GSTP1	c1
0.600406976229483	-0.247082566988034	0.105	0.114	1	LTA	c1
0.341343661925697	0.247066251699176	0.095	0.08	1	SPRYD7	c1
0.0191353748977817	0.247059082992886	0.423	0.373	1	SMAP1	c1
0.177810781535845	0.246956727459605	0.269	0.25	1	COPS3	c1
0.315604044801704	0.246951698204438	0.24	0.224	1	UFL1	c1
0.292827979625341	-0.246941299560773	0.057	0.073	1	DDI2	c1
0.46760365783186	-0.246732320711437	0.032	0.039	1	SETD9	c1
0.387148774749013	0.246691881772606	0.127	0.114	1	LNPK	c1
0.0858044515507416	-0.246680326185337	0.148	0.188	1	BABAM1	c1
0.635533388037907	-0.246644784503583	0.114	0.124	1	MSMO1	c1
0.612236951482267	0.246622230462788	0.03	0.026	1	FKBP14	c1
0.969785284269345	0.24660932495071	0.022	0.023	1	CARD17	c1
0.183739227825303	0.246368246553917	0.132	0.109	1	MMS19	c1
0.489888739742691	0.246349140394233	0.122	0.112	1	CUX1	c1
0.092837665096844	-0.246311843745624	0.221	0.268	1	NSL1	c1
0.0021542577973152	0.246248588632524	0.61	0.55	1	REEP5	c1
0.333788236783147	-0.246214365247154	0.078	0.094	1	AC073111.5	c1
0.0390705708708705	-0.246177348920962	0.288	0.355	1	CDC26	c1
0.107985825627278	-0.246101915472719	0.064	0.089	1	ANKIB1	c1
0.0159408590842622	-0.246019085703484	0.432	0.509	1	TOMM22	c1
0.126491029688671	-0.245824755098102	0.065	0.089	1	CTPS1	c1
0.107370203897015	-0.245821056449875	0.181	0.223	1	PYM1	c1
0.425126022695519	-0.245818465128229	0.027	0.035	1	ZBED6	c1
0.97369784644683	0.245699040786844	0.154	0.165	1	AP1S1	c1
0.185329346258336	-0.245657713999657	0.118	0.145	1	MARCH5	c1
0.469972353255234	-0.245624236091381	0.092	0.105	1	TRAF6	c1
0.274299257734193	-0.24558024087617	0.056	0.071	1	IER5L	c1
0.480639346640985	-0.245489430236689	0.141	0.158	1	TRPM7	c1
0.251488691244223	-0.245397357374772	0.059	0.076	1	GALNT7	c1
0.00388406322338204	0.245378388646529	0.523	0.453	1	TRAT1	c1
0.30448011831371	-0.245369993490694	0.094	0.112	1	BCL9L	c1
0.221565716810953	-0.245312432492631	0.038	0.053	1	RFLNB	c1
0.00266239942424152	-0.245298495343621	0.407	0.514	1	ALKBH7	c1
0.479787068863921	-0.245222177092376	0.067	0.077	1	CDPF1	c1
0.0560269649865457	-0.245200304417796	0.083	0.117	1	VPS53	c1
0.887684743417733	-0.245151997132961	0.037	0.038	1	TRBV9	c1
0.894585750371403	0.245077485740682	0.052	0.052	1	AKAP1	c1
0.343572201649539	0.245076783627925	0.156	0.139	1	KIDINS220	c1
0.9569397818121	-0.245074409014988	0.086	0.086	1	PI4K2B	c1
0.538572085919703	0.244978165657078	0.2	0.197	1	TCEAL8	c1
0.236569852224241	0.244885784839375	0.164	0.144	1	MGA	c1
0.0532659021633293	-0.244796142956256	0.105	0.145	1	LCOR	c1
0.317744660732388	0.244787633416527	0.059	0.047	1	SCARB2	c1
0.0153713784444041	-0.244734894181696	0.698	0.73	1	PAXX	c1
0.903056295601874	-0.244610759446503	0.035	0.036	1	MTMR10	c1
0.204245427388674	-0.244580281404414	0.164	0.194	1	CCNL2	c1
0.84774249352582	0.244552512645279	0.033	0.032	1	ZSWIM9	c1
0.349525889410638	-0.244538535257162	0.051	0.064	1	AC084033.3	c1
0.00427891488420727	-0.24451070887826	0.509	0.611	1	NDUFB10	c1
0.0970038203687119	-0.244508678803196	0.149	0.189	1	IPO7	c1
0.177198604721572	-0.244501765800479	0.097	0.12	1	ELMO2	c1
0.22786246513745	-0.244371502053898	0.173	0.202	1	ELP2	c1
0.133239454717267	-0.244320107564014	0.119	0.152	1	MCPH1	c1
0.177395260689977	-0.244297236840311	0.141	0.171	1	FBXL15	c1
0.144890401510232	-0.244201636418669	0.165	0.2	1	POLD2	c1
0.198682831536421	-0.244161199178017	0.056	0.074	1	USP19	c1
0.189693903959553	-0.243952004230669	0.068	0.089	1	NUP93	c1
0.921954736519755	0.243897474751051	0.011	0.011	1	AL590705.1	c1
0.0241285878376598	-0.24384838453601	0.172	0.23	1	GMPS	c1
0.410684235371463	-0.243832171188936	0.159	0.177	1	WDR74	c1
0.019734384050192	-0.243817535914975	0.502	0.57	1	SF3B5	c1
0.342302510700811	-0.243812851847384	0.118	0.138	1	MDM2	c1
0.0694648642973869	-0.24377403080607	0.259	0.306	1	SNX1	c1
0.911523823359742	0.243721109497687	0.033	0.035	1	TAF13	c1
0.0111781747958202	-0.243653857162844	0.127	0.186	1	C1orf122	c1
0.0455087622348676	-0.243607146090731	0.345	0.411	1	MRPL52	c1
0.125931802324725	0.243567158628029	0.21	0.179	1	SRPRB	c1
0.0922466911816038	-0.243487853261196	0.243	0.292	1	CENPX	c1
0.296851675523549	0.243438177992841	0.138	0.12	1	CYHR1	c1
0.192727361075868	-0.243320158316787	0.029	0.042	1	DHX33	c1
0.225724052406202	-0.243180244045101	0.132	0.159	1	UHRF2	c1
0.0363754745101785	-0.243156133398454	0.612	0.636	1	CTSC	c1
0.0101925530862832	-0.243097375834357	0.296	0.373	1	CHD1	c1
0.278353953455476	0.24301692723019	0.184	0.167	1	FAM98C	c1
0.0612179329708117	-0.242987196076108	0.196	0.245	1	LARP7	c1
0.151788694980934	-0.242946299290669	0.156	0.189	1	MARS	c1
0.00168328611140941	-0.242752946084912	0.517	0.606	1	CBX3	c1
0.0256494451348239	0.242734537073109	0.596	0.565	1	YWHAQ	c1
0.0377347260318301	-0.242621938528139	0.339	0.406	1	U2SURP	c1
0.741939976599662	0.242620917995619	0.068	0.065	1	PUS1	c1
0.0103002471669474	-0.242596869831261	0.388	0.476	1	TIAL1	c1
0.286792966305395	0.242595420473299	0.275	0.258	1	MALT1	c1
0.731005298901062	0.242574334643481	0.057	0.053	1	IGHMBP2	c1
0.122242856778784	-0.242543358742848	0.35	0.402	1	VMP1	c1
0.696551020704459	-0.242521955198603	0.052	0.058	1	NAPEPLD	c1
0.0556131913082726	-0.242475279159966	0.148	0.194	1	KAT6A	c1
0.0274454154094673	-0.242410792565956	0.42	0.491	1	POLR2E	c1
0.541688405350873	-0.242297043061394	0.122	0.133	1	RPS6KB1	c1
0.548959080612918	0.2422644508655	0.051	0.044	1	TUBGCP5	c1
0.533021443474669	0.242249487418718	0.043	0.036	1	RIMKLB	c1
0.0789927188041266	-0.242222054756655	0.258	0.309	1	BDP1	c1
0.507442757506973	0.242193388203652	0.092	0.083	1	KBTBD3	c1
0.110054128869058	-0.242118534479036	0.197	0.238	1	LENG1	c1
0.466855851663567	-0.242109150189197	0.014	0.02	1	RMDN2	c1
0.0611366046120986	-0.242060423647882	0.37	0.438	1	UQCRC1	c1
0.301045683180465	-0.242011129301886	0.043	0.056	1	PHF10	c1
0.159890679840223	-0.241999964654395	0.207	0.244	1	NUBP2	c1
0.28862067648473	-0.241903687990433	0.119	0.139	1	NANS	c1
0.0511028605069908	-0.241848352851424	0.188	0.238	1	CHMP1A	c1
0.323714596702577	0.241769704284489	0.121	0.105	1	SLC44A1	c1
0.625407989998952	-0.241756880061745	0.008	0.011	1	ZNF781	c1
0.32471132117316	0.241695021256429	0.076	0.062	1	BCKDHB	c1
0.0689208253341328	-0.241569464601363	0.251	0.305	1	PHF5A	c1
0.0387663257499849	-0.241556278337623	0.366	0.432	1	COPZ1	c1
0.633047850419891	0.241533669394195	0.092	0.103	1	USP38	c1
0.137003800695805	0.241394408713716	0.343	0.326	1	PPM1K	c1
0.376202966703602	0.241354355439928	0.132	0.117	1	NDUFAF2	c1
0.072445350797315	0.241330444450627	0.396	0.365	1	MAP7D1	c1
0.739184986344609	0.241304630317009	0.019	0.017	1	LINC00665	c1
0.066654021095541	-0.241299559242453	0.273	0.336	1	BLOC1S1	c1
0.383332806384619	-0.241293119992014	0.095	0.111	1	CEP120	c1
0.725988420822646	0.241208688835881	0.105	0.102	1	VCPIP1	c1
0.0582442858925823	-0.241196532250273	0.141	0.186	1	ATP6V1D	c1
0.18172840336851	0.241093847894247	0.046	0.032	1	SLC31A2	c1
0.114558996499988	-0.240987609502002	0.208	0.247	1	TNIP2	c1
0.00171795877754291	-0.240941253934312	0.758	0.761	1	SEPT7	c1
0.995986919254002	-0.240815699739909	0.224	0.223	1	CMTM8	c1
0.330918116589546	-0.240803219341793	0.355	0.385	1	SLTM	c1
0.88993515791237	0.240771779987971	0.056	0.055	1	VKORC1	c1
0.0129978804561733	-0.240746462111936	0.459	0.536	1	RAD21	c1
0.710944015258433	0.240693816426657	0.022	0.026	1	IRAK2	c1
0.862789263907099	0.240571337069796	0.025	0.027	1	PKP4	c1
0.946891022503136	0.240527784347704	0.037	0.036	1	UBL7-AS1	c1
0.132751543402743	-0.24043039077636	0.164	0.2	1	PSME3	c1
0.0196529989547914	-0.240417430153113	0.591	0.623	1	COX5A	c1
0.0637274204368172	-0.240403995859272	0.251	0.306	1	FBXL5	c1
0.921781459663893	0.240250136985841	0.095	0.1	1	LPAR5	c1
0.112420301665452	-0.240119764900861	0.31	0.358	1	CHMP4A	c1
0.233957701986251	-0.23997930574987	0.149	0.174	1	AC118549.1	c1
0.0517587176979983	-0.239964548166866	0.157	0.205	1	NFU1	c1
0.114826042838398	-0.239926503214782	0.199	0.242	1	MRPL42	c1
0.806009094591069	0.239792738528334	0.019	0.021	1	PIGW	c1
0.3827897333848	-0.239750902234305	0.057	0.07	1	CTU2	c1
0.437746038044623	-0.23965465314356	0.059	0.07	1	ING1	c1
0.414834452358369	0.239514644162862	0.111	0.1	1	USP37	c1
0.887636703026061	0.239514604781659	0.073	0.073	1	C11orf71	c1
3.40999739808825e-05	-0.239508408799999	0.836	0.888	0.451620055402807	CYTIP	c1
0.0925361763285796	-0.239456476015489	0.13	0.17	1	WDR18	c1
0.731570820628497	-0.239423172835985	0.045	0.048	1	ZNF235	c1
0.0826483055985209	-0.239339884294221	0.334	0.389	1	UTRN	c1
0.874182473945208	0.239338958001093	0.011	0.012	1	MED14OS	c1
0.183300728897596	-0.239320566074936	0.258	0.292	1	RBPJ	c1
0.935869902048645	-0.239215734030726	0.011	0.011	1	AL158835.1	c1
0.400050886534905	-0.239196877983391	0.102	0.117	1	CNPY4	c1
5.73859716627484e-05	-0.239171266513211	0.839	0.873	0.76001980870144	TRIR	c1
0.792066315367427	0.239081147797793	0.059	0.056	1	SLC25A13	c1
0.0283220103096003	-0.239007734196467	0.439	0.526	1	BCLAF1	c1
0.242671224658914	-0.238998501630836	0.205	0.238	1	TFAM	c1
0.711306876638443	0.238911436697936	0.052	0.048	1	ACBD3	c1
0.326741558158835	-0.238801779639461	0.332	0.361	1	RALGAPA1	c1
0.690412662417012	0.238611620424665	0.043	0.048	1	E2F3	c1
0.436201465321379	-0.238599825504838	0.035	0.027	1	KLF4	c1
0.0177167401007839	-0.238584123404525	0.281	0.359	1	IRF3	c1
0.0411813120141899	0.238582274862756	0.31	0.265	1	PRKCQ	c1
0.0750010043410422	-0.238497779408745	0.258	0.309	1	PTPN4	c1
0.866323882424193	0.238342452058241	0.03	0.029	1	SNX16	c1
0.0556320694549208	-0.238308189611829	0.213	0.264	1	PCSK7	c1
0.153385111628185	0.238286272331618	0.326	0.303	1	MYO1G	c1
0.140053480383217	-0.238200572594268	0.229	0.27	1	CAMTA1	c1
0.0970388489011415	-0.238195469202837	0.156	0.197	1	SPG11	c1
0.0740982675422948	-0.238148915489349	0.11	0.147	1	SNX4	c1
0.119683384230116	-0.238137365404717	0.192	0.233	1	LAMTOR3	c1
0.0834121150932439	-0.2381237751933	0.129	0.168	1	GART	c1
0.0643612579717252	-0.238022862136383	0.105	0.142	1	COMMD9	c1
0.164188652454863	0.237999297710912	0.2	0.173	1	UPP1	c1
0.713873728497316	0.237930467108797	0.013	0.011	1	TMPRSS3	c1
0.37784359502318	-0.237862532609274	0.073	0.086	1	METTL13	c1
0.183920422869485	-0.237852440873497	0.075	0.097	1	HMBOX1	c1
0.734939054369416	0.237850883760066	0.045	0.041	1	FAN1	c1
0.121393308166388	-0.237822059640204	0.207	0.25	1	TSR2	c1
0.0202697838048123	-0.237709638597618	0.246	0.314	1	AFF4	c1
0.0115920882384642	0.237680602903721	0.539	0.485	1	MGAT4A	c1
0.12645295393927	-0.237638951171746	0.213	0.256	1	TRIM27	c1
0.0946507814405595	-0.237456738941532	0.072	0.1	1	NADK	c1
0.255631110601833	-0.237447073367294	0.172	0.203	1	XAF1	c1
0.03074546291553	-0.237440721869485	0.224	0.288	1	PRPF31	c1
0.107900102419839	-0.237440461809027	0.127	0.164	1	RUVBL2	c1
0.186162719016493	0.237357509178753	0.092	0.073	1	DEF8	c1
0.837646149274101	0.237286924528078	0.022	0.024	1	NLK	c1
0.0416476481760591	-0.237277358419774	0.191	0.247	1	MYD88	c1
0.929367245647751	0.237258495344241	0.01	0.009	1	IGIP	c1
0.272740036310576	-0.237119313969135	0.04	0.053	1	PM20D2	c1
0.00444345256917125	-0.237078488434137	0.636	0.697	1	ATP5MF	c1
0.00583636676075306	0.237039842475472	0.706	0.668	1	HSP90B1	c1
0.591967204177389	-0.236992329569103	0.079	0.088	1	HKR1	c1
0.0478591301088727	0.236965950983554	0.424	0.389	1	CCT2	c1
0.525062445447948	-0.236862293650137	0.076	0.086	1	PRR3	c1
0.0158938355228344	-0.236820093005262	0.536	0.597	1	RSL24D1	c1
0.337896031213623	0.236639220787948	0.248	0.238	1	DLST	c1
0.0983787483009359	0.236557219693212	0.248	0.214	1	ARFGAP3	c1
0.029097821632383	-0.236425865649151	0.606	0.629	1	EID1	c1
0.405900254676943	-0.236382418036179	0.011	0.017	1	ZNF324B	c1
0.421565883166558	-0.236368337448157	0.293	0.317	1	TLK1	c1
0.690410990351903	0.236351623257444	0.021	0.024	1	ACVR1B	c1
0.361438576115419	-0.236202844561642	0.076	0.091	1	CYSLTR1	c1
0.0340320221214968	-0.236198402139931	0.124	0.171	1	RLF	c1
0.242009072823775	-0.236189666120918	0.103	0.126	1	CCNB1IP1	c1
0.847412118243897	0.236158756120836	0.06	0.059	1	MRPL53	c1
0.337249217079339	0.236038327418403	0.21	0.195	1	ARMCX3	c1
0.382485717096083	0.235962851864575	0.118	0.103	1	RAB3IP	c1
0.373947047432477	-0.2359142862651	0.078	0.092	1	MTERF1	c1
0.628429165877152	0.235801592294249	0.04	0.035	1	OBSCN	c1
0.215364579727564	-0.235780649430682	0.076	0.097	1	SIK1B	c1
0.360094752367867	-0.235730620522094	0.054	0.067	1	DNAJC13	c1
0.174828324313953	-0.235701032964293	0.227	0.267	1	TMEM183A	c1
0.306130842405506	0.235599943330867	0.243	0.229	1	ARMC10	c1
0.715243182975695	-0.235476596069802	0.049	0.055	1	ABCC5	c1
0.104593315776836	-0.235433020045681	0.351	0.402	1	TCP1	c1
0.184549071067764	-0.235405576216346	0.196	0.23	1	RNF220	c1
0.030702803828493	-0.235387664121649	0.197	0.258	1	ADD1	c1
0.848443033067338	0.235322805107532	0.032	0.03	1	CLUH	c1
0.00936855046000369	-0.235115664346835	0.302	0.389	1	TMUB1	c1
0.599396944134316	0.235032749027266	0.062	0.056	1	ZNF71	c1
0.142331756805632	-0.234720040482219	0.056	0.077	1	RRNAD1	c1
0.215622909376391	-0.234652464057723	0.06	0.079	1	WRB	c1
0.326785156232238	-0.234596600471373	0.076	0.092	1	KDM3B	c1
0.513407922069693	-0.234465955440109	0.027	0.033	1	TECPR2	c1
0.128581100827689	-0.234269803764479	0.108	0.139	1	DNAJC10	c1
0.39515118149387	-0.234262575625678	0.041	0.052	1	KIAA2013	c1
0.630794632198669	0.234097613276103	0.052	0.047	1	GEMIN2	c1
0.886749101152814	-0.234016840647291	0.013	0.014	1	AC006064.4	c1
0.885401670665174	0.233931625047703	0.025	0.024	1	BOLA2B	c1
0.603004812253438	-0.233876934199588	0.065	0.073	1	SCPEP1	c1
0.359060112618499	-0.233867856060296	0.067	0.08	1	POLH	c1
0.908979389139798	0.233814011133085	0.016	0.015	1	CCDC136	c1
0.467889173050334	-0.233679803898271	0.032	0.039	1	TESK2	c1
0.125779211649513	-0.23367219696104	0.086	0.114	1	YKT6	c1
0.0845534688217586	-0.233327753298523	0.25	0.305	1	PSD4	c1
0.189790518542618	-0.233208498281448	0.124	0.153	1	MINK1	c1
0.536178259093054	-0.233139951335355	0.019	0.024	1	USP35	c1
0.00132759434838109	-0.233129357201888	0.676	0.747	1	AES	c1
0.0537538474438861	-0.233086766709014	0.194	0.245	1	RTCA	c1
0.114614438592986	-0.233029365619454	0.183	0.224	1	TMEM126B	c1
0.244360876048323	-0.232926066478231	0.035	0.048	1	SLC10A7	c1
0.508858262012488	0.232842323140977	0.024	0.03	1	TRIM16	c1
0.11431970575111	-0.232839035330667	0.108	0.141	1	TTC9C	c1
0.146640549635037	-0.232832533772289	0.111	0.141	1	NSF	c1
0.839618635609076	0.23281839857436	0.037	0.035	1	AL355472.1	c1
0.508760932944268	-0.232798211828878	0.048	0.056	1	NDUFV2-AS1	c1
0.110026198767151	-0.232716693726464	0.199	0.241	1	STX16	c1
0.0606484647443949	-0.232567578205185	0.294	0.35	1	CYC1	c1
0.545460068277064	0.232370945045369	0.194	0.189	1	ARMC1	c1
0.153444550148144	-0.232351808121567	0.321	0.362	1	RASA2	c1
0.840696442694486	0.232304308827253	0.116	0.115	1	ORAI3	c1
0.109818195804518	-0.23225289329727	0.065	0.091	1	CLASP1	c1
0.54079787411512	-0.232134760079495	0.041	0.048	1	CA10	c1
0.00264329148476398	0.232122092722011	0.626	0.588	1	RBL2	c1
0.196812066749002	-0.232092913983641	0.141	0.17	1	FAM120A	c1
0.0109215960123079	0.23207330167162	0.518	0.473	1	FERMT3	c1
0.465234241161876	0.232039358643484	0.084	0.074	1	KCMF1	c1
0.229881530001957	0.232003747804004	0.242	0.22	1	SLC10A3	c1
0.0525139716376581	0.231964857058136	0.447	0.405	1	APEX1	c1
0.209586904705912	-0.231886682747706	0.159	0.188	1	CCDC66	c1
0.385449669111254	-0.231771817586293	0.016	0.023	1	ARL6	c1
0.390708339262196	-0.231752522995107	0.04	0.05	1	TSEN2	c1
0.255929776739349	-0.231493802624464	0.259	0.294	1	API5	c1
0.765597161311203	0.23143096372841	0.17	0.17	1	SEC24C	c1
0.164454214028067	-0.231411833047124	0.108	0.136	1	VAPB	c1
0.852042462573246	0.231393603385303	0.091	0.089	1	PTRH2	c1
0.064775691338767	-0.231366502052201	0.17	0.218	1	APOL3	c1
0.233830120021367	0.231310837827391	0.196	0.173	1	MRPL40	c1
0.312125275113735	-0.231253021995584	0.037	0.048	1	MED9	c1
0.18821881467659	-0.231185956181069	0.41	0.445	1	CLTB	c1
0.0846698207889879	-0.231125556023445	0.07	0.098	1	PHF8	c1
0.0150243624701542	-0.231072449369989	0.334	0.415	1	HSD17B11	c1
0.740743994990429	0.230976043452578	0.045	0.041	1	ERLIN2	c1
0.0966939037123271	-0.230936304122783	0.223	0.27	1	NELFE	c1
0.0182547528105952	-0.230930564903885	0.358	0.439	1	TKT	c1
0.116442934952113	-0.230870571210767	0.134	0.168	1	NFYB	c1
0.106728927201072	-0.230849117108563	0.251	0.298	1	SNF8	c1
0.109740854392849	-0.230681255750144	0.119	0.153	1	TBC1D22A	c1
0.126311972056332	-0.230650242665014	0.302	0.353	1	C19orf24	c1
0.0134166300745626	-0.230586338943824	0.814	0.824	1	TRBC2	c1
0.730616647489506	0.230458879955056	0.014	0.012	1	GNG7	c1
0.511296238147109	-0.230371667098574	0.017	0.023	1	NQO1	c1
0.044310890432308	-0.230241318055293	0.119	0.165	1	RMDN1	c1
0.659313947539579	-0.230222773242566	0.033	0.038	1	NOL6	c1
0.200760556956038	-0.230211797840933	0.154	0.183	1	NFX1	c1
0.0136910934182895	-0.23015306913989	0.604	0.668	1	N4BP2L2	c1
0.0370213587667262	-0.230021258663188	0.006	0.02	1	IL10	c1
0.00776692964035805	-0.23000387849961	0.444	0.521	1	OXA1L	c1
0.0418928057619808	-0.229976095440106	0.372	0.442	1	IFI16	c1
0.558960563379784	0.22993186721405	0.052	0.045	1	TRAV12-2	c1
0.128860391042448	-0.229844886187936	0.07	0.095	1	VPS8	c1
0.048570060030065	-0.229497000852273	0.186	0.239	1	CHCHD3	c1
0.327713902091519	-0.229477706683437	0.091	0.108	1	DENND6A	c1
0.688585481274174	0.229309671222131	0.043	0.048	1	EHD4	c1
0.110676518711901	-0.229242030801067	0.165	0.206	1	ZC3H7A	c1
0.0968681939977581	-0.229206697929394	0.056	0.08	1	PDRG1	c1
0.566101713673802	-0.229159838010285	0.056	0.064	1	BICD1	c1
0.864667429413593	-0.229111929909114	0.011	0.012	1	TLR5	c1
0.155888093729552	-0.229057977863607	0.149	0.183	1	NUDT2	c1
0.635424023826417	-0.229000628562252	0.161	0.17	1	CFAP20	c1
0.0810898584053645	-0.228909331228044	0.11	0.145	1	HACL1	c1
0.0474942653490864	-0.228849059679022	0.207	0.259	1	RETREG1	c1
0.134863873886039	0.228717372800374	0.146	0.117	1	SLC40A1	c1
0.352171745229179	-0.228640993135407	0.027	0.036	1	C4orf33	c1
0.0844665897697252	-0.228574288563318	0.102	0.136	1	TCTA	c1
0.139665889211046	0.228260579050203	0.302	0.276	1	LAMTOR2	c1
0.114411478146235	0.228247272316513	0.367	0.35	1	PHB	c1
0.909405984646289	0.228197066748427	0.014	0.014	1	CCDC157	c1
0.0981916086546635	-0.228190101800187	0.431	0.467	1	LRP10	c1
0.202294144268721	0.228072551869864	0.275	0.253	1	SQOR	c1
0.152470282098937	0.227947108157346	0.227	0.198	1	UXS1	c1
0.637383446431129	-0.22776566675793	0.03	0.035	1	TCF19	c1
0.314679406248466	-0.227724000710331	0.173	0.197	1	ARHGEF2	c1
0.153677520319449	-0.227654548675672	0.067	0.089	1	PRR12	c1
0.0568953676353825	-0.227592416387645	0.126	0.17	1	IFT20	c1
0.591675502602831	0.227578866283149	0.221	0.217	1	BORCS5	c1
0.471781153062886	0.227522478556021	0.076	0.067	1	CDKAL1	c1
0.833210376190451	0.227499486039673	0.076	0.082	1	MED14	c1
0.19011515345435	-0.227461670514636	0.029	0.042	1	AC007388.1	c1
0.106603888371547	-0.22732061039039	0.097	0.127	1	STAT2	c1
0.0347263479414385	-0.227278379057653	0.45	0.524	1	LSM14A	c1
0.024945590392895	-0.227128786682341	0.394	0.476	1	UQCRC2	c1
0.104337885168342	-0.227046777733984	0.057	0.082	1	SLC35E2A	c1
0.495858407238568	-0.226676254633766	0.072	0.082	1	ZNF561	c1
0.262540517031283	-0.226656420532299	0.046	0.061	1	HS1BP3	c1
0.334391808440438	-0.226648803560495	0.072	0.086	1	BBS7	c1
0.360718523881084	0.226618144809889	0.099	0.085	1	BICD2	c1
0.814702394073727	0.226607138952861	0.048	0.045	1	PEX7	c1
0.07281806957229	-0.226519227545911	0.253	0.298	1	CCSER2	c1
0.0719335898614566	-0.22648878549388	0.749	0.779	1	CALR	c1
0.657061927189743	0.226341295439936	0.105	0.1	1	TMEM159	c1
0.0505989391237448	-0.226337998301462	0.188	0.244	1	DPF2	c1
0.660374062678991	0.226330597716097	0.149	0.145	1	DXO	c1
0.290086569853308	0.226314535562466	0.176	0.159	1	CD59	c1
0.100550859150813	-0.226302408015633	0.234	0.28	1	HINT2	c1
0.529751299134338	-0.226242455461913	0.011	0.015	1	SLC16A11	c1
0.572229656252476	0.22614341164073	0.167	0.162	1	RNF146	c1
0.998761239342438	0.226044179354955	0.029	0.029	1	AC006504.5	c1
0.658362856427284	0.226005067177517	0.075	0.07	1	BRI3BP	c1
0.00968232742313684	-0.225936483927876	0.749	0.767	1	SLC9A3R1	c1
0.260543201344515	0.225755523119841	0.393	0.398	1	ESYT1	c1
0.0650115250897028	-0.225720583381859	0.17	0.218	1	TOR1A	c1
0.740979521723692	0.225704091728634	0.087	0.083	1	JMJD8	c1
0.683541719029246	-0.225633668011803	0.068	0.076	1	MAST3	c1
0.0765583585671014	-0.225347132646109	0.335	0.385	1	NUDC	c1
0.0950101751090759	-0.225343894305714	0.232	0.285	1	C12orf65	c1
0.0630432992569473	-0.225327949785167	0.437	0.486	1	LY9	c1
0.16373369059609	0.225230066907666	0.176	0.15	1	NSUN2	c1
0.225530572029721	-0.225217205014148	0.032	0.045	1	TOMM40L	c1
0.28721717380498	-0.225139749621323	0.041	0.055	1	ACER3	c1
0.0685142990371392	-0.225038999662825	0.137	0.182	1	MYNN	c1
0.186408463303127	-0.225037383979724	0.081	0.103	1	TAB1	c1
0.00405592478422895	-0.22490539332074	0.437	0.536	1	PAPOLA	c1
0.145440781396955	-0.224773413937982	0.137	0.17	1	CRCP	c1
0.148744742105616	-0.224758947649203	0.208	0.248	1	LCMT1	c1
0.0715827641347814	-0.224709862483418	0.229	0.276	1	CCNT1	c1
0.004343634030382	-0.224695571663061	0.607	0.676	1	CAMK4	c1
0.459464968526398	-0.224686711534784	0.078	0.089	1	FBXO8	c1
0.270690344849104	-0.224677533243894	0.01	0.017	1	SLC15A4	c1
0.433253789307956	0.224657201900611	0.119	0.108	1	AL139246.5	c1
0.392778314099173	-0.224655513491737	0.092	0.108	1	KBTBD2	c1
0.538264887104241	-0.224625599301479	0.064	0.073	1	GTPBP1	c1
0.00411352176933732	-0.22459168061857	0.698	0.744	1	APBB1IP	c1
0.947818152992846	0.224589953315744	0.056	0.056	1	IPO13	c1
0.410053384712573	-0.224569451254367	0.075	0.088	1	CASP2	c1
0.434821325349868	-0.224561516894852	0.035	0.044	1	CEP85	c1
0.527326212885706	-0.224488617818935	0.068	0.077	1	ZBTB40	c1
0.0950163478099264	-0.224419521488529	0.245	0.294	1	ZNF22	c1
0.0407870825597314	-0.224419474760533	0.362	0.432	1	HMGN3	c1
0.0289812356269658	-0.224393995118161	0.397	0.468	1	DDT	c1
0.0904627966933857	0.224381029454135	0.459	0.427	1	HERPUD1	c1
0.527235786098152	0.224351867748353	0.089	0.08	1	SIMC1	c1
0.634262858603619	0.224305557187328	0.108	0.102	1	AMDHD2	c1
0.2211698496153	-0.224277611501577	0.045	0.061	1	B3GNTL1	c1
0.0218283022784766	-0.22387361452455	0.353	0.423	1	MAP4K1	c1
0.0409908562171195	-0.223852799931456	0.913	0.889	1	LSP1	c1
0.897660686954094	0.223825722111337	0.048	0.05	1	PPP1R12C	c1
0.0303406370886828	-0.223809959592651	0.645	0.674	1	RSRP1	c1
0.034489139910651	-0.223759187986185	0.285	0.35	1	KMT2A	c1
0.407189930157022	-0.223652149513175	0.017	0.024	1	LINC00115	c1
0.104548278966067	-0.223587510329541	0.051	0.074	1	FAM174A	c1
0.509147821488276	0.223534322676966	0.11	0.102	1	GSR	c1
0.390687492976367	0.223531213095442	0.1	0.086	1	ANK3	c1
0.000981753260991467	-0.223504913473917	0.82	0.833	1	EIF3H	c1
0.154564942839472	-0.223474260610492	0.103	0.13	1	MSRA	c1
0.000120578485606433	0.223138763667616	0.816	0.745	1	CD53	c1
0.0685256700911101	-0.222976678990642	0.213	0.265	1	GFI1	c1
0.352252642114127	-0.222806741846215	0.076	0.091	1	MIR155HG	c1
0.169180864087175	-0.222791175996213	0.42	0.459	1	DGKA	c1
0.484526410953682	-0.22270066342233	0.051	0.061	1	WDR60	c1
0.84325958434373	0.222642091214492	0.035	0.033	1	SLC39A11	c1
0.239038119997633	-0.222625379948367	0.062	0.08	1	B4GALT4	c1
0.453423500693392	0.222588093709174	0.097	0.086	1	HEXDC	c1
0.898710844713873	-0.222491319404339	0.014	0.015	1	SAP30L	c1
0.030368268387005	-0.222389842216554	0.439	0.5	1	ATRX	c1
0.538538094886753	-0.22237398794075	0.084	0.094	1	VPS45	c1
0.183818722113938	0.222318992222953	0.337	0.324	1	ACADVL	c1
0.0789696503626533	0.222316992923445	0.397	0.362	1	VDAC3	c1
0.533230064434569	-0.222223492922819	0.011	0.015	1	GDPGP1	c1
0.198784811165589	-0.222211208095469	0.1	0.126	1	WDR5	c1
0.00204523402914197	-0.222137793860063	0.957	0.927	1	ARPC2	c1
0.412568680572965	0.22188629411666	0.087	0.076	1	GOLPH3L	c1
0.118465511185203	-0.221839981270516	0.045	0.065	1	LIPE	c1
0.257078311379671	-0.221766731479531	0.113	0.138	1	RFK	c1
0.0301740538766963	0.221737964408078	0.339	0.283	1	TESPA1	c1
0.834650189679429	0.221728694468201	0.04	0.038	1	NPM3	c1
0.17956583023397	-0.221668738956008	0.224	0.262	1	CCNG1	c1
0.621482611736869	0.221573219121423	0.032	0.027	1	DET1	c1
0.891701406636876	0.221517685703101	0.137	0.139	1	DENND4A	c1
0.522870738102613	0.221487930167505	0.188	0.18	1	UBE2Q2	c1
0.280652123229706	-0.221447997223907	0.049	0.064	1	PIP5K1C	c1
0.14369875455239	-0.221400434668917	0.385	0.432	1	KIF2A	c1
0.0905507428944494	-0.221331727597356	0.149	0.195	1	ACSF3	c1
0.311702458296664	-0.221298429708596	0.491	0.512	1	HSPA9	c1
0.124925917310906	-0.221128022141566	0.238	0.285	1	PLEKHJ1	c1
0.526190762242366	0.221077075391441	0.067	0.059	1	DAPP1	c1
0.550047317855398	0.220999895289882	0.054	0.047	1	CEP44	c1
0.176585817675365	-0.22096843665352	0.102	0.129	1	TAF2	c1
0.550676588259511	-0.220920266624267	0.121	0.133	1	DDX58	c1
0.375247695408632	-0.220778039220527	0.103	0.12	1	TICAM1	c1
0.648495813925322	0.220768407755606	0.126	0.121	1	KIF13B	c1
0.918764364574674	-0.220684467912296	0.041	0.042	1	ZNF570	c1
0.423671273417328	-0.220659587745166	0.114	0.132	1	ANO6	c1
0.719193996812396	0.22061607410282	0.037	0.041	1	LIAS	c1
0.0778379279809116	-0.220606894060409	0.119	0.158	1	PDE12	c1
0.384862920374996	-0.220593747793989	0.103	0.121	1	YIPF6	c1
0.153893289523955	-0.220575437456012	0.528	0.539	1	CHCHD10	c1
0.142919846562051	-0.220552809683008	0.102	0.132	1	KCTD13	c1
0.811537452731197	0.220496368756119	0.06	0.065	1	ZBTB48	c1
0.474497035563362	0.220470411271857	0.048	0.039	1	TMEM186	c1
0.113355366680199	-0.22046682408256	0.297	0.348	1	AMZ2	c1
0.583025376628405	-0.220455954121237	0.035	0.041	1	ZNF773	c1
0.0975391306338461	-0.220450959884968	0.13	0.167	1	EEA1	c1
0.780855311394861	0.220240307081328	0.03	0.033	1	KIAA0753	c1
0.655845464295623	-0.22021531644993	0.032	0.036	1	MED26	c1
0.0673137268974401	-0.220193212579325	0.267	0.318	1	PPHLN1	c1
0.162292684179855	-0.220175456687898	0.138	0.17	1	EXOSC7	c1
0.21237471415447	-0.22012369213698	0.172	0.202	1	CDKN2AIP	c1
0.637829093927131	0.220068465419563	0.224	0.223	1	SEC63	c1
0.172556997615308	-0.219962238880928	0.021	0.033	1	AL355816.2	c1
0.084219686986452	0.219923553920899	0.313	0.285	1	PPT1	c1
0.538133189643519	-0.219923379362128	0.019	0.024	1	DTWD2	c1
0.438834209515476	-0.21990817529463	0.038	0.047	1	ZNF251	c1
0.00195647765269206	-0.219697845757003	0.598	0.694	1	KRT10	c1
0.00133317297645619	0.219602034697741	0.471	0.376	1	CXCR3	c1
0.10037521431151	-0.219530158865301	0.097	0.129	1	TRAPPC9	c1
0.556873769216473	0.219397382211992	0.14	0.13	1	SCAPER	c1
0.185730381454834	-0.219383094403002	0.156	0.189	1	UBAP2L	c1
0.0927104921365245	-0.219299480599579	0.089	0.12	1	ABHD5	c1
0.489837468178667	-0.219285244715106	0.095	0.108	1	TMEM209	c1
0.182714355681366	-0.219263266118128	0.208	0.244	1	ELOF1	c1
0.221160843439691	0.21926201851574	0.165	0.142	1	FBXO34	c1
0.102793858107595	-0.21918318626636	0.275	0.326	1	TOX4	c1
0.00488438315269916	-0.219142994294222	0.687	0.739	1	C19orf53	c1
0.130055620538097	-0.219094949406271	0.048	0.068	1	DDX47	c1
0.480029515327633	0.218990102085872	0.232	0.229	1	C1GALT1	c1
0.00229429146499117	0.218988377164413	0.984	0.988	1	ZFP36L2	c1
0.0600573964314092	-0.218978940497561	0.184	0.238	1	UROS	c1
0.687311362188598	0.218975501699093	0.154	0.152	1	CAPNS1	c1
0.00174710504237875	-0.218889156614856	0.693	0.761	1	KHDRBS1	c1
0.25142934662153	0.218598084841522	0.176	0.156	1	TSR3	c1
0.263683967326963	0.21853405924661	0.095	0.077	1	IMMP2L	c1
0.0221378570665624	-0.218516580987118	0.138	0.192	1	MAPKAP1	c1
0.211141300886964	-0.218458251000216	0.105	0.129	1	MRPL30	c1
0.198151940063148	0.218363993259182	0.267	0.245	1	BFAR	c1
0.312305808224942	0.218363317756604	0.161	0.144	1	ALG5	c1
0.068885682780813	-0.218314648683858	0.153	0.197	1	GNPAT	c1
0.957368352657508	0.218287558357677	0.169	0.174	1	SPTBN1	c1
0.404238239846812	-0.218268407843435	0.011	0.017	1	GINS4	c1
0.0942355809798141	-0.218183630710567	0.226	0.276	1	RFC1	c1
0.402564707433601	0.21813597841689	0.203	0.192	1	MRPL24	c1
0.00328541109041619	-0.218110485711742	0.658	0.711	1	DENND2D	c1
0.289795971656103	0.217851320788723	0.264	0.248	1	CSRP1	c1
0.72832922668073	0.217839942918475	0.059	0.055	1	LETM2	c1
0.120604417885513	-0.217659182783992	0.348	0.405	1	NFATC2	c1
0.191129967955479	-0.217617081509356	0.213	0.25	1	ACSL5	c1
0.130215866318997	-0.217590919823091	0.057	0.08	1	RTP4	c1
0.158386129607838	-0.21756876150523	0.094	0.12	1	SUMF1	c1
0.331497391404194	-0.217548704970349	0.067	0.082	1	EXOC8	c1
0.059080218052406	-0.217547807624713	0.149	0.195	1	GSKIP	c1
0.734982471880431	0.217541125328583	0.046	0.042	1	ADCK2	c1
0.460410849220319	-0.217371775084843	0.078	0.089	1	MTG2	c1
0.0408942755414215	-0.217332517409903	0.493	0.553	1	PSMD8	c1
0.864667429413593	-0.21728219188412	0.011	0.012	1	ZNF442	c1
0.188610216259859	-0.217250131786801	0.149	0.182	1	PRPS2	c1
0.991473202386059	-0.217243003677888	0.043	0.042	1	SETD6	c1
0.0600833912747313	-0.217184751192381	0.237	0.297	1	BLOC1S2	c1
0.130523153837229	-0.21715933203116	0.167	0.203	1	ERAP1	c1
0.241088628244703	0.217152748868829	0.3	0.282	1	ARL6IP6	c1
0.0866483323458374	-0.217147783522297	0.056	0.082	1	UBE2R2	c1
0.288076099598414	0.217088104038143	0.215	0.197	1	SENP7	c1
0.462057003506082	-0.217087001347337	0.03	0.038	1	EARS2	c1
0.261556061122117	0.217032888622514	0.226	0.205	1	RAB11FIP1	c1
0.621547274490228	0.216912227188132	0.056	0.05	1	SEC14L2	c1
0.560166726849805	0.216910067176329	0.219	0.215	1	SRP68	c1
0.0241187221075926	0.216888592016538	0.506	0.447	1	PIM1	c1
0.166857179533284	-0.216758268015344	0.218	0.256	1	CHTOP	c1
0.237939267939939	-0.216750694008535	0.189	0.22	1	SHMT2	c1
0.220756505863079	-0.216737382153259	0.099	0.123	1	PI4KA	c1
0.614999944533616	0.21656423839175	0.025	0.021	1	SLC19A2	c1
0.541645408636571	-0.216539568689689	0.035	0.029	1	EMILIN2	c1
0.938547139923066	0.216502340198522	0.046	0.045	1	TRAV27	c1
0.162122431541794	0.216472627555931	0.439	0.42	1	GIMAP2	c1
8.98509030183556e-09	-0.21645475884365	0.99	0.982	0.00011899853595751	BTF3	c1
0.0859715330720425	0.216415581529365	0.067	0.045	1	OAS3	c1
0.839778914795529	-0.216350410044177	0.027	0.029	1	ZNF275	c1
0.176588524252601	0.216330371351981	0.256	0.23	1	FBXL3	c1
0.586276919494806	-0.216221065886282	0.046	0.053	1	MARCH8	c1
0.141525635837879	-0.216181187563745	0.256	0.295	1	UBASH3A	c1
0.500957608806688	-0.216175083800922	0.035	0.042	1	FAM24B	c1
0.315541927126729	-0.216122181923573	0.064	0.079	1	RFXAP	c1
0.988117188254493	-0.216019463947608	0.089	0.088	1	PIP4P2	c1
0.168083958823323	-0.216004875069721	0.213	0.255	1	CHCHD5	c1
0.498788446432012	-0.21597214248054	0.025	0.032	1	CEP131	c1
0.342500719933079	-0.215891296899589	0.138	0.159	1	CCDC82	c1
0.0223056204945962	-0.215858160867577	0.296	0.368	1	C14orf119	c1
0.432923175644015	-0.215817339860745	0.013	0.018	1	AC017083.2	c1
0.156363512423564	-0.215745521901985	0.176	0.214	1	SCYL1	c1
0.769895005530727	0.215639197521048	0.1	0.097	1	RAD1	c1
0.427013536603211	0.21552606288152	0.176	0.164	1	SHC1	c1
0.418029511218518	-0.215517641646239	0.218	0.242	1	CHMP4B	c1
0.079510625689228	-0.215458919937385	0.107	0.144	1	BSCL2	c1
0.0663813428017996	-0.215456105931955	0.013	0.027	1	CEP152	c1
0.664785441508355	0.215450904516314	0.126	0.121	1	PTAR1	c1
0.0953631097344103	0.215402024671093	0.396	0.37	1	MRPL34	c1
0.336050317835571	-0.215349392436161	0.091	0.108	1	RBM4B	c1
0.0546405085982846	-0.215284775650013	0.229	0.286	1	GOLGB1	c1
0.135035675731374	-0.21524569638142	0.342	0.382	1	ISG15	c1
0.204660502105643	-0.215214448411836	0.135	0.164	1	LRRC41	c1
0.17538684642854	-0.215205101239084	0.135	0.167	1	MRPS28	c1
0.850440230546041	0.215158259360653	0.024	0.026	1	ALG10B	c1
0.00119288881887373	0.215143461801713	0.714	0.644	1	ANXA6	c1
0.511296238147109	-0.21502269763618	0.017	0.023	1	AC006449.6	c1
0.0446537874868096	-0.214845936865133	0.162	0.212	1	DCP1A	c1
0.00465891157860785	0.214683269657008	0.383	0.303	1	RHOC	c1
0.252603745512601	0.214666804462709	0.086	0.07	1	ZNF764	c1
0.832751638649699	0.214660014695616	0.068	0.067	1	FBXO4	c1
0.154412242166494	-0.214638004171762	0.161	0.194	1	NECAP1	c1
0.0732962428254446	-0.214609441308002	0.188	0.236	1	PNKP	c1
0.0129961619774624	0.214555789731199	0.685	0.639	1	EIF5A	c1
7.9241519362744e-05	0.214238401980385	0.949	0.871	1	CD99	c1
0.104454911242712	-0.214202891030214	0.219	0.267	1	DGKZ	c1
0.017080405704486	-0.214200617494613	0.587	0.63	1	PRDX5	c1
0.261768696386498	-0.214115037982598	0.073	0.092	1	PGAP2	c1
0.62910402837589	0.213981836759426	0.122	0.117	1	HECA	c1
0.38103743390191	-0.213969102526549	0.022	0.03	1	ZNF852	c1
0.0137682878677543	-0.213812758752081	0.259	0.333	1	SPAG7	c1
0.268802817486294	-0.213730800498622	0.094	0.114	1	METTL2B	c1
0.0891721318623579	-0.213507433100528	0.486	0.552	1	REL	c1
0.0806470646929142	-0.213406318723161	0.512	0.564	1	G3BP2	c1
0.386111946801382	-0.213270543059993	0.145	0.165	1	AFG3L2	c1
0.644917769098845	0.213220368130351	0.087	0.082	1	ZNF808	c1
0.949851803820912	-0.213148301049801	0.024	0.024	1	CDC14B	c1
0.0504388588048103	-0.213065291882591	0.415	0.474	1	RSF1	c1
0.904030749402764	0.213015244242656	0.119	0.121	1	SLC25A22	c1
0.303032651823238	0.212973956582959	0.046	0.035	1	LINC02328	c1
0.137429613868647	0.212968700470345	0.267	0.235	1	ASAH1	c1
0.151622093493198	-0.212885428091991	0.051	0.071	1	ZC3H7B	c1
0.0352197043869715	-0.212828053426871	0.237	0.294	1	NUDT4	c1
0.0521230783417786	-0.212791799200463	0.092	0.13	1	FBXO31	c1
0.554093474811793	-0.212742612481021	0.181	0.195	1	CFAP36	c1
0.125476336247061	-0.21270787072275	0.173	0.214	1	MRPS14	c1
0.854509765116603	0.212539976634061	0.01	0.011	1	AGAP6	c1
0.363973100987245	-0.212467343581945	0.086	0.102	1	UBE4B	c1
0.360493827404033	0.212428913211876	0.343	0.342	1	GNAI3	c1
0.00195400326781863	-0.212361411480494	0.82	0.845	1	HCLS1	c1
0.0876378126252851	-0.212358280589133	0.137	0.177	1	CTBP1	c1
0.91519015565869	-0.212326161077558	0.016	0.017	1	CRB3	c1
0.25199830889985	-0.212294444797217	0.124	0.15	1	PHF23	c1
0.224909743755991	-0.212274910163977	0.145	0.171	1	TAF6	c1
0.0228136536136957	-0.212213669464511	0.203	0.264	1	SLU7	c1
0.077368803994119	-0.21213842665424	0.226	0.273	1	IST1	c1
0.324561907287499	-0.212027534960562	0.011	0.006	1	NRG2	c1
0.0551977639175777	-0.212019063619615	0.258	0.314	1	FDPS	c1
0.083116314716537	0.211967214110259	0.42	0.402	1	RABGAP1L	c1
0.203841570420564	-0.211934104144881	0.164	0.195	1	ARIH1	c1
0.762435277538494	0.211928927644674	0.062	0.059	1	FEM1C	c1
0.0500574036582937	-0.211847768385756	0.262	0.323	1	CRBN	c1
0.073476358834669	-0.211649697051679	0.283	0.341	1	SNW1	c1
0.129906123755955	-0.211643670163915	0.094	0.123	1	ZNF263	c1
0.0295664272642524	-0.211615149387873	0.499	0.577	1	TSC22D4	c1
0.915556251094958	0.211438730125213	0.046	0.045	1	MINDY3	c1
0.389588612605277	-0.211306989360907	0.024	0.032	1	DYNC2H1	c1
0.456948878358717	-0.211114911042634	0.143	0.159	1	SDHAF2	c1
0.0515963319048245	0.211092571984906	0.21	0.167	1	PDCD1	c1
0.0869487524026896	-0.211086091374039	0.21	0.259	1	YDJC	c1
0.623317731300582	0.211049318014519	0.043	0.038	1	TSC22D1	c1
0.0254990091950853	-0.211017348599101	0.254	0.323	1	PTPRA	c1
0.0417645134491436	-0.21089958946301	0.444	0.512	1	CREM	c1
0.117015220988386	-0.210894729676529	0.156	0.192	1	MCM3	c1
0.172293157131264	-0.210884392119281	0.118	0.145	1	MDP1	c1
0.743276939944204	0.210875734985384	0.029	0.026	1	ZDHHC14	c1
0.815085872290169	0.210871815384751	0.138	0.141	1	GCDH	c1
0.634664293188137	0.210800206231027	0.108	0.102	1	ELP3	c1
0.967483358398642	0.210650511780017	0.084	0.088	1	VILL	c1
0.346272842303739	0.210501597801717	0.102	0.086	1	L3MBTL3	c1
0.221999153479798	-0.210477177707506	0.118	0.141	1	PMAIP1	c1
0.621839621582587	0.210397613239401	0.048	0.042	1	USP32	c1
0.151416641423205	-0.210376523503468	0.051	0.071	1	NFYA	c1
0.715873430648087	0.210253877831696	0.092	0.088	1	MOB3C	c1
0.984474043403187	0.210248504857551	0.024	0.024	1	AP002495.2	c1
0.362791852381042	0.210231810486886	0.261	0.25	1	EMC6	c1
0.63048471186119	0.21018851220196	0.169	0.164	1	SLC35A4	c1
0.715706367256194	-0.209967841899272	0.025	0.029	1	RAPGEF2	c1
0.331216209252787	-0.209956826372957	0.046	0.059	1	HEATR6	c1
0.541486518659999	0.209947692723801	0.04	0.033	1	HAR1A	c1
0.0847643940747198	-0.209871649430367	0.197	0.245	1	KAT8	c1
0.885170481561764	0.209824392513999	0.078	0.077	1	KDELC2	c1
0.34383154213979	0.209697528339159	0.072	0.059	1	TTC27	c1
0.15933628429201	-0.209653763488323	0.261	0.309	1	GOPC	c1
0.0953931849933574	-0.209613366684372	0.13	0.17	1	SMG7	c1
0.719811305510854	-0.209583304637795	0.062	0.067	1	USP24	c1
0.000673599123518377	0.209463423273998	0.831	0.783	1	LDHA	c1
0.00891061534034469	-0.209461565363036	0.714	0.75	1	PARK7	c1
0.0394430273580332	-0.20938465496529	0.184	0.238	1	BTN3A1	c1
0.470858382935896	0.209346759726218	0.108	0.097	1	ZNF609	c1
0.180435453776681	0.209169639875402	0.21	0.183	1	HEXB	c1
0.20849307503648	-0.209131260786996	0.164	0.195	1	BEX4	c1
0.541762476398824	0.209111492562537	0.065	0.058	1	SFR1	c1
0.0811714922716265	-0.209079924753183	0.149	0.191	1	EHMT2	c1
0.109017162166436	-0.209069121516867	0.1	0.132	1	TTF1	c1
0.413444478074045	0.208971280037343	0.165	0.152	1	CASC4	c1
0.608648823081345	0.208950824455117	0.024	0.029	1	AL138895.1	c1
0.881978390245571	0.20886136640306	0.083	0.082	1	THEMIS2	c1
0.0135911849725659	-0.2088562764257	0.607	0.664	1	WDR83OS	c1
0.786095147275545	0.208738379795547	0.17	0.173	1	FAM89B	c1
0.157073477275296	-0.2087301485771	0.156	0.191	1	XIAP	c1
0.370873966342523	0.208701909901432	0.286	0.28	1	NGDN	c1
0.094531881225203	-0.208587821053528	0.289	0.341	1	SNRNP200	c1
0.562958994540638	-0.20855276633289	0.07	0.079	1	LRRC40	c1
0.432661597678299	0.208516799336831	0.148	0.138	1	BLMH	c1
0.0919429099848351	-0.208433860824125	0.315	0.374	1	GTF3C6	c1
0.783382383503135	-0.208430360995803	0.06	0.064	1	RABGEF1	c1
0.4183548460278	-0.208395686404842	0.197	0.22	1	COMMD1	c1
0.573933906102998	0.208380085600353	0.03	0.036	1	BIVM	c1
0.12920563439195	-0.208364896089156	0.205	0.248	1	ZNF217	c1
0.50648487991452	-0.208347565797534	0.045	0.053	1	SLC11A2	c1
0.0252839546858533	-0.208336045833925	0.715	0.744	1	CALM3	c1
0.780198341544966	0.208303140898506	0.017	0.02	1	CHRNE	c1
0.502594221557488	-0.207976486284299	0.11	0.121	1	MAP2K5	c1
0.695219182126758	0.207972539634925	0.084	0.079	1	POMZP3	c1
0.861503881699356	0.207866996789999	0.03	0.029	1	C3orf18	c1
0.105309931720283	-0.20784114595882	0.025	0.042	1	ALS2	c1
0.580476720960302	0.207728018532407	0.111	0.103	1	ACYP1	c1
0.923279029242316	0.207695275418496	0.011	0.011	1	AC097103.2	c1
0.714772855308263	0.207568892281894	0.083	0.079	1	SNRNP48	c1
0.146352805837477	-0.207517812118841	0.178	0.215	1	OXCT1	c1
0.145135654825809	0.207490357656921	0.277	0.25	1	NORAD	c1
0.518339357589408	0.207487778639573	0.043	0.052	1	ENDOV	c1
0.011634655944893	0.207323724421771	0.62	0.567	1	MAP1LC3B	c1
0.465357713233554	-0.207255808278711	0.067	0.079	1	HIVEP1	c1
0.0387124887683583	-0.20719823676937	0.126	0.173	1	RBM18	c1
0.65465358962661	-0.207173853636182	0.396	0.403	1	TNFRSF1B	c1
0.267132837862502	0.207171299423833	0.267	0.25	1	PYCR2	c1
0.284636801145213	-0.207169441470239	0.221	0.247	1	PCGF5	c1
0.00177402556687481	0.207144732417128	0.776	0.711	1	PDCD4	c1
0.170949851568375	0.207121127050084	0.378	0.358	1	MAT2A	c1
0.0608581630427853	-0.207035717564195	0.051	0.079	1	CHRNB1	c1
0.319573920306834	-0.206967839335822	0.191	0.215	1	DMAC1	c1
0.23150642455197	-0.206962074867391	0.068	0.088	1	COG7	c1
0.101243052891661	-0.20679280908962	0.261	0.311	1	NCKAP1L	c1
0.497485890636463	0.206669071274035	0.208	0.203	1	KARS	c1
0.0452660782387381	-0.206663852481552	0.278	0.345	1	METTL5	c1
0.703558718644751	0.206609443539033	0.01	0.008	1	LINC00866	c1
0.221253366387114	-0.20658956023668	0.038	0.053	1	DLG3	c1
0.0378843570019782	-0.206561444046508	0.517	0.577	1	UBE2L6	c1
0.043624395087281	-0.206293854226847	0.407	0.468	1	SSBP4	c1
0.0689529074710562	-0.206263264901414	0.429	0.492	1	PNRC2	c1
0.0149399534245885	-0.206262523435228	0.533	0.6	1	RASAL3	c1
0.235528691897221	-0.20625886356581	0.159	0.188	1	KIAA1143	c1
0.0866398119215362	-0.206204827189362	0.428	0.477	1	RBM4	c1
0.49693156569757	-0.206182643643504	0.01	0.014	1	ZCCHC14	c1
0.329107433911527	-0.206175181320531	0.068	0.083	1	ATP2A2	c1
0.161208861514223	-0.206058940460794	0.079	0.105	1	BCKDK	c1
0.935034516154219	0.20598672492981	0.146	0.153	1	GIPC1	c1
0.687835804475369	0.205936174172252	0.021	0.024	1	FPGT	c1
0.025674374186295	-0.20589873727513	0.55	0.62	1	MRPS21	c1
0.176355303773026	-0.205852317850837	0.083	0.108	1	ZNF140	c1
0.211367708614065	-0.205749677958865	0.243	0.277	1	U2AF2	c1
0.28573465797053	0.205631854518535	0.189	0.171	1	BZW2	c1
0.23144395436327	-0.205580942729241	0.072	0.091	1	CEP164	c1
5.18573839944895e-08	-0.205558459401328	0.99	0.997	0.000686799193623018	EEF1D	c1
0.447068289551855	-0.205540663014458	0.11	0.124	1	CEACAM21	c1
0.134550101946036	-0.205463249358261	0.238	0.285	1	BLOC1S4	c1
0.474059813578473	-0.205439864260926	0.043	0.052	1	MIB1	c1
0.531737751752234	-0.205372061784039	0.011	0.015	1	ZNF667-AS1	c1
0.200215302830371	-0.205354618173974	0.118	0.144	1	DDAH2	c1
0.0985099341151756	-0.205325484783282	0.34	0.402	1	CHIC2	c1
0.0344998105061163	0.205309582961952	0.496	0.438	1	EIF4A1	c1
0.621366668265641	0.20522482445734	0.091	0.085	1	C17orf49	c1
0.415661282199747	-0.205166643013699	0.11	0.126	1	EED	c1
0.271710038492804	0.205140053188704	0.259	0.247	1	TSEN15	c1
0.0304288567616405	-0.205077453672568	0.42	0.494	1	COX14	c1
0.285531990415638	-0.20505379993803	0.151	0.177	1	WRAP73	c1
0.946283537904126	0.20494151910447	0.081	0.082	1	IL9R	c1
0.12588952803816	-0.204940165915269	0.119	0.153	1	LTN1	c1
0.951325140023476	0.204784589529618	0.059	0.061	1	TBL2	c1
0.874936789503761	0.204736997038412	0.092	0.092	1	TBC1D25	c1
0.260372869562434	0.204641142918699	0.297	0.273	1	ANXA2R	c1
0.0335234323429655	-0.204565028643773	0.393	0.467	1	PTBP1	c1
0.57260464427866	-0.204535122284726	0.062	0.07	1	KMT2B	c1
0.942764393702257	0.204516414450978	0.04	0.041	1	AL359915.2	c1
0.512414185937287	-0.204365645534876	0.072	0.082	1	AC020915.3	c1
0.188761037656273	-0.204342418910676	0.052	0.071	1	ACP2	c1
0.442833323921983	0.2042839996982	0.013	0.018	1	AL121832.2	c1
0.0183230697395964	-0.204231012971216	0.369	0.435	1	BTN3A2	c1
0.803603749622485	-0.204200537379486	0.021	0.023	1	HIST1H3A	c1
0.428695783397248	0.20419883646353	0.145	0.133	1	CHPF2	c1
0.206399665831286	-0.203965256641409	0.258	0.3	1	C7orf50	c1
0.493143922540412	0.203904073296392	0.223	0.218	1	TMEM141	c1
0.336909207225404	-0.203860417666068	0.04	0.052	1	ZNF678	c1
0.257585865351871	-0.203838458275638	0.167	0.192	1	OTULINL	c1
0.0833155284652153	-0.203832358995518	0.297	0.359	1	DDX50	c1
0.0450307821845833	-0.203656714649866	0.347	0.414	1	PRRC2B	c1
0.179389126896547	-0.203604730209544	0.073	0.095	1	TXLNA	c1
0.100572545780256	-0.203457189043301	0.167	0.209	1	FAM192A	c1
0.603025956141632	-0.20344046261091	0.035	0.041	1	SLC31A1	c1
0.442805127945764	0.203425982181199	0.375	0.371	1	HIF1A	c1
0.392649468232952	0.203235381719568	0.165	0.15	1	TWISTNB	c1
0.295821453314624	-0.203231512103351	0.151	0.176	1	XRCC1	c1
0.905159430054896	0.203172416554611	0.114	0.12	1	CYP2R1	c1
0.121663170478641	-0.203070586156462	0.323	0.367	1	BCL7B	c1
0.339113797707874	0.203062066257505	0.232	0.217	1	ATPAF1	c1
0.309731546501722	-0.203056386084585	0.07	0.086	1	DTD2	c1
0.266709888756919	-0.203032935384086	0.18	0.206	1	MKLN1	c1
0.229983757676777	-0.203011289138734	0.227	0.258	1	SUPT20H	c1
0.163396926527697	0.202927354867569	0.308	0.282	1	MYO1F	c1
0.678786538793945	-0.202870351718041	0.243	0.261	1	SP140L	c1
0.226269649795379	-0.20270040983339	0.137	0.162	1	PIBF1	c1
0.871468492910673	0.202664672625777	0.029	0.027	1	AC007383.2	c1
0.55965973100528	-0.202609551761013	0.043	0.05	1	ALPK1	c1
0.0541935479899338	0.202484113468178	0.393	0.35	1	CASP1	c1
0.715430606733312	0.202453479972237	0.011	0.009	1	PLEKHG5	c1
0.783752595618787	0.202443478830834	0.087	0.085	1	SLC17A5	c1
0.954792424579126	0.202397189666257	0.06	0.061	1	RIOX2	c1
0.118122304470165	-0.202391131905886	0.162	0.202	1	GGA1	c1
0.0425679414012073	-0.202391086263526	0.493	0.568	1	TMC6	c1
0.243579569259907	-0.202306615361134	0.114	0.139	1	ASMTL	c1
0.473983032230674	0.202293269727882	0.156	0.145	1	DEXI	c1
0.165955655335917	-0.202284989842298	0.107	0.135	1	RPS6KA4	c1
0.434581487249434	0.202210832027116	0.232	0.224	1	CD226	c1
0.227318653011014	0.202147359899185	0.286	0.27	1	NXT1	c1
0.974467395766548	0.201950325165741	0.032	0.032	1	TMED7	c1
0.580061587654233	-0.201940667376035	0.07	0.079	1	RINT1	c1
0.246777670605971	-0.201918732657418	0.075	0.094	1	HSF2	c1
0.0433240126137016	-0.201902178094979	0.13	0.177	1	ABHD16A	c1
0.171759218707501	-0.201770408867314	0.129	0.161	1	ACOT8	c1
0.093407447896394	-0.201700282977739	0.293	0.344	1	DHPS	c1
0.394998189442282	-0.201692123902492	0.029	0.021	1	HDAC9	c1
0.745257100270894	0.201621421669952	0.025	0.023	1	ZBTB39	c1
0.323353540696032	-0.201569485534298	0.076	0.092	1	ZNF14	c1
0.690875770007651	0.201550787603077	0.075	0.083	1	ARFGAP1	c1
0.0486558240206542	-0.201549152966824	0.154	0.206	1	ARHGAP1	c1
0.266597611652681	-0.201531838588577	0.067	0.085	1	THAP3	c1
0.432513057096815	-0.201442847889199	0.013	0.018	1	EFCAB13	c1
0.368539587841733	-0.201438124047367	0.073	0.088	1	DLAT	c1
0.151381001418586	-0.201365911345554	0.091	0.118	1	NCOR2	c1
0.275023021162311	-0.201350188392938	0.025	0.036	1	FOXK2	c1
0.0803674605508569	0.201331039285149	0.299	0.258	1	LYAR	c1
0.0272118529229629	-0.201330559823175	0.797	0.806	1	SEPT9	c1
0.130700548484038	-0.201305144662664	0.494	0.535	1	SEMA4D	c1
0.318639374424669	0.201296852929797	0.073	0.059	1	KIF9	c1
0.109846968374628	-0.201234841173184	0.196	0.241	1	NUDT1	c1
0.176040809452631	-0.201194485797504	0.107	0.133	1	ATG13	c1
0.060006715953723	-0.201173560317025	0.246	0.303	1	CDIPT	c1
0.232224952287195	-0.201143994950901	0.073	0.092	1	PPIL1	c1
0.311903629586377	-0.20106611473629	0.062	0.077	1	LIN54	c1
0.737268817297591	-0.201021796467534	0.029	0.032	1	FBXL14	c1
0.816757812899394	0.201010882061754	0.175	0.179	1	RABGGTA	c1
0.0976919940134572	-0.200907325514332	0.122	0.158	1	DCAF10	c1
0.958669636974609	0.200608179044741	0.087	0.089	1	CNP	c1
0.20869759771352	-0.200422197418715	0.102	0.126	1	CREBBP	c1
0.665248297085965	-0.200399373562049	0.021	0.024	1	FGFBP3	c1
0.0797381239446961	-0.200332133605863	0.466	0.517	1	NDUFA12	c1
0.843743586894773	0.200317587121953	0.04	0.038	1	SLC12A2	c1
0.512878733391882	-0.200297921914989	0.017	0.023	1	SHLD3	c1
0.753937025453092	0.200275679945112	0.092	0.089	1	HARS2	c1
0.182021081111956	-0.200193874184106	0.275	0.323	1	MED28	c1
0.420429866472569	-0.200123597831053	0.084	0.098	1	C2orf49	c1
0.949534922565328	0.20010484985016	0.019	0.02	1	HSPA2	c1
0.73003749000914	-0.200078332451659	0.014	0.017	1	ZNF337-AS1	c1
0.00445674426621099	-0.200006862808077	0.922	0.905	1	ARPC3	c1
0.752786942764435	0.199977128420245	0.024	0.021	1	TMEM143	c1
0.906762627400484	0.199948107158557	0.016	0.015	1	AC245140.2	c1
0.0767994346040156	-0.199902969762481	0.378	0.441	1	OSBPL8	c1
0.223582344180456	-0.199895805908158	0.121	0.145	1	FAM120B	c1
0.406119245195489	-0.199771254665779	0.075	0.088	1	CMSS1	c1
0.381005426266264	-0.199637774829298	0.016	0.023	1	ZNF283	c1
0.871402155879018	0.199599106638244	0.148	0.159	1	GMEB1	c1
0.642015125002335	0.199582446574902	0.13	0.124	1	SLC35B2	c1
0.276846638616829	0.199579312474691	0.025	0.017	1	TRAV6	c1
0.523101528467284	-0.199543348965788	0.064	0.055	1	ZMAT1	c1
0.778535356111415	0.199506232402495	0.072	0.068	1	CSPP1	c1
0.0205852533731165	0.199462220229348	0.715	0.688	1	MZT2B	c1
0.429039871319476	-0.199444904589115	0.399	0.415	1	DNAJA2	c1
0.497486321253197	0.199396314275504	0.097	0.088	1	CTNNA1	c1
0.363173610280859	-0.19934820853211	0.043	0.055	1	TSGA10	c1
0.542881567393989	-0.19931222652882	0.03	0.036	1	PON2	c1
0.293788104771419	-0.19931036407955	0.124	0.145	1	PDXK	c1
0.363445665710828	0.199092424998687	0.048	0.038	1	IRAK1	c1
0.328227310786957	-0.199086581167845	0.483	0.503	1	TPM4	c1
0.931513122807395	0.199041122142948	0.01	0.009	1	AC009309.1	c1
0.587737971524317	0.199009051911584	0.019	0.015	1	KPTN	c1
0.192558513929394	-0.198964162328803	0.054	0.073	1	SLC35D1	c1
0.106973307804761	-0.198893898861642	0.273	0.323	1	ALG13	c1
0.476840231872228	-0.198889456557216	0.196	0.211	1	KAT7	c1
0.301572505185055	-0.198806723335353	0.099	0.118	1	MRPL35	c1
0.544158526107087	-0.19877953496265	0.03	0.036	1	ZFAT	c1
0.0163720412483388	-0.198497741975193	0.21	0.285	1	ZNF148	c1
0.113280854624523	-0.198325108008362	0.183	0.227	1	SMIM20	c1
0.197716422381568	-0.198226273713495	0.229	0.264	1	SNHG15	c1
0.339671294929282	0.198184616337818	0.269	0.262	1	MPC1	c1
0.176909858507426	-0.198084389831758	0.07	0.092	1	KDM3A	c1
0.595806511442683	0.198014507873195	0.019	0.015	1	SDR42E1	c1
0.370862052102621	-0.19797537349484	0.13	0.15	1	LRIF1	c1
0.826569422259978	-0.197969507226537	0.024	0.026	1	RLN1	c1
0.698162122320643	0.197860886336187	0.064	0.059	1	SLC5A6	c1
0.136779209389152	-0.197824366448231	0.232	0.273	1	NIFK	c1
0.275329768202902	-0.197603328167401	0.31	0.339	1	TMEM259	c1
0.421745828114024	-0.197452064513864	0.145	0.164	1	NCBP3	c1
0.514562527374674	-0.197354493887577	0.154	0.168	1	GMCL1	c1
0.85094793269591	0.197332122071042	0.224	0.232	1	SREK1IP1	c1
0.313621242036774	-0.197328275657553	0.156	0.179	1	CWC27	c1
0.666716524550654	0.197242010624634	0.01	0.012	1	AL139011.1	c1
0.260626115951449	-0.197235702269541	0.173	0.202	1	RB1	c1
0.136535741840306	-0.197169898391588	0.332	0.382	1	SLBP	c1
0.372592448487581	-0.197012683602935	0.227	0.256	1	SRP54	c1
0.250162378759493	-0.197005388366431	0.013	0.021	1	AC020928.1	c1
0.512292717462852	0.196983054156745	0.183	0.173	1	PDK3	c1
0.401927135139373	0.196886670534536	0.172	0.156	1	HSD17B12	c1
0.430351680415721	-0.196829613572557	0.027	0.035	1	HNRNPUL2-BSCL2	c1
0.599890157162027	0.196734439611202	0.094	0.086	1	BCAT2	c1
0.409141945849762	-0.19661730727155	0.17	0.192	1	RGS3	c1
0.0673694436872078	-0.196545459839522	0.266	0.32	1	PIH1D1	c1
0.000937153265619666	0.196488024996315	0.622	0.511	1	ID2	c1
0.123201398533	-0.196483873744014	0.237	0.285	1	MED4	c1
0.284637014802276	0.196385925471434	0.288	0.276	1	RAB18	c1
0.263953084166167	-0.196385124878459	0.164	0.191	1	BTN3A3	c1
0.442632644809563	-0.19631002215147	0.029	0.036	1	PACS2	c1
0.819843155743915	0.196271378234419	0.052	0.056	1	ZNF548	c1
0.304970474933733	-0.196221972794736	0.113	0.133	1	DHX16	c1
0.0896960162803286	-0.196127811921622	0.108	0.144	1	PCYT1A	c1
0.872758260691909	0.196050493781194	0.03	0.029	1	PLXNA3	c1
0.246874622980228	0.19591202315946	0.335	0.323	1	SEC61A1	c1
0.0617856424897689	-0.195822660115636	0.413	0.47	1	SS18L2	c1
0.0634232319352693	-0.195812021771561	0.701	0.686	1	ARPC5	c1
0.0505855049324203	0.19569851082398	0.579	0.559	1	RAC1	c1
0.299779015509453	-0.195697669338282	0.035	0.047	1	IFI27L1	c1
0.0193349085127601	0.195655292413667	0.525	0.474	1	NCF1	c1
0.264047537578498	-0.195650556705014	0.173	0.2	1	TRIM11	c1
0.379852015596611	-0.195590319963315	0.03	0.039	1	ABL2	c1
0.00135559104798041	0.195570193985253	0.707	0.662	1	HSPA5	c1
0.000122625922458607	-0.195500920361066	0.979	0.977	1	RAC2	c1
0.242348176462947	-0.195480179703608	0.183	0.214	1	ASB8	c1
0.0465667154703867	-0.195370819439434	0.199	0.255	1	EBLN3P	c1
0.0967095831315916	-0.1952559828465	0.169	0.212	1	GRK2	c1
0.744612053331577	0.195086011480448	0.019	0.017	1	MICAL3	c1
0.125979509190458	-0.195052388030432	0.17	0.211	1	VRK3	c1
0.0825083382375277	-0.195018193134586	0.2	0.248	1	MRPS16	c1
0.0188996159330533	-0.194749746219235	0.765	0.776	1	COX8A	c1
0.466333844493167	0.194740483598713	0.149	0.138	1	SOAT1	c1
0.337432205713258	0.194670890166588	0.224	0.206	1	GALT	c1
0.0293799812952629	-0.19465129656859	0.137	0.189	1	GIGYF2	c1
0.621383789250473	0.194456165835649	0.165	0.161	1	CLSTN3	c1
0.374487172651124	-0.194418295307491	0.075	0.089	1	PEMT	c1
0.0649440410752449	-0.194373923080659	0.13	0.173	1	MTREX	c1
0.0650003066693731	-0.194363454937345	0.378	0.444	1	CALCOCO2	c1
0.148580417754086	-0.194321713164501	0.159	0.195	1	POP4	c1
5.54182125984631e-05	0.194277840205541	0.922	0.883	0.733958807654045	CD48	c1
0.0733394176425817	-0.19422950237976	0.291	0.348	1	KDM5A	c1
0.0615086413089823	0.194209846794219	0.703	0.661	1	SCML4	c1
0.113144552115229	-0.194175264606313	0.126	0.161	1	AKAP11	c1
0.304002151684054	-0.194048092827465	0.029	0.039	1	TPRG1	c1
0.0125616988955256	0.194022218022637	0.658	0.603	1	RABAC1	c1
0.0602947174595751	-0.193992161098358	0.178	0.229	1	RC3H1	c1
0.413416181185438	0.193694177524443	0.157	0.142	1	MMGT1	c1
0.128125259687492	-0.193661180533033	0.296	0.344	1	POP5	c1
0.23977013790281	-0.193626145275418	0.286	0.321	1	SELENOS	c1
0.222922822121975	-0.19360127000545	0.118	0.144	1	ZMAT5	c1
0.891651478487545	-0.193590984575641	0.038	0.036	1	AC021054.1	c1
0.0907537838421282	0.19353665615902	0.192	0.158	1	CDC14A	c1
0.748001764299579	-0.193519937132269	0.046	0.042	1	GPR180	c1
0.0744419547113678	-0.193458392803645	0.345	0.408	1	PAFAH1B1	c1
0.0781010168741534	-0.193458237007744	0.153	0.195	1	GLT8D1	c1
0.336920595072802	-0.193449585634297	0.046	0.059	1	PAK4	c1
0.608950094054368	-0.193443896765123	0.072	0.08	1	KANSL3	c1
0.270630161122916	-0.19338876175926	0.019	0.029	1	ZNF529-AS1	c1
0.930244381149635	0.193377170551886	0.072	0.071	1	SCFD2	c1
0.862912734389407	0.193333279846736	0.032	0.03	1	MFSD12	c1
0.952924110256453	0.193313536875478	0.087	0.091	1	GCC1	c1
0.276195618743779	-0.19307455874325	0.032	0.044	1	WSB2	c1
0.921168173861908	0.193049797082542	0.094	0.094	1	TMEM41A	c1
0.169469980758071	-0.193034490425114	0.124	0.155	1	EEF1AKMT2	c1
0.109751386808253	-0.193027485203104	0.167	0.208	1	LRPPRC	c1
0.223721604147845	-0.193000260333559	0.194	0.23	1	PLRG1	c1
0.892467222787334	0.19287507271349	0.081	0.08	1	EHBP1L1	c1
0.66850150888345	0.192873553921719	0.14	0.135	1	MCRIP2	c1
0.0186314274354141	-0.192566806255486	0.855	0.864	1	SUB1	c1
0.409939240173585	-0.192391204329517	0.072	0.085	1	MYPOP	c1
0.595995610649076	0.192352719462678	0.196	0.189	1	PNPLA8	c1
0.802311003215659	0.19233401232557	0.048	0.045	1	GALE	c1
0.883758232306265	-0.192258095665645	0.013	0.014	1	NEK6	c1
0.39159444677368	-0.192229866357686	0.032	0.041	1	LIN7B	c1
0.146634056334903	-0.192228683409449	0.528	0.571	1	PSIP1	c1
0.000206509472985151	0.192135978829753	0.922	0.882	1	TMBIM6	c1
0.651346304921742	-0.192129978790188	0.03	0.035	1	ZNF416	c1
0.173839236905111	-0.192014829236809	0.064	0.085	1	GOSR2	c1
0.741013015071618	0.192013855828632	0.04	0.036	1	E2F6	c1
0.129017291512224	-0.192005894936592	0.469	0.523	1	DOK2	c1
0.402580303831657	-0.192005762210079	0.011	0.017	1	CAB39L	c1
0.176241133223481	-0.191921217186847	0.132	0.162	1	UBR2	c1
0.336476813809154	0.191917593939641	0.087	0.073	1	KCNN4	c1
0.155238901140366	-0.191880181916284	0.259	0.306	1	CDK5RAP3	c1
0.431614137610153	-0.19180250801959	0.045	0.055	1	ZNF213-AS1	c1
0.808305838920463	0.19161716153813	0.056	0.053	1	C10orf143	c1
0.120127371641026	-0.191589922780081	0.073	0.1	1	RBM12	c1
0.808379466322639	0.19158647545685	0.181	0.18	1	CYB5R1	c1
0.732662919222265	0.191511706317917	0.038	0.035	1	WDR25	c1
0.523900197435614	0.191493640263026	0.134	0.124	1	NAA16	c1
0.332991917637568	0.191425486636577	0.068	0.056	1	AHCYL2	c1
0.0830828555222149	-0.19142258577783	0.337	0.397	1	TEX264	c1
0.204987238713899	-0.191340746934377	0.294	0.339	1	SURF1	c1
0.426075659414692	-0.191222960183207	0.054	0.065	1	UBE3B	c1
0.384931161679811	0.191217578716462	0.114	0.102	1	HACD2	c1
0.347910023608508	-0.191185040391642	0.041	0.053	1	SIAH1	c1
0.0416808447521626	-0.191076454834149	0.445	0.498	1	SEC11A	c1
0.0244897430251237	-0.191075042990112	0.638	0.695	1	ISCU	c1
0.248218282727992	-0.191070995257181	0.089	0.111	1	MUL1	c1
0.219902454723119	-0.191064194697614	0.351	0.397	1	NDUFB5	c1
0.106940110852433	-0.191061218975049	0.211	0.256	1	STMN3	c1
0.343334760712643	-0.191035507722682	0.186	0.206	1	ZBTB25	c1
0.606935599880523	0.191011967888507	0.043	0.05	1	POMGNT2	c1
0.0814478632362387	-0.190980920613422	0.514	0.555	1	UBE2V1	c1
0.218053946486864	-0.190979614789581	0.272	0.314	1	TRAF1	c1
0.597874801576404	0.190942065624713	0.186	0.185	1	LMO4	c1
0.126306650566918	-0.190855724956768	0.359	0.418	1	MAPRE1	c1
0.582175513616449	-0.19085391958339	0.075	0.083	1	ETS2	c1
0.747726928776061	0.190849515870959	0.027	0.03	1	CXCL16	c1
0.517243718172656	-0.190766172307212	0.017	0.023	1	ZNF597	c1
0.230911218373267	-0.190671269196225	0.07	0.089	1	MRM2	c1
0.0679292993622219	-0.190560036919867	0.073	0.106	1	KCTD18	c1
0.579768471616478	-0.19049730647245	0.045	0.052	1	AGBL5	c1
0.213899393274921	-0.190295316701113	0.483	0.514	1	SNX6	c1
0.549103632505947	-0.190249735555555	0.041	0.048	1	ELAC1	c1
0.194951949613621	0.19024842298917	0.178	0.153	1	FARSB	c1
0.606380765908437	0.190226868462744	0.095	0.089	1	COQ8B	c1
0.83313996905606	0.19018498202416	0.046	0.044	1	ENTPD1-AS1	c1
0.325666573614862	-0.190139140729988	0.052	0.067	1	LIG3	c1
0.462780236458371	-0.190103904797419	0.014	0.02	1	IL11RA	c1
0.193995963549808	-0.190050456345274	0.059	0.079	1	ZUP1	c1
0.262110131076258	0.190007071654203	0.396	0.392	1	NDUFA5	c1
0.123932687799123	-0.18991773550615	0.58	0.612	1	GNG2	c1
0.0658669847407868	-0.18988495725982	0.41	0.491	1	ATRAID	c1
0.115290555601949	-0.189663016369524	0.095	0.126	1	STAU2	c1
0.0352259327427287	0.189641123022331	0.407	0.347	1	CD28	c1
0.0843235965020076	-0.189569765390183	0.436	0.485	1	CDC42SE1	c1
0.43570217149561	0.189492898785978	0.145	0.132	1	QDPR	c1
0.312717279279657	-0.189448671453449	0.046	0.059	1	ZBTB21	c1
0.846138863308626	-0.189417441283337	0.027	0.029	1	ATRN	c1
0.588298118840691	-0.189409802237525	0.219	0.235	1	NUP50	c1
0.447876006632748	0.189361689503194	0.143	0.132	1	RABL2B	c1
0.404708175070181	-0.189348139373737	0.102	0.117	1	EEFSEC	c1
0.409943895815235	-0.18919501112122	0.006	0.011	1	HK2	c1
0.935223430820995	0.189191723200278	0.017	0.018	1	ANKRD9	c1
0.429339808041444	0.18914153651527	0.076	0.065	1	SLC30A6	c1
0.735175602430307	0.188925172391758	0.1	0.097	1	C12orf43	c1
0.794704696509776	0.188913083113802	0.057	0.062	1	GHDC	c1
0.164496797409909	-0.188860419414489	0.076	0.1	1	UTP14A	c1
0.000147280113762045	-0.188859509356425	0.94	0.935	1	SLC25A6	c1
0.114942983737204	-0.188820181848729	0.126	0.161	1	TMEM175	c1
0.508959658297053	-0.188817627995958	0.059	0.068	1	UBFD1	c1
0.540723252923678	0.188728800269048	0.011	0.015	1	ZNF787	c1
0.803514399869811	0.188726853213642	0.103	0.102	1	TMEM168	c1
0.136262809833823	-0.188723895987056	0.153	0.188	1	TIMMDC1	c1
0.199752350257296	-0.188499311117762	0.18	0.214	1	LINS1	c1
0.935244544663887	0.188490011721891	0.102	0.106	1	HSBP1L1	c1
0.123566068685037	-0.188466741442288	0.242	0.285	1	FUBP1	c1
0.160835812047692	-0.188459956095757	0.277	0.317	1	STARD3	c1
0.542635474663347	-0.188348160779078	0.186	0.2	1	ZNF32	c1
0.0632604686980046	-0.188154317752905	0.211	0.265	1	UBA3	c1
0.475540990599387	0.188072724791739	0.223	0.214	1	KPNA4	c1
0.558911888912738	-0.18803921915077	0.013	0.017	1	ZKSCAN7	c1
0.534977734063967	0.188008322580206	0.075	0.067	1	WDR44	c1
0.40517732927424	-0.187985576282292	0.13	0.15	1	SLC30A9	c1
0.628895090818315	0.187925861823616	0.03	0.026	1	CRYBG2	c1
0.793186509184021	-0.187878345226651	0.019	0.021	1	SLC9A3R2	c1
0.415006763154341	0.187875048846335	0.161	0.147	1	UFSP2	c1
0.467982307077163	0.187818625515704	0.134	0.121	1	HACD3	c1
0.499500614033136	-0.187764781599652	0.067	0.077	1	ELL2	c1
0.887932227790341	0.187714856401729	0.11	0.117	1	SPIDR	c1
0.455112627642337	-0.187642140648791	0.064	0.074	1	ABCD3	c1
0.384078883716469	-0.18761377853382	0.148	0.167	1	SIN3A	c1
0.969101210470444	0.187529820883607	0.033	0.033	1	FAM27C	c1
0.113677110177418	-0.187400949375771	0.243	0.283	1	PHF20L1	c1
0.654165682280541	-0.187368284490099	0.183	0.195	1	MLLT6	c1
0.571733762999353	-0.187354452896959	0.343	0.359	1	IFI27L2	c1
0.233466031370243	-0.18730345064195	0.129	0.155	1	MAP4K5	c1
0.834063719771873	-0.187301951453747	0.025	0.027	1	EVC2	c1
0.439008729599941	-0.187269455502028	0.019	0.026	1	SLC9A1	c1
0.426732391002327	0.187218917396808	0.313	0.311	1	PSMC3	c1
0.714179918821455	0.187202244891772	0.037	0.041	1	IFIT2	c1
0.171868032120025	-0.187185532536397	0.048	0.067	1	C12orf4	c1
0.311255549171001	-0.187165124449976	0.062	0.077	1	ST7L	c1
0.137986117102395	-0.187136155270877	0.323	0.374	1	ZNF800	c1
0.157027722854586	-0.187087859619242	0.41	0.458	1	WSB1	c1
0.520601830893746	0.186983423981321	0.169	0.158	1	CRLS1	c1
0.280691176290152	-0.186919308865666	0.046	0.061	1	RDH13	c1
0.410860651888215	0.186853348005075	0.21	0.198	1	TIMM9	c1
0.0653898693294812	-0.186824053245797	0.238	0.292	1	SERPINB9	c1
0.607894370514081	0.186821787059701	0.024	0.02	1	SH3PXD2A	c1
0.0809998572848655	-0.186807762689554	0.634	0.656	1	SHISA5	c1
0.482630226460391	0.186798135267693	0.079	0.092	1	AL157402.2	c1
0.769474907132832	0.186566720830986	0.119	0.117	1	TAB2	c1
0.0582339775723884	-0.186566182697556	0.202	0.258	1	GABPB1-AS1	c1
0.522305160940685	0.186537294925313	0.132	0.123	1	KIAA0391	c1
0.0846394603059763	0.18652020669846	0.418	0.391	1	ADH5	c1
0.188948618124876	-0.186503993676382	0.095	0.12	1	RAB11FIP4	c1
0.0551645099732048	-0.186500263112483	0.571	0.62	1	TECR	c1
0.249174900763665	-0.186352677099239	0.388	0.426	1	PHF3	c1
0.0293477850843791	0.18634857929678	0.574	0.545	1	PYURF	c1
0.261545931229216	-0.186343274735326	0.052	0.068	1	RMND1	c1
0.125100913069572	-0.186271983526408	0.356	0.408	1	TMBIM4	c1
0.13391452641708	-0.18614250761672	0.118	0.148	1	KIF3A	c1
0.190692979187912	-0.186127418071705	0.143	0.173	1	UROD	c1
0.915405461927327	0.186081822658934	0.07	0.07	1	PCBP4	c1
0.128694128841926	-0.186003069053221	0.107	0.138	1	PHACTR4	c1
0.467673357530898	-0.18591110366259	0.014	0.02	1	NOXA1	c1
0.85111803347826	-0.185892101561454	0.01	0.011	1	AC027031.2	c1
0.477445770909635	-0.185881611526864	0.105	0.118	1	ZNF592	c1
0.508623423529683	0.185810317687713	0.011	0.008	1	CIB2	c1
0.57426174690487	0.185802484638953	0.03	0.036	1	SUCLG2-AS1	c1
0.330717607469768	-0.185717464385317	0.032	0.042	1	WDR27	c1
0.799828515290379	0.185680630305264	0.019	0.021	1	C19orf54	c1
0.185712020569526	-0.185670947394356	0.059	0.079	1	ZNF699	c1
0.0614753840621884	-0.185575350401636	0.146	0.192	1	GOLGA2	c1
0.385371626675022	0.185514971273832	0.184	0.171	1	RMC1	c1
0.963720593947333	0.185489858119564	0.057	0.058	1	MTRF1	c1
0.0393763790385473	-0.185484807188371	0.211	0.273	1	UBE2J2	c1
0.455684562274071	-0.185446090937214	0.021	0.027	1	FAM227B	c1
0.375090046683171	-0.185443056910881	0.099	0.115	1	AAR2	c1
0.996252623922673	0.185342076235934	0.108	0.111	1	DBP	c1
0.967641770689354	0.185272199518232	0.037	0.036	1	BBS1	c1
0.656440174764122	-0.185270059894887	0.01	0.012	1	FAM149B1	c1
0.20538216227495	-0.185258817074016	0.141	0.171	1	TMEM189	c1
0.11710401684463	-0.185215576148823	0.232	0.276	1	STAT5A	c1
0.854806868344371	0.185214718202269	0.038	0.036	1	FASTKD3	c1
0.765758644013503	-0.185143581290472	0.045	0.048	1	HES4	c1
0.173980901415316	-0.185012649682556	0.072	0.094	1	SNRNP25	c1
0.115484772376655	-0.185012516706835	0.121	0.156	1	BRD3	c1
0.890723864544777	0.184992787042574	0.021	0.02	1	GDPD1	c1
0.751735664346437	0.184949020736086	0.029	0.026	1	DNAJA4	c1
0.16460799966072	-0.184881909184645	0.2	0.238	1	DIMT1	c1
0.213442372536728	-0.18468833245349	0.312	0.35	1	MAGED2	c1
0.0946735624391178	-0.184635053497258	0.593	0.647	1	BUB3	c1
0.632069403318794	0.184616656305063	0.124	0.118	1	DCAF15	c1
0.603695552523653	0.184552968614154	0.129	0.123	1	ULK3	c1
0.255998287912945	-0.184395730160662	0.1	0.123	1	ABHD12	c1
0.112234038725672	-0.184368543486412	0.176	0.218	1	EIF2B1	c1
0.584426688511155	0.184238742451166	0.134	0.126	1	STK40	c1
0.873547555495684	0.184082575753989	0.011	0.012	1	GGH	c1
0.69226683188511	-0.184044924548479	0.037	0.041	1	LINC02325	c1
0.0399686592985789	-0.184042933648541	0.251	0.321	1	BCCIP	c1
0.0222785478611282	-0.184039997135825	0.585	0.633	1	GNAS	c1
0.980691103171039	0.184010651995397	0.092	0.094	1	ZNF44	c1
0.922446988061423	0.184003819005191	0.046	0.045	1	SPAST	c1
0.052808987767762	-0.183989406856591	0.218	0.274	1	IDH3B	c1
0.421829923728538	0.183916822143084	0.243	0.236	1	BORCS7	c1
0.934375064241168	0.183896525760194	0.01	0.009	1	RASGRP3	c1
0.461642121667321	-0.183839293713883	0.078	0.089	1	NRAS	c1
0.261722469759261	-0.183817896491866	0.324	0.359	1	SNX5	c1
0.149743568420096	-0.183811136915586	0.175	0.212	1	ZDHHC6	c1
0.394616221447408	-0.183734763073832	0.051	0.062	1	NOP14-AS1	c1
0.437802304138488	-0.183727517528416	0.07	0.082	1	TMEM68	c1
0.178955010951088	0.183576486349092	0.277	0.252	1	TIPARP	c1
0.337465123007082	-0.183418996804897	0.019	0.027	1	DECR2	c1
0.935247407018135	-0.183241569016833	0.393	0.386	1	CD55	c1
0.0338528230603384	-0.183237228455502	0.566	0.621	1	TCEA1	c1
0.0664327218594985	-0.183233738343644	0.281	0.342	1	MLX	c1
0.740668765145022	0.183215976033731	0.049	0.055	1	FAM234A	c1
0.428873455584288	-0.183190715548049	0.087	0.102	1	ARRDC3	c1
0.698921559822795	0.182963928245179	0.059	0.065	1	APOO	c1
0.935998371050658	0.182810675323825	0.138	0.139	1	ANKRD36	c1
0.498402066706587	0.182741082646526	0.17	0.159	1	ZC3H11A	c1
0.212194636899535	-0.182727030608374	0.253	0.292	1	SLC16A7	c1
0.61282394234235	0.182723192972964	0.072	0.065	1	YEATS2	c1
0.152006369071644	-0.18272309949953	0.118	0.148	1	PITPNA-AS1	c1
0.279967491315848	-0.182719343898508	0.118	0.141	1	MRPL58	c1
0.246853815109668	-0.182644558593054	0.029	0.041	1	CPLANE1	c1
0.0301777610001037	-0.182638313342908	0.315	0.395	1	ZNF24	c1
0.387929534203509	-0.182613688150699	0.137	0.158	1	TAOK1	c1
0.40664704169607	-0.182572829189077	0.041	0.052	1	TMEM64	c1
0.134515128495555	0.182538929083994	0.496	0.482	1	SPN	c1
0.148296845179993	-0.182499106630533	0.512	0.547	1	EMB	c1
0.87146849510143	0.182480935775869	0.029	0.027	1	RACGAP1	c1
0.210297957358883	-0.182366736041599	0.156	0.186	1	DRG1	c1
0.0227528972373526	0.182319172250015	0.738	0.686	1	SELENOK	c1
0.0939544673082813	-0.18223310370377	0.3	0.352	1	MAPK1	c1
0.930557667883648	-0.182225486409444	0.046	0.047	1	CDKN2C	c1
0.0855320067763832	-0.182217723309586	0.595	0.623	1	UBXN4	c1
0.851764496377876	0.182185984429207	0.038	0.036	1	CCDC86	c1
0.0651560172329013	-0.182089552170703	0.2	0.253	1	ATP1B3	c1
0.0928455407593745	-0.182077638607585	0.178	0.224	1	KRIT1	c1
0.0728037805038246	-0.182041349653673	0.148	0.192	1	PSPC1	c1
0.0333494068195794	-0.181986168223114	0.504	0.583	1	RBM25	c1
0.829237410850132	0.181883483660124	0.076	0.074	1	NCAPH2	c1
0.109297873019116	-0.181793704131505	0.232	0.286	1	TPGS1	c1
0.726696394505501	0.181699122913171	0.134	0.13	1	GMPPB	c1
0.284731370043939	-0.181662948530602	0.383	0.417	1	PDE4B	c1
0.478961202959788	0.18162764400022	0.137	0.126	1	RSPRY1	c1
0.993558708276079	0.181604761177513	0.137	0.142	1	PSMD10	c1
1.17538100951717e-05	0.181594645409699	0.984	0.973	0.155667460900453	RPL36AL	c1
0.00304831266053526	0.18158169221442	0.792	0.73	1	PDIA3	c1
0.131326810823745	-0.18157778468207	0.235	0.285	1	IFI35	c1
0.18015179845767	-0.181549371406529	0.102	0.129	1	GGA3	c1
0.434036547905695	-0.181385410558287	0.118	0.132	1	ATP5S	c1
0.764750420653292	0.181294218313918	0.016	0.018	1	SMKR1	c1
0.508834650062307	-0.181282363753193	0.037	0.044	1	SIRT1	c1
0.128388865073731	-0.181251572609499	0.211	0.258	1	USO1	c1
0.350100817760011	-0.181241817568448	0.084	0.102	1	PAFAH1B2	c1
0.185324550063277	-0.181173638244599	0.264	0.311	1	RPL7L1	c1
0.51569179955578	0.181114956160803	0.197	0.189	1	STX4	c1
0.925538315140076	0.181108132547898	0.111	0.114	1	TYW1	c1
0.125315460077311	-0.181107378929469	0.285	0.333	1	HIKESHI	c1
0.212303677720786	-0.181070128304371	0.243	0.28	1	HCFC1R1	c1
0.317509998706026	-0.180972353806628	0.024	0.033	1	CD70	c1
0.541136334504808	-0.180917472397833	0.051	0.059	1	POMT1	c1
0.0983106286567472	0.180878745418633	0.477	0.461	1	C19orf70	c1
0.213685633371659	-0.180856325056445	0.21	0.247	1	CARD8	c1
0.178401553888439	-0.180850470099233	0.262	0.305	1	SIPA1	c1
0.274112199499216	-0.180843631991829	0.06	0.077	1	LMBRD2	c1
0.414609536211824	0.180838255337648	0.084	0.073	1	WDR12	c1
0.00311357687859875	-0.180828521459105	0.785	0.82	1	UBE2D2	c1
0.206296417182988	-0.180825401385722	0.097	0.121	1	HDHD5	c1
0.994767426122426	0.18081013247309	0.03	0.03	1	CHAC2	c1
0.858749157448809	0.180742028999342	0.024	0.023	1	PEAK1	c1
3.24918086135408e-07	-0.180613269380073	0.998	0.991	0.00430321513277734	ARHGDIB	c1
0.642019527877359	-0.180544815547749	0.054	0.061	1	MAN2A2	c1
0.300224781598649	-0.180516685887609	0.539	0.562	1	DEF6	c1
0.947992050878717	0.180480421602551	0.037	0.036	1	MAPKBP1	c1
0.134249575018716	-0.180329066412626	0.213	0.252	1	MYCBP	c1
0.330820009886835	-0.180267842619949	0.606	0.618	1	PRELID1	c1
0.668570453729864	0.180115563709338	0.119	0.114	1	MTO1	c1
0.258624398697838	-0.180038116434174	0.043	0.058	1	C17orf80	c1
0.161157289809395	-0.17975829890463	0.075	0.098	1	PDK2	c1
0.83162492620414	-0.179753350139351	0.094	0.097	1	RARS2	c1
0.434977141048544	-0.179739725034224	0.013	0.018	1	DLGAP3	c1
0.131605887657852	-0.179709032131971	0.148	0.185	1	EI24	c1
0.406081611289753	-0.179676923642961	0.059	0.071	1	HINFP	c1
0.665348043074204	0.179662781971857	0.213	0.214	1	IARS2	c1
0.731089075524973	-0.179658881078285	0.014	0.017	1	DNAJC27-AS1	c1
0.0982575979572168	-0.179654519591053	0.412	0.471	1	ATP6V0B	c1
0.611461314920242	0.17958999843617	0.124	0.117	1	MFSD11	c1
0.0945067063520509	0.179565580198348	0.488	0.474	1	PSMF1	c1
0.124091736776752	-0.179319222831245	0.486	0.542	1	RAB1B	c1
0.246870627851142	0.179272855086774	0.458	0.453	1	NHP2	c1
0.0896544213710318	-0.179271747308894	0.157	0.202	1	WASHC1	c1
0.498788446432012	-0.179267403965743	0.025	0.032	1	AL050341.2	c1
0.0718633674261441	-0.179255618462924	0.184	0.23	1	AP2A1	c1
0.384756832518769	-0.179138846784961	0.065	0.079	1	TMCO3	c1
0.167137671577715	-0.179059942190265	0.229	0.27	1	SKIL	c1
0.986045606887033	0.17899797745986	0.056	0.056	1	AFAP1	c1
0.678347456419571	0.178985356261149	0.099	0.109	1	ABR	c1
0.126640330057012	-0.178977701677567	0.501	0.539	1	RAB7A	c1
0.598870249809612	-0.17893288647314	0.103	0.114	1	TXLNG	c1
0.185467169566975	-0.178856943262054	0.37	0.417	1	CNOT7	c1
0.000250060376318117	-0.17883352052105	0.971	0.965	1	OAZ1	c1
0.0740680596517301	-0.17882390330752	0.253	0.309	1	ARF3	c1
0.0320209687444468	0.178791287699946	0.811	0.773	1	CDC37	c1
0.5727669329416	0.178790319098166	0.076	0.068	1	NR2C1	c1
0.336650296142494	-0.178789316539384	0.032	0.042	1	SRF	c1
0.0931781274200841	-0.178757235029661	0.081	0.112	1	MUM1	c1
0.469976050693895	0.178679312262961	0.022	0.017	1	GTF3C4	c1
0.536092898223542	0.178631955235208	0.027	0.033	1	ACO1	c1
0.373002018079786	-0.178538952472389	0.143	0.164	1	GRIPAP1	c1
0.806498182296444	0.178489310303191	0.203	0.208	1	NDUFAF4	c1
0.147913313274766	0.178235731434864	0.496	0.473	1	NDUFB7	c1
0.476298440269026	-0.178223129867481	0.172	0.189	1	IARS	c1
0.393187388089416	-0.178173089863451	0.075	0.089	1	TNFAIP8L2	c1
0.948734092710443	0.178125638312276	0.06	0.061	1	AEBP2	c1
0.931351471765477	0.178120414676188	0.086	0.086	1	NOC4L	c1
0.871008699964831	0.178116056850238	0.011	0.012	1	CAPS2	c1
0.45282058479047	-0.178108673168399	0.029	0.036	1	BAHD1	c1
0.431561916784765	-0.177920596631598	0.121	0.136	1	SCAF8	c1
0.175485910421359	-0.17762401713439	0.269	0.306	1	SNX2	c1
0.0643699008463328	-0.177575582223855	0.11	0.148	1	HSD17B7	c1
0.422547090259312	0.177532457180923	0.455	0.459	1	TNIP1	c1
0.421081148568918	-0.177501671950523	0.238	0.256	1	CABIN1	c1
0.182316322236494	-0.177497505874416	0.366	0.414	1	FNBP4	c1
0.676075586751183	0.177483768782885	0.03	0.035	1	CACTIN	c1
0.210113297561875	-0.177254165885784	0.132	0.161	1	PTPA	c1
0.099721257441964	-0.177079625452475	0.374	0.426	1	ACP1	c1
0.0135880900823291	-0.17695711735151	0.665	0.726	1	SERBP1	c1
0.276968979464516	-0.176884213897315	0.014	0.023	1	SLC4A8	c1
0.184639331420841	-0.176853655030768	0.154	0.188	1	RWDD3	c1
0.672737796533646	0.176768104291902	0.219	0.215	1	CCDC47	c1
0.121817584463719	-0.176653685568886	0.375	0.435	1	SNRPC	c1
0.114632777418996	-0.17637039120985	0.2	0.244	1	NUMA1	c1
0.41261836663691	-0.176363299179862	0.006	0.011	1	CASTOR3	c1
0.0430086692531358	-0.176325730480181	0.609	0.662	1	SH3BGRL	c1
0.272439375029533	0.176210317313914	0.278	0.262	1	APPL1	c1
0.114811339772036	-0.176161243560985	0.111	0.142	1	PMM2	c1
0.993071111381404	0.176076318187711	0.097	0.1	1	NOC3L	c1
0.949202940480161	0.176000813520709	0.038	0.038	1	TMEM164	c1
0.255039397914601	-0.175984191733046	0.084	0.105	1	SLC39A9	c1
0.0287518415480787	-0.175958946769777	0.518	0.583	1	ENSA	c1
0.357378082609687	0.175935152180294	0.073	0.061	1	TRAV8-4	c1
0.207649610811834	-0.175923745146612	0.283	0.329	1	NCK1	c1
0.951582672059819	0.175868098070085	0.094	0.095	1	TAF1B	c1
0.0799319680551121	-0.175850437386778	0.213	0.27	1	NPEPPS	c1
0.686977882333181	-0.175820610457722	0.049	0.055	1	DUSP18	c1
0.625959929934029	0.175771917344086	0.035	0.03	1	TWSG1	c1
0.423103873980025	-0.175733946819156	0.027	0.035	1	RGS16	c1
0.902117173649145	-0.175713893234052	0.014	0.015	1	LINC00663	c1
0.334089304785218	-0.175676840099182	0.132	0.152	1	METTL21A	c1
0.473300407326827	0.175674672024822	0.086	0.076	1	C6orf120	c1
0.268268445467916	-0.17560713965363	0.086	0.106	1	PTS	c1
0.220174660345427	-0.175375122212287	0.254	0.295	1	NUP98	c1
0.167708134521388	-0.175350078976191	0.129	0.159	1	GSS	c1
0.0648322053041342	-0.175331744045635	0.35	0.417	1	UBA2	c1
0.25712102587905	-0.17531940596936	0.051	0.067	1	TMEM187	c1
0.106604999421206	-0.175236036051302	0.04	0.061	1	EXD3	c1
0.450549449659749	-0.175084952487102	0.038	0.047	1	ZFP1	c1
0.717242475120324	-0.175026775501296	0.041	0.045	1	CASP10	c1
0.870000650463265	0.175024518486145	0.027	0.026	1	CENPQ	c1
0.916999959537484	0.174964817215807	0.014	0.014	1	HLA-G	c1
0.097409357665679	-0.174936025306192	0.118	0.155	1	CSTF1	c1
0.870425192609352	0.174793446073575	0.027	0.026	1	FMO4	c1
0.731428504703473	0.17472461474555	0.054	0.05	1	ZSCAN16	c1
0.0526156976573712	-0.174688031765629	0.383	0.442	1	PRPF40A	c1
0.178994749293506	-0.174677734590001	0.202	0.239	1	ASXL1	c1
0.370641561924924	-0.174569163683149	0.037	0.047	1	MFAP3	c1
0.295558702729785	-0.174498156371968	0.267	0.305	1	KMT2C	c1
0.166502309496474	-0.174431143149536	0.084	0.109	1	UMPS	c1
0.298460396388127	0.174428787699821	0.151	0.132	1	APP	c1
0.286881467373866	-0.174397720345489	0.021	0.03	1	MCU	c1
0.824216112311849	0.174315192207575	0.105	0.103	1	AGPS	c1
0.41147078818903	-0.174072477718725	0.184	0.208	1	UBE2K	c1
0.70111822827549	-0.174055035206051	0.024	0.027	1	LONRF1	c1
0.00855772628048317	0.173847308068854	0.762	0.709	1	ICAM3	c1
0.0976813032401341	-0.173835892906956	0.157	0.198	1	C5orf24	c1
0.10838723996936	-0.173825431672173	0.192	0.238	1	MTMR14	c1
0.961305430663697	0.173744689094729	0.041	0.042	1	ZNF584	c1
0.158138589642067	-0.173725522625246	0.401	0.442	1	TSEN54	c1
0.434091107719828	-0.173618126132003	0.162	0.179	1	PTGES2	c1
0.267125648475427	-0.17358039172461	0.073	0.092	1	SLC37A1	c1
0.109940290502943	0.173525203336372	0.477	0.461	1	PUF60	c1
0.376807703113007	0.173496865496693	0.262	0.252	1	TP53I13	c1
0.0432803338804143	-0.17345651083422	0.568	0.621	1	COX7A2L	c1
0.000734681446728059	-0.17333425377382	0.954	0.958	1	CCNI	c1
0.471842220098813	-0.173240861447939	0.116	0.13	1	SLC25A45	c1
0.301292862427238	0.173181125792193	0.017	0.011	1	IMPA2	c1
0.109831451492163	-0.173011104315258	0.558	0.595	1	ATP5F1C	c1
0.2783884173715	0.17289917923899	0.245	0.226	1	PRPF19	c1
0.140513152113955	-0.172869548756238	0.124	0.158	1	CIZ1	c1
0.818580475550991	-0.172806578246224	0.143	0.147	1	LAX1	c1
0.144924954323425	-0.17272548941777	0.068	0.092	1	ATP10D	c1
0.308914881588899	-0.172715717284959	0.107	0.127	1	TSC2	c1
0.0899733825147673	-0.172702801906363	0.019	0.035	1	ZNF714	c1
0.0973908876910296	-0.172635046769499	0.248	0.306	1	B3GAT3	c1
0.445032526656267	-0.172620694392219	0.056	0.067	1	FAM98B	c1
0.126981480833531	-0.172572855349744	0.291	0.341	1	CHMP5	c1
0.849762107954942	-0.172347308244269	0.01	0.011	1	OSBPL11	c1
0.223232133408842	-0.172347125079846	0.1	0.124	1	TCHP	c1
0.378478324043061	-0.17229811748618	0.099	0.115	1	HPS4	c1
0.682834303337919	0.172215431874529	0.076	0.071	1	SLC25A43	c1
0.461561432223089	-0.172195687759248	0.014	0.02	1	ZNF607	c1
0.0119790910649623	-0.172170309512909	0.353	0.45	1	SPTAN1	c1
0.176099507383282	-0.172151688514074	0.188	0.227	1	USP48	c1
0.299566806142485	-0.172144735530076	0.052	0.067	1	PPRC1	c1
0.113250432803776	0.172055717833975	0.52	0.495	1	SSB	c1
0.0808264832466352	0.172019526114837	0.502	0.473	1	ATP6AP2	c1
0.50140475567091	-0.172018507866983	0.169	0.188	1	BBIP1	c1
0.526332225711828	0.171842103920689	0.107	0.097	1	SEC22A	c1
0.0526985022122944	-0.171797220672445	0.7	0.729	1	UQCR10	c1
0.336651422804016	0.171744879138037	0.108	0.092	1	PLEKHB1	c1
0.25830655001011	-0.171709091447623	0.415	0.465	1	USP15	c1
0.279666320463951	-0.171696701602011	0.205	0.235	1	SLC38A10	c1
0.907325356062287	0.171654838088177	0.083	0.082	1	ALG11	c1
0.126314991180327	-0.171577825138342	0.281	0.333	1	SMARCC2	c1
0.763382720505335	0.171577037420513	0.226	0.229	1	STX8	c1
0.177605247119488	-0.171518645896966	0.227	0.261	1	SPG7	c1
0.104626976809885	-0.171456103445434	0.305	0.361	1	OLA1	c1
0.215181953658638	-0.171424301902658	0.051	0.068	1	APAF1	c1
0.162171007017949	-0.171404772831617	0.103	0.133	1	JARID2	c1
0.306460812503921	0.171379378331493	0.215	0.2	1	ATOX1	c1
0.14297323795597	0.171377480102596	0.475	0.448	1	NUCB1	c1
0.190814257587699	0.171374496043826	0.386	0.362	1	C4orf48	c1
0.761086367032715	-0.171365372168353	0.041	0.038	1	TRBV7-6	c1
0.611975645065132	0.17135482369572	0.078	0.071	1	ATG4C	c1
0.939896861751703	0.171342410427633	0.017	0.018	1	ERMAP	c1
0.104457402583392	-0.171317915966248	0.227	0.273	1	EMC3	c1
0.154975323892652	-0.171159791473762	0.078	0.103	1	UHRF1BP1L	c1
0.245610039392364	-0.171018358943472	0.064	0.082	1	SLC6A6	c1
0.85737770993018	0.170932232023421	0.161	0.171	1	FAM111A	c1
0.286322845520747	-0.170860842980199	0.04	0.053	1	TRIM24	c1
0.288458262265279	-0.170804620213565	0.356	0.394	1	NR1H2	c1
0.104313681716486	-0.170655906380942	0.141	0.18	1	SEL1L3	c1
0.844282098780057	0.170608763310987	0.111	0.12	1	GPATCH2L	c1
0.856777647517522	0.170430107561294	0.041	0.039	1	ZNF395	c1
0.504448524377016	0.170385515946774	0.277	0.271	1	E2F4	c1
0.364514057410136	-0.170360387640693	0.097	0.114	1	MBD2	c1
0.162353737370128	-0.170320259706594	0.444	0.503	1	FLI1	c1
0.166042189924168	-0.170312128558315	0.24	0.283	1	SAFB2	c1
0.473585257621846	0.170306526478091	0.141	0.13	1	ENTPD4	c1
0.713514088624743	-0.170281495238014	0.013	0.015	1	ZFP41	c1
0.102784819449891	-0.170237527016485	0.515	0.567	1	ARHGAP45	c1
0.315781745243827	-0.170170246757292	0.092	0.111	1	SMARCAD1	c1
0.46529079640702	0.170161409840687	0.293	0.283	1	CAPN1	c1
0.447743322313752	-0.170147943615682	0.113	0.129	1	EIF2B4	c1
0.794843548855959	0.170145573005503	0.148	0.148	1	VAMP3	c1
0.389290168351019	0.170098458777241	0.27	0.259	1	LPCAT4	c1
0.177901197027996	-0.16979890940588	0.097	0.124	1	VPS13B	c1
0.58379099872522	0.169750408446172	0.017	0.014	1	ZNF225	c1
0.181623282626173	-0.169745383654159	0.181	0.215	1	PLEC	c1
0.441253864313112	-0.169645739956767	0.203	0.224	1	HUWE1	c1
0.216644448178936	-0.169643655362473	0.059	0.077	1	RBM14	c1
0.853735609547679	0.169635577735909	0.056	0.059	1	UPRT	c1
0.0657473201516177	0.169585104503387	0.498	0.459	1	ROMO1	c1
0.523537548323556	-0.169546982156504	0.027	0.033	1	NKRF	c1
0.184117912782706	-0.169434429430796	0.099	0.124	1	CTC1	c1
0.636354979381288	-0.169326910011719	0.017	0.021	1	SLC9B1	c1
0.559157884369583	0.169311369373061	0.057	0.05	1	GCLC	c1
0.602344600130089	0.16925390851218	0.075	0.068	1	D2HGDH	c1
0.387835242915376	0.169141591179093	0.335	0.332	1	WBP11	c1
0.963930675752499	0.169117261866752	0.205	0.217	1	KLF13	c1
0.986095994099466	0.169113560021668	0.121	0.126	1	PHF19	c1
0.329774785362247	-0.169094288070907	0.095	0.114	1	TCEA2	c1
0.703558718644751	0.169065676059003	0.01	0.008	1	AL157392.5	c1
0.43366655626368	-0.169051049204992	0.305	0.333	1	GTF2F1	c1
0.0856059797516706	0.16899974968538	0.51	0.483	1	SLC3A2	c1
0.144735399121354	-0.16898895836192	0.159	0.195	1	ETFRF1	c1
0.79240430529572	-0.168845666113055	0.037	0.039	1	ERMARD	c1
0.0105383308231686	0.168781017091929	0.855	0.841	1	ARL6IP5	c1
0.510901013139989	-0.168649519463223	0.017	0.023	1	CTNS	c1
0.123892569869681	-0.168527568826371	0.199	0.244	1	RABIF	c1
0.470306061605829	-0.168526149740163	0.11	0.124	1	SH3BP5	c1
0.378411745525847	0.168513859413771	0.248	0.232	1	KDM6B	c1
0.370418171953136	-0.168396369225264	0.01	0.015	1	AC016773.1	c1
0.067444718081587	-0.168357399827719	0.302	0.364	1	SDHA	c1
0.144434672232774	-0.168282065335204	0.151	0.183	1	CBWD5	c1
0.780739202429287	0.16822282046205	0.102	0.109	1	NME7	c1
0.168901624638556	-0.168182645598537	0.121	0.15	1	TMEM60	c1
0.975380906560821	0.167995826594424	0.078	0.08	1	PPP1R37	c1
0.108689120456036	-0.167973552244933	0.119	0.155	1	MBD6	c1
0.740582542552671	0.167952496518222	0.045	0.041	1	HYPK	c1
0.91464857462935	-0.167947595503702	0.016	0.017	1	AMN	c1
0.248133106452789	-0.167929876320644	0.092	0.114	1	TYSND1	c1
0.366961991038887	-0.167822822027734	0.06	0.074	1	LRIG2	c1
0.874313617265954	0.167820447818571	0.07	0.074	1	RUBCN	c1
0.793271110187201	0.1677584901598	0.154	0.167	1	LYRM1	c1
0.10953891802421	-0.167684284632569	0.14	0.177	1	ESCO1	c1
0.733020123946026	0.16762395392466	0.148	0.145	1	ZNF585A	c1
0.151863435849499	-0.167607287881262	0.264	0.311	1	SDHB	c1
0.340696859644911	-0.167603027935495	0.205	0.232	1	VTA1	c1
0.307277323169779	0.167596043364907	0.029	0.02	1	SDC4	c1
0.161136488398724	-0.167579826095516	0.186	0.223	1	KLF12	c1
0.423197345414742	0.167452469365265	0.211	0.198	1	TMEM71	c1
0.712972798359168	0.167414656230052	0.078	0.073	1	DSTYK	c1
0.598624510391285	-0.16734213081159	0.035	0.041	1	LIG4	c1
0.684661598523524	-0.167309003915273	0.083	0.089	1	CKS1B	c1
0.21834746480642	-0.16727974768905	0.121	0.148	1	WDFY1	c1
0.5838848331131	0.167237318831068	0.296	0.295	1	MRPL14	c1
0.153725088806787	-0.16721521559858	0.504	0.539	1	FIS1	c1
0.482145318426445	-0.167185972056211	0.075	0.086	1	IPO8	c1
0.269407783680274	0.167163535178973	0.378	0.371	1	LSM3	c1
0.427095174970495	-0.167159485180563	0.103	0.12	1	XPO6	c1
0.493687371513524	0.167138712523172	0.32	0.32	1	TMEM147	c1
0.239983631381488	-0.16709434402684	0.437	0.486	1	SNX17	c1
0.440182514122176	-0.167071740078696	0.048	0.058	1	CITED4	c1
0.270031831490164	-0.166989880163558	0.01	0.017	1	CENPO	c1
0.379104609790375	0.166902274985803	0.129	0.114	1	STXBP3	c1
0.00404759481299591	-0.166862816536532	0.954	0.944	1	PCBP2	c1
0.340111842786101	-0.166842864125284	0.145	0.168	1	DPP8	c1
0.24052481264274	-0.166807709982022	0.213	0.247	1	BRD4	c1
0.176932729947912	-0.166772401416994	0.164	0.2	1	FBXO3	c1
0.0963612410036512	-0.166767794434487	0.084	0.115	1	SUGP2	c1
0.487355763936216	-0.166704643117714	0.126	0.141	1	GABPB1	c1
0.500530723144584	-0.166702178044242	0.42	0.442	1	RTN4	c1
0.160982656172243	-0.166564307937586	0.192	0.232	1	ATG101	c1
0.697847724422898	0.166550135040889	0.033	0.038	1	TNFRSF14-AS1	c1
0.247782977702923	-0.166515833601673	0.091	0.112	1	LMNB2	c1
0.194593140673988	-0.16641531641814	0.38	0.412	1	AP2S1	c1
0.101545105960626	-0.166388911030574	0.103	0.138	1	WDR55	c1
0.852508857169492	-0.166259061594276	0.027	0.029	1	SLC39A14	c1
0.853152746139276	0.166255980419817	0.01	0.011	1	AL033527.5	c1
0.377424760219022	-0.166127613922191	0.081	0.097	1	ZXDC	c1
0.734246858055922	-0.166126466995212	0.014	0.017	1	DBF4B	c1
0.283769604041229	-0.166125030712157	0.199	0.226	1	TRAF5	c1
0.0148385845089098	0.166115600444341	0.742	0.708	1	ARHGDIA	c1
0.429651780720217	-0.166055741006536	0.072	0.085	1	TMEM185A	c1
0.0707315903250532	-0.166036339155317	0.631	0.679	1	SRSF2	c1
0.308741633721572	0.165964098786783	0.11	0.094	1	NPC1	c1
0.412654326639057	0.165927423627598	0.235	0.223	1	SPTY2D1	c1
0.84924699595169	0.165870306690027	0.045	0.042	1	AGO4	c1
0.440257304795894	-0.165830346155885	0.402	0.423	1	ARPC5L	c1
0.121409557027897	-0.165818424238136	0.189	0.229	1	NRBF2	c1
0.980358166249917	0.165796676177113	0.032	0.032	1	PACRGL	c1
0.365120304304827	-0.165636246564699	0.229	0.253	1	VTI1B	c1
0.0229334111655063	-0.1655081332569	0.544	0.608	1	NOP10	c1
0.674913888898383	0.165464279749992	0.078	0.073	1	TMEM99	c1
0.737193675517356	-0.165395996556484	0.132	0.141	1	EFTUD2	c1
0.374757899627364	0.165381973340349	0.372	0.359	1	PRMT9	c1
0.298655281758137	0.165345532031101	0.372	0.373	1	TANK	c1
0.000802568839121089	0.165340455875504	0.819	0.73	1	LY6E	c1
0.145783787493798	-0.165336095167609	0.178	0.214	1	ANKRD13A	c1
0.0902160564572631	-0.165296624610117	0.342	0.405	1	ADRM1	c1
0.300208723739316	-0.165226641925187	0.122	0.147	1	GALNT11	c1
0.177797690293111	-0.165172377936456	0.127	0.158	1	EXOC5	c1
0.528557935308809	-0.165097362501017	0.06	0.052	1	TRBV19	c1
0.744876045688359	-0.165094434223506	0.045	0.048	1	TRBV6-5	c1
0.782161514139975	0.165006219170626	0.017	0.02	1	ARF4-AS1	c1
0.452090475880221	-0.164986166273827	0.038	0.047	1	TADA2A	c1
0.192722933706215	-0.164968975583656	0.129	0.159	1	IKBIP	c1
0.339690149969375	-0.164749864045705	0.165	0.188	1	EP400	c1
0.0459181035777488	-0.164643891789047	0.388	0.459	1	SNRPD1	c1
0.958375500194684	-0.164505229381752	0.054	0.053	1	SLFN11	c1
0.513264077409302	-0.164483066213636	0.048	0.056	1	SLC35F6	c1
0.0346728858402306	0.164393691024413	0.587	0.552	1	ARRB2	c1
0.452623666503331	-0.164329968108229	0.021	0.027	1	KNSTRN	c1
0.0219448228585557	-0.164320542551292	0.607	0.648	1	EIF3D	c1
0.146096133053589	-0.164297298255153	0.184	0.226	1	SAMM50	c1
0.191462446773825	-0.164210692296033	0.283	0.329	1	ALDH9A1	c1
0.650354051854651	-0.164097146983612	0.032	0.036	1	DHTKD1	c1
0.425869136095102	0.164096686235139	0.083	0.071	1	RYK	c1
0.354189870986608	-0.164062527931302	0.188	0.212	1	ZNF106	c1
0.123348269631786	-0.164060737509847	0.113	0.145	1	VRK2	c1
0.606016557437005	-0.163989915703296	0.211	0.229	1	NAE1	c1
0.694548732531717	0.163938901727042	0.149	0.168	1	VGLL4	c1
0.805059128092669	0.16386697809267	0.056	0.053	1	EEF2KMT	c1
0.95740843396122	0.163864842645458	0.021	0.021	1	HHAT	c1
0.69573162488537	0.16382401578455	0.159	0.155	1	LEO1	c1
0.977159173398496	0.163751063863188	0.033	0.033	1	TMTC3	c1
0.729874707560528	-0.163451785850715	0.043	0.047	1	GFOD2	c1
0.254557515356654	-0.163335531456348	0.321	0.358	1	PDCD10	c1
0.392173967679365	-0.16331288507038	0.091	0.106	1	DTWD1	c1
0.225267223334101	-0.163224434621342	0.111	0.136	1	ATP5PO	c1
0.0628574820734596	-0.163176730865935	0.116	0.159	1	AHCY	c1
0.306309495171788	-0.163171511101263	0.107	0.127	1	CSNK1G3	c1
0.344849289207563	0.162999757178715	0.235	0.218	1	MZT1	c1
0.857571247482174	-0.162691237863723	0.054	0.056	1	CPOX	c1
0.884024318503394	0.162611203114126	0.024	0.023	1	ZBTB5	c1
0.0969979472148036	-0.162518405224656	0.286	0.342	1	SDF2	c1
0.3524573351553	0.162502190170855	0.181	0.164	1	ELL	c1
0.0320468167331124	-0.162501241303879	0.835	0.852	1	EIF3E	c1
0.094522593225182	-0.162386321251562	0.456	0.511	1	TWF2	c1
0.902121528446085	0.16234203470302	0.122	0.123	1	METTL15	c1
0.746352031529183	0.162337482085416	0.022	0.02	1	MPND	c1
0.899029854562927	0.162313903474807	0.11	0.115	1	TM9SF4	c1
0.270301810852557	-0.162306328509963	0.235	0.27	1	DCAF5	c1
0.532234954057866	-0.162263330540805	0.011	0.015	1	SNAI3-AS1	c1
0.546812757270103	0.16219815961349	0.068	0.061	1	PDCD11	c1
0.363183251411358	-0.162189784376715	0.162	0.185	1	EXOSC3	c1
0.951232859541235	0.162132411979278	0.099	0.103	1	HTT	c1
0.0560982091352158	-0.162058247107948	0.28	0.348	1	POLE4	c1
0.803339685543336	0.16200815380851	0.073	0.079	1	PIAS3	c1
0.372245636889672	-0.161891512224185	0.113	0.132	1	ZBP1	c1
0.856832736092408	0.161845238056668	0.118	0.118	1	POLR3C	c1
0.868174527206963	0.161806194126728	0.067	0.065	1	C6orf106	c1
0.116473503148285	-0.161764169843343	0.548	0.592	1	NDUFA3	c1
0.764002110623779	-0.161758434079696	0.091	0.095	1	PIGK	c1
0.737075902266854	0.161756256206595	0.073	0.08	1	SARM1	c1
0.963162915021588	0.161715342596866	0.06	0.061	1	INPP5B	c1
0.362380761912732	-0.161704921958037	0.137	0.158	1	SCAF1	c1
0.188772107734225	-0.161678591041396	0.374	0.415	1	DNAJB6	c1
0.288952048835679	-0.16162098548093	0.033	0.045	1	ACACA	c1
0.0603414261297705	0.161587111478019	0.345	0.308	1	UBQLN1	c1
0.0313325542090446	-0.161580858775073	0.539	0.6	1	C9orf78	c1
0.183077095032567	-0.161562354291382	0.289	0.332	1	SRSF8	c1
0.797957306777472	0.16143198545787	0.032	0.035	1	FANCG	c1
0.364555215101091	-0.161423910394008	0.081	0.097	1	MTRR	c1
0.0496188511335952	0.16114705073628	0.574	0.527	1	TAF7	c1
0.0935511539420256	-0.161082860022425	0.278	0.333	1	SMIM7	c1
0.598040909527239	-0.161026180439952	0.037	0.042	1	C15orf41	c1
0.237007526074085	-0.161018177999288	0.095	0.118	1	NEK1	c1
0.336399657225344	-0.16101248151761	0.186	0.214	1	PEPD	c1
0.0223163142381671	-0.160870273754238	0.844	0.839	1	SEPT1	c1
0.380618765211357	-0.160839787177734	0.03	0.039	1	CAMK1	c1
0.0755016112799491	-0.160831539867281	0.444	0.515	1	CCT8	c1
0.179832951301346	-0.160823355034967	0.129	0.159	1	RPF1	c1
0.399196403247713	-0.160800052345617	0.188	0.211	1	NIPSNAP1	c1
0.359764203241362	-0.160665390948092	0.068	0.083	1	ABCC10	c1
0.36892684292352	0.160603574061409	0.191	0.176	1	EXOC4	c1
0.445206908885965	-0.160561222493558	0.037	0.045	1	SCAMP1-AS1	c1
0.625982837233828	-0.160542686016778	0.079	0.088	1	CARMIL2	c1
0.00421219766040052	-0.160530783381606	0.987	0.98	1	CORO1A	c1
0.291067924643897	0.160402592995552	0.083	0.067	1	LRIG1	c1
0.201403394415473	-0.160278581233693	0.235	0.276	1	GPAA1	c1
0.19016480739644	-0.160220827408985	0.48	0.527	1	KPNB1	c1
0.442975949953113	-0.160140165990338	0.078	0.091	1	SIK2	c1
0.726995061615181	0.160114372306305	0.277	0.28	1	RABGGTB	c1
0.787236171905546	0.160059563323972	0.056	0.061	1	TTI2	c1
0.0672784574530743	-0.160005122123506	0.159	0.208	1	CCDC32	c1
0.202667642527904	-0.159924530326888	0.186	0.223	1	NEPRO	c1
0.109465125271817	-0.159866176448656	0.289	0.341	1	NSMCE1	c1
0.24123701546279	-0.15985599839679	0.095	0.118	1	TOR2A	c1
0.247338631338296	-0.159721958844534	0.313	0.345	1	ETFB	c1
0.213903951256078	-0.159719346594956	0.245	0.279	1	STX10	c1
0.183223497351871	-0.159686943708442	0.267	0.309	1	COPS5	c1
0.301055909951079	-0.159656724010752	0.25	0.285	1	ISG20L2	c1
0.490337244674745	0.159654616669096	0.277	0.267	1	PLCG1	c1
0.834561559520526	0.159547927231409	0.335	0.348	1	EIF4A3	c1
0.0742359753628224	0.159494975558365	0.512	0.474	1	APH1A	c1
0.0492248449636634	-0.159440332567113	0.103	0.145	1	HERC2	c1
0.241201754335699	-0.159417055527789	0.102	0.126	1	ELK4	c1
0.423980204757745	-0.159342913649534	0.261	0.283	1	DPY30	c1
0.155412248221448	-0.159258662920241	0.369	0.421	1	PSMG2	c1
0.301914079590709	-0.159222114432242	0.111	0.133	1	APPBP2	c1
0.39901595370488	-0.159171093255886	0.049	0.061	1	PRAG1	c1
0.887394095201422	0.159141530769919	0.146	0.147	1	SPTLC1	c1
0.935223430820995	-0.159081240541826	0.017	0.018	1	TRBV7-7	c1
0.218814605331101	-0.159018606027451	0.361	0.402	1	FLNA	c1
0.0349273974852758	-0.159015721378589	0.755	0.761	1	ATP5MC3	c1
0.402803898755588	-0.159001127577763	0.092	0.108	1	FAHD2B	c1
0.687406105632536	-0.15898798910426	0.011	0.014	1	KCTD21	c1
0.436007906831549	-0.158894326658968	0.143	0.162	1	PIGS	c1
0.213079999783506	-0.158893131756078	0.197	0.232	1	RBM33	c1
0.222731886604982	-0.158879140316377	0.068	0.088	1	DYRK1A	c1
0.929240925881658	0.158868729742202	0.011	0.011	1	DLEC1	c1
0.727950112914125	-0.158859382830178	0.092	0.098	1	PEX19	c1
0.106044403451974	-0.158832903683841	0.165	0.209	1	EIF3J	c1
0.535397289028173	-0.158813185928531	0.019	0.024	1	TMEM106A	c1
0.623497177255034	-0.158766428014032	0.008	0.011	1	AC115618.1	c1
0.219034737472282	-0.158745745233846	0.099	0.124	1	FAM45A	c1
0.564355972036045	-0.158740807170288	0.197	0.212	1	RAF1	c1
0.806758317086603	0.158717588713893	0.095	0.103	1	RIT1	c1
0.569121524234562	0.158633126548664	0.256	0.256	1	COA3	c1
0.0896482581033072	-0.158521985075292	0.417	0.491	1	SCAMP2	c1
0.962364694439981	0.158506976543384	0.086	0.088	1	IPO9	c1
0.28181150850693	-0.158493540090497	0.1	0.121	1	DLGAP4	c1
0.535304894712486	-0.158435569887449	0.029	0.035	1	SLC18B1	c1
0.861102445117904	-0.15835905568754	0.029	0.03	1	ZNF551	c1
0.466938148090365	-0.158319403570708	0.192	0.214	1	KEAP1	c1
0.268699261423608	-0.158289532008795	0.21	0.244	1	ARID1A	c1
0.489816704309583	0.158281757724983	0.084	0.074	1	ALKBH2	c1
0.00192034512366954	-0.158239910138986	0.919	0.92	1	UQCRB	c1
0.13198249326404	-0.158061396022702	0.472	0.535	1	AP2M1	c1
0.792461787588047	0.158000550313435	0.068	0.074	1	BOLA1	c1
0.257892867947926	-0.157936923457929	0.202	0.235	1	HOXB2	c1
0.114989298401958	0.157893310266067	0.415	0.379	1	CEBPB	c1
0.109746223717576	-0.157838971063516	0.203	0.25	1	RIOK3	c1
0.662828098111326	-0.157786744320262	0.248	0.259	1	CREB1	c1
0.483885453043584	-0.157518928951447	0.032	0.039	1	PRRT3	c1
0.12680582846714	-0.157479905432641	0.494	0.542	1	PTP4A2	c1
0.37284863512567	-0.157444314411115	0.135	0.156	1	SPAG9	c1
0.425886104046405	-0.157443675626537	0.13	0.148	1	TMEM203	c1
0.543111659318442	0.157437904090544	0.178	0.168	1	HGS	c1
0.111890367750326	-0.157410317023182	0.273	0.323	1	C1D	c1
0.23886870801728	-0.157369115771446	0.153	0.182	1	HDDC3	c1
0.839958936250712	0.157298543771803	0.045	0.042	1	SIDT2	c1
0.500606000371827	-0.157273980021747	0.045	0.053	1	TSTD2	c1
0.56247407498826	-0.157226350709906	0.116	0.129	1	NUP153	c1
0.0341016283673104	-0.157204405273827	0.712	0.752	1	NDUFB11	c1
0.154580715014787	-0.157152752193618	0.191	0.233	1	PUM1	c1
0.85630034681091	0.157144817349608	0.046	0.044	1	PIK3CA	c1
0.501462879016023	-0.157113516819367	0.124	0.139	1	KIN	c1
0.197494561134879	-0.157102625629255	0.118	0.144	1	PDLIM5	c1
0.36440502469027	0.157067692744857	0.254	0.244	1	ISCA2	c1
0.739522726900444	0.157061322170636	0.141	0.138	1	ZC3H6	c1
0.0294872460472863	-0.15699791680897	0.475	0.539	1	ARHGAP30	c1
0.0818105092992103	-0.15698687608635	0.482	0.539	1	CMTM3	c1
0.921150090723475	0.156830484845464	0.016	0.017	1	ZNF724	c1
0.689136405750964	-0.156796486155172	0.289	0.297	1	TUT4	c1
0.56339179543991	-0.156737319448667	0.056	0.064	1	FBXL6	c1
0.273779941238351	-0.156693230587522	0.134	0.158	1	PSMA2	c1
0.273653328484032	-0.15667408451598	0.089	0.109	1	COQ6	c1
0.169654457585664	-0.156673775773229	0.102	0.13	1	LARP1	c1
0.149419451570829	-0.156672027281876	0.11	0.139	1	IFT27	c1
0.448411203040483	0.156660112053096	0.25	0.241	1	RPA1	c1
0.717363061226989	-0.156656185302267	0.013	0.015	1	ENO3	c1
0.39507731178796	-0.156611881953673	0.068	0.082	1	C17orf75	c1
0.821976955074039	0.156588406287873	0.149	0.15	1	RMDN3	c1
0.74522705796523	-0.15658364753891	0.242	0.252	1	PFKFB3	c1
0.214277848867669	-0.1564941421929	0.356	0.402	1	MFNG	c1
0.0641002592328387	-0.156438867714296	0.804	0.797	1	PSMB9	c1
0.426641496605954	0.15643505093686	0.315	0.314	1	SMARCE1	c1
0.177597349790567	-0.156374668071009	0.55	0.588	1	PSMB3	c1
0.118121853825521	-0.156368109941991	0.288	0.338	1	PTK2B	c1
0.121502308236239	-0.156325434335517	0.296	0.352	1	SNRPA	c1
0.112211866550461	-0.156163119191944	0.521	0.565	1	TAX1BP1	c1
0.162537521993155	-0.156145333969676	0.326	0.368	1	RAB10	c1
0.281118470658514	0.156116024482106	0.362	0.348	1	STN1	c1
0.151993258206107	-0.155987111054514	0.296	0.348	1	AHSA1	c1
0.430393882717612	-0.15598133149166	0.118	0.133	1	BTN2A1	c1
0.481251612399665	-0.155947489022032	0.105	0.12	1	RNF14	c1
0.934540738191504	0.155890091250596	0.127	0.129	1	CRNKL1	c1
0.244396954837723	-0.155790260298574	0.31	0.347	1	AKR1B1	c1
0.745921900007442	0.155775710654467	0.248	0.25	1	ERCC1	c1
0.203997580127625	-0.155711462955976	0.577	0.597	1	RNF167	c1
0.703963264346081	0.155707283779094	0.078	0.073	1	TMEM38B	c1
0.78560040042871	0.155649791286284	0.017	0.02	1	RBAK	c1
0.132087949540247	-0.155621369129892	0.232	0.277	1	CHTF8	c1
0.128078479019376	-0.155577380532741	0.323	0.377	1	ATXN2L	c1
0.791967804135466	0.155455848861578	0.059	0.064	1	DNAJC16	c1
0.117315435804874	-0.155432115728011	0.238	0.289	1	ARID4A	c1
0.297447554491584	-0.155393504869713	0.118	0.139	1	METTL16	c1
0.695733823848914	0.15539009842829	0.118	0.114	1	COG1	c1
0.748710969812886	-0.155324547745665	0.048	0.052	1	USP46	c1
0.479102634438353	0.155288484740518	0.01	0.006	1	AP003068.2	c1
0.107771482021996	-0.155262312473195	0.087	0.118	1	FBXL20	c1
0.000748782390361765	-0.155191150995392	0.963	0.965	1	ATP5MC2	c1
0.242628526016287	-0.15518933833777	0.219	0.258	1	EIF2S1	c1
0.111316331430365	-0.155116756334122	0.048	0.07	1	ZNF568	c1
0.579571409004069	0.155115726823204	0.089	0.102	1	STK19	c1
0.617038423840815	0.155107247428101	0.016	0.02	1	HIST1H2AI	c1
0.000453249011926097	0.15502986257608	0.975	0.962	1	JUNB	c1
0.731879347261069	-0.154909898956981	0.045	0.048	1	ZNF689	c1
0.0781511590620929	-0.154836901810071	0.399	0.465	1	EMC4	c1
0.22820851433507	-0.154780768085206	0.075	0.095	1	TRMT13	c1
0.481447937741127	-0.154780209884886	0.076	0.088	1	ZNF236	c1
0.558494956991219	-0.154737190639695	0.105	0.117	1	COMMD3	c1
0.0719812740956764	-0.154736017109593	0.208	0.264	1	VPS72	c1
0.351317967753951	-0.154709398761291	0.095	0.114	1	KLC2	c1
0.08574051894958	-0.154648050779625	0.397	0.467	1	ENY2	c1
0.6167973215161	0.154625605183774	0.122	0.117	1	EXOC6	c1
0.0529988558411184	-0.154597240778726	0.401	0.482	1	GPBP1	c1
0.409943895815235	-0.154467182960435	0.006	0.011	1	AC144652.1	c1
0.877905015169847	0.154400605295627	0.132	0.133	1	PAPSS1	c1
0.699200491903946	-0.154396060532838	0.054	0.059	1	CDK5R1	c1
0.461826489817765	0.15429895582596	0.218	0.209	1	AP1S2	c1
0.12749632710036	-0.15428310206906	0.281	0.335	1	APMAP	c1
0.621884150002509	0.154219851326316	0.064	0.058	1	ZNF628	c1
0.562777127724931	-0.15420815475821	0.013	0.017	1	CENPJ	c1
0.404930066636929	-0.154201700802647	0.588	0.58	1	CD27	c1
0.883089667970456	0.154200380043092	0.049	0.052	1	WRAP53	c1
0.679880201686483	0.154194424029475	0.151	0.145	1	TRMO	c1
0.9880665486408	0.154012213925244	0.192	0.203	1	ARHGAP17	c1
0.118840686749828	-0.153962370587388	0.746	0.748	1	SKAP1	c1
0.721179040096815	0.153961868484748	0.07	0.077	1	KIF3B	c1
0.222959020106971	-0.153948527024466	0.231	0.268	1	FPGS	c1
0.630115148795976	0.153941068525829	0.259	0.259	1	NFYC	c1
0.602563741260447	0.153822572981387	0.025	0.021	1	NAPB	c1
0.345840810143392	0.153764167581998	0.308	0.286	1	OTUD6B-AS1	c1
0.149781632358609	-0.153732345852776	0.278	0.324	1	UHMK1	c1
0.399412860014854	0.153666839781109	0.453	0.45	1	ARF4	c1
0.781409712245767	0.153660899381505	0.172	0.173	1	PRR5	c1
0.249957722174637	-0.153617241212394	0.143	0.168	1	MSL2	c1
0.970600026105364	0.153468124711166	0.094	0.097	1	ANAPC4	c1
0.0748636744526709	-0.153445264460593	0.285	0.339	1	TXN2	c1
0.478835481665354	-0.153415617238782	0.248	0.271	1	EFCAB14	c1
0.397419042790044	-0.153393191105481	0.148	0.168	1	NDUFS1	c1
0.280472438202323	-0.153341789673068	0.175	0.206	1	UBL3	c1
0.30607084042981	-0.153337182190243	0.059	0.074	1	LRWD1	c1
0.480390830154564	-0.153267954972563	0.054	0.064	1	RHBDD1	c1
0.773176150177145	0.153266639622568	0.108	0.105	1	AC013264.1	c1
0.00971255710911669	-0.153020980470678	0.903	0.876	1	HCST	c1
0.33607084593594	-0.15299979388352	0.056	0.07	1	GALNS	c1
0.24720791839902	-0.152999034256636	0.118	0.144	1	MRPS9	c1
0.225992253794506	-0.152925389036327	0.1	0.124	1	ZFPL1	c1
0.127034649214128	-0.152800326281762	0.215	0.258	1	DCTD	c1
0.176556281729221	-0.152709396227891	0.221	0.265	1	RAB5A	c1
0.078124405368447	-0.152686403192515	0.698	0.738	1	C4orf3	c1
0.566411490892001	0.152587504152887	0.105	0.097	1	ZBED1	c1
0.344865483928122	-0.152513135679394	0.151	0.174	1	TIMM23	c1
0.308690354403075	0.152463368934172	0.304	0.289	1	VPS35	c1
0.910912633234744	0.152366452662371	0.162	0.167	1	DENND4C	c1
0.40253808884232	-0.152253762512764	0.17	0.191	1	SEC22B	c1
0.536755898427318	-0.152103089145318	0.129	0.142	1	SLC25A25	c1
0.209854099062757	-0.152037862390908	0.083	0.105	1	C19orf48	c1
0.441901109346949	-0.151944033725968	0.048	0.058	1	UTP20	c1
0.759574336654081	0.151674747515329	0.17	0.167	1	ZFYVE28	c1
0.598767116949828	-0.151632900685005	0.079	0.088	1	BAP1	c1
0.925683754407866	-0.151623493362038	0.013	0.012	1	ENTPD7	c1
0.200787770899391	0.151405969486195	0.417	0.408	1	VPS29	c1
0.857059562949967	0.151398250633044	0.035	0.033	1	DTHD1	c1
0.640932470979813	0.151375140216562	0.045	0.039	1	CUL9	c1
0.536495367145791	-0.151369354577512	0.091	0.102	1	LINC00324	c1
0.257739752960876	-0.15135520020391	0.157	0.183	1	BCAP29	c1
0.935206796678796	-0.151353351156959	0.011	0.011	1	ACVR2B	c1
0.455622932000534	0.151239675539888	0.275	0.27	1	RNF11	c1
0.736500132253523	-0.151236636440088	0.059	0.064	1	PPP4R1	c1
0.318837830956774	-0.151152462930829	0.149	0.173	1	LRRC47	c1
0.17677754053663	-0.151118342991715	0.235	0.277	1	AKR1A1	c1
0.335674832216098	-0.151117554387588	0.14	0.162	1	ZMPSTE24	c1
0.109172878911038	0.151085952330882	0.377	0.347	1	FAM50A	c1
0.925928249121724	0.15108077557422	0.011	0.011	1	IFNLR1	c1
0.824428676681188	0.151077631026308	0.049	0.047	1	B3GLCT	c1
0.147701983884147	0.15106805353943	0.504	0.492	1	RGS14	c1
0.0234086858795772	-0.150983336969539	0.903	0.898	1	YWHAB	c1
0.0338637900432034	-0.150964218322675	0.571	0.63	1	BRD2	c1
0.474770290893723	-0.150921748820967	0.032	0.039	1	WDR24	c1
0.896992811870868	0.150908378671697	0.019	0.018	1	TRBV10-3	c1
0.328435079579979	-0.150881728396422	0.045	0.058	1	MON1A	c1
0.620507392064591	0.150687926601541	0.178	0.171	1	ILF3-DT	c1
0.0658788109513681	-0.150687863230514	0.614	0.644	1	NAP1L1	c1
0.293747949236743	-0.150632299208177	0.107	0.127	1	WDR36	c1
0.448106599392556	-0.150627910963004	0.046	0.056	1	MSANTD4	c1
0.529028246280652	-0.150621394700276	0.095	0.106	1	MPI	c1
0.649615848685156	0.150468363217131	0.21	0.206	1	STK25	c1
0.681999372663156	0.150362125774204	0.041	0.047	1	KATNAL1	c1
1	0.150329146725646	0.067	0.068	1	SLC37A3	c1
0.561326152248544	-0.150268653174843	0.013	0.017	1	MAMLD1	c1
0.197585004580968	-0.150266818925067	0.315	0.362	1	FAAP20	c1
0.650407195170521	0.15022368031283	0.019	0.023	1	HSPA6	c1
0.546500777724506	-0.150208942859769	0.083	0.092	1	KDM1A	c1
0.0218978508212867	-0.150173334591016	0.762	0.786	1	ATP5F1D	c1
0.586623526047763	-0.150132192470169	0.014	0.018	1	STBD1	c1
0.600137467197906	-0.15012128634257	0.048	0.055	1	FAM69A	c1
0.754272364547686	0.149954162500285	0.095	0.092	1	EIF2B3	c1
0.344680295958321	-0.149944979691116	0.553	0.555	1	GPI	c1
0.720271231370923	0.149931878969452	0.024	0.027	1	SLC7A4	c1
0.970921140076939	0.149863124111944	0.079	0.08	1	C2orf74	c1
0.906021590816911	0.149823332817219	0.075	0.074	1	JMJD4	c1
0.476403075945856	-0.149694751798136	0.232	0.256	1	ADAM10	c1
0.390681107129688	-0.149616044880558	0.316	0.348	1	TCIRG1	c1
0.208656848776931	-0.149612999418923	0.515	0.552	1	CD47	c1
0.980750925633323	0.149546531657312	0.032	0.032	1	RECQL5	c1
0.140265295393658	-0.149532299148265	0.294	0.344	1	PQBP1	c1
0.217162407839139	-0.149496828008059	0.175	0.208	1	RAPGEF6	c1
0.0696037497278144	-0.149375725381392	0.049	0.076	1	SLC1A4	c1
0.729281756571199	-0.149374192500588	0.089	0.095	1	ITPR3	c1
0.214079712356369	-0.149356272795428	0.221	0.259	1	MFSD14A	c1
0.697956836033074	0.14928029335961	0.122	0.118	1	PSMG3	c1
0.241500698373565	-0.1492360031738	0.072	0.091	1	RAB4B	c1
0.62286080153265	-0.149233669042028	0.008	0.011	1	AC092329.1	c1
0.518032527967943	0.149041394504417	0.025	0.032	1	BORA	c1
0.741542419162967	0.14899206559907	0.113	0.123	1	HIBADH	c1
0.377072052625382	-0.148981887574521	0.099	0.117	1	BRI3	c1
0.0816895669739798	-0.148884849480512	0.579	0.647	1	RTRAF	c1
0.38779568415784	-0.148786245096426	0.116	0.133	1	IFT57	c1
0.195422352585495	-0.148748313208169	0.161	0.194	1	ATF2	c1
0.229317650422612	-0.148697872912879	0.089	0.112	1	PECR	c1
0.166586560092145	-0.148677930696268	0.105	0.135	1	ATP6V1C1	c1
0.126898495499233	-0.1486501623032	0.921	0.908	1	SRP14	c1
0.417694347886603	-0.148617792316668	0.062	0.074	1	NCDN	c1
0.383373398224728	-0.148538969968194	0.116	0.135	1	NFIC	c1
0.339200126604816	-0.148516863458814	0.019	0.027	1	SLC27A4	c1
0.530702196292743	0.1485136745332	0.264	0.256	1	CDC73	c1
0.633069859191607	0.148482724186325	0.057	0.052	1	RP2	c1
0.317560725221914	-0.148422732911771	0.138	0.162	1	GLB1	c1
0.0891103115061172	-0.148335618391175	0.568	0.617	1	RNPS1	c1
0.167407528841085	-0.148135369513071	0.456	0.518	1	NUCKS1	c1
0.613736403442265	-0.148129457133201	0.038	0.044	1	LINC01137	c1
0.854511799215497	0.148106386311062	0.103	0.102	1	FAM114A2	c1
0.864804375964712	0.148075108452044	0.089	0.094	1	B9D2	c1
0.574873225363603	-0.14806370789273	0.032	0.038	1	FAM20B	c1
0.567387089056594	0.148054878874233	0.146	0.139	1	GPR155	c1
0.0833117423736769	-0.148040546659556	0.254	0.314	1	RBM23	c1
0.910642426634013	0.147925368172662	0.016	0.015	1	ZNF304	c1
0.293688425614585	0.147892357263341	0.25	0.236	1	ENOPH1	c1
0.143839450307036	-0.14788397456351	0.259	0.305	1	GPR171	c1
0.0422460760023454	-0.147793535680287	0.504	0.576	1	SLC38A1	c1
0.554455687004024	0.147685560749734	0.242	0.244	1	CFAP97	c1
0.385109606993433	0.147677348658337	0.294	0.283	1	FLII	c1
0.250350366301403	-0.147614478095378	0.094	0.117	1	WDR59	c1
0.839705964567721	0.147596693301605	0.218	0.238	1	CHMP2B	c1
0.415565260223085	-0.147587219346649	0.299	0.329	1	ASH1L	c1
0.467667278364691	0.14748559468886	0.21	0.198	1	MTHFS	c1
0.196971862215388	-0.147456951762753	0.067	0.086	1	MTFMT	c1
0.0187479930080163	-0.147054353300017	0.293	0.37	1	RILPL2	c1
0.744641761611359	0.146951897385246	0.081	0.077	1	PDE4A	c1
0.536602458268206	-0.146942903226407	0.029	0.035	1	LYSMD4	c1
0.0204266391143587	0.146916492855846	0.866	0.833	1	NCL	c1
0.163147112189825	-0.14689833563142	0.262	0.311	1	USP14	c1
0.178072940108047	-0.146884028146932	0.191	0.229	1	RCC1	c1
0.160663789410784	-0.146771102022774	0.164	0.2	1	FMC1	c1
0.895214790582943	0.146676541659124	0.1	0.106	1	OGG1	c1
0.154491010447743	-0.146643764632103	0.064	0.086	1	CMTR1	c1
0.149023142682474	-0.146542618374706	0.211	0.255	1	RNF113A	c1
0.563659429289908	0.146510235726042	0.297	0.297	1	RPAIN	c1
0.479099047185386	-0.146428581103027	0.032	0.039	1	ARHGEF18	c1
0.453913739806882	0.146423143516714	0.205	0.195	1	UVRAG	c1
0.100661126649005	-0.146356779350691	0.297	0.35	1	BAG6	c1
0.654884282613255	-0.146327057030462	0.076	0.083	1	ZNF350	c1
0.680322914147802	0.146316592527947	0.223	0.224	1	DPM3	c1
0.235364070806166	-0.146254070985428	0.181	0.214	1	NSRP1	c1
0.741284034600822	0.146146775159644	0.097	0.106	1	STX7	c1
0.65999531787701	-0.146144032828439	0.215	0.226	1	FAM208A	c1
0.506023071970899	-0.146139852655654	0.467	0.494	1	JPT1	c1
0.265067102645377	-0.146128515772734	0.229	0.261	1	DHX9	c1
0.769870904180088	-0.146113248162981	0.092	0.097	1	ZNF397	c1
0.239855057053382	-0.146100657639392	0.272	0.309	1	FYTTD1	c1
0.0749089375056409	-0.145985553279392	0.825	0.865	1	EIF3L	c1
0.845867368445479	-0.145968158422437	0.025	0.027	1	DDX28	c1
0.239169822517708	-0.145951290920845	0.132	0.159	1	MSH3	c1
0.115270105496627	-0.145801666837013	0.18	0.224	1	TRPC4AP	c1
0.308076736931649	-0.145797512851835	0.138	0.161	1	SERPINB6	c1
0.768793814842622	0.14576323410065	0.062	0.059	1	EPG5	c1
0.113530520967888	-0.145751331878393	0.116	0.153	1	CINP	c1
0.0106978137794011	0.145669643819766	0.878	0.835	1	UQCR11	c1
0.911685237319349	0.145613008723096	0.165	0.17	1	FAM136A	c1
0.922234201163719	0.145537984463163	0.016	0.017	1	CDKL5	c1
0.984273038432723	0.14549101388554	0.157	0.162	1	AGPAT2	c1
0.22632451279341	-0.14543424872124	0.159	0.189	1	IMPDH1	c1
0.331415019619391	-0.145429563640529	0.493	0.527	1	SF3A1	c1
0.250830204906142	-0.145385419123593	0.121	0.147	1	USP42	c1
0.24949160160435	-0.145378986427072	0.081	0.102	1	MTERF3	c1
0.804521075813352	-0.145281201860771	0.021	0.023	1	CARD6	c1
0.700364426592547	0.145255165338662	0.07	0.065	1	APOBEC3F	c1
0.000255797022077335	0.145027587909825	0.989	0.977	1	UBC	c1
0.20179222784529	-0.14502391496348	0.342	0.389	1	SARS	c1
0.189509020126026	-0.144974661639141	0.316	0.359	1	SYS1	c1
0.713043072937633	-0.144912922750837	0.102	0.109	1	NAT9	c1
0.359658680532141	-0.144817264461877	0.051	0.064	1	ANKMY2	c1
0.547389956079831	0.144712902619576	0.046	0.039	1	CAD	c1
0.565684497182884	-0.144692669198904	0.013	0.017	1	KCTD11	c1
0.16859205617348	-0.144685878037399	0.052	0.073	1	TOM1L2	c1
0.191536329653024	-0.144674986552465	0.393	0.442	1	SF3B4	c1
0.911065517733446	0.144561541849596	0.18	0.183	1	AKAP17A	c1
0.708512189716973	-0.144527771673354	0.037	0.041	1	GDF11	c1
0.502346569191369	-0.14452060219218	0.291	0.312	1	EIF5B	c1
0.0474195984102471	-0.144490053391907	0.245	0.306	1	FOXN3	c1
0.155199870141613	0.14447096918444	0.253	0.223	1	ZNF146	c1
0.892735638294113	0.144403323744732	0.013	0.014	1	CPNE8	c1
0.798679167834577	-0.144304465056095	0.037	0.039	1	NUBPL	c1
0.20111336405432	-0.144274238922728	0.261	0.302	1	SETX	c1
0.400910798706989	-0.144224326178496	0.04	0.05	1	RAD18	c1
0.24287921009374	-0.14419253880559	0.382	0.426	1	KIF5B	c1
0.194912329869879	-0.144145133896225	0.25	0.291	1	BUD23	c1
0.107083355156521	-0.144096043020517	0.272	0.329	1	RNF5	c1
0.639878229370063	-0.143846336381439	0.529	0.527	1	THEMIS	c1
0.926941873907475	-0.143838405895219	0.014	0.014	1	ZNF175	c1
0.588974863536987	-0.143824864862553	0.014	0.018	1	IRAK1BP1	c1
0.46520516682634	-0.14381067162183	0.119	0.136	1	RRM1	c1
0.248593317298808	-0.143767219370158	0.064	0.082	1	HOXB4	c1
0.247813115341407	-0.143689468060482	0.238	0.274	1	BAG1	c1
0.104231834125216	-0.143655097002063	0.372	0.433	1	H2AFY	c1
0.309450661425638	-0.143592200202755	0.391	0.427	1	RBBP4	c1
0.242911130344144	-0.14355030011479	0.073	0.092	1	MAD2L1	c1
0.239476997227145	-0.143362517923767	0.315	0.356	1	RNF44	c1
0.73992924743244	0.143261713190578	0.048	0.044	1	ZW10	c1
0.630780354413709	-0.143261022965613	0.029	0.033	1	SFT2D3	c1
0.0433543166586228	0.143244041190645	0.754	0.715	1	MORF4L1	c1
0.636545368868964	-0.143243612447432	0.057	0.064	1	ZNF526	c1
0.194881499567794	-0.143194701011634	0.162	0.197	1	UBALD2	c1
0.404563185831671	-0.143176628302308	0.041	0.052	1	TRIT1	c1
0.179698559206413	-0.143137386661231	0.455	0.497	1	MRPL20	c1
0.122708776837141	-0.143137277256823	0.153	0.191	1	ICE2	c1
0.274669951414438	-0.143079898427822	0.122	0.145	1	LPGAT1	c1
0.614435996947572	0.143055848097438	0.216	0.208	1	CMC1	c1
0.730752351692919	-0.143054597638786	0.189	0.195	1	POLR1E	c1
0.644705753736455	-0.143053428886781	0.043	0.048	1	ANGEL1	c1
0.700075330680287	0.143023356372667	0.01	0.008	1	IL1R1	c1
0.146834120085406	-0.14298342367071	0.413	0.468	1	PET100	c1
0.666978862735779	0.142959733788618	0.056	0.062	1	TENT4B	c1
0.917724235638073	0.142808511570905	0.07	0.073	1	NAA80	c1
0.379998591232235	-0.14278106223712	0.056	0.068	1	CPT2	c1
0.511535341484673	-0.142747093279699	0.108	0.121	1	PCYT2	c1
0.133437352975817	-0.142730094787467	0.243	0.292	1	NUDCD2	c1
0.38339455743244	-0.14271019765257	0.016	0.023	1	LRRC37B	c1
0.214453783494724	-0.142675397362304	0.114	0.141	1	ING3	c1
0.122495030320491	-0.142617082560002	0.049	0.071	1	SLC35A2	c1
0.244757921735904	-0.142540335874585	0.482	0.529	1	FGFR1OP2	c1
0.0737382371320329	-0.1423560366944	0.107	0.144	1	NDUFA7	c1
0.498495323261322	-0.142284499190985	0.564	0.582	1	CCT4	c1
0.32334473536151	-0.142215747433736	0.258	0.291	1	RNF115	c1
0.753576186128972	-0.142185701761449	0.016	0.018	1	RAB3D	c1
0.899278438355465	-0.142114022311508	0.014	0.015	1	AL645728.1	c1
0.442934114220443	-0.142068557199932	0.048	0.058	1	AP1AR	c1
0.722909632863847	0.142061876274543	0.068	0.064	1	SH2B3	c1
0.379241282823483	-0.141880247201978	0.316	0.347	1	LMBRD1	c1
0.92741135937302	0.141869913908289	0.159	0.162	1	ZNF830	c1
0.70251402629583	-0.141733347368753	0.221	0.235	1	ME2	c1
0.712850173647493	0.141716956649842	0.035	0.039	1	ZNF234	c1
0.0212606556054638	0.141623270172543	0.021	0.006	1	TPM2	c1
0.942925000444396	0.141569091353905	0.038	0.039	1	TTPAL	c1
0.159233757887294	-0.141564215351612	0.135	0.168	1	TBC1D17	c1
0.803272492637188	0.141545894217532	0.105	0.103	1	SNAI3	c1
0.35644546967649	-0.141533227080658	0.081	0.097	1	POMGNT1	c1
0.014792463646203	0.141446386180502	0.825	0.811	1	EIF4A2	c1
0.258903541557578	-0.141381946815959	0.122	0.147	1	ZMAT3	c1
0.524612923585548	-0.141205078075009	0.459	0.477	1	NOL7	c1
0.379466056483387	0.14120047562263	0.213	0.198	1	NBL1	c1
0.368336815332614	-0.14119365504415	0.01	0.015	1	CENPW	c1
0.45678702523468	-0.141184150733789	0.24	0.267	1	PDHB	c1
0.86772677187785	-0.141134922523598	0.064	0.067	1	HERC3	c1
0.84867982467662	0.141111607183438	0.04	0.042	1	FIG4	c1
0.354792412423776	0.141061969637346	0.087	0.073	1	ADARB1	c1
0.579354939178068	-0.140945071455878	0.033	0.039	1	RNF103	c1
0.188497091804735	-0.140807419974787	0.181	0.215	1	ANAPC15	c1
0.130834822833283	-0.140806393265624	0.118	0.152	1	WASHC2A	c1
0.745806087852649	0.140714494458893	0.027	0.024	1	DCLRE1B	c1
0.0641328909483918	-0.140703383407643	0.237	0.295	1	NRDC	c1
0.640179673870907	-0.140696491006693	0.04	0.045	1	PXMP2	c1
0.58879430363581	-0.140654108100837	0.087	0.097	1	TTC32	c1
0.117867760996123	0.140639843011931	0.498	0.471	1	SNRPF	c1
0.91762651356312	0.140606164698569	0.013	0.012	1	SH3BP5-AS1	c1
0.349846821631982	-0.140382363285756	0.17	0.195	1	MRPS11	c1
0.000607979618870508	-0.140237255485131	0.981	0.985	1	NPM1	c1
0.374950731158571	-0.140071408188849	0.148	0.168	1	CHERP	c1
0.192626934446312	-0.140062019379661	0.464	0.514	1	RAB5C	c1
0.303856431960536	-0.140043049504321	0.572	0.6	1	OTUB1	c1
0.258649305198388	-0.140039430124477	0.232	0.265	1	PRRC2A	c1
0.11918149675983	-0.140023450053968	0.261	0.317	1	ARL5A	c1
0.41692956881205	-0.140004166627843	0.092	0.108	1	C6orf226	c1
0.507991845703812	-0.139973859838241	0.134	0.148	1	C7orf26	c1
0.146936050375516	-0.139958142271436	0.146	0.183	1	MKL1	c1
0.933896190411527	0.139953692609879	0.102	0.106	1	GBA	c1
0.92425738817302	0.139935848647285	0.143	0.147	1	ABCF3	c1
0.120661006438629	-0.139838879888371	0.289	0.339	1	CCDC115	c1
0.369111027049028	-0.139805402027078	0.245	0.276	1	GPS1	c1
0.302069945554208	-0.139783319510121	0.192	0.22	1	QARS	c1
1.42179294634559e-05	0.139778669946294	0.995	0.995	0.18830225781401	RPL41	c1
0.397819501249585	0.139723770780647	0.269	0.252	1	EHD1	c1
0.650113592878013	-0.139549551466619	0.677	0.682	1	CCND3	c1
0.659455999678314	-0.139537998640709	0.01	0.012	1	C20orf96	c1
0.392109962238109	-0.139493814727938	0.094	0.111	1	TMEM181	c1
0.11726966778556	-0.139454289489674	0.091	0.121	1	SNTB1	c1
0.118311528868184	-0.139382536890772	0.229	0.28	1	AASDHPPT	c1
0.13510731529339	-0.139278617398461	0.199	0.241	1	PPP2R5A	c1
0.605534736762071	-0.139226407771868	0.049	0.056	1	ZNF671	c1
0.935806355411823	-0.139189935464581	0.01	0.009	1	DNAJC25-GNG10	c1
0.340413301767693	-0.139176164510132	0.396	0.432	1	MIER1	c1
0.685573923213026	-0.139141879404449	0.172	0.183	1	TMEM87B	c1
0.583038034811074	0.139080751436908	0.099	0.089	1	CROCC	c1
0.420411735308537	0.139074424243604	0.06	0.05	1	LINC00920	c1
0.537350788352921	-0.139000154877681	0.019	0.024	1	BMF	c1
0.343301512699643	-0.138976257801704	0.116	0.136	1	C11orf49	c1
0.935940408980431	0.138957334109932	0.102	0.103	1	PATL1	c1
0.302282813779151	-0.138896685283598	0.432	0.47	1	IMP3	c1
0.150611298679893	-0.138888672850472	0.226	0.268	1	LTA4H	c1
0.522433602651295	-0.138847505549828	0.577	0.588	1	NDUFV2	c1
0.521144613458492	0.138801899895507	0.291	0.289	1	THUMPD1	c1
0.803629671014459	-0.138774901248415	0.576	0.574	1	NDFIP1	c1
0.216295896788111	-0.138691808157047	0.332	0.376	1	PPP6C	c1
0.613366028314085	-0.138658671796784	0.016	0.02	1	ZNF23	c1
0.132413507410155	-0.138452548573966	0.86	0.858	1	C12orf57	c1
0.0740852888302965	-0.138242076825795	0.83	0.808	1	LCP2	c1
0.158223290403648	-0.138131112122436	0.35	0.4	1	STXBP2	c1
0.139001436728805	-0.138106846549597	0.266	0.315	1	EMC7	c1
0.185390840074449	-0.138022866106017	0.086	0.111	1	MAPK6	c1
0.996464124324825	0.137999839881084	0.032	0.032	1	PARD6B	c1
0.210199442542861	0.137718144267499	0.475	0.462	1	NDUFA6	c1
0.101015991988701	0.13769400524904	0.739	0.705	1	RBM3	c1
0.363528109653929	-0.137590689216266	0.512	0.536	1	CAPZA1	c1
0.732298539596487	0.137539696492465	0.016	0.014	1	AC005520.2	c1
0.426735739255588	-0.137526558420862	0.105	0.121	1	VWA8	c1
0.901888585480727	-0.137509327229438	0.038	0.039	1	CPEB2	c1
0.832812183550863	0.137419721295835	0.043	0.041	1	ZNF337	c1
0.190885175717094	-0.137313285445775	0.262	0.305	1	MCRIP1	c1
0.311281996854962	-0.137268903252422	0.054	0.068	1	LCLAT1	c1
0.0948011841238583	-0.137254585455147	0.598	0.638	1	RHOF	c1
0.788631962832033	-0.137249216553303	0.033	0.036	1	FAM221A	c1
0.290408706425996	-0.137247636735102	0.084	0.103	1	PEX26	c1
0.434198726246347	0.137190598532706	0.017	0.012	1	PRDM8	c1
0.595933915896995	0.137158958098071	0.588	0.612	1	RPS27L	c1
0.329818078972884	0.137149818220504	0.552	0.552	1	SDCBP	c1
0.339439897719094	-0.137110089511587	0.057	0.071	1	PPAT	c1
0.249910129686865	-0.137053001197036	0.38	0.418	1	NDUFB3	c1
0.174071023390735	0.136990896719141	0.393	0.374	1	CYTH1	c1
0.661268159203653	0.136985335303323	0.01	0.012	1	PBLD	c1
0.38849996839669	0.136980591440442	0.17	0.202	1	SH2D3C	c1
0.31877081412796	-0.136906096424815	0.114	0.136	1	AGL	c1
0.662477370151854	0.136808415127792	0.01	0.012	1	NAGLU	c1
0.957889244936568	0.13670553750149	0.021	0.021	1	H2AFY2	c1
0.491915365891824	0.136619849111729	0.21	0.198	1	ECHDC2	c1
0.996411879031007	0.136591308231466	0.186	0.191	1	DHX29	c1
0.246968041263325	-0.136584372443997	0.159	0.186	1	RPRD2	c1
0.246255495152288	-0.136550765888902	0.07	0.089	1	EIF2AK4	c1
0.210143023907194	-0.136543793494121	0.258	0.295	1	HDLBP	c1
0.00750981297783652	-0.136515671912943	1	1	1	TMSB4X	c1
0.394631718866956	-0.136437869024843	0.178	0.203	1	TRIM38	c1
0.900602438773411	0.136379881582821	0.146	0.148	1	TP53TG1	c1
0.624954884002431	0.136361942385741	0.078	0.088	1	GPR137	c1
0.275161913891195	0.136349778546828	0.326	0.315	1	MANF	c1
0.27908375673074	-0.136258527728723	0.251	0.286	1	TACC1	c1
0.278121777397704	-0.136208507651653	0.119	0.142	1	ERI3	c1
0.406232146090141	0.136162698294778	0.245	0.232	1	RNF13	c1
0.54025490074889	-0.136137909497847	0.013	0.009	1	AC024257.3	c1
0.830675372328628	0.136070995596657	0.161	0.173	1	TARS	c1
0.62385935225874	-0.136050935142477	0.038	0.044	1	IFT88	c1
0.426578449039213	-0.13588806605813	0.229	0.256	1	CISD2	c1
0.605151890787001	0.135887525269532	0.052	0.061	1	RAB3A	c1
0.11104919836568	-0.135863625272035	0.075	0.103	1	SETDB1	c1
0.861017178755366	0.135816241790229	0.114	0.114	1	FHOD1	c1
0.428330535529882	-0.135641893005549	0.477	0.52	1	SRSF9	c1
0.465499000378384	-0.135635744612181	0.246	0.273	1	CNOT4	c1
0.223669954858444	-0.135634693931264	0.383	0.429	1	CMTM6	c1
0.352117148468644	-0.135595054937981	0.1	0.118	1	AKAP8	c1
0.889142960217127	-0.135568148752459	0.013	0.014	1	HYAL3	c1
0.253040243073354	-0.135475345952146	0.078	0.098	1	ZFYVE21	c1
0.732428309464536	0.135422636524788	0.323	0.333	1	PDCL3	c1
0.536568959042816	-0.135321472690182	0.019	0.024	1	ZNF782	c1
0.614329230659588	-0.135273412922742	0.162	0.174	1	YWHAG	c1
0.0579249883676474	0.135271651946806	0.746	0.702	1	FKBP8	c1
0.690429449261707	0.135226210392458	0.215	0.212	1	NT5C3A	c1
0.046177957390436	-0.135160274861644	0.811	0.845	1	COX6B1	c1
0.181708108876004	-0.135137339019239	0.223	0.262	1	TRIM44	c1
0.754511834468046	-0.13511947915311	0.019	0.017	1	ZNF319	c1
0.465651370320328	0.135078373896583	0.056	0.047	1	ZNF765	c1
0.539324561726436	-0.135010137101872	0.049	0.058	1	UBXN2B	c1
0.748143812981917	0.13496532714999	0.124	0.12	1	PCNA	c1
0.522302973215964	-0.134913152026906	0.141	0.158	1	NAA15	c1
0.295561431991992	-0.134786811804282	0.091	0.111	1	TSPAN17	c1
0.585214815047844	-0.134731292745481	0.014	0.018	1	ELMO3	c1
0.380573228041516	-0.134699897086102	0.065	0.079	1	NAGA	c1
0.944713795300034	0.13468640793825	0.135	0.138	1	GALK1	c1
0.370600277390825	-0.134684671170039	0.045	0.056	1	KLHL2	c1
0.347851634333296	-0.134663477661509	0.496	0.524	1	HSPB1	c1
0.256209620287974	-0.134611840658236	0.024	0.035	1	SNHG21	c1
0.128208163843269	-0.134503427880637	0.37	0.438	1	MPC2	c1
0.241555963824773	0.134494911006178	0.083	0.065	1	KCNK6	c1
0.152896407174337	-0.134491309592293	0.51	0.559	1	PRKAR1A	c1
0.990930597704413	0.134460225503922	0.059	0.059	1	RUFY2	c1
0.318134907500005	-0.134423343807169	0.107	0.126	1	RALGAPB	c1
0.73768108702499	0.134331621256488	0.037	0.041	1	TMEM104	c1
0.506705146595056	-0.134247946138234	0.025	0.032	1	TPRG1L	c1
0.531339205899639	-0.13420584667277	0.037	0.044	1	GTF2E1	c1
0.357802048593751	-0.134198667096008	0.06	0.074	1	GTF3C3	c1
0.234503577278564	-0.134159744233191	0.162	0.195	1	RFXANK	c1
0.188924701282055	-0.134155680084135	0.064	0.085	1	FASTKD1	c1
0.393978826443349	-0.134146265643517	0.409	0.444	1	EPB41	c1
0.406768883405634	-0.134106002446743	0.097	0.114	1	ETFDH	c1
0.141215208857942	-0.133899849108736	0.159	0.197	1	ACLY	c1
0.733036372459948	-0.133898140942383	0.167	0.174	1	MX1	c1
0.390760659983478	-0.133837248749599	0.334	0.356	1	TSPYL2	c1
0.558831597622365	0.133771622207985	0.076	0.088	1	TRIM52	c1
0.442900027412278	0.13375833257382	0.019	0.014	1	TRAV30	c1
0.368623192240571	0.133727897963883	0.299	0.282	1	TMEM50B	c1
0.495156047548577	0.133703826611282	0.242	0.235	1	PPIE	c1
0.838785650237216	-0.133569968291882	0.078	0.076	1	OAS1	c1
0.151262152051002	-0.133479704959104	0.328	0.389	1	PMPCB	c1
0.480725804957271	-0.133478655253374	0.079	0.091	1	ARMCX5	c1
0.246579310625465	0.133302522044579	0.423	0.412	1	COPS6	c1
0.243168701043832	-0.133293688507419	0.339	0.385	1	LAPTM4A	c1
0.598379461485961	0.13324741268906	0.232	0.227	1	MARCH6	c1
0.643149952805534	-0.133211502885102	0.056	0.062	1	TCAF2	c1
0.292830619191706	-0.133111356957572	0.041	0.055	1	TRBV28	c1
0.931584561498745	0.133070707595698	0.064	0.065	1	CLN8	c1
0.0965263084401976	-0.133042537298966	0.126	0.164	1	ZZEF1	c1
0.802344449387808	-0.133017567391192	0.072	0.076	1	PARG	c1
0.59720640176257	-0.13298272770516	0.102	0.112	1	COG3	c1
0.00557750659268157	-0.132981059153694	0.97	0.95	1	ATP5MG	c1
0.300097734633124	-0.13280271235359	0.135	0.159	1	HIC1	c1
0.846078840507559	0.132639432089134	0.102	0.102	1	NFKBIL1	c1
0.311579108822613	-0.132619050786923	0.18	0.202	1	NMT1	c1
0.371792500466289	-0.132613848596483	0.107	0.124	1	SOS1	c1
0.545952464156708	-0.132594411074014	0.175	0.191	1	FGD5-AS1	c1
0.12665726939122	0.132582563136862	0.509	0.474	1	RGS19	c1
0.563288901041647	-0.132576978638033	0.119	0.13	1	RUVBL1	c1
0.465223220716695	-0.132520707573415	0.014	0.02	1	SLC29A2	c1
0.125422343948797	-0.132513391410304	0.17	0.214	1	CCDC57	c1
0.867612639837035	0.132409297084116	0.033	0.032	1	SLC16A13	c1
0.499491959672562	-0.132288619574593	0.307	0.326	1	CMC2	c1
0.00109866052257214	0.132274511366322	0.995	0.98	1	MT-ND1	c1
0.965762391690619	0.132197248904911	0.038	0.038	1	ZCCHC4	c1
0.783048993572991	0.132162695431024	0.205	0.205	1	TRIM4	c1
0.557906157450079	-0.132120191448366	0.075	0.085	1	APH1B	c1
0.169973843984665	-0.132116488121609	0.181	0.221	1	FRG1	c1
0.15370311633455	-0.132089600937228	0.132	0.165	1	C1orf174	c1
0.6645134589355	0.131990186836112	0.041	0.047	1	MAPK9	c1
0.168491717972997	-0.131985783291906	0.162	0.197	1	HDAC3	c1
0.0435278679075208	0.131968168466978	0.32	0.267	1	RASGRP2	c1
0.497044682395415	-0.13196148239129	0.137	0.152	1	ZNF143	c1
0.228620416685139	-0.131846007483161	0.121	0.147	1	POLK	c1
0.534980751103244	-0.131843977051012	0.029	0.035	1	MVK	c1
0.301339281109193	0.131810042753876	0.235	0.218	1	SLFN12L	c1
0.480188221773568	-0.131785567826477	0.083	0.095	1	RPTOR	c1
0.0216644326788893	0.131749436935956	0.711	0.656	1	DDX24	c1
0.355694750486649	-0.131728888605271	0.248	0.279	1	YIPF4	c1
0.39795706189592	-0.131702386878427	0.06	0.073	1	NAXD	c1
0.77323974502818	0.131666987733903	0.127	0.124	1	PELP1	c1
0.153611395470716	-0.131588022210146	0.213	0.258	1	EXOSC1	c1
0.148759640041081	-0.131399977046083	0.235	0.279	1	DUSP11	c1
0.926402055769938	-0.131395517876387	0.017	0.018	1	CCNB1	c1
0.00521986251776546	0.131387856137171	0.952	0.915	1	MYL12B	c1
0.725932207708529	0.131360655947966	0.013	0.011	1	TRBV5-5	c1
0.0488926932485624	-0.131261754438709	0.091	0.13	1	CSNK1G2	c1
0.369596105403323	0.131195723429311	0.312	0.303	1	SMIM37	c1
0.0629853858173899	-0.131098335652789	0.606	0.653	1	PAIP2	c1
0.643319807868032	0.131012877588953	0.054	0.048	1	ZNF180	c1
0.208175634303269	-0.130761887084719	0.246	0.289	1	MTIF3	c1
0.912449713957356	0.130713637650914	0.052	0.055	1	GRPEL2	c1
0.193747131323494	-0.130639695096983	0.205	0.244	1	ARL16	c1
0.284731246163164	0.130610770491094	0.347	0.33	1	DARS	c1
0.585322774576702	-0.130605467502602	0.169	0.182	1	ZNF267	c1
0.729824053464073	0.13059197346503	0.313	0.318	1	VPS4B	c1
0.20921513954856	-0.130590096331359	0.165	0.2	1	NPRL2	c1
0.449573967645129	-0.130572248395444	0.059	0.07	1	RREB1	c1
0.271900223639504	-0.13054088995358	0.065	0.083	1	VPS52	c1
0.322314786515685	-0.130531066790951	0.13	0.153	1	PDCL	c1
0.120259840244668	-0.130433809823226	0.545	0.606	1	PAK2	c1
0.763875589374936	-0.130261406671366	0.103	0.109	1	TMEM161A	c1
0.359220206826639	-0.130259867248128	0.07	0.085	1	SMC2	c1
0.735827440183418	-0.130256108767039	0.014	0.017	1	STX18-AS1	c1
0.665737053292021	-0.130239472972305	0.169	0.182	1	ECD	c1
0.609399638265975	0.130156126175883	0.226	0.22	1	ADK	c1
0.0491048906598736	-0.130081752922768	0.828	0.844	1	UBE2D3	c1
0.699282311857631	-0.129946937919311	0.24	0.23	1	CD320	c1
0.084145020347598	-0.129945930515516	0.151	0.192	1	LATS1	c1
0.0453827451341824	-0.129890660819277	0.62	0.682	1	KMT2E	c1
0.794220788809443	-0.129835044898003	0.394	0.408	1	SMAP2	c1
0.542280027213939	-0.129809798633087	0.076	0.086	1	SNX27	c1
0.5495205148212	0.129806736099666	0.054	0.047	1	AARS2	c1
0.441583537133753	-0.129742338212546	0.037	0.045	1	A1BG-AS1	c1
0.512141940651697	-0.129636898381212	0.045	0.053	1	NECAB3	c1
0.635921726266072	-0.129621424113969	0.111	0.121	1	CUL3	c1
0.245665323217028	-0.129459984526771	0.417	0.447	1	NDUFA2	c1
0.0699115056210957	0.12944567141475	0.623	0.62	1	EML4	c1
0.77060511928569	0.129389079346894	0.029	0.032	1	POP1	c1
0.212230986271793	-0.129362008831832	0.372	0.406	1	MT2A	c1
0.129837503174408	-0.129342821088342	0.081	0.108	1	ATG14	c1
0.148984218407312	-0.129335785380221	0.111	0.142	1	KAT5	c1
0.906376990462321	0.129314110308649	0.068	0.068	1	ELMOD2	c1
0.227373612752486	0.129307131907193	0.03	0.02	1	CEACAM1	c1
0.448622135395836	-0.129276537236632	0.418	0.447	1	RSRC2	c1
0.0955949611837539	0.129214394290337	0.326	0.288	1	ADAM8	c1
0.462146896984911	-0.129161571815768	0.369	0.398	1	RNF139	c1
0.26442262996982	-0.129133394950446	0.232	0.267	1	THAP7	c1
0.572701014000831	0.129098388684844	0.067	0.059	1	P2RX5	c1
0.145268823861223	0.129071220411644	0.769	0.732	1	RAP1B	c1
0.168325808911935	-0.129042639691607	0.124	0.156	1	CRYZL1	c1
0.721470629718862	0.12897752804526	0.18	0.177	1	QTRT1	c1
0.347235420955793	-0.128864468620835	0.246	0.277	1	VPS4A	c1
0.187508435236883	-0.128751464461477	0.165	0.2	1	UTP23	c1
0.311368886577338	-0.128714520225294	0.161	0.186	1	ITFG2	c1
0.962454098790834	0.128630028339708	0.035	0.035	1	PLCB3	c1
0.54523472148933	0.128531066913305	0.31	0.314	1	INTS11	c1
0.127507539105477	-0.128486154711474	0.644	0.694	1	C11orf58	c1
0.141007238053175	-0.12835833733557	0.124	0.159	1	MAP3K2	c1
0.337703586121396	-0.128330492218425	0.216	0.248	1	HARS	c1
0.492672746475929	0.128313447445579	0.388	0.394	1	KDELR2	c1
0.25287825792324	0.128308013331164	0.437	0.427	1	PDLIM2	c1
0.210088943775694	-0.128274592620664	0.041	0.058	1	NAP1L5	c1
0.241758719622001	-0.128246161075796	0.2	0.236	1	VMA21	c1
0.867217814988174	0.128239498095302	0.062	0.065	1	LACTB	c1
0.347245513541562	-0.12823513693004	0.148	0.173	1	INTS6	c1
0.484986361306124	-0.128234674299874	0.211	0.232	1	OSTM1	c1
0.11420566370585	-0.128194780397937	0.075	0.103	1	MAPKAPK2	c1
0.610542819248055	-0.128194714827241	0.221	0.236	1	PIGT	c1
0.312210643110664	0.12818582911736	0.045	0.033	1	AC044849.1	c1
0.0594000596598625	-0.128135497846367	1	0.998	1	PFN1	c1
0.422074379885237	-0.12806511009854	0.043	0.053	1	NEK4	c1
0.962019899773826	0.128057100157446	0.084	0.085	1	FAM160A2	c1
0.970445224805893	-0.128038237627582	0.038	0.038	1	ANKRD40	c1
0.478254213819548	-0.128035435964659	0.66	0.668	1	HNRNPU	c1
0.347995259410986	-0.127941452988889	0.196	0.223	1	PPP2R5E	c1
0.0369499918477934	-0.127919837468568	0.359	0.444	1	TMEM160	c1
0.0852702526516854	-0.127848850163273	0.21	0.264	1	PHC3	c1
0.51025464926881	-0.127697387876516	0.035	0.042	1	CDKL1	c1
0.0669121086688294	-0.127688792276271	0.289	0.356	1	PPP1R7	c1
0.123219844675044	-0.127681934682578	0.692	0.744	1	ANXA11	c1
0.795577392984651	0.127549654607526	0.138	0.138	1	ELK1	c1
0.50622852374795	-0.127454627067066	0.045	0.053	1	METAP1D	c1
0.475149212062922	-0.127436460223955	0.393	0.411	1	GGNBP2	c1
0.10384128881543	-0.127435477641472	0.288	0.345	1	UBTF	c1
0.205011443237341	-0.127405608934661	0.075	0.097	1	ELF4	c1
0.68179559893532	0.127384124197725	0.161	0.171	1	GLA	c1
0.862695210953078	-0.12736195450304	0.04	0.038	1	ASAH2B	c1
0.867458340024487	0.127331357627185	0.184	0.197	1	GLRX5	c1
0.00188105352999027	-0.127259402220504	0.973	0.967	1	H3F3A	c1
0.678305236766972	-0.12717162224845	0.033	0.038	1	CRTC1	c1
0.288489129315618	-0.127126906649979	0.006	0.012	1	LINC00910	c1
0.653015599290152	0.127052923362114	0.126	0.139	1	TMEM9	c1
0.852633785877455	0.127021500190667	0.196	0.214	1	PFKP	c1
0.433322785256622	-0.126981954882829	0.148	0.167	1	DPM2	c1
0.614991580600464	0.126941761922071	0.183	0.176	1	AK6	c1
0.297078856081661	-0.126898544502358	0.463	0.508	1	HNRNPR	c1
0.799765062408606	0.126891610419864	0.273	0.283	1	PKN1	c1
0.582739880419801	0.126878313815918	0.146	0.139	1	TBC1D14	c1
0.388830644347316	-0.126807516213509	0.103	0.121	1	ZNF326	c1
0.212471901229244	-0.126800023795519	0.739	0.77	1	MYH9	c1
0.405708226635643	-0.126772831501979	0.051	0.062	1	SLC16A1	c1
0.709675556320367	0.126727642416653	0.374	0.385	1	PTDSS1	c1
0.323429620923118	0.126656198708193	0.21	0.192	1	MED21	c1
0.373757761574133	-0.1266242908767	0.062	0.076	1	MEPCE	c1
0.541310883404653	0.126587309626702	0.105	0.095	1	ARFIP1	c1
0.256329075253247	-0.126575567055495	0.245	0.283	1	PCMTD1	c1
0.293973938650259	-0.126494107603065	0.073	0.091	1	PRIM2	c1
0.731758936948029	0.126460942937014	0.016	0.014	1	KSR1	c1
0.312446278318174	-0.126451889397099	0.068	0.085	1	MEN1	c1
0.170415115696947	-0.126450573778209	0.095	0.123	1	RABEPK	c1
0.845697012418569	-0.126438613219692	0.01	0.011	1	SND1-IT1	c1
0.363738145094045	-0.126421078017317	0.103	0.121	1	PRPF4	c1
0.461660640579781	-0.1263933864235	0.169	0.185	1	SPEN	c1
0.272037345308469	-0.126356656638139	0.068	0.086	1	TRAPPC10	c1
0.115550175059281	-0.126354507081884	0.321	0.377	1	ELAVL1	c1
0.271359300307002	-0.12617166692966	0.211	0.241	1	NBEAL1	c1
0.172081428551032	-0.126057065172297	0.211	0.253	1	ACADM	c1
0.247679969478127	-0.125953148088382	0.056	0.073	1	SLC12A9	c1
0.159451908782869	-0.125938571936453	0.723	0.742	1	BRK1	c1
0.439069959868536	-0.125937175495909	0.102	0.118	1	QSOX1	c1
0.180924283744917	-0.125919968561729	0.645	0.667	1	TERF2IP	c1
0.171104643675325	0.125909937430814	0.447	0.426	1	ANXA7	c1
0.175729426107314	-0.125889233031253	0.42	0.473	1	ACAP2	c1
0.339598360012843	-0.125738350757976	0.223	0.252	1	EBPL	c1
0.22137285059987	-0.125677191354117	0.21	0.245	1	TMEM43	c1
0.0771485079645064	-0.125660232851623	0.839	0.865	1	LEPROTL1	c1
0.170482596572104	-0.125656245250302	0.145	0.179	1	DDX42	c1
0.754757802812879	-0.125629205306546	0.065	0.07	1	MEGF9	c1
0.526221671668286	-0.125588062931592	0.07	0.08	1	ZNF680	c1
0.493486934484998	-0.12547327919014	0.054	0.064	1	SSFA2	c1
0.179159736877646	-0.125469961377818	0.159	0.195	1	COASY	c1
0.190579673718414	-0.125468489658295	0.383	0.444	1	LSM6	c1
0.434954434328127	0.125443200561429	0.375	0.371	1	MEA1	c1
0.00728830029603045	-0.125388827460905	0.771	0.808	1	HNRNPC	c1
0.0303911107055397	-0.12534704487218	0.855	0.87	1	RPL23	c1
0.866626490690194	0.125324897644445	0.135	0.136	1	PIGF	c1
0.386407169093913	-0.12526078960643	0.278	0.311	1	CTSS	c1
0.41641657391262	-0.125183049812698	0.221	0.245	1	USP47	c1
0.344385954965981	-0.125163176222995	0.61	0.636	1	SF3B2	c1
0.686818431055475	0.125065157723718	0.302	0.312	1	FDX1	c1
0.920466224137316	0.12497726428973	0.153	0.155	1	MED19	c1
0.182197420077437	-0.124976104061434	0.405	0.458	1	MRPL54	c1
0.256547005243939	-0.124903869261294	0.496	0.538	1	ABHD14B	c1
0.247846979994112	-0.124880897956359	0.493	0.533	1	UBE2N	c1
0.72022391165185	0.124880880749745	0.24	0.241	1	GTF2H5	c1
0.400284976137554	0.124872951704033	0.277	0.258	1	NAAA	c1
0.602708239842809	0.124844929319375	0.095	0.088	1	MAP3K13	c1
0.917150945160121	0.124797991474109	0.049	0.052	1	JHY	c1
0.663082305986159	0.124778442416398	0.01	0.012	1	RGS9	c1
0.0660768285616376	-0.124747756944844	0.321	0.388	1	ATP6V0E2	c1
0.849214455376714	-0.12474458888681	0.048	0.05	1	GNPNAT1	c1
0.0697532330004279	-0.124702202765556	0.412	0.482	1	WTAP	c1
0.562704543722846	-0.124551677445654	0.623	0.63	1	SAT1	c1
0.268034613656634	-0.124368524039895	0.154	0.182	1	SLAIN2	c1
0.493834127754052	-0.124309439518708	0.054	0.064	1	ING2	c1
0.127592033508259	-0.124283093047765	0.216	0.267	1	FKBP3	c1
0.819034561717066	0.124220777251411	0.157	0.158	1	AGA	c1
0.876490815169486	0.124081192256151	0.108	0.108	1	CEP104	c1
0.98600657766875	0.124042491048368	0.118	0.121	1	ALAS1	c1
0.285826879503334	-0.124041682722003	0.119	0.142	1	CMAS	c1
0.890939019371818	0.123996777219578	0.013	0.014	1	AC083880.1	c1
0.382922019531453	0.123973376929456	0.283	0.273	1	CFDP1	c1
0.287241178181142	-0.123957799467229	0.172	0.198	1	OSBPL9	c1
0.985771162108807	0.123900122762291	0.203	0.212	1	ACBD6	c1
0.392892301634467	-0.123728478842908	0.307	0.339	1	FXR1	c1
0.287886059787644	-0.123670784238153	0.138	0.162	1	TMEM242	c1
0.606281217643176	-0.123659586041112	0.105	0.114	1	RP9	c1
0.206050035047325	-0.123612496107611	0.226	0.264	1	BTG3	c1
0.563384861593747	-0.123586531465089	0.143	0.156	1	UNG	c1
0.666315133630201	0.123562052954542	0.038	0.044	1	ZNF490	c1
0.535244838729358	-0.123549148763549	0.075	0.085	1	CCDC127	c1
0.333470976002688	-0.123469292120735	0.181	0.208	1	NOL11	c1
0.615748969749881	-0.123429651224655	0.091	0.1	1	TMEM191C	c1
0.552179150103865	0.123403702097932	0.382	0.383	1	SP140	c1
0.59340605991898	0.123377472861916	0.094	0.086	1	HERC5	c1
0.225029074759172	-0.123244301404508	0.943	0.898	1	LDHB	c1
0.750813603608956	-0.123170483815051	0.025	0.023	1	CCDC191	c1
0.811851470098917	0.123163854278314	0.056	0.053	1	STIMATE	c1
0.795852207647805	-0.123133174958296	0.137	0.144	1	UTP6	c1
0.595687540163817	-0.123000616732024	0.211	0.224	1	PPP4R3A	c1
0.291728240906191	-0.12299040175752	0.353	0.398	1	PSMD7	c1
0.36004084699736	-0.122962033453669	0.231	0.258	1	CLIP1	c1
0.0313181787283382	-0.12293707907912	0.32	0.406	1	EMC10	c1
0.851796161604659	-0.122918181756646	0.01	0.011	1	C1orf56	c1
0.552334032744744	-0.122865016463018	0.03	0.036	1	RFESD	c1
0.724119013318287	-0.122850748339594	0.013	0.011	1	AC116407.2	c1
0.90604976064374	0.12282075706768	0.032	0.033	1	SMYD5	c1
0.0711428444569947	0.122815263633363	0.687	0.642	1	ARF6	c1
0.521963852728366	-0.122792584625798	0.17	0.186	1	EMG1	c1
0.219817439605182	-0.122710466972766	0.148	0.179	1	ALG3	c1
0.249215219657346	-0.122669622539116	0.294	0.332	1	INPP4A	c1
0.117092483556318	-0.122660456436426	0.663	0.714	1	PPP1R2	c1
0.550281006542243	-0.122640991236712	0.122	0.136	1	SGTB	c1
0.25979594236093	-0.12257789232819	0.235	0.27	1	SUPT16H	c1
0.659557653849893	-0.122559847767059	0.019	0.023	1	NPL	c1
0.949968223204796	0.122523931301327	0.041	0.042	1	ACBD4	c1
0.0488502649081331	0.122419161203629	0.932	0.912	1	OST4	c1
0.0550356393354236	-0.122412194850342	0.792	0.833	1	FUS	c1
0.727480196706185	0.122390958543546	0.049	0.055	1	NDUFAF5	c1
0.525768763093662	0.122369328000521	0.032	0.026	1	IL1RAP	c1
0.915079087964498	-0.122326965133432	0.016	0.015	1	AL096865.1	c1
0.15980465686423	-0.122283069546245	0.154	0.189	1	PURA	c1
0.581497165558787	0.122248972977972	0.06	0.053	1	EHBP1	c1
0.235877810804683	-0.122111301479701	0.097	0.121	1	GPANK1	c1
0.416473303255387	-0.121898935771308	0.312	0.344	1	OGA	c1
0.137879968484325	0.121824860291604	0.165	0.133	1	SPINK2	c1
0.736013376067656	0.121808401959203	0.114	0.111	1	RPF2	c1
0.512514161307856	-0.121736130611083	0.296	0.321	1	PRKDC	c1
0.466939304249928	0.121733735871939	0.024	0.018	1	FCHO2	c1
0.322491747248843	-0.121725271057123	0.079	0.097	1	SYNJ2	c1
0.659621640856637	-0.121679697937384	0.215	0.226	1	RNMT	c1
0.0235975227550713	-0.121676859438001	0.811	0.836	1	HMGN1	c1
0.761287376099594	-0.121567044181007	0.094	0.1	1	MRM3	c1
0.721778223498401	0.121544165271504	0.146	0.161	1	DCTPP1	c1
0.724650338833094	-0.121542677985595	0.075	0.08	1	ZDHHC18	c1
0.0040069338369557	-0.121525879389307	0.981	0.979	1	RPS11	c1
0.654809577607867	-0.121476440658542	0.094	0.103	1	POC5	c1
0.724479209579396	0.121448623363176	0.092	0.102	1	PRAF2	c1
0.209934398332164	-0.121412848338227	0.66	0.692	1	HLA-F	c1
0.637789283144742	0.121265815757894	0.062	0.07	1	ELP1	c1
0.147259280486718	-0.121244709496802	0.531	0.585	1	HP1BP3	c1
0.151346923770754	-0.121194232754185	0.132	0.165	1	ABCG1	c1
0.21444698421564	-0.121119613450137	0.043	0.059	1	NBPF12	c1
0.263784658775868	-0.121033347580221	0.289	0.333	1	IDH3G	c1
0.3973293093715	0.121014026660181	0.273	0.261	1	FAM204A	c1
0.786339738996585	0.120997646763583	0.045	0.048	1	SMARCD3	c1
0.785795402686109	-0.120976485080644	0.037	0.039	1	SERPINH1	c1
0.124768487378694	-0.120919504316791	0.337	0.386	1	SUPT4H1	c1
0.313847112193706	-0.120860991717481	0.102	0.123	1	BRCC3	c1
0.768677578711009	-0.120797635182478	0.045	0.041	1	HPSE	c1
0.360675976682996	-0.120757192718317	0.638	0.658	1	EZR	c1
0.397925470105205	-0.120702525125921	0.37	0.395	1	YTHDF2	c1
0.13054221108672	-0.120701948717974	0.397	0.456	1	SEPT2	c1
0.864192459971161	0.120523379693162	0.083	0.08	1	ZNF383	c1
0.476265667724298	-0.120516806059429	0.296	0.323	1	FAM32A	c1
0.617414437554649	-0.120500428100502	0.051	0.058	1	ZNF569	c1
0.614350540583822	-0.120460952146449	0.119	0.129	1	CNOT10	c1
0.00132082119236405	-0.120380591367822	0.995	0.992	1	HLA-E	c1
0.233381298720839	-0.120167297347642	0.246	0.288	1	PNKD	c1
0.295799964911029	-0.120064361134514	0.38	0.423	1	YPEL3	c1
0.640557218459429	0.120062720289934	0.051	0.045	1	TNK1	c1
0.000111374647419036	0.120058185610175	0.997	0.989	1	RPS29	c1
0.24097330011119	-0.120016956823675	0.523	0.555	1	PSMA5	c1
0.850440015431924	-0.119972212044825	0.01	0.011	1	BBOF1	c1
0.619022962313174	0.119788879048528	0.148	0.142	1	UBA5	c1
0.998222438226374	0.119785640337959	0.057	0.058	1	PGBD2	c1
0.226447599235088	-0.119775422278038	0.038	0.053	1	RBM45	c1
0.615386813863873	-0.11968521169713	0.037	0.042	1	ZNF212	c1
0.744805027804975	0.119546927670389	0.014	0.017	1	WDCP	c1
0.902122903613679	0.119403501234776	0.081	0.08	1	MAFF	c1
0.781670590343962	0.119377843424529	0.017	0.02	1	AL161421.1	c1
0.749853219528598	0.11918529967306	0.183	0.182	1	SMARCD1	c1
0.435132129966664	-0.119167084352768	0.463	0.488	1	PSMB6	c1
0.703549314063417	-0.11910940800599	0.14	0.15	1	NAPG	c1
0.376666658702511	-0.119087340965608	0.223	0.253	1	FAM120AOS	c1
0.24989694218271	-0.119082331884971	0.122	0.148	1	RIPK1	c1
0.365470477004602	-0.118986691740628	0.099	0.117	1	KIAA0232	c1
0.954403093642255	0.118802386769277	0.103	0.106	1	AIDA	c1
0.156482626502885	-0.118721873886183	0.246	0.294	1	SPOP	c1
0.563910035147201	-0.118678946418398	0.199	0.22	1	ZNF622	c1
0.521228512169262	0.118634041685977	0.017	0.023	1	AC132192.2	c1
0.957957637565662	0.118597490949	0.107	0.108	1	RARS	c1
0.300598070297901	-0.118476091643175	0.494	0.547	1	OCIAD1	c1
0.653399631226031	0.11847170803192	0.062	0.07	1	THG1L	c1
0.455779194256895	-0.118372634850875	0.288	0.311	1	ZFAND6	c1
0.153013357952726	-0.118363828073246	0.598	0.635	1	NDUFB4	c1
0.0364434209859375	-0.118354450760655	1	1	1	ACTB	c1
0.111541119373526	-0.118333029135811	0.712	0.733	1	ARL6IP4	c1
0.39621901369291	-0.118281013956886	0.335	0.373	1	PYCARD	c1
0.610622303140659	-0.118273336226198	0.065	0.073	1	SEH1L	c1
0.718451728850723	0.118260349737236	0.138	0.133	1	SH3GL1	c1
0.399050071174659	-0.118190960028719	0.024	0.032	1	PLEKHA8	c1
0.518215936207359	-0.11817333871036	0.219	0.239	1	CCDC90B	c1
0.725285565506722	-0.118169168855575	0.122	0.13	1	HPS3	c1
0.155859258318652	-0.118157651047105	0.574	0.602	1	THRAP3	c1
0.685090193629599	0.118125624247113	0.083	0.091	1	MOSPD2	c1
0.392258559508863	-0.117996272922695	0.135	0.155	1	VPS37A	c1
0.880046613492542	0.117958440485185	0.086	0.091	1	HSDL2	c1
0.506827270424309	-0.117782588360209	0.13	0.145	1	TRAP1	c1
0.219898237133257	-0.117624386998323	0.337	0.379	1	MRFAP1L1	c1
0.704522681850049	0.117586450352951	0.118	0.114	1	USP5	c1
0.656062642190501	-0.117485222004281	0.243	0.256	1	COPA	c1
0.18809716939037	-0.117337337957557	0.162	0.195	1	ABCB1	c1
0.878738203154015	0.117330424467116	0.059	0.058	1	NOD1	c1
0.0440434922747179	-0.117255490916418	0.925	0.912	1	YBX1	c1
0.758140061954369	0.117235139304949	0.054	0.059	1	IDNK	c1
0.265707694942569	0.117208516246042	0.421	0.411	1	HPCAL1	c1
0.303782156469758	-0.117148020493846	0.06	0.076	1	CLCN7	c1
0.326221422346018	-0.11712321091995	0.092	0.111	1	PCMTD2	c1
0.848983671802439	0.117100676539725	0.176	0.177	1	HOOK3	c1
0.909878826363486	0.117078213885835	0.102	0.102	1	RNF219	c1
0.843931569937838	-0.117007960832903	0.113	0.117	1	GPX7	c1
0.908958364533803	0.116943769338794	0.108	0.114	1	TRUB2	c1
0.868848462049977	0.116923732559866	0.076	0.08	1	MGLL	c1
0.620854085819327	-0.116908794808297	0.285	0.3	1	COPB2	c1
0.663514845562878	-0.116877369693685	0.472	0.495	1	SYNRG	c1
0.351609129414402	-0.116724153808085	0.38	0.417	1	MMADHC	c1
0.710769273440639	-0.116724079151866	0.013	0.015	1	TMEM201	c1
0.563752263439634	0.116721461270819	0.075	0.067	1	CCDC61	c1
0.464185331383776	-0.116708713510794	0.145	0.164	1	AGFG2	c1
0.632126661658672	-0.116706931753074	0.234	0.25	1	TACC3	c1
0.278836579489503	0.116699660905168	0.385	0.373	1	NUTF2	c1
0.261793780546583	-0.116675829633498	0.334	0.373	1	GSPT1	c1
0.0836140687435822	0.116668465328367	0.596	0.571	1	RCSD1	c1
0.583399929559847	-0.116657795709894	0.105	0.117	1	MYO5A	c1
0.193893724658287	0.116601322024203	0.512	0.503	1	TMEM219	c1
0.607517115086995	0.116559284446926	0.024	0.029	1	ARL17B	c1
0.813957088056687	-0.116516671592921	0.134	0.138	1	KLF9	c1
0.795295526944343	0.116441675582551	0.06	0.065	1	NRM	c1
0.539642604953496	-0.116397184877615	0.06	0.07	1	CCNY	c1
0.677136368046034	0.116314157576072	0.065	0.073	1	MICAL2	c1
0.329509376002681	-0.116287572313569	0.196	0.223	1	PRPF18	c1
0.390062221466139	0.116249895534852	0.558	0.576	1	ATP1A1	c1
0.422214100325176	-0.116249883310777	0.095	0.111	1	DOK1	c1
0.108608541559552	0.116210107295443	0.789	0.73	1	TRMT112	c1
0.644565755725586	0.11620317825968	0.401	0.418	1	POLR2K	c1
0.853478122194459	0.116197796480427	0.079	0.079	1	EFL1	c1
0.358526118529143	-0.115971626073861	0.52	0.552	1	BIN1	c1
0.243265891418049	-0.115942731201715	0.161	0.194	1	DLD	c1
0.0818230528344304	-0.115852282910288	0.291	0.355	1	PSMD2	c1
0.667833441632633	0.11579519526932	0.067	0.074	1	EXT2	c1
0.219868813270631	0.115721748409181	0.825	0.808	1	ARF1	c1
0.641298164699637	-0.115707758783447	0.208	0.224	1	CBFA2T2	c1
0.214246765364843	-0.115697599879063	0.113	0.141	1	GLE1	c1
0.516846108061243	-0.115664605780315	0.017	0.023	1	ARSB	c1
0.937066929107095	-0.115607783340725	0.019	0.02	1	ZNF473	c1
0.740464292017991	-0.115556102425701	0.07	0.076	1	LZTR1	c1
0.0908479074049881	-0.115487594264936	0.175	0.223	1	SGF29	c1
0.172356903719607	-0.115454595687295	0.283	0.329	1	APOL6	c1
0.312015168438376	-0.11543533491472	0.285	0.32	1	TROVE2	c1
0.290989395676797	-0.115370264733015	0.062	0.079	1	COX15	c1
0.000498129165924809	-0.115359773816691	0.998	0.994	1	CD3E	c1
0.378614605138943	-0.115355128540202	0.231	0.262	1	UBAP1	c1
0.798903692158628	0.115353966649119	0.105	0.103	1	FZR1	c1
0.770601659763277	0.115344022661891	0.084	0.091	1	WBP1L	c1
0.537222463040493	0.115256244329599	0.486	0.497	1	CLK1	c1
0.260794105358194	-0.115233023562021	0.118	0.141	1	FASTKD2	c1
0.324374671643421	-0.115187419823589	0.191	0.22	1	STAT6	c1
0.713508865158357	0.115183065413168	0.14	0.136	1	RPL26L1	c1
0.906093498567082	0.115100173336965	0.014	0.015	1	SLC29A1	c1
0.936568509718401	-0.115048557946408	0.019	0.02	1	CRAMP1	c1
0.931358564456395	0.115008044276478	0.259	0.271	1	MAPKAPK3	c1
0.144702852991258	0.115006783699122	0.738	0.723	1	GNB2	c1
0.107271088185783	-0.114996789595617	0.51	0.565	1	AIP	c1
0.0809379325558146	0.114898023980466	0.704	0.68	1	SNHG8	c1
0.351695067917405	-0.114838240983906	0.259	0.295	1	HSPB11	c1
0.216479787707769	-0.11481233545295	0.043	0.059	1	CETN2	c1
0.733227955183558	0.114789814113181	0.048	0.044	1	ERLIN1	c1
0.778667362355253	-0.114759562542881	0.079	0.085	1	XKR8	c1
0.401822362150734	-0.114715155808569	0.1	0.117	1	USPL1	c1
0.573052746058267	0.114568882246849	0.049	0.058	1	SMARCD2	c1
0.409584701123254	-0.114516234132326	0.017	0.024	1	LSM14B	c1
0.918246011729055	0.114514516180086	0.013	0.012	1	GSTA4	c1
0.0559067460483343	0.114488455400235	0.566	0.512	1	MCUB	c1
0.962674043413353	0.114446034362014	0.137	0.139	1	MARK2	c1
0.38149479783727	-0.11441868086985	0.738	0.752	1	RNASEK	c1
0.688555194606428	-0.114399177731846	0.011	0.014	1	SPAG4	c1
0.307287035017473	-0.114246369256859	0.273	0.308	1	BBX	c1
0.779217279686917	0.114217204395072	0.017	0.02	1	RPS10-NUDT3	c1
0.60163473566787	0.114208124907116	0.086	0.079	1	SLC39A13	c1
0.340996546471658	-0.114192359974529	0.138	0.162	1	TRIAP1	c1
0.925715346759896	0.113995972348659	0.237	0.247	1	MTFP1	c1
0.376641318676014	-0.1139624636446	0.269	0.297	1	ATP2B4	c1
0.64087978997223	-0.113939897326181	0.041	0.047	1	DPY19L4	c1
0.396485706803491	-0.113931846363807	0.04	0.05	1	TAF6L	c1
0.646516474467474	0.11391165773426	0.224	0.22	1	COQ4	c1
0.996279301056749	0.113801463297	0.382	0.409	1	NRBP1	c1
0.763978193804819	-0.1136560125081	0.032	0.035	1	ARHGAP31	c1
0.469494404507826	-0.113616186910428	0.046	0.056	1	MSTO1	c1
0.318527632305677	-0.113603692410836	0.124	0.147	1	CRELD1	c1
0.94327847042968	-0.113569467389742	0.046	0.047	1	PLAGL2	c1
0.199600441066169	-0.113353410853378	0.157	0.192	1	TSN	c1
0.386860284547637	-0.113345523675101	0.199	0.224	1	DCAF8	c1
0.296966195281463	-0.113266484032235	0.44	0.479	1	ITGAL	c1
0.000288275375070212	0.113233412263344	1	0.994	1	MT-ATP6	c1
0.680086431233664	0.113167601605906	0.032	0.036	1	ARPC4-TTLL3	c1
0.274568558612345	0.112994905438603	0.294	0.271	1	SH2D1A	c1
0.72268759205861	-0.112955807098091	0.27	0.285	1	PLD3	c1
0.182186313049971	-0.112928796294707	0.463	0.523	1	HNRNPL	c1
0.22554634705221	-0.112923019466163	0.148	0.179	1	THOC6	c1
0.912311439574837	0.112880864909254	0.141	0.144	1	THUMPD3	c1
0.608396879698493	0.112870423633832	0.022	0.018	1	AC124312.1	c1
0.276207572813586	-0.112842814727829	0.116	0.139	1	CPSF2	c1
0.237254842161876	-0.112808673973835	0.118	0.142	1	FMNL3	c1
0.869058064560012	-0.112764680925582	0.078	0.08	1	RIPK2	c1
0.289230139109961	0.112759743972811	0.385	0.362	1	ARAP2	c1
0.532714003213935	-0.11267021058778	0.431	0.435	1	VDAC1	c1
0.259543110745392	-0.112664941779592	0.065	0.083	1	XPO7	c1
0.247574416764362	-0.112659052919072	0.588	0.626	1	SRSF11	c1
0.524662058617011	-0.112585134471711	0.114	0.127	1	PAM16	c1
0.308394397415642	-0.112579026105371	0.181	0.209	1	IKBKG	c1
0.540980935828922	-0.112541072222161	0.064	0.073	1	ABHD15	c1
0.107397872804508	0.112494834135163	0.165	0.208	1	CKS2	c1
0.292699017898057	-0.112466956368988	0.078	0.097	1	RAPGEF1	c1
0.792389162502562	0.112455396029294	0.032	0.035	1	AC021028.1	c1
0.731089301228905	0.112452196091169	0.196	0.194	1	EBAG9	c1
0.516278252980385	-0.112434442433012	0.273	0.297	1	HPRT1	c1
0.87402868929136	0.112411227339198	0.25	0.259	1	ZC3H13	c1
0.877186810356726	0.112373801223423	0.029	0.03	1	NR2F6	c1
0.788548383498746	0.112301042964925	0.045	0.048	1	LINC00957	c1
0.80506518200559	0.112283986081217	0.17	0.183	1	TMEM126A	c1
0.487089554031359	0.11225356122811	0.261	0.252	1	PMVK	c1
0.327384417853364	-0.112139897689054	0.223	0.256	1	TSSC4	c1
0.428399798467124	-0.112123909465493	0.019	0.026	1	MPP5	c1
0.698909490916776	-0.111990906238578	0.227	0.242	1	VPS26C	c1
0.367968412546489	-0.111933728903948	0.42	0.455	1	NOP58	c1
0.43963429562921	0.111908985817868	0.148	0.133	1	PDE4DIP	c1
0.745378797011292	-0.111902104210211	0.146	0.155	1	EPS8L2	c1
0.669145480398153	-0.111884428216209	0.046	0.052	1	ZNF836	c1
0.960325263750147	0.111857610480433	0.143	0.148	1	RHNO1	c1
0.158145252058862	0.111815185391018	0.62	0.605	1	GIMAP1	c1
0.341629788506018	-0.111793513274117	0.135	0.158	1	HYOU1	c1
0.529914986932092	-0.111691997666378	0.353	0.377	1	SLC44A2	c1
0.122998307110635	-0.111555487057321	0.806	0.82	1	HNRNPF	c1
0.273408148710715	0.11155537097734	0.649	0.632	1	ATP5PB	c1
0.000257753983657085	-0.111536212216748	1	0.994	1	RACK1	c1
0.397843466734456	-0.111515050024555	0.092	0.109	1	TTC7A	c1
0.0887482390853287	-0.11150301126394	0.145	0.188	1	UCHL3	c1
0.459122693583353	-0.11143975834003	0.059	0.07	1	SLC39A3	c1
0.592801933108311	-0.111412413578404	0.14	0.153	1	DCAF13	c1
0.867202915615379	-0.111410294814054	0.011	0.012	1	LINC00630	c1
0.415679571314167	-0.111362349178544	0.167	0.191	1	VAV1	c1
0.255158550499305	-0.111301753420158	0.091	0.112	1	TMEM131	c1
0.377081585259862	-0.111289417155756	0.583	0.598	1	MDH2	c1
0.536100565386829	0.111183617111594	0.223	0.211	1	AP3B1	c1
0.365981269097962	-0.111173072087026	0.347	0.377	1	ACTN4	c1
0.518908479350052	-0.111164798380524	0.31	0.329	1	PABPC4	c1
0.365970965631861	-0.11111987885055	0.124	0.145	1	PES1	c1
0.83776960337567	0.111107289440323	0.087	0.085	1	NARS2	c1
0.111025731560581	-0.111105997502953	0.18	0.229	1	TIMM17A	c1
0.707945350521879	0.110946704527001	0.183	0.18	1	MPHOSPH6	c1
0.621094479612796	0.11094345225878	0.035	0.041	1	CLP1	c1
0.390962786313356	-0.110941643062552	0.016	0.023	1	CENPN	c1
0.0678355498634988	-0.110928924852423	0.057	0.086	1	ZDHHC17	c1
0.449491368890374	-0.110927819437117	0.475	0.497	1	SRRM2	c1
0.721041718227381	0.110831475953074	0.075	0.082	1	SETD1B	c1
0.211099652423432	-0.110780338612899	0.493	0.538	1	NONO	c1
0.838754154983219	0.110773950894478	0.054	0.058	1	C22orf34	c1
0.349613342335686	-0.11075023269066	0.405	0.442	1	NAA10	c1
0.504059530113067	-0.110721228186303	0.081	0.092	1	VAC14	c1
0.485855186276948	-0.110712048650717	0.091	0.105	1	MBIP	c1
0.178502780228828	-0.110602236797226	0.61	0.636	1	ATP5F1A	c1
0.157103506462046	-0.110552997590407	0.213	0.261	1	TBPL1	c1
0.11824466937428	-0.110451697680859	0.14	0.179	1	SUZ12	c1
0.613736403442265	-0.110352603135211	0.038	0.044	1	ZNF318	c1
0.828624016879723	-0.110312713740156	0.065	0.068	1	TRAF4	c1
0.289557135283696	-0.110228033377376	0.033	0.045	1	TK2	c1
0.234201904373951	0.109985587759485	0.533	0.517	1	IL10RA	c1
0.330095184958535	-0.109981027694407	0.207	0.236	1	PSMD14	c1
0.419085824756099	-0.109973107577733	0.199	0.223	1	JADE2	c1
0.179689034385791	0.109935276498089	0.692	0.655	1	RBM8A	c1
0.22908113203163	-0.109760794088009	0.727	0.761	1	SUN2	c1
0.903780947508841	0.109760261572159	0.054	0.053	1	GID4	c1
0.361176515426768	-0.109708994553295	0.337	0.377	1	DNAJC19	c1
0.975237163224806	-0.109686021289532	0.129	0.13	1	LRRC8D	c1
0.391180617806356	-0.109681800686078	0.108	0.126	1	FAM126B	c1
0.403345029900831	0.109667835950758	0.347	0.341	1	RNF126	c1
0.941551408570353	-0.109627835769079	0.021	0.021	1	FUT4	c1
0.75374574007504	0.109532187632826	0.273	0.271	1	RRAGA	c1
0.465786133912835	-0.109357648612997	0.246	0.27	1	SMC1A	c1
0.398134621696268	-0.109354735241719	0.423	0.461	1	TMCO1	c1
0.487747910760362	-0.109351290207189	0.39	0.412	1	DOCK10	c1
0.608554285582683	0.1093464476698	0.045	0.052	1	C9orf64	c1
0.40734606321412	-0.109282066983445	0.089	0.105	1	SMG9	c1
0.680956625111491	-0.109158455420749	0.048	0.053	1	ZNF184	c1
0.237738837734295	-0.10915535159875	0.175	0.206	1	LRCH4	c1
0.659989588273975	0.109129413873246	0.229	0.229	1	FARSA	c1
0.418783555427979	-0.109010126638252	0.25	0.279	1	TAF9	c1
0.921692127755814	0.108972898408354	0.016	0.017	1	ARHGAP21	c1
0.209742975278959	-0.108822179074966	0.196	0.236	1	GARS	c1
0.805350019187444	0.108782416926037	0.146	0.158	1	DESI2	c1
0.411336321710733	-0.108754867014633	0.278	0.306	1	ATG12	c1
0.412250769911385	-0.108674092206473	0.211	0.235	1	UCHL5	c1
0.482167040265189	0.108570916710606	0.01	0.006	1	IQCC	c1
0.412707692154474	-0.108489026869922	0.051	0.062	1	GATD1	c1
0.621822998822747	-0.108483031252333	0.157	0.17	1	LPAR2	c1
0.948843120185528	0.108471682690833	0.108	0.109	1	AP2A2	c1
0.687441437171343	0.108444473327641	0.091	0.1	1	ZNF672	c1
0.470122673709023	-0.108441386187547	0.183	0.205	1	ASNSD1	c1
0.466281389910213	0.10838338543822	0.415	0.409	1	CCT5	c1
0.0489567169888042	-0.108349956533123	0.278	0.35	1	STAG2	c1
0.275210253127369	-0.108309926960868	0.251	0.288	1	HADHB	c1
0.966842946580098	0.108309185088296	0.038	0.038	1	SEPT8	c1
0.305398482912556	-0.108304407887563	0.118	0.138	1	TMEM115	c1
0.263727381226091	-0.108235882486847	0.045	0.059	1	CCP110	c1
0.900981527264013	-0.108221188357238	0.014	0.015	1	EXT1	c1
0.874182473945208	0.108163655119068	0.011	0.012	1	AC023055.1	c1
0.9232310293656	0.10803921943003	0.033	0.035	1	MAP3K12	c1
0.436355982036265	-0.107986643375656	0.127	0.145	1	ABRAXAS1	c1
0.575251463725072	-0.107926346267405	0.18	0.198	1	TAF11	c1
4.22725288142211e-06	0.107925455973677	1	0.997	0.0559857371615545	RPL10A	c1
0.695875022439193	0.107910810829327	0.022	0.026	1	AC008040.5	c1
0.309328647301826	-0.107866992563787	0.229	0.258	1	NBR1	c1
0.867524223386519	0.107816620660741	0.409	0.433	1	NDUFC1	c1
0.887783901635132	0.107701150043213	0.134	0.141	1	GFM1	c1
0.448742168556805	0.107508773093627	0.31	0.302	1	PTOV1	c1
0.317885608228777	-0.107498129101433	0.105	0.126	1	LTV1	c1
0.379885306426551	-0.107490988429677	0.197	0.226	1	CLPTM1	c1
0.570185122684375	-0.10749048813587	0.153	0.167	1	RNFT1	c1
0.293630396193462	-0.107470474308906	0.353	0.391	1	DYNC1H1	c1
0.525573224977408	0.10746406709737	0.13	0.15	1	AC010642.2	c1
0.571031179828791	-0.107332871840907	0.043	0.05	1	XRCC4	c1
0.248439669139187	-0.107316716892821	0.413	0.459	1	REST	c1
0.35506096689921	-0.107288382658383	0.041	0.053	1	FDXR	c1
0.266080258019514	-0.107272359753085	0.285	0.33	1	RBM42	c1
0.326521070269213	-0.107186757238143	0.149	0.176	1	WDR77	c1
0.685338183361668	0.107124561700883	0.067	0.074	1	SNX11	c1
0.871543453685632	0.107066215616481	0.145	0.155	1	KANSL2	c1
0.449660576966201	-0.10706014173633	0.056	0.067	1	SLC23A2	c1
0.87164329030426	0.107055144696059	0.011	0.012	1	C19orf73	c1
0.9252658659882	0.106906459598278	0.011	0.011	1	KIF18A	c1
0.965925765147369	0.106711750298401	0.045	0.045	1	SLC37A4	c1
0.766030934301583	0.106688947915514	0.081	0.077	1	LRRC23	c1
0.23911330964343	-0.106660688840134	0.444	0.5	1	PNN	c1
0.000511377754657375	0.106582794257431	1	0.998	1	EIF1	c1
0.914437831751162	0.106567870523943	0.116	0.12	1	TMEM63A	c1
0.193010892428856	-0.106502236190021	0.205	0.244	1	ARFRP1	c1
0.536775583124421	-0.106430642616175	0.727	0.735	1	H2AFZ	c1
0.53012677959658	-0.106423966578281	0.027	0.033	1	GATB	c1
0.479815786821478	-0.106403348193335	0.072	0.083	1	CDC23	c1
0.206433117572667	0.106346857873277	0.517	0.517	1	SPSB3	c1
0.493958668191273	-0.106310051492967	0.37	0.405	1	MRPS6	c1
0.91519015565869	-0.106188002316655	0.016	0.017	1	RHEBL1	c1
0.177915110174288	-0.106109331467409	0.037	0.053	1	ZNF230	c1
0.52439394905677	-0.106039629849828	0.084	0.095	1	MTFR1L	c1
0.873901834375173	0.105987082918308	0.167	0.17	1	ZEB1	c1
0.584845950161694	0.105902059175619	0.081	0.092	1	PTRH1	c1
0.883306840349733	-0.105708488649923	0.235	0.245	1	FRYL	c1
0.026186337745361	0.105697181641632	0.882	0.845	1	LCP1	c1
0.411067222959728	-0.105683767086205	0.483	0.506	1	PSMA6	c1
0.397197872398143	-0.105545456565218	0.194	0.215	1	CCPG1	c1
0.292338063383945	-0.105463360909817	0.302	0.347	1	PARVG	c1
0.434180526421246	-0.105422008579668	0.045	0.055	1	TMEM25	c1
0.238161695324912	-0.105405217845429	0.086	0.108	1	UGGT1	c1
0.986152260822797	0.105383669212759	0.081	0.082	1	HEMK1	c1
0.161622003341027	-0.105331661912017	0.498	0.55	1	PSMA1	c1
0.208207901526943	-0.105267297751841	0.266	0.306	1	GBP1	c1
0.457507465864411	-0.105196730890546	0.038	0.047	1	AACS	c1
0.729213931293104	0.105182337404385	0.169	0.165	1	IP6K1	c1
0.841926248817979	0.105176452889602	0.099	0.097	1	FLYWCH1	c1
0.241662564690557	-0.105140068971855	0.141	0.17	1	HEBP2	c1
0.670423125813001	-0.105124760129607	0.048	0.053	1	ADO	c1
0.753860748688036	0.105124759389432	0.208	0.226	1	ARNTL	c1
0.520159023202621	-0.105115670827984	0.227	0.252	1	NDE1	c1
0.562803611184934	-0.105014556664197	0.041	0.048	1	ZFP82	c1
0.462062649769988	-0.1049675543067	0.089	0.103	1	RBBP5	c1
0.54337990569081	0.104901101039565	0.229	0.221	1	RAB22A	c1
0.19975824780805	-0.104827413050979	0.348	0.397	1	RBM17	c1
0.280476434981226	-0.104823110001627	0.238	0.274	1	TSG101	c1
0.000833268200448099	0.104785500706691	0.992	0.988	1	RPL27	c1
0.722679175623627	0.104718964650881	0.126	0.136	1	YAF2	c1
0.72092456429911	0.104712306299876	0.132	0.127	1	C11orf1	c1
0.217254080161222	-0.104674213079706	0.13	0.159	1	TMEM156	c1
0.352414214533568	0.104651869634135	0.062	0.077	1	PDPR	c1
0.463820797825771	-0.104585868855422	0.442	0.465	1	NDUFAB1	c1
0.654683608210777	-0.104442933066538	0.215	0.227	1	PIN4	c1
0.914401047266557	0.104335993448527	0.207	0.214	1	PBDC1	c1
0.450757340698194	0.104110038047032	0.493	0.486	1	NDUFAF3	c1
0.534616892640024	-0.104077201181815	0.019	0.024	1	ZNF785	c1
0.591250522779802	0.104050113628553	0.215	0.206	1	NOC2L	c1
0.715712615994958	-0.10399648616381	0.013	0.015	1	NCAM1	c1
0.228663875094138	-0.103887667205214	0.164	0.198	1	PCBD1	c1
0.132661826684882	-0.103766063361832	0.205	0.252	1	ACTR1B	c1
0.888544399797974	0.103754204965481	0.013	0.014	1	CENPU	c1
0.128083012057336	-0.103676300545146	0.06	0.085	1	CDK8	c1
0.373658809740176	0.103646530417522	0.153	0.135	1	CEBPG	c1
0.25054960124595	-0.103645569544583	0.143	0.17	1	TMEM101	c1
0.639690832860818	-0.103636137686029	0.099	0.109	1	FANCF	c1
0.773305395820516	-0.103625041219336	0.091	0.095	1	WDR11	c1
0.997762149553098	0.10362102871731	0.159	0.164	1	TMEM223	c1
0.61920614144731	-0.103487016502684	0.153	0.165	1	CREBL2	c1
0.152829544319213	-0.103479178481409	0.154	0.191	1	RETREG3	c1
0.481247707442951	-0.103430014556559	0.095	0.109	1	ENDOD1	c1
0.00047152659652679	0.103423209282373	0.994	0.991	1	EEF1G	c1
0.916836006680273	-0.103421563952338	0.017	0.017	1	CYB5D1	c1
0.381601836289335	-0.103334039281073	0.167	0.191	1	DNAJB11	c1
0.866387519312255	0.103329625575638	0.216	0.221	1	CTR9	c1
0.255125135101644	-0.103294304688333	0.051	0.067	1	MYO19	c1
0.22214659477808	-0.103232583598923	0.052	0.07	1	SLC35F5	c1
0.822510715826009	0.103194840359453	0.048	0.045	1	RFX7	c1
0.145215212479918	-0.103146059176346	0.245	0.291	1	ACTR1A	c1
0.000690740087147339	0.103115490351855	0.987	0.976	1	MYL6	c1
0.891537830599106	0.102960514396859	0.013	0.014	1	TEPP	c1
0.955399429406574	-0.102931925531185	0.076	0.077	1	ZNF780A	c1
0.769053653143412	0.102810341676032	0.043	0.047	1	MCAT	c1
0.817462752506228	-0.102707702790084	0.34	0.353	1	PTPN2	c1
0.198812966932712	0.102575203924354	0.426	0.494	1	STAT1	c1
0.319000171838546	-0.102546041025838	0.06	0.076	1	LINC01003	c1
0.62028875070137	-0.102543543325599	0.084	0.094	1	AL662844.4	c1
0.767336024069424	-0.102540838722671	0.037	0.033	1	ZNF839	c1
0.767411255991045	0.102432684275011	0.291	0.289	1	TOR1AIP1	c1
0.192586878653212	-0.102404092741181	0.878	0.87	1	GABARAP	c1
0.555294990345141	-0.102383929011737	0.176	0.194	1	RAB9A	c1
0.466505566596891	-0.102312249583554	0.073	0.085	1	TRAV17	c1
0.359697987732657	-0.102263525619841	0.348	0.385	1	MGAT1	c1
0.286430718826021	-0.10224012087706	0.645	0.679	1	UBE2I	c1
0.302124495327288	-0.102136330693496	0.184	0.215	1	SUPT6H	c1
0.488525390633586	-0.102099682145517	0.191	0.215	1	YY1AP1	c1
0.93893591997499	0.102021177816167	0.056	0.058	1	EYA3	c1
0.387812680913371	-0.101977030352805	0.189	0.212	1	MRPL13	c1
0.771643804238733	0.101972438580175	0.183	0.198	1	SMARCA4	c1
0.419039169444554	-0.101915365929201	0.477	0.505	1	UBE2L3	c1
0.209177111250069	-0.101893332595992	0.512	0.562	1	SP100	c1
0.451332836574517	-0.101768100881495	0.148	0.165	1	ESF1	c1
0.334183324414576	-0.101685453601512	0.256	0.291	1	VBP1	c1
0.502563737619121	-0.101632238916103	0.01	0.014	1	ZGRF1	c1
0.297802819582764	-0.101506166863924	0.275	0.309	1	TM2D3	c1
0.654322471856235	-0.10146058453074	0.019	0.023	1	ZNF182	c1
0.29385981936913	-0.101426684003942	0.184	0.218	1	COMMD2	c1
0.835237899181511	0.10127236505685	0.073	0.077	1	DHRS12	c1
0.586256916934585	-0.101258191892959	0.172	0.186	1	NIT2	c1
0.309239750037428	-0.101222056371099	0.097	0.117	1	OXSR1	c1
0.605847391707553	0.101208855570035	0.148	0.167	1	TMEM222	c1
0.5762950979478	0.10117913520245	0.062	0.055	1	ZNF200	c1
0.970343767498455	-0.101098627532438	0.118	0.12	1	ZBTB11	c1
0.0368891026368413	-0.10100408065999	0.887	0.874	1	ALDOA	c1
0.212610245509069	-0.101000741208012	0.27	0.317	1	SRP72	c1
0.0335145354395144	0.100976838136154	0.752	0.702	1	OSTF1	c1
0.778143631824087	-0.100968342932434	0.033	0.036	1	COQ3	c1
0.740795244597593	-0.10095300096872	0.126	0.133	1	IFRD2	c1
0.482485267036653	-0.10082858555534	0.404	0.438	1	MRPL43	c1
0.26083113735106	-0.100773150498958	0.474	0.509	1	PPIG	c1
0.925928249121724	0.100757623774476	0.011	0.011	1	CHML	c1
0.738087560039083	-0.100730532505795	0.041	0.045	1	DAG1	c1
0.456527888925609	-0.100713295710066	0.577	0.595	1	SRRM1	c1
0.82822339278426	0.100670737858847	0.081	0.086	1	EFCAB2	c1
0.725776212926382	0.100660918264162	0.173	0.171	1	SCOC	c1
0.335635450610544	-0.100646417255225	0.418	0.471	1	TCF25	c1
0.302755208134324	-0.10062351689534	0.184	0.212	1	CDS2	c1
0.436032151874946	-0.100605916808948	0.474	0.505	1	ZC3HAV1	c1
0.54884630719872	0.100572772522396	0.038	0.032	1	PRKAB2	c1
0.219691521442054	-0.10057116925505	0.159	0.191	1	NBPF26	c1
0.931368043340019	0.10055380895927	0.175	0.182	1	MRPL32	c1
0.000159379825027608	0.100536652669893	0.998	0.995	1	RPL9	c1
0.0583980538417924	-0.100254537742261	0.137	0.186	1	ZRSR2	c1
0.466855851663567	-0.100248926991306	0.014	0.02	1	SYNPO2	c1
0.891730203619947	0.100212420176764	0.157	0.158	1	APIP	c1
0.43058774267599	-0.100201978704552	0.286	0.323	1	DNM2	c1
0.65878924514319	0.100177220440503	0.073	0.08	1	TRAV13-1	c1
0.271331823409418	0.100146834311794	0.41	0.388	1	LAIR1	c1
0.738464227425083	-0.100125398240662	0.014	0.017	1	ABL1	c1
0.671173195765107	-0.100117588048383	0.057	0.064	1	FAM8A1	c1
0.534011700033836	-0.100092870254243	0.049	0.058	1	GABPB2	c1
0.623781646814094	-0.100076700256777	0.235	0.256	1	AP1G2	c1
