# factor-levels: seurat_clusters=c1|c2|c3|c4|c5|c6|c7|c8|c9|c10

p_val	avg_log2FC	pct.1	pct.2	p_val_adj	gene	seurat_clusters
2.64569590975194e-11	6.58164134306861	0.046	0	3.50395966287547e-07	LINC01281	c3
6.15072435603359e-15	6.51208666076568	0.067	0.001	8.14601933713089e-11	CD200	c3
1.2103596463714e-06	6.26576192472735	0.024	0	0.0160300031565428	LINC01727	c3
1.20803755869577e-08	6.21990657939219	0.034	0	0.000159992494273668	LINC01336	c3
5.59681379477297e-08	6.0529224584134	0.03	0	0.000741242018979732	GCNT4	c3
1.97722688530469e-50	5.90808889511614	0.244	0.006	2.61863928689753e-46	CXCR5	c3
2.52594072982434e-40	5.6675490240801	0.204	0.007	3.34535590257936e-36	TSHZ2	c3
1.2103596463714e-06	5.54604110344897	0.024	0	0.0160300031565428	AC012368.1	c3
1.64728917557621e-61	5.52706719474903	0.302	0.009	2.18166978413313e-57	ACTN1	c3
1.19398540609453e-07	5.16936407592127	0.034	0.001	0.00158131427183159	LINC02295	c3
1.99572669066112e-27	5.16435685704735	0.14	0.005	2.64314042911159e-23	HRH2	c3
1.97030916988209e-21	5.10029966676308	0.113	0.005	2.60947746459184e-17	ANKRD55	c3
2.36152395274474e-11	4.89733702641841	0.055	0.002	3.12760232301514e-07	PTK2	c3
3.38375699473961e-20	4.84837511036714	0.104	0.004	4.48144776383314e-16	ADTRP	c3
5.65701034236834e-07	4.66841332520626	0.03	0.001	0.00749214449743264	CPM	c3
1.16653111721487e-90	4.66615629192265	0.466	0.024	1.54495381163938e-86	SELL	c3
2.69488766205179e-08	4.55205229304434	0.037	0.001	0.000356910921962139	MEOX1	c3
2.37449294994851e-11	4.52679074489227	0.055	0.002	3.14477846291181e-07	MTUS1	c3
4.33375833709832e-08	4.44535327101241	0.04	0.002	0.000573962954165302	SGPP2	c3
2.50896674195075e-35	4.36400322984814	0.201	0.012	3.32287555303958e-31	TIAM1	c3
8.24942371130456e-07	4.2060474430353	0.034	0.002	0.0109255367632518	SULT1B1	c3
4.33375833709832e-08	4.12388591956661	0.04	0.002	0.000573962954165302	HSF5	c3
2.60593721563616e-11	3.96562813258374	0.055	0.002	3.45130324838853e-07	AC004585.1	c3
6.43674718984848e-08	3.82646784532611	0.046	0.004	0.000852482797823532	DBNDD1	c3
8.63504514090949e-07	3.81783605290612	0.034	0.002	0.0114362537846205	AC233976.1	c3
1.03292251458902e-37	3.81231179290457	0.241	0.022	1.36800257832169e-33	SCML1	c3
1.21545490554003e-26	3.67901005527832	0.177	0.018	1.60974847689721e-22	LINC01891	c3
3.62213333267207e-112	3.61564730496067	0.707	0.104	4.7971533857909e-108	CCR7	c3
5.91979185379603e-11	3.61555891102809	0.076	0.009	7.84017233116746e-07	IGFBP4	c3
1.56823146359762e-22	3.51917249885083	0.165	0.021	2.07696575038869e-18	BEX3	c3
1.11674333596291e-17	3.49413110566382	0.119	0.012	1.47901487414927e-13	CSGALNACT1	c3
9.71995569143292e-07	3.44627437701533	0.046	0.006	0.0128731093177338	SERPINE2	c3
8.93004437230615e-22	3.40353991466105	0.189	0.033	1.18269507666823e-17	TBC1D4	c3
8.48497899533738e-30	3.26764362733372	0.229	0.031	1.12375061814248e-25	LYPD3	c3
1.19320906291864e-11	3.05531148722272	0.088	0.012	1.58028608292944e-07	PLCL1	c3
7.48784891385908e-10	3.05393293554347	0.088	0.017	9.91690710151497e-06	ICA1	c3
4.84822598894221e-08	3.03611610787772	0.073	0.015	0.000642099049975507	FOXP3	c3
2.03557094574944e-79	3.01929315662351	0.616	0.119	2.69591016055056e-75	LEF1	c3
1.43868751736191e-15	3.01101901188005	0.134	0.023	1.90539774799412e-11	MDS2	c3
1.73955279639746e-12	2.95449558943167	0.101	0.016	2.3038637235488e-08	FAM184A	c3
8.43276103500352e-48	2.85670824342461	0.47	0.118	1.11683487147587e-43	PASK	c3
4.41028288225515e-14	2.79672285713927	0.131	0.025	5.84097864925872e-10	LY96	c3
1.15843234847319e-28	2.7194508241317	0.25	0.043	1.53422780231789e-24	TRABD2A	c3
3.30789076950597e-36	2.70607487725529	0.32	0.058	4.38097053513371e-32	IL6R	c3
4.35282289747355e-07	2.66388967473363	0.07	0.016	0.00576487864541397	RALGPS2	c3
1.9381278015372e-21	2.61297530092707	0.22	0.048	2.56685646035587e-17	AC119396.1	c3
8.44888941542802e-14	2.60622147214533	0.137	0.028	1.11897091417929e-09	FHIT	c3
7.31136029202308e-38	2.60309653762899	0.369	0.079	9.68316557075536e-34	C1orf162	c3
2.09423040502463e-19	2.60299799029009	0.216	0.051	2.77359874841462e-15	FAAH2	c3
8.65455367882573e-12	2.5840923266106	0.116	0.024	1.14620908922368e-07	ST8SIA1	c3
1.29903711701972e-12	2.57736712936641	0.134	0.03	1.72044475778092e-08	CTSL	c3
1.19389431159586e-07	2.55304220404091	0.064	0.011	0.00158119362627756	SLC22A17	c3
1.0760736411706e-09	2.53466442996067	0.104	0.024	1.42515193036634e-05	ATXN7L1	c3
7.11987234034829e-23	2.50361185302253	0.277	0.075	9.42955892755727e-19	LINC00402	c3
4.61469286084098e-10	2.48744178459579	0.104	0.023	6.1116992248978e-06	FXYD7	c3
1.74867398606359e-18	2.46485081905948	0.22	0.056	2.31594382714262e-14	RIC3	c3
1.35602777035228e-27	2.40654385176756	0.463	0.191	1.79592317905456e-23	KLF2	c3
8.31761506839934e-41	2.40039613709324	0.503	0.161	1.10158493965881e-36	IL6ST	c3
1.81415293615927e-15	2.39840765814818	0.14	0.025	2.40266414864934e-11	CCR4	c3
1.91240402004506e-08	2.39822146692379	0.113	0.033	0.000253278788414768	SPSB1	c3
2.3764420497878e-06	2.32528352284542	0.052	0.009	0.0314735985073897	AGMAT	c3
1.6228358848423e-16	2.3209663469583	0.201	0.052	2.14928384588515e-12	S1PR1	c3
3.74422522387071e-23	2.30114088446382	0.28	0.074	4.95885188649436e-19	ITGB2-AS1	c3
7.41917940304584e-23	2.28548908417977	0.366	0.133	9.82596120139391e-19	CTLA4	c3
1.82881324155744e-06	2.27771762745456	0.055	0.01	0.0242208025711867	SVIL	c3
6.68835963602548e-22	2.25769131812743	0.268	0.071	8.85806350195214e-18	IFNGR2	c3
1.40058229650183e-07	2.25575645735255	0.073	0.016	0.00185493119348703	LIMS2	c3
1.48352117129198e-08	2.25135650725832	0.11	0.031	0.00019647754392591	AC005842.1	c3
2.49853123067587e-07	2.1875663474785	0.076	0.018	0.00330905476190712	TCEA3	c3
4.50551817273588e-07	2.11925279789651	0.061	0.011	0.0059671082679714	NET1	c3
1.72152765928671e-06	2.10827094354085	0.091	0.029	0.0227999123195931	FXYD1	c3
6.59863593342662e-24	2.0907982705037	0.363	0.125	8.73923343023022e-20	ARMH1	c3
2.40883127574805e-06	2.08113659585514	0.076	0.021	0.0319025614160072	NUAK2	c3
1.13902861758453e-09	2.02565345353008	0.155	0.052	1.50852950112895e-05	AC012645.3	c3
8.71038610555968e-08	2.02024728213366	0.107	0.032	0.00115360353582032	FAM117B	c3
1.77071715099008e-15	1.98674317550951	0.235	0.076	2.34513779477126e-11	EPHX2	c3
7.92928310019513e-51	1.91834286645792	0.729	0.343	1.05015425378984e-46	TCF7	c3
1.75421483433843e-11	1.89426389296928	0.189	0.066	2.32328212659782e-07	NELL2	c3
4.49105386305017e-09	1.84338976594191	0.18	0.073	5.94795173622365e-05	TOX2	c3
4.95935993227348e-08	1.82053874993507	0.104	0.029	0.0006568176294303	SNN	c3
1.05974133448243e-10	1.81069205685422	0.25	0.113	1.40352142338852e-06	SESN3	c3
2.91224446878785e-07	1.8102610470776	0.095	0.027	0.00385697657446263	PKIA	c3
2.0590607928911e-12	1.80176127044511	0.177	0.052	2.72702011410497e-08	CYSLTR1	c3
2.39167991723616e-06	1.79799586917397	0.091	0.029	0.0316754088238757	HOOK1	c3
1.08376537690265e-13	1.79793365650436	0.223	0.074	1.43533886516988e-09	PHLDB3	c3
5.94092090941484e-08	1.78901369315851	0.125	0.042	0.000786815565242901	RMND5B	c3
8.88212506480297e-20	1.72942329973767	0.378	0.159	1.17634864358251e-15	SPINT2	c3
1.0710986057697e-07	1.68115443117305	0.159	0.065	0.00141856299348139	PIP4P2	c3
1.21036254369927e-06	1.62148478575082	0.204	0.109	0.0160300415287532	MAN2A1	c3
1.79276735476543e-06	1.59834892765149	0.168	0.08	0.0237434108465133	SLC9A9	c3
3.13313957267455e-14	1.55516139530179	0.299	0.126	4.14953005005017e-10	MSL3	c3
3.63718715884221e-17	1.54189667359199	0.402	0.193	4.81709067317063e-13	ARID5B	c3
8.89978403219948e-11	1.53648313849732	0.244	0.107	1.1786873972245e-06	RASA3	c3
1.02733175938067e-07	1.5349722608779	0.201	0.095	0.00136059818212376	UGCG	c3
1.74944793505183e-07	1.47341561474437	0.186	0.083	0.00231696884518265	ITGA6	c3
3.55215115992328e-15	1.44459286423197	0.384	0.187	4.70446899620239e-11	LINC00861	c3
3.24781340707684e-08	1.44203969716619	0.183	0.078	0.000430140407633257	BTLA	c3
2.58807540252108e-07	1.43230259208081	0.04	0.003	0.00342764706309891	IL21	c3
2.4313774770331e-13	1.41861373518796	0.36	0.18	3.22011633058264e-09	AP3M2	c3
2.51732646298993e-08	1.4179500827966	0.177	0.071	0.000333394716758386	SGK1	c3
7.4349449510025e-17	1.41058224169147	0.451	0.243	9.84684109310771e-13	LDLRAP1	c3
2.74440998878908e-09	1.40848315600202	0.207	0.086	3.63469658915226e-05	PXN	c3
2.90902150787374e-08	1.39215527388151	0.223	0.106	0.000385270808502798	BACH2	c3
1.82493558169799e-11	1.38755500644745	0.326	0.166	2.41694468440081e-07	LINC01550	c3
5.4227510120483e-09	1.37966394328661	0.326	0.188	7.18189144035677e-05	CMTM8	c3
1.94126835945574e-07	1.37620366609258	0.259	0.145	0.00257101581526318	SFI1	c3
9.16131010784549e-10	1.31934242294007	0.314	0.17	1.21332391068306e-05	ZNF831	c3
1.71245753957493e-07	1.30240065744123	0.271	0.155	0.00226797876541304	RUNX1	c3
5.29096993554755e-20	1.30195285989698	0.479	0.227	7.00736058263917e-16	MAL	c3
1.7134231752662e-12	1.29691662924583	0.405	0.237	2.26925765332256e-08	TNIK	c3
2.26901061212268e-07	1.28629145360192	0.259	0.148	0.00300507765469527	MAML2	c3
2.68119661367971e-27	1.28052036252172	0.744	0.513	3.55097679515741e-23	FCMR	c3
1.34295924886033e-10	1.27498638108424	0.262	0.116	1.77861522919062e-06	TXK	c3
7.70559565743526e-07	1.24518586029902	0.201	0.1	0.0102052908887073	ETV6	c3
3.52653840872593e-09	1.2169529326547	0.338	0.203	4.67054746851663e-05	CNST	c3
2.33923300984359e-11	1.20538824526355	0.43	0.273	3.09808019823685e-07	RIPOR2	c3
1.0663180470635e-09	1.19810910360268	0.366	0.222	1.4122316215309e-05	CHMP7	c3
4.87681427156408e-21	1.1883101204009	0.604	0.378	6.45885282125947e-17	TMEM243	c3
1.27443571569073e-07	1.18819379596553	0.302	0.178	0.0016878626618608	NFATC1	c3
7.29224615224909e-21	1.18068990732877	0.655	0.434	9.65785080403869e-17	SOCS3	c3
2.24257355581483e-11	1.17806548575544	0.439	0.272	2.97006441732116e-07	CEMIP2	c3
5.86830324164195e-07	1.14140565741416	0.223	0.113	0.0077719808132306	APP	c3
4.80751159619321e-07	1.14140162354142	0.247	0.135	0.00636706835799829	BEX2	c3
4.48747024008042e-11	1.11074470053952	0.427	0.267	5.94320558596251e-07	SSH2	c3
1.23655311353875e-15	1.10847015214358	0.552	0.352	1.63769094357072e-11	FOXP1	c3
5.81110707488594e-10	1.10293492047955	0.442	0.289	7.69623020997894e-06	FKBP5	c3
2.04875676016468e-09	1.05552839679255	0.436	0.289	2.71337345316211e-05	ADD3	c3
1.3041059067926e-07	1.03849034543553	0.311	0.184	0.00172715786295612	SERINC5	c3
1.94396363543845e-15	1.01729563468204	0.674	0.545	2.57458543877468e-11	NOSIP	c3
9.16870594188654e-07	0.98804671855582	0.256	0.139	0.0121430341494345	CDC25B	c3
3.25627839493788e-07	0.971580191942994	0.387	0.26	0.00431261510625572	RASGRP2	c3
1.85859450409973e-18	0.9630512763904	0.741	0.548	2.46152256122968e-14	STAT3	c3
1.31858727030225e-13	0.959204624331543	0.521	0.327	1.7463369807883e-09	CD28	c3
2.85623918408009e-09	0.909244524481044	0.591	0.472	3.78280317539567e-05	PIK3IP1	c3
1.54690759060618e-06	0.892938480358155	0.485	0.402	0.0204872441299882	ABLIM1	c3
1.21125272641585e-07	0.867913481737468	0.399	0.263	0.00160418311086515	MTERF4	c3
3.17715203679329e-11	0.827344634010501	0.518	0.333	4.20782015752904e-07	JAK3	c3
2.7628651632839e-06	0.817173960311547	0.338	0.211	0.036591386222532	DGKZ	c3
9.09759255856341e-09	0.812557337093924	0.54	0.406	0.000120488515845614	DGKA	c3
5.47056271289178e-11	0.794369474225162	0.655	0.547	7.24521325695387e-07	NDFIP1	c3
3.06832331159072e-06	0.768820350271595	0.399	0.28	0.0406368739387074	TESPA1	c3
1.9114179620637e-18	0.744070309344675	0.909	0.841	2.53148194895716e-14	SLC2A3	c3
3.50639399551368e-06	0.738846708552995	0.479	0.373	0.0464386820765832	ATM	c3
1.08118914918958e-27	0.729135256980558	0.985	0.963	1.43192690918668e-23	JUNB	c3
8.91225630456324e-08	0.72799539440165	0.604	0.499	0.00118033922497636	DCXR	c3
3.39469002064498e-18	0.713404427531536	0.912	0.777	4.49592746334221e-14	LTB	c3
2.75419626244527e-08	0.700728696209068	0.695	0.562	0.000364765752998251	DDIT4	c3
8.9545504169938e-28	0.684772906548176	0.942	0.913	1.18594065722666e-23	LDHB	c3
1.98386474016723e-07	0.65945713529004	0.524	0.389	0.00262743046187748	ICAM2	c3
1.7844314809392e-35	0.644194837309932	1	1	2.36330105335587e-31	MALAT1	c3
7.89017411120954e-10	0.634073413395666	0.704	0.553	1.04497465928859e-05	GPR183	c3
2.6262655214028e-11	0.592246127781682	0.701	0.544	3.47822605654586e-07	CD27	c3
1.67372141201456e-08	0.583807253556348	0.762	0.664	0.000221667663807208	RHOH	c3
2.58159339898305e-06	0.576240599596687	0.613	0.513	0.0341906229761315	MCUB	c3
1.84480391385181e-09	0.573005091897341	0.744	0.625	2.44325830350534e-05	ST13	c3
2.28744126793883e-18	0.563534453975624	0.966	0.953	3.02948721525819e-14	FXYD5	c3
8.35425252782155e-55	0.547152444094916	0.994	1	1.10643720478469e-50	RPS8	c3
1.73353154113338e-07	0.533316854974724	0.689	0.579	0.00229588917307706	ITGB2	c3
2.3245203863198e-06	0.529900621950546	0.57	0.451	0.0307859479964195	ZNF331	c3
4.4446596336894e-07	0.51516230669337	0.716	0.62	0.00588650721885824	TNFAIP8	c3
4.54179988540988e-11	0.48575436726542	0.893	0.829	6.01515976823685e-07	LIMD2	c3
4.5247152573806e-07	0.473168568155713	0.93	0.908	0.00599253288687487	FYB1	c3
2.70424955710841e-38	0.472509334487955	0.994	0.999	3.58150811343438e-34	RPL22	c3
1.3042887120121e-34	0.453635619943531	0.994	0.999	1.72739997018882e-30	RPL21	c3
3.26815745432402e-09	0.448376352717189	0.854	0.84	4.32834773250674e-05	EIF3E	c3
6.77423898387543e-08	0.441564531299849	0.857	0.815	0.000897180211024461	SF1	c3
1.03014912092903e-42	0.434099114898416	0.997	0.999	1.36432949575841e-38	RPS13	c3
2.3434891453345e-06	0.423073281743357	0.841	0.836	0.0310371702408101	CIRBP	c3
4.43620418206818e-46	0.421709159018878	0.997	1	5.87530881873109e-42	RPL32	c3
1.22914553159638e-29	0.415418115092081	0.994	0.998	1.62788034204625e-25	RPL9	c3
2.71638519799597e-06	0.413164948863092	0.838	0.789	0.0359758055622587	SRSF5	c3
2.97487755034252e-49	0.411768503967045	0.997	1	3.93992782767363e-45	RPL11	c3
3.0522798371166e-47	0.411380907770288	1	1	4.04243941627723e-43	RPS3A	c3
7.02489390201617e-48	0.409440936719763	0.994	1	9.30376948383021e-44	RPL30	c3
4.03026379066444e-46	0.392328564978301	0.994	1	5.33768136435599e-42	RPL19	c3
9.73353450412554e-20	0.387398217673543	0.991	0.994	1.28910930972639e-15	EEF1B2	c3
1.56237239095987e-22	0.387008405827152	0.997	0.993	2.06920599458725e-18	EEF1D	c3
1.91523849286674e-19	0.383670734383938	0.994	0.992	2.53654185995271e-15	EEF1G	c3
8.57995359609065e-27	0.38108590987351	0.994	0.997	1.13632905426625e-22	RPL24	c3
1.2581786308532e-24	0.379642107680366	0.997	0.999	1.66633177870198e-20	RPL5	c3
4.23350466662929e-07	0.378585851706541	0.841	0.822	0.00560685358048383	EIF3H	c3
2.8611058675695e-28	0.376376155730901	0.997	1	3.78924861100905e-24	RPS6	c3
5.78546028288279e-40	0.368671609620051	0.997	1	7.66226359864997e-36	RPL13	c3
2.02067195838985e-31	0.368333275797471	0.994	0.999	2.67617794169152e-27	RPS28	c3
5.34189202218008e-31	0.368088850873995	0.994	1	7.07480179417529e-27	RPL18A	c3
7.55238005059741e-36	0.36742243599617	0.994	0.999	1.00023721390112e-31	RPS23	c3
1.37012709534499e-29	0.367185806827296	1	1	1.8145963250749e-25	RPS12	c3
5.18062124221775e-25	0.365137618886891	0.994	0.999	6.86121477319319e-21	NACA	c3
4.59781599799714e-14	0.364573801847512	0.991	0.995	6.08934750774742e-10	SARAF	c3
4.40816716099535e-24	0.352035497228383	0.985	1	5.83817658802224e-20	RPS9	c3
5.68758408495819e-15	0.346482260950139	0.982	0.986	7.53263636211863e-11	RPL7	c3
1.35349879695687e-26	0.343445963961996	0.994	0.999	1.79257380668968e-22	RPL35A	c3
8.18994319008649e-26	0.336962800998792	0.997	1	1.08467607609505e-21	RPS27	c3
1.59434128455231e-06	0.324626062016547	0.872	0.906	0.0211154559726108	NOP53	c3
1.00832613020265e-24	0.322369999768583	0.994	0.999	1.33542712684039e-20	RPS14	c3
1.13068502171258e-08	0.319955583035876	0.991	0.997	0.000149747924275615	BTG1	c3
3.00112719892513e-06	0.314546073862957	0.869	0.861	0.0397469286225644	RPL23	c3
3.72748117808049e-20	0.313020962642997	0.994	1	4.9366760722498e-16	RPS16	c3
1.41242630697604e-22	0.311778792265155	0.994	1	1.87061740095907e-18	RPL34	c3
4.63775752634312e-17	0.308771285263133	0.994	0.997	6.14224606788883e-13	RPL36	c3
1.44534259916761e-35	0.307053278347122	0.994	1	1.91421173833758e-31	RPS15A	c3
3.73784486184798e-25	0.306324295146069	0.997	1	4.95040173503146e-21	RPL18	c3
3.56810181121759e-17	0.305351992345531	0.988	0.999	4.72559403877658e-13	RPS5	c3
5.56607035150958e-24	0.300120976927265	0.997	0.999	7.37170357353929e-20	RPL29	c3
8.43426748984352e-18	0.290937456003232	0.997	0.999	1.11703438635488e-13	RPS18	c3
5.09819626282461e-11	0.288934514454737	0.988	0.991	6.75205113048491e-07	RPL4	c3
1.53248411317313e-21	0.284855373803398	0.994	0.999	2.02962195948649e-17	RPS25	c3
1.01338393749842e-19	0.282256645857405	0.994	0.999	1.34212568682291e-15	RPL37	c3
8.47881353170802e-08	0.280325435776911	0.924	0.946	0.00112293406413941	RPS20	c3
5.04222152369856e-19	0.279968581117854	0.991	1	6.67791818598638e-15	RPL3	c3
3.46129641419995e-16	0.266449356744074	0.997	1	4.58414097096641e-12	RPL12	c3
3.54009978401731e-11	0.26150653285124	0.985	0.998	4.68850815395253e-07	RPL13A	c3
4.02231474172705e-11	0.250629937672752	0.994	1	5.3271536439433e-07	RPL10A	c3
3.45512672617285e-07	0.248270683889824	0.979	0.981	0.00457596983614333	IFITM1	c3
2.53393537733173e-20	0.245983688616922	0.997	1	3.35594401373814e-16	RPS27A	c3
7.3011243740647e-15	0.244034782401813	0.994	0.999	9.6696091210113e-11	RPL8	c3
8.51666391099806e-18	0.235509998434197	1	1	1.12794696837258e-13	RPS15	c3
1.69686725511248e-07	0.23439604619052	0.976	0.985	0.00224733099267096	NPM1	c3
1.58477097184782e-09	0.233584860882468	0.976	0.992	2.09887067511525e-05	PFDN5	c3
3.21489967499081e-20	0.230682233046871	1	1	4.25781312955783e-16	RPS3	c3
8.55892365543376e-14	0.222941550530278	0.994	0.999	1.13354384892565e-09	RPLP2	c3
1.04311521071138e-14	0.221844161982761	0.997	1	1.38150178506615e-10	RPL26	c3
1.14081928148339e-12	0.220871316159085	0.997	1	1.5109010563966e-08	RPL39	c3
3.15920455013463e-12	0.217493705528321	0.994	0.999	4.1840505061983e-08	RPL6	c3
1.78592842740019e-14	0.216068777951617	0.997	1	2.36528360924881e-10	RPL10	c3
1.20656220255433e-07	0.215941141408815	0.988	0.994	0.00159797098106296	PABPC1	c3
5.14260385623302e-11	0.211859337458393	0.994	1	6.81086454719501e-07	RPS4X	c3
3.65295224099432e-11	0.210450580036881	0.997	0.998	4.83796994797288e-07	RPL14	c3
3.66653465016406e-08	0.202282468861664	0.994	0.998	0.000485595849067728	RACK1	c3
1.60050397862576e-06	0.201349260661863	0.991	0.994	0.0211970746929196	RPS29	c3
4.00574602370217e-13	0.199929478528941	0.997	1	5.30521003379116e-09	FAU	c3
1.02760141539133e-09	0.199832223799659	0.997	1	1.36095531454428e-05	RPL15	c3
1.53987829829025e-06	0.197001602419651	0.991	0.995	0.020394148182556	RPL37A	c3
1.23176479028913e-07	0.19391451340524	0.997	0.998	0.00163134928825893	RPS21	c3
5.03616759383294e-08	0.191503303486307	1	1	0.000666990036127234	RPS2	c3
6.73022410388331e-11	0.189757951551345	0.997	0.999	8.91350880318306e-07	RPL23A	c3
3.87811275434705e-14	0.186283088603557	0.997	1	5.13617253185723e-10	RPL28	c3
9.92423553498748e-12	0.183410309689771	0.994	1	1.31436575425374e-07	RPS7	c3
7.60731200406556e-11	0.15906088685494	0.994	1	1.00751240181844e-06	EEF1A1	c3
2.36738155195112e-19	-10.1093820760037	0	0.21	3.13536012740406e-15	XCL1	c3
1.33423332538988e-30	-9.39984836877745	0.012	0.333	1.76705861614636e-26	CCL4	c3
7.60037567474629e-07	-8.31159743631699	0	0.071	0.010065937543634	CSF2	c3
2.18138466294269e-18	-8.20386460849831	0.006	0.21	2.8890258476013e-14	XCL2	c3
5.38317110496653e-06	-7.94997413646229	0	0.06	0.0712947181141767	CCL3	c3
1.2254347023927e-18	-7.74947247814124	0	0.203	1.62296571984889e-14	CD160	c3
1.98947611999543e-11	-7.65045677525275	0	0.125	2.63486217332195e-07	TRGV2	c3
1.69902580980407e-35	-7.2281964173098	0.027	0.389	2.25018978250452e-31	GZMA	c3
2.97083395248769e-10	-7.15024197193965	0	0.111	3.9345724866747e-06	KLRC3	c3
3.45461830531446e-07	-7.08908972782007	0	0.075	0.00457529648355847	KIR2DL4	c3
1.53252947686677e-09	-7.06385011412744	0	0.103	2.02968203916235e-05	GZMH	c3
1.65608681170263e-15	-6.92379390361869	0.003	0.176	2.19332137341896e-11	GZMB	c3
1.16372579291763e-08	-6.7912456311533	0	0.093	0.00015412384401401	KLRC2	c3
1.90814989258306e-07	-6.78146735610016	0	0.078	0.002527153717737	TRGV8	c3
1.29537326361002e-54	-6.44040089708743	0.024	0.523	1.71559235032511e-50	NKG7	c3
0.012608310056265	-6.39684597015239	0	0.019	1	TRDV2	c3
9.51265073242962e-09	-5.81788097149837	0	0.094	0.000125985546300298	GPR55	c3
0.000126794867456166	5.80520437566148	0.015	0	1	TSHR	c3
0.000611471507202937	5.76252253729787	0.012	0	1	LHFPL6	c3
0.00263216628395295	-5.74238275652961	0	0.027	1	TYROBP	c3
5.80493620439044e-24	-5.73241200505114	0.009	0.271	7.6880575090947e-20	FASLG	c3
3.68058948954353e-57	-5.6799466115469	0.027	0.544	4.87457271995146e-53	HOPX	c3
0.000126794867456166	5.6185906346683	0.015	0	1	ENC1	c3
2.06194648094154e-06	-5.57639187112067	0.003	0.072	0.0273084191935898	TRGV4	c3
0.000611471507202937	5.52705848236072	0.012	0	1	CTTN	c3
3.0880906757743e-11	-5.50414423756733	0.006	0.134	4.08986729099548e-07	ZNF683	c3
1.37007169375258e-06	-5.50076671938589	0	0.068	0.0181452295120592	ATP8B4	c3
2.66700135952231e-05	5.49302812993774	0.018	0	0.353217660055135	RAI2	c3
2.66700135952231e-05	5.43526375859093	0.018	0	0.353217660055135	LCN10	c3
2.02736641962983e-06	-5.42833192909304	0	0.066	0.0268504408615775	EPAS1	c3
7.60037567474629e-07	-5.39719796122062	0	0.071	0.010065937543634	APOBEC3H	c3
1.66678061280163e-06	-5.35042029565757	0	0.067	0.0220748424359448	NMUR1	c3
5.38316984144367e-06	-5.33984608671818	0	0.06	0.0712947013800799	CA10	c3
1.82395024529887e-19	-5.33245004848013	0.037	0.27	2.41563970487383e-15	IFNG	c3
1.44051235588294e-23	-5.31508879085835	0.012	0.272	1.90781456413136e-19	KLRD1	c3
0.000126794867456166	5.25135600957124	0.015	0	1	HSPA12A	c3
9.03003232635116e-07	-5.218895016928	0.003	0.076	0.0119593748130195	TRGV7	c3
5.66313669683168e-06	5.13035225262653	0.021	0	0.0750025824128388	AC008771.1	c3
0.000126794867456166	5.12005008396293	0.015	0	1	AC234772.2	c3
1.72843493048127e-05	-5.0971012740506	0	0.054	0.228913922192939	FES	c3
5.79583062622573e-16	-5.05693142078941	0.006	0.186	7.67599808137336e-12	SLAMF7	c3
9.65242058682671e-06	-5.01674329455113	0	0.057	0.127836658251933	PIK3AP1	c3
0.000258795033605377	-5.00712696957761	0	0.04	1	SLC4A10	c3
0.000126794867456166	4.99793382232881	0.015	0	1	PKIB	c3
1.42355697694202e-05	-4.97615399049486	0	0.055	0.188535886026201	AC103702.2	c3
0.000126794867456166	4.96912801786228	0.015	0	1	GLIS3	c3
0.000258795093706725	-4.92722316558238	0	0.04	1	THBS1	c3
0.0010957863037164	4.86043023468804	0.015	0.001	1	ANKS1B	c3
0.000119609751581266	-4.84211692192644	0	0.044	1	ADGRG1	c3
2.40768601634817e-06	-4.75503127104925	0.006	0.077	0.0318873936005152	TRGV9	c3
1.47502547891322e-08	-4.73910978678467	0.006	0.103	0.000195352374427267	MGLL	c3
0.00849632365794698	-4.73858099622599	0	0.021	1	SH2D1B	c3
4.34627897618544e-106	-4.73347355386554	0.113	0.852	5.75621187606e-102	CCL5	c3
0.00504344361857088	4.72002721324171	0.012	0.001	1	AVIL	c3
1.34259494784147e-16	-4.71949533317253	0.009	0.199	1.77813274892124e-12	CLIC3	c3
1.10598196188378e-09	-4.69293907414785	0.006	0.117	1.46476251031888e-05	CRTAM	c3
0.000119609751581266	-4.67923184829645	0	0.044	1	KIFC3	c3
1.41344842690613e-12	-4.66707868704424	0.003	0.145	1.87197109659448e-08	TRGC2	c3
0.000290732263773261	4.64724408211996	0.021	0.002	1	SMAD1	c3
9.86106405332155e-05	-4.6429298917792	0	0.045	1	SLC27A2	c3
0.000611471507202937	4.60421385792766	0.012	0	1	ARHGEF11	c3
5.52350043827041e-05	-4.59972329728243	0	0.048	0.731532398044533	F8	c3
0.000611471507202937	4.57590721900458	0.012	0	1	AC112721.2	c3
6.70118646549739e-05	-4.56961073169029	0	0.047	0.887505135490475	SCUBE1	c3
0.000461644965667198	-4.55330380531387	0	0.036	1	ZDHHC14	c3
1.76969729566767e-12	-4.51625632331578	0.006	0.149	2.34378709838226e-08	DAPK2	c3
0.000611471507202937	4.4880723277786	0.012	0	1	NUDT12	c3
0.000241136071430218	4.44567041272041	0.018	0.001	1	CCR8	c3
2.0015866573265e-09	-4.42909700289393	0.003	0.108	2.65090136896321e-05	IL9R	c3
4.5947464445982e-05	-4.4101220396318	0.003	0.055	0.608528219122586	EDARADD	c3
1.15906345744703e-05	4.40037428824462	0.024	0.001	0.153506364304285	RGMB	c3
1.57331028483979e-10	-4.38916364527931	0.006	0.127	2.08369214124181e-06	CEBPD	c3
0.000679130949613395	-4.38567832719989	0	0.034	1	SLC7A4	c3
4.70344282758192e-05	-4.3190569415354	0.003	0.055	0.622923968084949	AC068775.1	c3
2.55163453294055e-07	-4.30562593370663	0.003	0.083	0.00337938477542647	GNLY	c3
1.92948312835287e-08	-4.2906248572589	0.003	0.097	0.000255540745519054	ADRB2	c3
0.0127338460470903	-4.27742615769055	0.003	0.025	1	FCER1G	c3
5.24530639225754e-05	4.26540054032505	0.021	0.001	0.694688378590588	ALS2CL	c3
0.000559909875441438	-4.23337589955853	0	0.035	1	SCD5	c3
0.0017857865812326	-4.22902607503759	0	0.029	1	MSC	c3
0.000679130949613395	-4.16622191219814	0	0.034	1	DOCK5	c3
0.063829964754102	-4.16260566308508	0	0.01	1	KIR2DL3	c3
0.138343464715428	-4.12660587549852	0.003	0.012	1	TRDV3	c3
1.3472870516386e-08	-4.1258402654508	0.006	0.104	0.000178434697119017	PDE4A	c3
0.00216780523749006	-4.12446061721425	0	0.028	1	LTK	c3
0.0010957863037164	4.10515632806077	0.015	0.001	1	IL6R-AS1	c3
0.00319686366751135	-4.07071509914482	0	0.026	1	EMP1	c3
4.47089044045125e-07	-4.06664992678562	0.003	0.08	0.00592124729933363	JAKMIP1	c3
1.63354684600955e-14	-4.05285825432581	0.009	0.177	2.16346944285505e-10	IL18RAP	c3
0.00501999310005722	4.02126669120033	0.015	0.002	1	XXYLT1-AS2	c3
2.37172071050481e-33	-4.01772924432438	0.034	0.391	3.14110690899257e-29	CXCR6	c3
1.72799471939026e-11	-3.99914672310994	0.009	0.144	2.28855620636045e-07	GPR34	c3
1.21971106255267e-30	-3.98624343172617	0.052	0.386	1.61538533124475e-26	CD8A	c3
3.27575301183461e-05	-3.96316102901389	0.003	0.057	0.433840728887375	GFPT2	c3
0.000297502388161221	3.94741179926285	0.021	0.002	1	TBC1D8	c3
5.79437396760759e-13	-3.92787699604656	0.009	0.16	7.67406888269949e-09	CCR2	c3
0.00319686366751135	-3.8954856236594	0	0.026	1	ADRB1	c3
0.00168410176049097	-3.88078356527181	0.006	0.042	1	KLRC1	c3
1.04653245890825e-12	-3.87918176173665	0.04	0.204	1.38602758857809e-08	LINC02446	c3
1.56636296448786e-07	-3.86531521698582	0.006	0.092	0.00207449111016772	IL23R	c3
0.0153763747239569	-3.85506198550938	0	0.018	1	AC243829.4	c3
2.20874972457077e-11	-3.85233477621275	0.009	0.143	2.92526813522153e-07	CD9	c3
0.00388391879705467	-3.84887911464042	0	0.025	1	YPEL1	c3
0.00263216628395295	-3.84596883860564	0	0.027	1	FKBP1B	c3
5.6724154795057e-29	-3.84528966773913	0.098	0.43	7.51254706105735e-25	TNF	c3
0.00499374469359907	3.83936673867933	0.012	0.001	1	AC009118.3	c3
0.00216780574359783	-3.83871745824032	0	0.028	1	ADGRG5	c3
0.00573915158654004	-3.80446270519017	0	0.023	1	B3GNT8	c3
0.012608310056265	-3.80318838052553	0	0.019	1	VCAM1	c3
0.000179635844523509	-3.79751858000612	0.003	0.048	1	TPBG	c3
1.05308168508674e-55	-3.79572017476909	0.061	0.581	1.39470138372887e-51	LGALS3	c3
0.00111281741796022	3.79088579387443	0.015	0.001	1	RNFT2	c3
0.00319686366751135	-3.76388852773707	0	0.026	1	CCR1	c3
0.00122223085815863	3.76381831993699	0.018	0.002	1	GPC2	c3
3.90464136530637e-05	-3.76202217463475	0.003	0.056	0.517130702421175	KLRC4	c3
0.00849632365794698	-3.75840343272028	0	0.021	1	IL5RA	c3
0.000241136071430218	3.75433086920791	0.018	0.001	1	GAL3ST4	c3
0.00849632365794698	-3.75400450406709	0	0.021	1	CA2	c3
4.17944496107653e-12	-3.75007123751685	0.015	0.16	5.53525690644975e-08	TMEM273	c3
2.95617840760095e-05	-3.74384510939229	0.006	0.063	0.39151626830267	TOGARAM2	c3
0.00499374469359907	3.73340726504113	0.012	0.001	1	SSTR3	c3
0.000690659949797507	-3.72092020545661	0.003	0.041	1	CYP4F22	c3
0.00388391879705467	-3.71724959141436	0	0.025	1	GOLIM4	c3
2.72332515776955e-53	-3.68724734203482	0.082	0.583	3.60677183894999e-49	LINC01871	c3
0.0421593453353191	-3.68539336138438	0	0.012	1	IFI27	c3
0.00499374469359907	3.68321226229957	0.012	0.001	1	MCTP1	c3
0.0433372235989568	-3.68201835882424	0.006	0.024	1	IL17A	c3
0.012608310056265	-3.65208495156464	0	0.019	1	PDP2	c3
0.0199244262872598	3.6427370792022	0.012	0.002	1	AC124068.2	c3
1.61821343185336e-05	3.63139014315088	0.027	0.002	0.214316186914659	GPR146	c3
9.39381886459238e-05	-3.62401958136644	0.006	0.057	1	AC004817.3	c3
0.0103465680488281	-3.58022375645571	0	0.02	1	BAIAP3	c3
0.00849632365794698	-3.57407221180962	0	0.021	1	AC007952.4	c3
0.00030163504583449	3.55338793667587	0.021	0.002	1	AC008735.2	c3
3.93834146610764e-19	-3.52797796573755	0.04	0.273	5.21593943771295e-15	TNFSF9	c3
1.81237209799022e-06	-3.52382856222439	0.009	0.084	0.0240030560657825	FCRL6	c3
0.00110711337244349	3.51563265565482	0.015	0.001	1	SEC24B-AS1	c3
0.0229328020196366	-3.51531972763835	0	0.016	1	TMEM136	c3
0.012608310056265	-3.50861299514586	0	0.019	1	AC008035.1	c3
0.012608310056265	-3.49884556354532	0	0.019	1	KIAA1841	c3
0.00506846039155716	3.49620443406624	0.012	0.001	1	NFIX	c3
0.00698112273739728	-3.49438174921682	0	0.022	1	STYK1	c3
0.00110143637311062	3.49278543434764	0.015	0.001	1	C19orf38	c3
1.6420594698091e-05	3.48942570244343	0.027	0.002	0.217474356181517	ENPP2	c3
7.42743245078244e-05	3.48178278366518	0.027	0.003	0.983689153781626	POU2AF1	c3
1.72628718175543e-08	-3.48026218110382	0.012	0.114	0.000228629474351689	CAPN12	c3
2.21472523521565e-12	-3.47965137823888	0.03	0.188	2.93318210151961e-08	TRGV10	c3
2.45699614709866e-05	-3.47508362567542	0.006	0.065	0.325404569721747	LINC002481	c3
0.000144232769649656	-3.4729362386315	0.006	0.055	1	LAT2	c3
0.012608310056265	-3.4710511191337	0	0.019	1	NCAM1	c3
3.93858874492828e-36	-3.46413863842819	0.067	0.45	5.21626693378302e-32	ITGA1	c3
0.012608310056265	-3.46409640313586	0	0.019	1	MAPK12	c3
0.00499374469359907	3.46236848998772	0.012	0.001	1	AC090948.1	c3
0.0280533899228561	-3.45873470261238	0	0.015	1	KLHL23	c3
0.00849632365794698	-3.4512164879059	0	0.021	1	FSD1L	c3
0.00501999310005722	3.45093163596062	0.015	0.002	1	EVI5	c3
0.00698112273739728	-3.44390335036872	0	0.022	1	NCR1	c3
0.0187687510573145	-3.43108850313177	0	0.017	1	RAB38	c3
1.22039415898264e-15	-3.42783366105194	0.021	0.211	1.61629002415661e-11	AUTS2	c3
0.00698112273739728	-3.42319428908018	0	0.022	1	LINC00092	c3
0.00339372208252806	3.42205321317579	0.021	0.004	1	HACD1	c3
0.0153763747239569	-3.41760685201997	0	0.018	1	SPINDOC	c3
0.00849632164660632	-3.41076863481908	0	0.021	1	PER3	c3
0.012608310056265	-3.40986424459208	0	0.019	1	NAT1	c3
1.58651211381014e-05	-3.40841834665356	0.003	0.061	0.210117664353015	ARHGEF40	c3
0.063829964754102	-3.39985129571053	0	0.01	1	FCGR3A	c3
0.00103399927065101	-3.39888648978942	0.003	0.039	1	SLC2A8	c3
0.000294321078965792	3.39373313618391	0.024	0.003	1	FGFR1	c3
0.0153763747239569	-3.39122311215675	0	0.018	1	ANKS1A	c3
0.00122764598357779	3.38697558014995	0.018	0.002	1	MTURN	c3
8.12625198895309e-22	-3.37277139637581	0.046	0.305	1.07624081341695e-17	MYBL1	c3
0.0280533899228561	-3.37095030615019	0	0.015	1	PRSS35	c3
0.012608310056265	-3.35649238494092	0	0.019	1	TRBJ2-1	c3
0.00501853853108111	3.35350486315992	0.012	0.001	1	ZNF491	c3
0.0153763747239569	-3.34593098813167	0	0.018	1	MMP23B	c3
0.00573915158654004	-3.34328054724498	0	0.023	1	LINC00996	c3
0.0229328020196366	-3.34238122136574	0	0.016	1	CD68	c3
1.59210631772063e-08	-3.33157830665042	0.006	0.104	0.00021085856071892	KLRK1	c3
0.0126083070509732	-3.32730438196017	0	0.019	1	WWTR1	c3
0.0280533899228561	-3.32248510880934	0	0.015	1	PHETA2	c3
0.000403893323503153	-3.31729909013462	0.003	0.044	1	ENPP5	c3
0.00111281741796022	3.31660086747221	0.015	0.001	1	CELA1	c3
4.2948100769554e-41	-3.30288525691214	0.088	0.515	5.68804646591973e-37	LGALS1	c3
0.00504344361857088	3.30286657925419	0.012	0.001	1	SH2B2	c3
0.00111854862634468	3.29557807525119	0.015	0.001	1	ZBED3	c3
0.012608310056265	-3.28849445811967	0	0.019	1	AHRR	c3
0.0343636329575093	-3.28544511583824	0	0.014	1	SNX33	c3
0.0343636329575093	-3.27813169764302	0	0.014	1	KLRC4-KLRK1	c3
0.0153763747239569	-3.27421334564379	0	0.018	1	DRAM1	c3
4.43843900232757e-06	3.25858426017404	0.034	0.003	0.0587826861468264	PNPLA7	c3
0.00124402459093311	3.25729052964874	0.018	0.002	1	ZWINT	c3
0.0518187522226597	-3.25519439440469	0	0.011	1	SPRY2	c3
4.81197563391855e-06	-3.2541689632068	0.009	0.079	0.0637298052956173	RORC	c3
0.0153763747239569	-3.25276596825461	0	0.018	1	LRP8	c3
0.00849632365794698	-3.23212730570997	0	0.021	1	AL122035.1	c3
0.0187687510573145	-3.22889419271715	0	0.017	1	GSTA4	c3
6.88575573284746e-06	3.22213056653187	0.049	0.009	0.0911949489258318	RTKN2	c3
0.000516499579304943	3.22056903516311	0.046	0.014	1	CD79A	c3
0.0343636329575093	-3.21726552473449	0	0.014	1	SYNGR1	c3
0.00124402459093311	3.20727642436659	0.018	0.002	1	ABHD14A-ACY1	c3
0.0153763747239569	-3.2069398358089	0	0.018	1	MKI67	c3
2.63171881043758e-05	-3.205946673305	0.006	0.065	0.348544839254353	AKAP5	c3
7.16646580258369e-05	3.19701512502612	0.024	0.002	0.949126730894184	MAP7	c3
0.0280533899228561	-3.17413531664453	0	0.015	1	ADAM12	c3
6.12685051169297e-05	-3.16731920838462	0.003	0.054	0.811440081768617	COLQ	c3
0.00126512586551351	-3.16599152679375	0.003	0.037	1	CD70	c3
0.0229328020196366	-3.16244944519735	0	0.016	1	NECTIN2	c3
2.31789251563186e-06	-3.16115897223794	0.012	0.089	0.0306981684770284	TRGV5	c3
1.339199800165e-10	-3.15729094743668	0.018	0.15	1.77363621533853e-06	GAB3	c3
1.48234535130783e-11	-3.15560558943776	0.009	0.146	1.96321818327209e-07	CCR5	c3
0.00113542457603687	-3.15451199049847	0.006	0.044	1	IL17RE	c3
0.0187687510573145	-3.15256705118474	0	0.017	1	LINC01358	c3
0.063829964754102	-3.14383431183076	0	0.01	1	KRT86	c3
0.0187687510573145	-3.13661158259704	0	0.017	1	NFIL3	c3
0.0229328020196366	-3.13386212445433	0	0.016	1	TTYH3	c3
1.32313124890022e-11	-3.10398666755569	0.018	0.161	1.75235502604346e-07	CD244	c3
7.37809508810241e-05	-3.09567606418681	0.003	0.053	0.977154913468283	SEMA7A	c3
1.03834386680237e-08	-3.07492169760929	0.015	0.123	0.000137518261719306	PTGDR	c3
0.0343636329575093	-3.06310945767145	0	0.014	1	DRAXIN	c3
0.00155754388717128	-3.06293798176054	0.003	0.036	1	IFNL1	c3
0.0154523592801148	3.06017618687786	0.015	0.003	1	C3orf52	c3
0.0343636329575093	-3.05515206492277	0	0.014	1	RAB11FIP3	c3
0.0280533899228561	-3.04408806136605	0	0.015	1	CRACR2B	c3
0.000499391121106948	-3.03300619954546	0.003	0.043	1	NPM2	c3
0.0518187522226597	-3.03244796412394	0	0.011	1	SYNM	c3
0.0280533899228561	-3.02903320049569	0	0.015	1	C20orf96	c3
1.83822153296523e-05	3.02673939846198	0.034	0.004	0.243454059825915	CNKSR2	c3
0.000100516937836828	-3.01102238349671	0.006	0.057	1	KATNAL1	c3
0.0199244262872598	3.01012426336345	0.012	0.002	1	ZNF460-AS1	c3
0.0280533899228561	-3.00292253853336	0	0.015	1	CLIP2	c3
0.00104914645595577	-2.99831657700604	0.003	0.039	1	LINC00265	c3
0.0343636329575093	-2.98659010559038	0	0.014	1	JAG2	c3
0.0343636329575093	-2.98525482445757	0	0.014	1	GOLGA6L4	c3
7.14010347377099e-05	2.9713202265698	0.03	0.004	0.94563530406623	LINC00891	c3
0.0518187522226597	-2.96270736088192	0	0.011	1	PDE6G	c3
0.0343636329575093	-2.96270507027138	0	0.014	1	MARCH10	c3
0.00328959626601922	-2.96250748667766	0.003	0.032	1	CLCF1	c3
0.015722889526115	2.94816613967132	0.015	0.003	1	HIST1H4B	c3
6.18855422520143e-05	2.94087330449509	0.034	0.005	0.819612121585678	FAM169A	c3
0.00128361528170844	-2.93566744715775	0.003	0.037	1	TGFBR3L	c3
0.0518187522226597	-2.93497626318535	0	0.011	1	SLC22A15	c3
0.00228417087153391	-2.93281588698566	0.003	0.034	1	LTC4S	c3
0.00508342271393759	2.92086969987944	0.015	0.002	1	AC005224.3	c3
0.0343636329575093	-2.91872602691001	0	0.014	1	TRIM7	c3
8.95200701194047e-06	-2.90854264262386	0.006	0.071	0.11856038086614	LIMK1	c3
0.0199244262872598	2.89752044528554	0.012	0.002	1	PIK3IP1-AS1	c3
0.049197013114948	2.88740554364065	0.018	0.006	1	TMEM45B	c3
0.0421593453353191	-2.88501371983113	0	0.012	1	KLHL4	c3
0.0200019728076791	2.88416358929213	0.012	0.002	1	ATP6V1G2	c3
0.063829964754102	-2.88347214224364	0	0.01	1	AC104958.1	c3
0.0200797826367292	2.87309377005294	0.012	0.002	1	LRP6	c3
0.0115375773986857	2.86788112716834	0.018	0.004	1	NIPAL2	c3
0.00026034292591843	2.86744060468028	0.027	0.004	1	TKTL1	c3
0.0343636329575093	-2.86584183073786	0	0.014	1	DPY19L2	c3
0.0343636329575093	-2.86375406655046	0	0.014	1	GSN	c3
0.0720021874335455	2.86081560072654	0.015	0.005	1	RORA-AS1	c3
0.00401817186646918	-2.85430146472035	0.003	0.031	1	PCOLCE	c3
6.20918952763722e-25	-2.84326548867778	0.049	0.348	8.22345061040274e-21	LAG3	c3
0.0025858425125959	2.84156588823164	0.024	0.005	1	USP6NL	c3
0.0280533899228561	-2.8367805092442	0	0.015	1	ABTB2	c3
0.0518187522226597	-2.83178307936369	0	0.011	1	P4HA2	c3
0.00506219946362343	2.82988610552244	0.015	0.002	1	PANK1	c3
0.00126060477314438	2.82885418580817	0.018	0.002	1	SOCS6	c3
0.00157047613800001	-2.8188322669649	0.003	0.036	1	TRGC1	c3
0.00191157125586173	2.81828241405888	0.027	0.006	1	MAPT	c3
0.000322567993940484	-2.81148800892514	0.006	0.051	1	METRNL	c3
2.99443459335918e-06	-2.80711938059766	0.015	0.093	0.039658291754449	IL4I1	c3
0.0338278754912642	-2.80611578883117	0.003	0.02	1	SLC4A4	c3
0.00126617668148213	2.80400093496396	0.018	0.002	1	MYB	c3
0.0518187522226597	-2.79964823356183	0	0.011	1	C9orf66	c3
0.000970192261774898	-2.7894100227421	0.012	0.055	1	ATP1B1	c3
0.0413311033674671	-2.78469331819944	0.003	0.019	1	PIF1	c3
0.00506846039155716	2.78278042419875	0.012	0.001	1	AEBP1	c3
0.0518187522226597	-2.78207622170352	0	0.011	1	RAPGEF5	c3
2.71176102038288e-15	-2.77272693785071	0.024	0.216	3.59145629539509e-11	F2R	c3
4.62521937029833e-06	2.76769472701766	0.034	0.003	0.0612564053402311	F5	c3
0.0201578565027035	2.76686460331889	0.012	0.002	1	EBLN2	c3
0.00301504089749072	-2.75768040638927	0.006	0.039	1	PIANP	c3
0.000124375767002933	2.75379962397389	0.046	0.011	1	ZC2HC1A	c3
0.00333726728310645	-2.75227606216088	0.003	0.032	1	ARHGEF12	c3
0.00151432025605176	2.74051637025246	0.03	0.007	1	GRASP	c3
0.00344111991830995	2.73008433149599	0.021	0.004	1	LINC01480	c3
3.40152516926958e-20	-2.71950470535877	0.058	0.313	4.50497993418063e-16	CD8B	c3
1.23723986836716e-29	-2.71885665553548	0.122	0.463	1.63860048166547e-25	PRF1	c3
0.00486869590689329	-2.71786335691887	0.003	0.03	1	AC105446.1	c3
0.00437493211989375	2.70582897060384	0.018	0.003	1	EDA	c3
0.00600974681068178	-2.70576675829595	0.003	0.029	1	TLE1	c3
0.063829964754102	-2.70276761765269	0	0.01	1	ETFBKMT	c3
0.0518187522226597	-2.70161547623718	0	0.011	1	FAM72A	c3
0.063829964754102	-2.7001063235185	0	0.01	1	SGCE	c3
3.47810285075345e-19	-2.69972137530828	0.098	0.349	4.60639941553787e-15	AC020571.1	c3
9.62773120592298e-06	-2.69806818833256	0.015	0.086	0.127509672091244	DBN1	c3
0.063829964754102	-2.69758305677517	0	0.01	1	KANK3	c3
0.063829964754102	-2.69118239303044	0	0.01	1	FGD4	c3
0.063829964754102	-2.68862147136879	0	0.01	1	AC091057.6	c3
5.06907328883721e-45	-2.68362980286016	0.131	0.584	6.713480663736e-41	CD63	c3
0.00191355611997354	-2.6807179392382	0.003	0.035	1	PSEN2	c3
1.59669542299699e-42	-2.67874226469978	0.125	0.561	2.11466341821722e-38	CAPG	c3
7.03914142894975e-28	-2.66041764170946	0.098	0.431	9.32263890850105e-24	EGR1	c3
6.25929687966044e-05	2.65540514413602	0.034	0.005	0.828981278742229	SLC16A10	c3
0.0200797826367292	2.65535995206263	0.012	0.002	1	SEPT7-AS1	c3
1.60130190436755e-13	-2.65058348420283	0.046	0.225	2.12076424214438e-09	ABCB1	c3
0.0518187522226597	-2.64730613653782	0	0.011	1	PPM1L	c3
0.00593167455164827	2.64354534793068	0.024	0.006	1	RBM26-AS1	c3
0.00512611067618447	2.64051742956272	0.015	0.002	1	AP000866.1	c3
0.000612278532386772	-2.63970430000819	0.003	0.042	1	PLEK	c3
0.00344111991830995	2.62855945607705	0.021	0.004	1	CDHR3	c3
0.0101126487652128	-2.61357630534579	0.015	0.047	1	TRDV1	c3
0.0518187522226597	-2.61114569239353	0	0.011	1	TBC1D24	c3
0.0343636329575093	-2.60899297731376	0	0.014	1	SETBP1	c3
0.0201578565027035	2.6066161256027	0.012	0.002	1	KDM4A-AS1	c3
0.063829964754102	-2.60484482410712	0	0.01	1	TTC30A	c3
3.5134206507931e-42	-2.60234930984485	0.116	0.562	4.65317430991038e-38	ANXA2	c3
0.063829964754102	-2.59517091460277	0	0.01	1	SLC43A2	c3
0.0518187522226597	-2.59326417863589	0	0.011	1	FAM81A	c3
2.42005543782456e-09	-2.59285879653067	0.024	0.147	3.20512142185485e-05	C3AR1	c3
6.0521574431306e-05	2.59278431282962	0.052	0.014	0.801547731768217	CDCA7L	c3
0.0228404069251472	-2.58783615462862	0.003	0.022	1	IRGM	c3
9.28265415774618e-11	-2.58749276456145	0.085	0.255	1.2293947166519e-06	IL2	c3
0.063829964754102	-2.58378853323483	0	0.01	1	NHSL2	c3
0.0614794020311525	-2.58103805999254	0.003	0.017	1	MAP1A	c3
0.00722541829113479	-2.57863374641057	0.003	0.028	1	WDR34	c3
0.00056418705022698	-2.57763670768852	0.006	0.048	1	MXRA7	c3
0.000140931854602608	-2.57433786877762	0.012	0.067	1	LAYN	c3
2.71797129964831e-05	-2.57306805206449	0.006	0.065	0.359968118925422	NUGGC	c3
0.0202361951352434	2.5669495959287	0.012	0.002	1	C9orf147	c3
3.91053078213579e-07	-2.56587151378291	0.021	0.113	0.00517910696786065	NT5E	c3
0.063829964754102	-2.56537797691587	0	0.01	1	LBX2-AS1	c3
1.70090719114984e-30	-2.56209624732677	0.11	0.464	2.25268148395885e-26	PTGER2	c3
6.4030851965547e-05	2.5617543431407	0.034	0.005	0.848024603431705	ST6GALNAC1	c3
3.89549078770823e-06	-2.55851809334083	0.021	0.101	0.0515918799924078	ATP10D	c3
0.0029649826236538	2.55718485411031	0.03	0.008	1	WDR5B	c3
0.000903196006183819	-2.55032909581068	0.003	0.04	1	AL138724.1	c3
0.0114635393981526	2.55024841820818	0.018	0.004	1	AC243960.3	c3
0.000124171824969018	-2.54809898669848	0.006	0.056	1	AP001816.1	c3
0.000588891300194554	2.54316694394135	0.03	0.006	1	TLE2	c3
0.063829964754102	-2.54284632789206	0	0.01	1	GPC1	c3
0.000447111833498154	2.53836510751821	0.034	0.007	1	LGMN	c3
0.0518187522226597	-2.53446435291679	0	0.011	1	KIF3C	c3
0.0518187522226597	-2.53200210814058	0	0.011	1	EPS8L1	c3
8.55321012408521e-06	-2.52743954081467	0.015	0.087	0.113278714883384	GPR35	c3
0.063829964754102	-2.52155149579822	0	0.01	1	KIF27	c3
9.62176374497477e-10	-2.51885992052925	0.034	0.166	1.27430639038446e-05	ATF3	c3
0.0229782267143591	-2.51361328024983	0.003	0.022	1	FCRLB	c3
0.0518187522226597	-2.50962327325195	0	0.011	1	SRC	c3
0.0157060290544979	-2.50887209147048	0.003	0.024	1	AF165147.1	c3
3.47527905455224e-11	-2.50623680310956	0.027	0.175	4.60265957984899e-07	PLCB1	c3
0.063829964754102	-2.4948721250741	0	0.01	1	PDGFD	c3
0.0115747552855743	2.49113365930871	0.018	0.004	1	AC010654.1	c3
0.00282392647755335	-2.48819146239429	0.003	0.033	1	SYNGR3	c3
0.0201578565027035	2.48644283716904	0.012	0.002	1	C12orf60	c3
1.79073459175786e-18	-2.48493409960467	0.037	0.266	2.37164889332411e-14	TBX21	c3
0.00881390252584992	-2.46566435603535	0.003	0.027	1	TRIM3	c3
0.0632276423825436	-2.45880026851223	0.006	0.022	1	TNFRSF9	c3
0.063829964754102	-2.44723289536204	0	0.01	1	HIF1A-AS2	c3
0.0535381845732448	2.44314672294427	0.012	0.003	1	SPIN3	c3
0.000169449660608168	-2.44113339639329	0.009	0.06	1	IL15	c3
0.0156141814631533	2.42962059357772	0.015	0.003	1	ZNF709	c3
0.0116869275600445	2.42929209870373	0.018	0.004	1	RASAL1	c3
9.82290151985227e-15	-2.42375147979831	0.058	0.256	1.30094507728923e-10	NBL1	c3
0.00505112145532918	-2.42225254296295	0.003	0.03	1	SMOX	c3
1.06081107092476e-09	-2.41962216533907	0.03	0.161	1.40493818233275e-05	KIF21A	c3
0.010819789652116	-2.4195202088735	0.003	0.026	1	PHLDA3	c3
6.86872618721287e-11	-2.41671983683905	0.037	0.185	9.09694096234473e-07	HIC1	c3
0.0421593453353191	-2.41582393000653	0	0.012	1	AMZ1	c3
0.0201578565027035	2.41450061740086	0.012	0.002	1	PHEX	c3
0.00750641165461914	2.41357579080483	0.034	0.011	1	SOX4	c3
0.0869093995873906	2.41312275622282	0.03	0.016	1	CARMIL1	c3
0.0518187522226597	-2.41021726401486	0	0.011	1	CASTOR3	c3
0.000203209224371119	-2.40933519416474	0.012	0.065	1	CFH	c3
0.0129415321934661	-2.40782758305378	0.003	0.025	1	GALNT3	c3
5.59277497511962e-37	-2.39552500293929	0.107	0.53	7.40707117704842e-33	CXCR3	c3
0.0135401208397468	-2.39165473114225	0.006	0.03	1	MPZL2	c3
7.89901032857257e-05	-2.38974111160439	0.009	0.065	1	ABCA2	c3
0.063829964754102	-2.38187805041092	0	0.01	1	AL645568.1	c3
0.00784117160178965	-2.37640720454865	0.006	0.033	1	GPAT3	c3
0.010819789652116	-2.37351308893243	0.003	0.026	1	LRFN1	c3
0.00039255616617971	2.36967367741332	0.043	0.011	1	EEPD1	c3
0.0129154085903428	-2.35912066865253	0.003	0.025	1	ZNF81	c3
6.86792189738874e-05	-2.35764545356761	0.009	0.066	0.909587576090165	CD8B2	c3
0.0113000094378414	-2.34654476141976	0.006	0.031	1	WEE1	c3
7.20684554804734e-20	-2.34256931258415	0.125	0.393	9.54474624383389e-16	NR4A3	c3
0.034575924112225	-2.33873417430203	0.003	0.02	1	IL26	c3
0.00377338879643399	-2.33338657438561	0.006	0.037	1	EEF1AKMT3	c3
1.40273135291076e-17	-2.33330784852147	0.055	0.285	1.85777740379501e-13	ANKRD28	c3
1.1241820439764e-30	-2.33253352109969	0.14	0.501	1.48886669904234e-26	CTSW	c3
0.000457165928428364	2.3321438520625	0.034	0.007	1	MEST	c3
0.00309864678487924	-2.33044839596336	0.009	0.044	1	UCK2	c3
0.00268945626571719	-2.33023639065558	0.009	0.045	1	AC245014.3	c3
4.01440260588364e-15	-2.32519549545976	0.049	0.249	5.31667481123229e-11	PTMS	c3
0.0013570591906975	-2.32509315263494	0.015	0.058	1	INPPL1	c3
0.0414131098933787	-2.32049795199619	0.003	0.019	1	GPAM	c3
0.00519075026859654	2.31881726374307	0.015	0.002	1	CLEC11A	c3
0.0725401830337254	2.31849718941804	0.015	0.005	1	PI16	c3
0.0121871763018895	2.31818669394397	0.024	0.007	1	AC022364.1	c3
1.1183120262115e-05	2.31454173295878	0.055	0.012	0.148109244751451	MORC2	c3
0.063829964754102	-2.31227390012411	0	0.01	1	ADAM9	c3
0.0157774927974013	2.3117110782216	0.015	0.003	1	ANKHD1-EIF4EBP3	c3
0.0203147992653388	2.31061815050514	0.012	0.002	1	INAFM2	c3
0.0518187522226597	-2.31012746006652	0	0.011	1	ITGA2	c3
0.0301061131257422	-2.30990203248764	0.006	0.026	1	HSPA6	c3
0.000609164145244504	-2.30685823610033	0.009	0.053	1	TRPM2	c3
0.0532049759851506	2.29671458846657	0.012	0.003	1	ZNF415	c3
0.0421585546015508	-2.29034392786004	0.006	0.024	1	AP1S3	c3
0.0122831584956898	2.27821156150826	0.024	0.007	1	RBM11	c3
0.0178172511512211	2.27790136747529	0.021	0.006	1	TXLNB	c3
0.063829964754102	-2.27467131551558	0	0.01	1	HSD17B1	c3
0.00265432376943151	2.26333491273232	0.024	0.005	1	SIAE	c3
1.29764155106449e-22	-2.26113645858006	0.088	0.381	1.7185964702298e-18	ADAM8	c3
0.0030396775716793	-2.25757347018728	0.012	0.049	1	AC111182.1	c3
0.0136137842672794	-2.25285815899153	0.006	0.03	1	COLGALT2	c3
0.0282074401043921	-2.25197666807001	0.003	0.021	1	STBD1	c3
0.0203147992653388	2.25115363888549	0.012	0.002	1	RFX3-AS1	c3
0.03668576980606	2.2499043041638	0.015	0.004	1	AC245014.1	c3
7.14512552675382e-14	-2.24918179496045	0.064	0.257	9.46300424763276e-10	C12orf75	c3
0.00445754545662491	2.24066811611682	0.018	0.003	1	EXPH5	c3
1.26698285531703e-29	-2.23151051646511	0.149	0.493	1.67799209358188e-25	JAML	c3
4.93530946550722e-06	-2.23091170958466	0.009	0.08	0.0653632385611776	MZB1	c3
0.0828097345787683	2.22733679302044	0.018	0.007	1	DISP1	c3
0.0157694294644838	-2.22277542923552	0.003	0.024	1	BEND4	c3
0.00197150099027677	2.2221429119666	0.04	0.012	1	MASTL	c3
0.0509359810435889	-2.2181110276843	0.003	0.018	1	ADAM28	c3
1.27945690779854e-09	-2.21779040583413	0.034	0.166	1.69451272868838e-05	GPR68	c3
0.00743405937216902	-2.20964844847121	0.003	0.028	1	GDPD5	c3
1.35022496279219e-46	-2.20923496856764	0.226	0.681	1.78823794072197e-42	ID2	c3
0.00943042642209972	-2.2046315049209	0.006	0.032	1	RRAS	c3
0.00239393333459611	-2.20255437705118	0.015	0.055	1	LLGL2	c3
0.0606546539912241	-2.19808170122963	0.012	0.031	1	KIR3DL2	c3
0.185918170126854	2.19528375654905	0.012	0.005	1	OSBPL1A	c3
7.98914984929081e-05	-2.19485538840381	0.009	0.065	1	SLAMF8	c3
2.7274149483165e-25	-2.19369063302577	0.098	0.426	3.61218835755037e-21	RHOC	c3
0.0286037305288782	-2.1868710648409	0.003	0.021	1	PLEKHN1	c3
0.0203936696253273	2.18664550390652	0.012	0.002	1	AC008957.1	c3
0.000473392376247544	2.18470575654994	0.034	0.007	1	FCRL3	c3
0.00804513439062096	-2.18186514911693	0.006	0.033	1	MTRNR2L12	c3
0.011762243819797	2.18003303074054	0.018	0.004	1	SLC9A7	c3
0.108880734907262	2.17795223808703	0.012	0.004	1	GAS6	c3
0.00552809762592479	-2.17621181371367	0.009	0.041	1	B3GALT2	c3
0.0537054412603015	2.17494263711826	0.012	0.003	1	POT1-AS1	c3
0.00107872670213591	-2.17343289196549	0.009	0.05	1	FSD1	c3
0.00123937830310665	-2.1719108523782	0.037	0.089	1	HAVCR2	c3
9.14923721798025e-12	-2.17113903828415	0.043	0.205	1.2117249771493e-07	PPP2R2B	c3
0.0175323185852854	2.17058219097621	0.021	0.006	1	PLLP	c3
0.403655768852105	2.1694670041441	0.012	0.007	1	MS4A1	c3
0.00504082591157925	-2.16685075788573	0.003	0.03	1	RGS18	c3
0.0222779119396013	2.16462931753507	0.024	0.008	1	AC004889.1	c3
4.83014354920535e-07	-2.16056871912308	0.024	0.12	0.00639704211656757	FBXO6	c3
0.0725401830337254	2.15944256421393	0.015	0.005	1	DMRTC1	c3
0.129049275400548	2.15782834911569	0.024	0.012	1	RNF144B	c3
0.395810430662245	2.14872130624881	0.012	0.007	1	EFNB2	c3
0.0921689645821579	-2.14472481944389	0.003	0.015	1	CAPN10-DT	c3
0.00217077036693991	2.13988703612855	0.034	0.009	1	ARMCX4	c3
3.55189424942745e-06	-2.13981807267309	0.034	0.122	0.0470412874394172	DUSP6	c3
0.0230769029751127	2.13769743829746	0.024	0.008	1	TRBV6-4	c3
6.99064721986814e-07	-2.12113054171683	0.03	0.126	0.00925841317799336	BAIAP2	c3
0.0257941992676605	2.12089762602175	0.018	0.005	1	ERI2	c3
4.14716225486485e-16	-2.12056819064943	0.058	0.279	5.492501690343e-12	TNFSF14	c3
0.0050408268121065	-2.11998349839716	0.003	0.03	1	IL22	c3
0.00264340166684175	2.11944098477485	0.067	0.03	1	KRT18	c3
1.06149649818988e-53	-2.11762432796889	0.271	0.76	1.40584596220268e-49	CST7	c3
0.0167573095592779	-2.11382754647009	0.006	0.029	1	FLVCR1-DT	c3
0.0124771340828781	2.11092350020556	0.024	0.007	1	AC084018.2	c3
0.00662844100567584	-2.10495991031094	0.006	0.034	1	SUSD1	c3
0.00437274041438064	2.10325624697163	0.027	0.007	1	KLHL3	c3
0.0424917943787017	-2.10279047651773	0.003	0.019	1	JCHAIN	c3
0.0233492829848203	-2.09900397482263	0.003	0.022	1	SMKR1	c3
0.112729395899882	-2.09304120103325	0.003	0.014	1	CAPN5	c3
7.76132518010107e-26	-2.08590998488652	0.149	0.489	1.02790990685259e-21	MAP3K8	c3
0.0620854620161442	-2.08479894166542	0.003	0.017	1	AC005332.6	c3
0.000774271180817144	2.08420447152736	0.052	0.018	1	TNFRSF10D	c3
0.10860230635133	2.08409481552494	0.012	0.004	1	AC135782.3	c3
0.00199691550937904	2.07665736183605	0.027	0.006	1	KLF7	c3
0.00662844004542522	-2.07613144854871	0.006	0.034	1	TMCC3	c3
0.00665290633362252	-2.07241892097848	0.006	0.034	1	NECTIN3	c3
9.03887091356558e-06	2.0706775227212	0.07	0.02	0.119710806379263	ZNF439	c3
0.00266299949524935	2.06649030729916	0.024	0.005	1	NAP1L3	c3
0.00194135954116846	-2.063598885335	0.003	0.035	1	MMP25	c3
3.42487311008298e-06	-2.06198815739128	0.024	0.108	0.045359019469939	GNGT2	c3
0.1700591114948	-2.06182659586911	0.003	0.011	1	KTN1-AS1	c3
0.00275119319170198	2.06174048053132	0.024	0.005	1	IGF1R	c3
0.0223700395802697	-2.05783058307876	0.03	0.063	1	TRAV19	c3
1.53818566084892e-09	-2.05758028512502	0.043	0.178	2.03717308922831e-05	IGFBP3	c3
0.00415202948576232	-2.05658018984078	0.003	0.031	1	LYN	c3
0.000304054983281722	-2.05233689442177	0.009	0.057	1	PPP2R5B	c3
0.00800103245981519	-2.04521858895257	0.006	0.033	1	JRKL	c3
0.000362815510089322	2.04300506694618	0.037	0.008	1	UBXN10-AS1	c3
0.0331866581592558	-2.03511023549813	0.009	0.03	1	KMT5A	c3
9.04083536699392e-06	2.03491758520445	0.064	0.017	0.119736823600467	MICU3	c3
3.86441460544316e-09	-2.03491172175402	0.049	0.184	5.11803070344893e-05	TESC	c3
5.64994365238249e-15	-2.02527700918318	0.174	0.388	7.48278537321537e-11	ITGAE	c3
0.063829964754102	-2.02037193608383	0	0.01	1	KIF11	c3
0.0161086283324697	2.01942780013725	0.015	0.003	1	TNKS1BP1	c3
0.00566603815005707	-2.01795791670803	0.006	0.035	1	TSPAN15	c3
0.000540687455389335	-2.01793183474089	0.012	0.059	1	GPR82	c3
0.209837337630109	-2.01590273586904	0.003	0.01	1	GINS2	c3
0.0193776474813553	-2.01539779703642	0.003	0.023	1	HES6	c3
5.99061938029388e-05	2.01457938404265	0.064	0.02	0.793397630726122	CHST2	c3
0.050835719374648	-2.0073953411929	0.003	0.018	1	CRIM1	c3
1.26886800382565e-07	-2.00698869618953	0.018	0.118	0.00168048878426669	CTNNA1	c3
0.01678736509929	-2.00321685836932	0.006	0.029	1	KIAA0825	c3
0.0537054412603015	2.00306468049634	0.012	0.003	1	HFE	c3
2.93880614514559e-07	-2.00255333049957	0.024	0.123	0.00389215485863082	RHBDF2	c3
0.000134566013254093	2.00136156973639	0.052	0.015	1	C12orf42	c3
5.82660042745109e-09	-1.99543712001926	0.037	0.162	7.71674960611622e-05	MVB12B	c3
0.343986493569586	1.99498130004618	0.018	0.011	1	IFIT1	c3
0.00805988332648087	-1.99118980695774	0.006	0.033	1	OGFRL1	c3
0.034644623905265	-1.99029945268778	0.003	0.02	1	TRIQK	c3
4.37978685720589e-15	-1.98860135641752	0.256	0.488	5.80058971368348e-11	HSPA1B	c3
0.0088037883177374	1.98636990651182	0.021	0.005	1	FAM201A	c3
0.0347134402567216	-1.98435926893581	0.003	0.02	1	PROK2	c3
0.0373335964033854	1.98114061157515	0.015	0.004	1	LINC02391	c3
1.33341434737699e-23	-1.98056229360141	0.052	0.341	1.76597396166609e-19	PERP	c3
0.00638334971805273	-1.98007453798507	0.012	0.045	1	RBBP8	c3
0.186711908806567	1.97831707949974	0.012	0.005	1	C16orf45	c3
3.11517766423771e-27	-1.97780798660719	0.14	0.482	4.12574129851642e-23	GYG1	c3
8.79639307430773e-06	1.97652393102179	0.107	0.042	0.116499429876132	GK	c3
0.0097061440243549	-1.97010665768367	0.009	0.037	1	CTU1	c3
6.9854644910696e-18	-1.9693185885326	0.107	0.359	9.25154917197257e-14	MYO1F	c3
0.05113700124902	-1.96407855172054	0.003	0.018	1	IQSEC3	c3
3.90377224942983e-08	-1.96210240947624	0.021	0.129	0.000517015596714486	CLECL1	c3
1.5079553930672e-05	-1.96060091354802	0.046	0.131	0.19971361225782	EGR2	c3
6.34436277098846e-10	-1.960418899334	0.076	0.23	8.40247405389711e-06	TRG-AS1	c3
0.0328148638726216	1.95405268850934	0.021	0.007	1	TMEM268	c3
0.000115605667923955	1.95369140024163	0.04	0.008	1	CBR3	c3
0.0118379902771233	1.94975035714981	0.018	0.004	1	ARG2	c3
0.00575035804929274	-1.9497329930154	0.009	0.041	1	SPINT1	c3
0.0032941088906113	-1.94956449138756	0.009	0.044	1	PLCB3	c3
0.0599970024054552	1.94930796243357	0.03	0.015	1	ATP6V0E2-AS1	c3
5.31637281933594e-08	-1.94668126047707	0.037	0.152	0.000704100416192852	APOBR	c3
0.0623292662344287	-1.94456087653398	0.003	0.017	1	AC009133.1	c3
0.00107385834446341	1.94335873477899	0.04	0.011	1	MORN3	c3
0.00220007879843925	1.93687014342207	0.034	0.009	1	DMPK	c3
0.112729395899882	-1.93353506100384	0.003	0.014	1	AC234582.1	c3
0.0165047188759507	-1.93172032312423	0.009	0.034	1	AMACR	c3
0.113164155601469	-1.93146440056861	0.003	0.014	1	ZNF284	c3
0.000460330048360317	1.92758078868613	0.064	0.024	1	TTN	c3
0.00738731122061339	1.92695937530429	0.034	0.011	1	NBPF9	c3
0.018040521869832	1.92694695356138	0.03	0.011	1	AC091982.3	c3
1.49992621961613e-12	-1.92556304941295	0.095	0.289	1.9865022852596e-08	SPRY1	c3
0.187109715664403	1.9217685774403	0.012	0.005	1	AL035413.1	c3
0.0348514232484647	-1.9179341143738	0.003	0.02	1	DLGAP3	c3
0.0621703191743565	-1.91353649225275	0.006	0.022	1	PDLIM1	c3
0.00617881057014984	1.9115880492532	0.024	0.006	1	IFNG-AS1	c3
0.0936075548661055	-1.9077998024221	0.003	0.015	1	PAGE5	c3
0.109159727776309	1.90500315975735	0.012	0.004	1	C8orf44	c3
9.27877549898006e-09	-1.9049235661434	0.049	0.18	0.000122888102708492	PLA2G16	c3
0.000322508770831212	-1.89956298124356	0.009	0.057	1	CDCA7	c3
2.56152499478926e-24	-1.89823315331988	0.183	0.493	3.39248370309889e-20	RUNX3	c3
1.00792779883024e-06	-1.89757583616279	0.021	0.11	0.0133489957677077	ENTPD1	c3
0.126439632084414	1.89496440621475	0.024	0.012	1	BFSP2	c3
8.84149901568322e-33	-1.89004788991696	0.204	0.589	1.17096812963709e-28	FKBP11	c3
0.109159727776309	1.88985870263381	0.012	0.004	1	DNAJB5	c3
0.138607782472708	-1.88901432276825	0.003	0.012	1	MCAM	c3
0.187508148092831	1.8873789749283	0.012	0.005	1	N4BP3	c3
0.170703013010164	-1.88297054130387	0.003	0.011	1	AC098613.1	c3
0.00188899428335667	1.88262503186392	0.049	0.018	1	CERS6	c3
0.000187952717250637	1.88261493674258	0.055	0.017	1	AC093157.1	c3
8.42611948102432e-07	-1.88050540654848	0.04	0.139	0.0111595526406686	CYB561	c3
1.86853140812559e-08	-1.87882355884348	0.073	0.208	0.000247468299692154	LMNA	c3
0.109439285656342	1.87607914025869	0.012	0.004	1	SPAG5	c3
0.05113700124902	-1.87545249852371	0.003	0.018	1	RPH3AL	c3
0.00410853049135311	1.87521511328489	0.034	0.01	1	FAM19A2	c3
0.00601926218271978	1.87164868486897	0.03	0.009	1	LRRC8C-DT	c3
0.000327551255666341	-1.86972091754481	0.021	0.077	1	MCOLN2	c3
2.21716747990488e-05	1.86964553043174	0.067	0.02	0.293641661038603	ZNF519	c3
0.0764916858780084	-1.86710486248213	0.003	0.016	1	ME1	c3
0.0729006716455712	1.86672636247377	0.015	0.005	1	TSPAN6	c3
0.000264575145337555	-1.86625016716303	0.009	0.058	1	HPGD	c3
2.52424133337683e-18	-1.86532437045017	0.085	0.341	3.34310522192427e-14	GPR15	c3
0.185918170126854	1.86519650448184	0.012	0.005	1	MFSD4A	c3
0.0562888261857237	1.86259903949886	0.021	0.008	1	ERP27	c3
0.0376611447084945	1.86106556256654	0.015	0.004	1	FUT8-AS1	c3
0.0496753144428166	1.85998922114688	0.018	0.006	1	ZSWIM1	c3
0.00860755562225413	1.85983249988554	0.027	0.008	1	SAV1	c3
0.0625738618908947	-1.85925253437391	0.003	0.017	1	SLC30A4	c3
0.00977141670990113	1.85811570132794	0.043	0.018	1	CCDC141	c3
0.0348514232484647	-1.85775194619296	0.003	0.02	1	TST	c3
0.00687568401864589	-1.85680739206993	0.009	0.04	1	HIST1H2BC	c3
0.00757859846510351	-1.85390796737388	0.012	0.044	1	CYTH3	c3
0.0424079833203087	-1.85343080460733	0.003	0.019	1	SLC29A1	c3
1.75412248163651e-05	1.85054627303674	0.082	0.028	0.23231598146794	SLC26A11	c3
0.037551691308148	1.8472722496421	0.015	0.004	1	ATP2A1-AS1	c3
0.00034738907693625	1.84715106949939	0.055	0.018	1	AGER	c3
0.015722889526115	1.84438601983029	0.015	0.003	1	CPNE2	c3
0.018154793674625	1.84147629252009	0.021	0.006	1	ZNF610	c3
0.00438507127804682	1.84135747582433	0.027	0.007	1	AC010616.1	c3
0.0284446263363862	1.83898336871461	0.03	0.012	1	LENG8-AS1	c3
1.58450076392571e-12	-1.83842288242802	0.155	0.359	2.0985128117432e-08	RBKS	c3
5.80491564582683e-06	-1.83718897377206	0.012	0.084	0.0768803028133305	HIP1	c3
0.00403940026774752	-1.83538744248774	0.009	0.043	1	TPRG1	c3
3.35233351952852e-07	-1.83488150544111	0.027	0.128	0.00443983051326357	CD101	c3
1.42979061166097e-08	-1.83487674699295	0.067	0.201	0.000189361468608379	DHRS3	c3
0.0927063407925994	-1.8315933578335	0.003	0.015	1	TRIP10	c3
0.00118883257438664	-1.82923246880082	0.018	0.065	1	ARMC5	c3
7.31688906117433e-10	-1.82891242084952	0.061	0.21	9.69048787261928e-06	PRR5	c3
0.00151885972888243	1.82561868530623	0.03	0.007	1	ZNF667-AS1	c3
0.0286037305288782	-1.82528790857134	0.003	0.021	1	BMP1	c3
0.00579638946624175	1.82409747099247	0.04	0.015	1	LACTB2-AS1	c3
0.130053559213598	-1.81855065456575	0.006	0.018	1	ZKSCAN7	c3
0.042965934403904	-1.81753473430387	0.006	0.024	1	SLC44A3	c3
1.7319553910282e-26	-1.81554040094328	0.125	0.468	2.29380171987775e-22	GLIPR2	c3
0.0297397523571388	-1.8150379583913	0.006	0.026	1	HYAL2	c3
0.0132586807551189	-1.81496935264454	0.003	0.025	1	MREG	c3
0.186782981611747	1.813147202738	0.018	0.009	1	MAP3K9	c3
0.0183011605201614	1.81205183799713	0.021	0.006	1	TTYH2	c3
0.000323093088581492	1.81051423986735	0.055	0.018	1	AMIGO1	c3
0.0732626249335608	1.8096491473613	0.015	0.005	1	ZNF793-AS1	c3
0.00396835954927265	1.80897923495562	0.043	0.016	1	ULK1	c3
0.00328837188724494	-1.80659040036494	0.009	0.044	1	AC021188.1	c3
0.0183993113956862	1.80613872508365	0.021	0.006	1	AC027031.2	c3
3.00922802888544e-14	-1.80575790981365	0.088	0.3	3.98542160145588e-10	SYTL2	c3
0.042818173427484	-1.79896956331238	0.006	0.024	1	SLFN13	c3
0.0537054412603015	1.79873709942888	0.012	0.003	1	LINC01572	c3
0.0237255296043239	-1.7977066608035	0.003	0.022	1	PPP1R13L	c3
5.84726921854768e-05	-1.79646520796306	0.027	0.097	0.774412335304455	FURIN	c3
0.00361405442859303	1.7964159750478	0.055	0.023	1	QSER1	c3
0.00782339128313021	-1.79590469631795	0.012	0.044	1	TNFRSF14-AS1	c3
0.108047139385401	1.79503571914671	0.012	0.004	1	AL133410.1	c3
0.00119448882749685	-1.78946219555864	0.012	0.055	1	TRDC	c3
0.0758981642313621	-1.78658147234631	0.003	0.016	1	COA7	c3
0.0061459226400005	-1.78647370450722	0.003	0.029	1	TTC24	c3
0.1700591114948	-1.78372724058287	0.003	0.011	1	BUB1	c3
0.0399780129606471	-1.7834480544675	0.009	0.029	1	TSNARE1	c3
0.0932462294955576	-1.78300968068186	0.003	0.015	1	METTL24	c3
0.00160260472484087	-1.78294931656382	0.012	0.053	1	CCRL2	c3
0.0107280029567413	1.78178193427738	0.03	0.01	1	LINC01004	c3
0.00883001704909374	1.7809299046289	0.027	0.008	1	FAM43A	c3
3.21317400611195e-24	-1.77650652197789	0.363	0.66	4.25552765369466e-20	NR4A1	c3
0.521184264952611	1.77647622388095	0.018	0.014	1	STAP2	c3
1.19535427355901e-18	-1.77612044173863	0.113	0.367	1.58312719990155e-14	MATK	c3
0.0932462294955576	-1.77160277527883	0.003	0.015	1	MATN2	c3
0.000268700250573479	1.76623362422057	0.061	0.021	1	SUSD4	c3
0.286674584425908	1.764804516417	0.012	0.006	1	ASRGL1	c3
0.034644623905265	-1.76469012699136	0.003	0.02	1	ZBTB32	c3
0.0928860241537539	-1.76349960938226	0.003	0.015	1	CDAN1	c3
1.50113053058619e-11	-1.76229604268925	0.274	0.468	1.98809727470834e-07	HSPA1A	c3
0.209445691211217	-1.76135946377869	0.003	0.01	1	BFSP2-AS1	c3
0.108880734907262	1.76047743746423	0.012	0.004	1	AL356599.1	c3
0.0542098308545309	1.75968784956835	0.012	0.003	1	AC132872.1	c3
8.25747341297421e-05	-1.75687570188136	0.034	0.104	1	ITPK1	c3
4.2203839510409e-06	1.75557732834222	0.122	0.05	0.0558947650475857	PDK1	c3
1.13383852776471e-18	-1.7548670202328	0.159	0.43	1.50165574617158e-14	ITM2C	c3
0.0120398807062005	-1.75255645445029	0.006	0.031	1	ZSCAN5A	c3
0.00486598722425933	-1.74916140008265	0.009	0.042	1	ANKRD35	c3
0.00393805166282355	-1.74891266871276	0.018	0.057	1	MLKL	c3
0.139137584853759	-1.74485893722028	0.003	0.012	1	PINLYP	c3
0.00605132356619312	-1.74265718214921	0.015	0.05	1	CMPK2	c3
2.17916115728262e-07	-1.73921521280074	0.085	0.212	0.0028860810367051	CDKN1A	c3
1.47527437680997e-23	-1.73892070561174	0.146	0.464	1.95385338464713e-19	CYTOR	c3
0.138872489081865	-1.73744687469071	0.003	0.012	1	HIST1H2BJ	c3
4.30375116862883e-05	-1.73619065349425	0.027	0.099	0.569988804773202	MAFF	c3
0.0734441521102167	1.73521056587916	0.015	0.005	1	AC068888.1	c3
0.00524576648933896	-1.73514371415963	0.015	0.051	1	TLDC1	c3
0.0168605452561677	-1.73511135656092	0.009	0.034	1	RSAD2	c3
0.000207902347026131	-1.73257908938601	0.021	0.08	1	TTLL1	c3
0.124676298048165	1.73035917902431	0.015	0.006	1	CLIP3	c3
0.0533713630913166	1.7275115381615	0.012	0.003	1	TCF7L2	c3
0.00170674320900096	-1.72636872424779	0.018	0.062	1	FAIM	c3
0.0833389089112848	1.72561955244932	0.018	0.007	1	KIAA1324L	c3
0.0538731339824291	1.72547505716101	0.012	0.003	1	FBXO15	c3
0.109719409244838	1.7252836040424	0.012	0.004	1	LRP1	c3
3.09193494398898e-05	-1.71943497052018	0.021	0.092	0.409495863981901	SLC25A43	c3
0.0540412635701435	1.71875446231879	0.012	0.003	1	TENM1	c3
1.65053120761341e-07	-1.71786338249055	0.04	0.152	0.0021859635313632	KIF13B	c3
0.00158416842521346	-1.71650149597484	0.015	0.058	1	CCR9	c3
1.05570469597143e-05	-1.71446663376104	0.037	0.122	0.139817529934456	ICAM1	c3
0.0339264548941931	1.70965600090777	0.021	0.007	1	ADCK1	c3
3.94841231600225e-20	-1.70531143129217	0.131	0.42	5.22927727131338e-16	CHST12	c3
0.0734441521102167	1.70334195421867	0.015	0.005	1	ZNF835	c3
0.0413238314969161	1.70122648823349	0.027	0.011	1	ULK2	c3
0.0283892736680285	1.6984796264813	0.03	0.012	1	C1orf112	c3
4.33766373150234e-07	-1.69805570108261	0.064	0.178	0.0057448018460017	TRGV3	c3
0.0905312697567798	-1.69638872664552	0.006	0.02	1	AL445524.1	c3
0.187508148092831	1.69419287468891	0.012	0.005	1	SCARF2	c3
1.70936738611991e-57	-1.69042448899174	0.729	0.949	2.26388616617721e-53	TNFAIP3	c3
0.00835999013815378	-1.68962028710334	0.006	0.033	1	CCDC88A	c3
0.129910161770505	1.68725947454725	0.021	0.01	1	BCL7A	c3
0.00134722248070207	-1.68433571401566	0.021	0.069	1	LINC02132	c3
4.71312124353247e-12	-1.68400538400117	0.113	0.308	6.24205777493441e-08	NEU1	c3
0.0282237721085109	1.68376280726584	0.03	0.012	1	BBS10	c3
0.633220992951801	1.68341926555335	0.009	0.012	1	SLC25A29	c3
0.138872489081865	-1.68265526236592	0.003	0.012	1	USP54	c3
0.0902370224196394	1.67949592669373	0.027	0.014	1	ATP11A	c3
0.0205035302035481	1.67943267065216	0.04	0.018	1	PTPDC1	c3
0.0435218324194319	1.67646627523411	0.034	0.016	1	ZBTB42	c3
1.19275067800815e-06	-1.67583110381307	0.043	0.144	0.0157967899795399	CGAS	c3
2.99876178615323e-09	-1.6753560697949	0.131	0.286	3.97156010958134e-05	AOAH	c3
0.123884225387702	1.6742823866836	0.015	0.006	1	GPR19	c3
0.132575260259753	1.67234702627635	0.021	0.01	1	FSBP	c3
0.11056318122996	1.67204098243085	0.012	0.004	1	AC016405.3	c3
0.0562888261857237	1.66618991267449	0.021	0.008	1	TLR5	c3
0.0425757454829582	-1.66441738792701	0.003	0.019	1	AC011611.3	c3
4.17480939525882e-05	-1.66432790332223	0.055	0.138	0.552911756308078	MZF1-AS1	c3
0.0204897677467058	1.66373690280997	0.043	0.02	1	FAM161B	c3
0.18790720650941	1.66326554916358	0.012	0.005	1	AL118558.3	c3
2.80298913503547e-16	-1.66289261838622	0.131	0.377	3.71227881044098e-12	MYO1G	c3
0.0734441521102167	1.65956654842006	0.015	0.005	1	HNRNPA1L2	c3
0.0730814649492516	1.65871249079019	0.015	0.005	1	AC074386.1	c3
0.00892043031674719	1.65816953137432	0.027	0.008	1	ZP3	c3
0.00051062789671709	-1.65774070878843	0.024	0.079	1	CHRNB1	c3
9.59183311773713e-05	1.65675423846234	0.088	0.035	1	IDE	c3
0.00573968008443284	-1.65608124786891	0.006	0.035	1	CRYBG2	c3
0.0769393063160681	-1.6518402715414	0.003	0.016	1	CIP2A	c3
0.0631888255684613	-1.65112309213612	0.003	0.017	1	HYAL3	c3
0.0538731339824291	1.64752573025708	0.012	0.003	1	PIP5K1B	c3
0.0736260469910346	1.64741289006453	0.015	0.005	1	PKIG	c3
0.0891775145342681	1.64312015265475	0.021	0.009	1	FAM89A	c3
2.48317064439805e-07	-1.64112294218164	0.085	0.208	0.00328871120144077	HLA-DRB1	c3
0.367635589281909	1.64107519489598	0.015	0.009	1	LRP11	c3
0.0424079833203087	-1.64044381375655	0.003	0.019	1	FHL2	c3
0.00367687347798211	-1.64040767126877	0.015	0.053	1	IGHV1-3	c3
0.000291292595255825	-1.63727046878946	0.03	0.092	1	CCL20	c3
4.40009169095371e-06	1.63254743932143	0.104	0.037	0.0582748143549909	MAGEF1	c3
8.28190807880057e-11	-1.63227179082019	0.082	0.256	1.09685590595635e-06	EFHD2	c3
0.000226082243985123	-1.63219441332055	0.021	0.08	1	ABCA1	c3
0.000368592501293867	1.63105054943059	0.073	0.029	1	ZNF563	c3
0.00331752313261157	-1.63057353348033	0.006	0.039	1	DENND3	c3
0.187109715664403	1.62977963152702	0.012	0.005	1	UFSP1	c3
0.0522609145669507	-1.62949937501255	0.006	0.023	1	LZTS1	c3
0.187508148092831	1.62948676351709	0.012	0.005	1	CLHC1	c3
0.0203936696253273	1.62765682980069	0.012	0.002	1	AL121820.1	c3
0.0174295557908781	-1.62749814172885	0.006	0.029	1	AC005261.1	c3
0.0611513916597067	1.62548518123143	0.027	0.012	1	SAMD12	c3
0.114037637557569	-1.6220281901792	0.003	0.014	1	LILRB1	c3
1.26945601737291e-27	-1.6219728184222	0.262	0.607	1.68126754940869e-23	RGS2	c3
0.0766406561505173	-1.62120090086264	0.003	0.016	1	SCARB1	c3
1.91662499623462e-34	-1.62000162119976	0.189	0.619	2.53837814501313e-30	STOM	c3
0.000872652144075356	1.61851468532573	0.07	0.029	1	ZNF540	c3
0.0165046291289099	-1.61752346819237	0.015	0.044	1	INAFM1	c3
0.101003316438009	-1.61685843290395	0.012	0.028	1	TRIP6	c3
0.00618147776138973	-1.61527526339647	0.015	0.05	1	SLC35D2	c3
6.3784356228504e-08	-1.61498398970615	0.061	0.185	0.000844760013890307	SEPT11	c3
0.0148151149321782	1.61483232050281	0.049	0.023	1	PHF13	c3
0.109719409244838	1.61218345818266	0.012	0.004	1	DEPTOR	c3
0.0145114420447577	-1.60960993593655	0.015	0.045	1	KHK	c3
0.139137584853759	-1.60926074092949	0.003	0.012	1	KHDC1	c3
0.0075752394778721	1.60591724183212	0.034	0.011	1	RAB3D	c3
0.0538731339824291	1.60447639088396	0.012	0.003	1	AC011445.2	c3
0.813248809268567	1.60420072756197	0.015	0.014	1	TRBV14	c3
0.000265025344473601	1.60412073524098	0.095	0.043	1	LINC00954	c3
0.163008734991283	1.60369239114754	0.006	0.017	1	TANC2	c3
0.005415561646982	-1.6015353072585	0.018	0.055	1	HLA-DMB	c3
0.00441351723544697	1.60073165250706	0.034	0.01	1	ANKRD16	c3
1.79519919390867e-72	-1.59941869720022	0.68	0.977	2.37756181241264e-68	S100A4	c3
0.00149180978483087	1.59802394747618	0.03	0.007	1	NEURL4	c3
0.27357595617564	1.5979919514209	0.015	0.008	1	ZKSCAN2	c3
0.00107159166266272	-1.59687289469534	0.024	0.075	1	DOLPP1	c3
2.30997633182079e-34	-1.59411304427402	0.601	0.845	3.05933265386345e-30	FOSB	c3
0.013882726984464	1.59330890487609	0.037	0.015	1	OTUD1	c3
0.0624859690425346	-1.59014533311931	0.006	0.022	1	AC008014.1	c3
0.0191691272918798	1.58911718056948	0.052	0.026	1	MFGE8	c3
0.030761541657019	-1.58838409466125	0.012	0.035	1	AJM1	c3
7.28984476688247e-26	-1.57363435502302	0.265	0.592	9.65467040925914e-22	PARP8	c3
2.96474815468265e-53	-1.57259827529168	0.479	0.881	3.9265124560617e-49	ANXA1	c3
2.29565256899184e-20	-1.57130407520428	0.168	0.475	3.04036226237279e-16	PHLDA1	c3
0.0266987811367698	-1.57014391116882	0.012	0.036	1	FBXO5	c3
3.77326797145823e-06	-1.56729138736969	0.052	0.149	0.0499731610139928	PECAM1	c3
3.04588271995408e-28	-1.56544957088622	0.25	0.602	4.03396707430719e-24	AC020916.1	c3
1.59527862656401e-25	-1.56508211592921	0.692	0.877	2.11278701302137e-21	JUN	c3
0.00129242349499821	1.56107467904302	0.064	0.026	1	LYL1	c3
0.0630654348286587	-1.56090229453503	0.003	0.017	1	ABLIM2	c3
1.69862027971374e-05	1.56032128873461	0.174	0.092	0.224965269845288	ID3	c3
0.0518458102556692	-1.55972079190747	0.003	0.018	1	AL445472.1	c3
0.0564082796313951	1.55933498133992	0.021	0.008	1	LAIR2	c3
0.000856134116923196	1.55921145747049	0.152	0.089	1	MAGEH1	c3
0.00160389984115211	-1.55889727475181	0.021	0.068	1	IRF8	c3
0.000498255163626681	1.55882919978148	0.052	0.017	1	NPDC1	c3
0.00337254676123862	1.55826109540346	0.052	0.021	1	AC078883.1	c3
0.0910259177492173	1.55640652693353	0.024	0.011	1	FAM174B	c3
2.91751644564704e-08	-1.55567417710066	0.049	0.174	0.000386395878061494	GALNT6	c3
0.002142766866492	-1.55545955760603	0.027	0.075	1	NRM	c3
0.000325578462236217	-1.55434632168918	0.021	0.078	1	WIPI1	c3
0.788000114320746	1.55055350736692	0.082	0.079	1	TPM1	c3
0.00116059422223438	-1.55021838745897	0.012	0.055	1	FANCA	c3
1.26230565744011e-05	-1.5484344276465	0.052	0.142	0.167179761271369	SNTB2	c3
4.34654755228967e-06	1.54816972800231	0.101	0.035	0.0575656757825244	KCNQ1	c3
0.0217881217367956	1.54754567639896	0.037	0.016	1	AC036176.1	c3
0.0440552837535669	-1.5456548036859	0.012	0.033	1	S1PR2	c3
0.170703013010164	-1.54563465066399	0.003	0.011	1	NKILA	c3
0.0232941253305829	1.54327454343253	0.024	0.008	1	ZNF502	c3
0.42869779885919	1.54072553567693	0.024	0.018	1	C2CD2	c3
0.00816763581927303	-1.53985254031134	0.018	0.053	1	RHBDD3	c3
0.0981385900938081	-1.53754289458042	0.009	0.024	1	DMTN	c3
0.087307769236952	1.53682082403328	0.03	0.016	1	PRKN	c3
0.143408565859886	1.53567112341904	0.034	0.02	1	TRBV5-4	c3
0.000692715455822855	-1.53447823121616	0.024	0.078	1	PPP1R14B	c3
0.0216408705377708	1.53430105339475	0.04	0.018	1	DARS-AS1	c3
0.173694742448033	1.53390598587105	0.024	0.014	1	DHCR24	c3
5.61418747313968e-08	-1.53258638633663	0.046	0.17	0.000743542988942619	SLC25A24	c3
0.188707202971645	1.53230383881982	0.012	0.005	1	RGL1	c3
0.057183954742036	1.53224108008753	0.04	0.021	1	AC016876.1	c3
0.18790720650941	1.53155798150945	0.012	0.005	1	AC114763.1	c3
0.0307433197081213	1.53141847627924	0.037	0.017	1	MORC4	c3
0.189108141846794	1.53039335914919	0.012	0.005	1	C17orf51	c3
0.000339635084549168	1.52881959216267	0.091	0.041	1	TRBV18	c3
0.0939700025080847	-1.52817778374118	0.003	0.015	1	PRMT5-AS1	c3
9.96666811139554e-25	-1.52675169649702	0.232	0.555	1.31998552467322e-20	ABI3	c3
1.05615697393325e-13	-1.52644609956975	0.125	0.336	1.3987742962772e-09	GPR171	c3
0.0500365945303815	1.52565770861633	0.018	0.006	1	HDGFL3	c3
0.0379607591895089	1.52559560352771	0.049	0.026	1	GORAB	c3
6.61035872999255e-05	-1.52493815753475	0.018	0.081	0.875475910200213	GCNT1	c3
0.063121238678914	-1.5211262867686	0.006	0.022	1	DHRS11	c3
0.00307060143984441	-1.5205696835491	0.018	0.059	1	NECAB3	c3
0.000436760274021586	1.52049541322946	0.104	0.051	1	ZYG11B	c3
0.0928860241537539	-1.51814417753157	0.003	0.015	1	TDRKH-AS1	c3
9.26298290527405e-07	-1.5172900030353	0.024	0.117	0.0122678945597449	CHN2	c3
0.263653420394176	1.517256015175	0.027	0.018	1	FLVCR1	c3
0.000109277629698702	-1.51662716812614	0.034	0.104	1	DSE	c3
2.49454330711802e-06	-1.51599823323546	0.088	0.198	0.0330377315594711	TNFSF13B	c3
0.285143404998171	1.51167570681159	0.012	0.006	1	IQCC	c3
0.00596988089739623	-1.51071665998321	0.018	0.055	1	LRRC45	c3
0.117109391747093	-1.5101061594752	0.009	0.023	1	B4GALT5	c3
0.0255823328434367	-1.50924039453868	0.006	0.027	1	ZNF792	c3
3.45021730219564e-08	-1.50892104022538	0.064	0.197	0.00045694677950279	CLSTN3	c3
0.130928775199309	1.50825013963613	0.018	0.008	1	KANK1	c3
0.168412536112055	-1.50815557860922	0.012	0.025	1	TRBV4-1	c3
0.339132374919098	1.50638562656626	0.018	0.011	1	AL118506.1	c3
1.17661948865759e-10	-1.50631442502878	0.143	0.324	1.55831485077811e-06	LYAR	c3
0.00489954504311591	-1.50587776773435	0.009	0.042	1	BIVM	c3
0.000587038207489085	1.50573102336933	0.085	0.039	1	SARDH	c3
0.1276389311359	1.50468460523933	0.024	0.012	1	NR1H3	c3
0.00348231291561017	-1.50430851777244	0.024	0.068	1	TRIM47	c3
0.478697589075721	1.50279505686011	0.015	0.01	1	ZBTB18	c3
2.70851645564953e-05	-1.50078467351985	0.015	0.082	0.358715919386224	TTC38	c3
0.469559647165921	1.50058181703356	0.015	0.01	1	VSIG10	c3
0.00603179573951294	-1.50026841727117	0.009	0.041	1	ZSWIM9	c3
0.0236782129414445	-1.50022596803454	0.003	0.022	1	PIK3R3	c3
4.20285668796494e-15	-1.49901309695501	0.168	0.409	5.56626339754076e-11	BHLHE40	c3
0.0302114974107162	-1.49870759573931	0.006	0.026	1	PIK3R6	c3
0.00498962430661741	1.49645636399419	0.049	0.02	1	RASA4B	c3
0.0209502609637747	-1.49539301883942	0.006	0.028	1	C1orf61	c3
0.0363723572965779	-1.49427939444026	0.006	0.025	1	AC078846.1	c3
0.174638384563959	1.49353861790009	0.034	0.021	1	HECW2	c3
0.27401112755132	1.49171904458845	0.015	0.008	1	NEIL1	c3
0.13993521024981	-1.48760943177654	0.003	0.012	1	TRIM17	c3
0.00203397907198208	1.48604084976963	0.098	0.052	1	FAHD1	c3
0.245210139807076	1.48490566999889	0.021	0.012	1	AP004609.3	c3
0.209837337630109	-1.4837621971359	0.003	0.01	1	AL049869.3	c3
0.0166073800007724	-1.48247747808541	0.012	0.04	1	CAMK2N1	c3
0.00196661660087797	1.48209494783197	0.067	0.029	1	MBLAC2	c3
0.0204728069488949	1.48189450153563	0.012	0.002	1	AGAP9	c3
0.0606425087818735	1.48144894867232	0.034	0.017	1	CCDC102B	c3
0.0203248565819392	1.48076100244387	0.034	0.014	1	ZNF93	c3
0.0153654684979063	-1.47974445609539	0.018	0.049	1	TDRD7	c3
0.00588002204097651	1.4767765441979	0.134	0.087	1	METTL8	c3
0.209837337630109	-1.47616359992499	0.003	0.01	1	AC034231.1	c3
5.08090538940495e-10	-1.47424031360861	0.095	0.259	6.72915109772792e-06	GLRX3	c3
0.108421134267352	-1.47301124182834	0.006	0.019	1	MIR497HG	c3
0.0231852932639724	1.47261764081026	0.024	0.008	1	TTC30B	c3
0.190585713606127	-1.47209046760938	0.006	0.016	1	CCNI2	c3
0.0572503754756639	1.47152563180217	0.021	0.008	1	ADSSL1	c3
5.63015243235056e-06	-1.47070499538477	0.049	0.144	0.0745657388140508	SLC7A5	c3
0.0489357366327329	1.47030215835049	0.052	0.029	1	KIAA1324	c3
0.114256835332186	-1.46997399752962	0.003	0.014	1	C1orf21	c3
0.0303606202515789	1.46962359046347	0.034	0.015	1	PALB2	c3
0.210229513971085	-1.46744554815529	0.003	0.01	1	AC008763.1	c3
0.00674001676385033	-1.46647156573096	0.012	0.045	1	BMPR2	c3
0.0438615799515298	-1.46642860225574	0.006	0.024	1	ARHGAP33	c3
1.41700347105739e-15	-1.46497456171776	0.149	0.393	1.8766793970684e-11	APOBEC3G	c3
0.142511077904283	1.46153395478588	0.034	0.02	1	TSTD3	c3
0.00249473607385313	-1.45831574317577	0.024	0.07	1	CPPED1	c3
0.0526179161001086	-1.45570877686229	0.006	0.023	1	ZNF154	c3
0.171025626172938	-1.45273580741605	0.003	0.011	1	RRAGD	c3
0.0634362056558128	-1.45254055308523	0.003	0.017	1	C1orf54	c3
2.2665542782013e-05	-1.44796188166459	0.015	0.083	0.30018244860498	OASL	c3
0.00155502339461113	1.44753841183505	0.098	0.05	1	GLUL	c3
0.031541214289304	-1.44743554638693	0.012	0.035	1	WNT1	c3
0.114476364621716	-1.44696630355514	0.003	0.014	1	AC092343.1	c3
0.188331217492523	1.44611174412801	0.018	0.009	1	PPARGC1B	c3
0.188707202971645	1.44587688966406	0.012	0.005	1	NMNAT3	c3
0.0626211658863782	-1.44557276992121	0.015	0.035	1	RAI1	c3
0.131237465741148	1.44473122056418	0.021	0.01	1	AGAP4	c3
0.338254549206428	1.44293071968462	0.018	0.011	1	GEN1	c3
0.0288897224970874	-1.441997944296	0.003	0.021	1	RHEBL1	c3
1.2600428953989e-07	-1.441052731155	0.076	0.205	0.00166880081066631	SLF1	c3
0.000252450060871361	-1.44048545215782	0.055	0.127	1	IL12RB2	c3
0.271572331892381	1.43935626985091	0.034	0.023	1	MYEF2	c3
0.099290751080494	-1.43803002591962	0.009	0.024	1	SPOPL	c3
0.0305334434021324	1.43677235489292	0.037	0.017	1	ZNF483	c3
8.87918252187795e-05	-1.43625887060105	0.027	0.096	1	NCALD	c3
0.12403325766047	1.43531903539297	0.027	0.015	1	GLS2	c3
0.0635477220304588	-1.43368935083227	0.006	0.022	1	HIST1H2AI	c3
0.195116745167992	1.43332844388726	0.015	0.007	1	ICA1L	c3
0.029686120114199	1.43057767532356	0.03	0.012	1	NKD1	c3
0.00677791983676585	-1.42992169921209	0.037	0.08	1	NLRP3	c3
6.98157194135695e-10	-1.42938288671816	0.116	0.283	9.24639387913315e-06	CDIP1	c3
0.131417480485457	1.42842216902681	0.018	0.008	1	NUF2	c3
0.0845843044047533	1.42814028515134	0.018	0.007	1	AMY2B	c3
0.114256835332186	-1.42756347523369	0.003	0.014	1	ZNF777	c3
0.656898443003869	1.42709079193623	0.012	0.009	1	ENKD1	c3
0.0456940256121376	1.42584497725635	0.034	0.016	1	TTLL11	c3
0.0629483627087688	-1.42577966527589	0.015	0.035	1	CCDC65	c3
0.11469622572623	-1.424369453677	0.003	0.014	1	GAS2L1	c3
0.286674584425908	1.42432536520949	0.012	0.006	1	OTOF	c3
1.69753824631487e-05	-1.42353348000389	0.052	0.14	0.224821965341942	PARVB	c3
0.00604811356587131	-1.42083341272825	0.018	0.055	1	LMAN2L	c3
0.0618540057307113	-1.41999576536871	0.012	0.031	1	PRDM15	c3
7.09109705273122e-12	-1.41974497813966	0.113	0.312	9.39144893663722e-08	CD58	c3
5.03603039136134e-06	-1.419634053584	0.006	0.074	0.0666971865031896	HLA-DQA1	c3
0.000206632100481404	-1.41892009494154	0.046	0.116	1	LPAR5	c3
0.00692498272375745	-1.41867390857315	0.012	0.045	1	ZNF296	c3
5.82253542403611e-07	-1.41845082488337	0.034	0.136	0.00771136591559343	DUSP10	c3
0.000480991528056724	-1.41564096337236	0.03	0.089	1	PGLYRP2	c3
0.00928772179197344	-1.41550965301523	0.015	0.048	1	PDXP	c3
0.0033438594723387	-1.41536909655001	0.021	0.063	1	SRD5A3	c3
0.400023336770758	1.4144653860987	0.012	0.007	1	AC006252.1	c3
0.192636436532183	1.41335069217348	0.015	0.007	1	SLC16A5	c3
0.00290029924819245	-1.41281012838964	0.021	0.065	1	GCLC	c3
0.0543788366672442	1.41217657912579	0.012	0.003	1	U47924.2	c3
0.125738531740576	1.41162758588341	0.015	0.006	1	OGFRP1	c3
0.345318026692324	1.40972381735601	0.018	0.011	1	ATL1	c3
0.118121341604234	-1.40941615389393	0.009	0.023	1	ZDHHC9	c3
0.11469622572623	-1.40777344452111	0.003	0.014	1	CTIF	c3
0.00218713847621895	1.4049465856298	0.04	0.012	1	RAB11FIP5	c3
0.0139922707360073	1.40443677668092	0.037	0.015	1	AP003716.1	c3
0.00429120616963077	1.40323767380164	0.043	0.016	1	VIPR1	c3
0.349276328215649	1.40245396162316	0.037	0.027	1	TCAF2C	c3
0.0264464793331939	1.40221498817859	0.018	0.005	1	AC009041.1	c3
0.0361837489563841	-1.401992894682	0.006	0.025	1	NQO1	c3
0.0252695956675358	-1.4000132388183	0.006	0.027	1	BMF	c3
6.44462127720021e-06	1.39663125595551	0.183	0.094	0.0853525641952395	FBLN5	c3
0.0142228815812995	-1.3963450848867	0.012	0.041	1	QPCT	c3
0.00744564076302746	1.39446144332324	0.049	0.021	1	AC139720.1	c3
0.00370553938937542	1.3936308564185	0.064	0.029	1	PCBP3	c3
0.0633124157678922	-1.39259967395147	0.003	0.017	1	TRAV1-1	c3
2.83076685511838e-05	-1.38892090367832	0.021	0.093	0.374906762291878	ZEB2	c3
0.00010714424744385	-1.38864597672525	0.052	0.128	1	CYSTM1	c3
0.115247316346673	-1.38757668965516	0.003	0.014	1	ZNF449	c3
1.36924323893299e-05	-1.38688583476489	0.061	0.155	0.181342574564286	DDAH2	c3
0.000672005288741461	-1.38641120676387	0.024	0.077	1	IER5L	c3
0.0630654348286587	-1.38605313078878	0.003	0.017	1	C1QTNF6	c3
0.40426308861208	1.38510194990673	0.012	0.007	1	AL117336.3	c3
3.81497384769026e-09	-1.38505885391142	0.088	0.246	5.05255136388099e-05	GABARAPL1	c3
0.629932248037977	-1.38295246503023	0.009	0.012	1	TRBV7-4	c3
9.45300520034885e-08	-1.3828403195915	0.064	0.191	0.0012519560087342	DUSP4	c3
0.519625874289974	1.38123281809736	0.012	0.008	1	RAB15	c3
0.0136864210777238	-1.38107082235198	0.012	0.041	1	NPEPL1	c3
1.7168844805928e-12	-1.37966861781765	0.183	0.39	2.27384180609711e-08	TIMP1	c3
0.1276389311359	1.37798437249273	0.024	0.012	1	CNIH3	c3
0.120591128266089	1.37755653241654	0.027	0.015	1	AL662899.2	c3
0.0903825840886688	1.37656648136116	0.027	0.014	1	AC104986.2	c3
0.33843187264115	-1.37235792345127	0.043	0.055	1	TRBV27	c3
2.26333254972796e-13	-1.37165958775738	0.104	0.314	2.99755762885971e-09	PRDM1	c3
0.00714338892553199	1.37113956894563	0.067	0.033	1	PEX5	c3
0.287186209137211	1.37016031719067	0.012	0.006	1	IPO4	c3
0.0536101955785474	-1.37007232968922	0.006	0.023	1	ARAP3	c3
0.0576144609192582	1.36920264486319	0.021	0.008	1	FAM66C	c3
5.88096446814063e-16	-1.36807988348081	0.366	0.609	7.78874934160545e-12	GADD45B	c3
0.0626397921887374	1.36696812926575	0.03	0.015	1	AL163973.2	c3
0.0178365673298306	-1.36592077162296	0.015	0.044	1	ENTR1	c3
0.131015521153861	1.36584489051279	0.021	0.01	1	AL135791.1	c3
2.51008886354688e-15	-1.36540153575531	0.171	0.419	3.32436169088148e-11	GLO1	c3
0.0741783510903311	-1.36510786586829	0.015	0.034	1	ZNF446	c3
0.00491305518676045	-1.36456461875242	0.018	0.056	1	IFI44L	c3
0.0215818170778408	1.36376014485558	0.046	0.022	1	ZNF554	c3
0.0367520884474043	-1.36329623294353	0.006	0.025	1	C19orf54	c3
0.00903098942323246	-1.36283888252006	0.003	0.027	1	OTUB2	c3
0.0833890042946993	-1.36272140696609	0.009	0.025	1	ALDH1B1	c3
0.130793867756576	1.36196352475044	0.021	0.01	1	THSD8	c3
0.0251365752964957	-1.36196236309053	0.006	0.027	1	LATS2	c3
0.259596372244235	1.36193083786138	0.018	0.01	1	PEX12	c3
3.82182945531296e-06	-1.35981889312359	0.067	0.173	0.0506163093061648	MSH3	c3
0.11469622572623	-1.35955721005172	0.003	0.014	1	AC092803.2	c3
0.0449347803045634	1.3588893712152	0.037	0.018	1	NEU3	c3
0.0324122587207437	1.35859785346749	0.037	0.017	1	ACSF2	c3
0.114476364621716	-1.35723830498243	0.003	0.014	1	LINC02100	c3
0.0161221713186516	-1.35580893385069	0.003	0.024	1	SLC4A8	c3
9.67695203480174e-11	-1.35424431175938	0.14	0.325	1.28161552748914e-06	TUBA1C	c3
0.0620826634292687	1.35415764817841	0.034	0.017	1	TREX1	c3
0.0832656344878379	-1.3528321945447	0.009	0.025	1	NPL	c3
0.158969170872929	-1.35266827639421	0.006	0.017	1	DGKQ	c3
0.0157745238769355	1.35234197235719	0.043	0.019	1	PGAP1	c3
0.111128537198192	1.35209299438036	0.012	0.004	1	MYOM2	c3
0.0695587911938663	-1.35056227276216	0.009	0.026	1	TUBB4A	c3
0.141004177860443	-1.3503396235901	0.003	0.012	1	ZNF630	c3
0.0619501664431892	1.34747540073137	0.024	0.01	1	C1orf198	c3
0.193349172417811	1.34639551739576	0.018	0.009	1	ZFP69	c3
0.0710358133455486	-1.34548944264325	0.009	0.026	1	MCC	c3
0.0636547122730412	-1.34529645631659	0.006	0.022	1	TWNK	c3
0.33023796458121	-1.34445622630993	0.006	0.012	1	AC018647.2	c3
0.00103496596968667	1.34396560100888	0.07	0.029	1	PCSK1N	c3
4.57860058495236e-05	-1.3425787595491	0.04	0.119	0.606389861471091	MICB	c3
6.50065865303211e-08	-1.34247071883444	0.064	0.195	0.000860947232007573	SEL1L3	c3
0.275756541562531	1.34236472822354	0.015	0.008	1	TIMP2	c3
1.48713980976421e-05	-1.34131552544929	0.027	0.107	0.196956796405172	TP53I11	c3
0.0441545379460278	1.34122773945876	0.037	0.018	1	ZNF813	c3
0.139795723019505	-1.34108372676864	0.009	0.022	1	TEX2	c3
0.189911902950406	1.3409636840992	0.012	0.005	1	ZNF492	c3
0.916103832143627	1.33998935538918	0.015	0.015	1	DMGDH	c3
1.2045734872461e-10	-1.33696687561914	0.061	0.226	1.59533712650873e-06	FAM129A	c3
0.188331217492523	1.33678119366289	0.018	0.009	1	COG8	c3
0.000514667537245486	-1.33668655089216	0.037	0.098	1	CCDC184	c3
0.00327130090317988	1.33305817830733	0.049	0.019	1	TRBV7-3	c3
0.118731617200447	1.33302281264994	0.03	0.017	1	ZNF558	c3
0.369095207815455	1.33295190889374	0.03	0.022	1	TRAV26-2	c3
0.201251259763256	1.33294427973576	0.03	0.019	1	TENT5A	c3
1.82472820921629e-08	-1.33230521180772	0.098	0.245	0.000241667004028605	BCL2L1	c3
0.00923062783098989	1.33173336397589	0.079	0.044	1	NINJ2	c3
0.0138198898684742	-1.33107660201269	0.03	0.067	1	ABCD1	c3
0.000924489933289992	1.3295593766877	0.095	0.046	1	TPCN1	c3
1.50631552855278e-05	1.3290159165945	0.152	0.074	0.19949642860153	AIF1	c3
9.2842001057262e-05	-1.32827728687578	0.049	0.127	1	MMD	c3
0.000184687181808146	-1.32675710247886	0.049	0.122	1	EGR3	c3
0.398816906889738	1.32597059560307	0.012	0.007	1	AC009812.1	c3
0.000165309515042196	-1.32092422988622	0.027	0.092	1	TNIP3	c3
0.00161510177622649	-1.31970019024899	0.009	0.048	1	MYO1E	c3
0.0423540152799683	-1.31908475840055	0.009	0.029	1	TMEM191B	c3
0.00256225259790993	-1.31794656585607	0.021	0.066	1	WHRN	c3
0.140468912012615	-1.31669629536431	0.003	0.012	1	AL158152.1	c3
0.0204441486365383	1.31598840008258	0.034	0.014	1	ZNF665	c3
0.12403325766047	1.31576427726869	0.027	0.015	1	AC007114.1	c3
0.0633124157678922	-1.31473241218624	0.003	0.017	1	TEPP	c3
0.403048995715017	1.3141543776608	0.012	0.007	1	IL1R1	c3
0.0256146505258166	-1.31340364259568	0.018	0.046	1	AC019163.1	c3
0.523652258181927	1.31194694487029	0.012	0.008	1	HIST1H2AJ	c3
0.0627205484009137	1.31157749983507	0.037	0.019	1	ADAL	c3
0.00177317957126521	1.30996432779827	0.091	0.046	1	DIP2B	c3
0.193342719673776	1.30970597821445	0.015	0.007	1	CDKL2	c3
0.0404864869672674	1.30952526135797	0.046	0.024	1	AC060780.1	c3
0.0903637827102148	1.30949397983687	0.021	0.009	1	ERVMER61-1	c3
0.00164874090540287	-1.30930530666173	0.027	0.077	1	PORCN	c3
0.121252504197944	1.30912879221105	0.03	0.017	1	PHF7	c3
0.0249783580707008	-1.30713868062896	0.009	0.032	1	ST3GAL4	c3
5.57484480094686e-13	-1.30663846609456	0.192	0.406	7.38332445437402e-09	IFI27L2	c3
0.00748766185841208	-1.30503017170642	0.021	0.058	1	PPP1R12C	c3
0.000135716238250468	1.30484829885084	0.098	0.042	1	TAF4B	c3
5.03247282940651e-11	-1.3037659175083	0.113	0.3	6.66500701526598e-07	CD200R1	c3
0.23442416780883	1.30328893795913	0.034	0.022	1	CEACAM1	c3
0.189576606632231	1.30266944061615	0.018	0.009	1	CCNJ	c3
0.0578528553813709	1.30116301750106	0.052	0.03	1	ENGASE	c3
5.87289276627905e-24	-1.30007601543488	0.387	0.692	7.77805917965998e-20	MYADM	c3
0.00992979775623131	-1.30000078657143	0.012	0.043	1	RAB27B	c3
0.141575581350804	-1.29831013041879	0.009	0.022	1	ID1	c3
0.228554834798116	1.29817110244661	0.024	0.015	1	AC090061.1	c3
0.00409744519707323	1.29802063978658	0.088	0.047	1	ZBED5-AS1	c3
0.258462302661309	1.29536562996607	0.018	0.01	1	ZNF133	c3
3.54275046082797e-15	-1.29534165293983	0.174	0.419	4.69201871032056e-11	PDE4D	c3
0.00201209910443732	-1.29526940510253	0.024	0.072	1	ZNF827	c3
0.0536101955785474	-1.29370778798697	0.006	0.023	1	LINC00893	c3
0.134379463600705	1.29209731818264	0.018	0.008	1	ZNF763	c3
0.000630846432073134	1.29171979497621	0.134	0.075	1	ZFP14	c3
0.0883108440205441	-1.28916687556391	0.018	0.037	1	MAPRE3	c3
0.0501457592978508	1.28869277624011	0.082	0.054	1	BTRC	c3
0.0354059275876128	-1.28838471469111	0.009	0.03	1	IRF5	c3
0.0343010924524819	-1.28667013843584	0.018	0.044	1	GSAP	c3
0.000376478532200167	-1.28616252712172	0.018	0.073	1	LST1	c3
7.16833849939053e-05	1.28418064413152	0.137	0.068	0.949374750859281	CD79B	c3
0.527019760244831	1.28316864452153	0.012	0.008	1	TRBJ2-7	c3
0.177945134824074	1.28288787333426	0.024	0.014	1	CRB3	c3
0.000799220194515023	-1.28258029709005	0.027	0.082	1	ABHD15	c3
0.0143331824101311	-1.28174210562441	0.024	0.058	1	LRSAM1	c3
0.00899949383496876	-1.28039464951616	0.03	0.07	1	GHDC	c3
0.652598592919196	1.28001803149262	0.012	0.009	1	KLHL15	c3
0.0112323258124648	1.27812348160628	0.03	0.01	1	RMI2	c3
0.000369485908834898	-1.27802501297371	0.049	0.117	1	RIT1	c3
1.10029140680523e-06	-1.2774359422979	0.067	0.178	0.0145722593917285	RUNX2	c3
0.192636436532183	1.27663217324595	0.015	0.007	1	KIF9-AS1	c3
0.124941198120524	1.27634240178103	0.015	0.006	1	HK2	c3
0.0152412751934043	1.27521811638788	0.085	0.05	1	ZMAT1	c3
0.157821342624009	1.27510314901607	0.03	0.018	1	AC002310.1	c3
0.0399730467475126	1.27395539048226	0.046	0.024	1	ZNF845	c3
5.2292095804824e-15	-1.27390598732158	0.152	0.387	6.92556516839089e-11	GBP5	c3
0.159469933477783	-1.27335367100038	0.006	0.017	1	AL162258.2	c3
0.0146047925151851	1.27307173973329	0.061	0.031	1	SEMA4B	c3
0.289238868151937	1.27286001720655	0.012	0.006	1	AC023632.2	c3
0.00144653477256369	1.272579871997	0.082	0.039	1	ALDH5A1	c3
0.366111131848432	1.27241827757045	0.015	0.009	1	AL158835.1	c3
0.192989340716763	1.27141704852405	0.015	0.007	1	AC021092.1	c3
0.454256418472119	1.27139008482631	0.027	0.021	1	ACAD11	c3
0.00772424845259136	1.26922556653332	0.058	0.027	1	ABL2	c3
0.400023336770758	1.2686541621311	0.012	0.007	1	SPAG8	c3
8.71063841603659e-05	-1.2677077209508	0.046	0.124	1	ABR	c3
0.0882765157264325	1.26752892207445	0.034	0.018	1	STARD5	c3
0.000377271000355186	1.2675232114869	0.134	0.073	1	SLC8B1	c3
0.401231958162067	1.26547465177034	0.012	0.007	1	DVL1	c3
0.127899750778127	1.26447558129483	0.04	0.024	1	SWSAP1	c3
0.0393451468087459	1.26392348761232	0.061	0.035	1	LINC00239	c3
0.00146373939879434	1.26382517388188	0.082	0.039	1	TMEM25	c3
0.000265985898723145	1.26312376050831	0.195	0.124	1	MAF	c3
4.80518004388669e-07	-1.26224261562993	0.146	0.285	0.00636398045012353	RASGEF1B	c3
0.115357802928051	-1.26009311863979	0.003	0.014	1	KIF18A	c3
0.0133681180717364	-1.25993131720486	0.018	0.05	1	AC073896.2	c3
3.64021052190322e-05	-1.25942171198607	0.055	0.143	0.482109481520863	TMEM200A	c3
0.0911834736792052	1.25880322797497	0.024	0.011	1	UBR5-AS1	c3
0.0174780670676598	-1.25865964710877	0.009	0.034	1	SS18L1	c3
0.277948954355414	1.25649736107383	0.015	0.008	1	CCDC78	c3
3.23323004113949e-10	-1.25604472274695	0.119	0.304	4.28208986648514e-06	CALHM2	c3
2.4545104326806e-05	-1.25582045057378	0.049	0.137	0.325075361704219	CMIP	c3
0.00311444030839491	-1.25328878216195	0.024	0.069	1	CRADD	c3
0.177533933566162	1.2528797283202	0.034	0.021	1	STXBP5	c3
0.289275395539281	1.252488153669	0.024	0.016	1	TET3	c3
7.6970264959513e-15	-1.25195617649735	0.18	0.425	1.01939418912379e-10	ACTN4	c3
0.000979721752967587	1.25150756603396	0.119	0.065	1	SH3TC1	c3
0.000633650475055375	-1.25088882898731	0.015	0.063	1	ARHGAP26	c3
0.122272505776836	1.25084536733943	0.03	0.017	1	USP44	c3
0.0208867929133767	1.25073596628866	0.034	0.014	1	JRK	c3
0.000387504511222999	1.24976363659243	0.055	0.018	1	AL355816.2	c3
0.189509708369076	1.24946322896349	0.012	0.005	1	B3GNT10	c3
0.0122085536774616	-1.24868997620743	0.024	0.059	1	ADO	c3
0.0393294920401219	-1.24705323182714	0.015	0.039	1	B3GALNT2	c3
0.140736349271532	-1.2469602235414	0.003	0.012	1	CYP27B1	c3
0.274446771694366	1.24542341563271	0.015	0.008	1	C11orf65	c3
0.0867633399004967	1.24460558018789	0.034	0.018	1	AZIN1-AS1	c3
0.0052731746592599	1.24265449779537	0.11	0.065	1	EPHB6	c3
0.0114832035538223	1.24259446522126	0.046	0.02	1	ZFP30	c3
0.0843813011535503	-1.24115347576285	0.009	0.025	1	AC025259.3	c3
3.67815108384832e-05	-1.24108655051309	0.043	0.125	0.487134329544872	AC022706.1	c3
1.03364527603924e-11	-1.24036462186573	0.174	0.383	1.36895980358637e-07	ERN1	c3
0.0214016549414107	1.23971479970054	0.067	0.037	1	KIAA1147	c3
0.134149341076926	1.23943725519576	0.021	0.01	1	KDF1	c3
0.115357802928051	-1.23848609129273	0.003	0.014	1	ZNF367	c3
0.140768616192722	-1.23745903643079	0.012	0.026	1	FBXL16	c3
0.0205642903914769	-1.23662147292319	0.015	0.043	1	CHSY1	c3
0.0564543838558861	-1.23631748728391	0.015	0.036	1	SGCB	c3
0.000381638153855679	-1.23537910945329	0.043	0.109	1	CD248	c3
0.119652112141576	-1.23502170806612	0.009	0.023	1	HIST1H4H	c3
0.0100490059603026	-1.23477419493423	0.018	0.052	1	XYLT1	c3
0.0633341872317308	-1.23468112224841	0.006	0.022	1	LRP5L	c3
0.0626621776952898	1.23459126492724	0.024	0.01	1	CHTF18	c3
0.15539019520248	1.23399199876272	0.03	0.018	1	LINC01679	c3
0.01479204639398	-1.23361651158875	0.009	0.035	1	ZSCAN9	c3
0.0542562482024751	-1.23284830966713	0.012	0.032	1	PDE7B	c3
0.000627283929421164	1.2318416322765	0.11	0.055	1	DCAKD	c3
0.0436124000536764	1.23148051474745	0.027	0.011	1	ZNF467	c3
1.90882156265089e-05	-1.23052188344051	0.049	0.136	0.252804327757484	FHOD1	c3
0.133640339020036	-1.23028647254768	0.006	0.018	1	AC090517.4	c3
0.140584633751045	-1.23006078712868	0.009	0.022	1	DNAH1	c3
0.141004177860443	-1.22918235913636	0.003	0.012	1	CEP112	c3
0.00449485114997844	-1.22842026157186	0.03	0.075	1	TMED8	c3
0.149464337163106	1.22785050223063	0.055	0.037	1	PSAT1	c3
0.15846959918699	-1.22766766245862	0.006	0.017	1	CCDC157	c3
0.159469933477783	-1.22538851496759	0.006	0.017	1	ENO3	c3
0.126807803397199	1.22504035677286	0.015	0.006	1	TRIM61	c3
0.0631862728240054	1.22494297660948	0.037	0.019	1	SPDL1	c3
0.0717839081060675	-1.22489975644235	0.009	0.026	1	TNFRSF12A	c3
0.0764798934479989	-1.22484432409495	0.006	0.021	1	PLD2	c3
1.44268620640234e-05	1.22439022906813	0.189	0.104	0.191069361175927	APBA2	c3
0.323757656399469	-1.22379959386428	0.009	0.017	1	TSPAN2	c3
0.0921847300235829	-1.22369089077794	0.006	0.02	1	SFXN5	c3
0.287698449780081	1.22337983538044	0.012	0.006	1	AC034102.6	c3
0.115136944579715	-1.22328951751127	0.003	0.014	1	LINC01644	c3
0.0120038155077263	-1.22289679293427	0.018	0.051	1	TADA2A	c3
0.000652972530829309	-1.22208668994148	0.04	0.102	1	CLU	c3
0.0310933443958511	1.22196930343172	0.03	0.012	1	NOXA1	c3
0.0145736587252717	1.22180312014257	0.061	0.031	1	TRIM73	c3
0.14576232377453	1.22174785272049	0.034	0.02	1	ZNF347	c3
0.0545482818405008	1.22113675460769	0.012	0.003	1	PFKFB2	c3
0.0315571541260291	1.22091309910489	0.046	0.023	1	RTTN	c3
0.110018916868486	-1.22005864751733	0.006	0.019	1	NUSAP1	c3
0.0912188655011875	1.21884955702018	0.021	0.009	1	KISS1R	c3
0.153186715517653	1.21749257288513	0.03	0.018	1	LINC02062	c3
0.190828054009308	1.21714261709163	0.018	0.009	1	BMP2K	c3
0.0253146709090372	-1.21700134790476	0.015	0.042	1	PWWP2B	c3
0.295171088156526	1.21596257354474	0.03	0.021	1	ZNF341	c3
0.0330066499138195	-1.21530563058305	0.012	0.035	1	RBM27	c3
0.000249028286444045	1.21445862177284	0.143	0.078	1	PHACTR2	c3
0.0321488150285127	-1.21299722546459	0.012	0.035	1	TRGV5P	c3
0.261494105535964	1.21236715375319	0.018	0.01	1	RCAN1	c3
2.18747466398459e-05	-1.21219017111821	0.076	0.174	0.289709144498119	SPINK2	c3
0.00540992100602751	-1.2114826373373	0.03	0.074	1	CACNA2D4	c3
1.97705255440912e-56	-1.21100364390437	0.86	0.981	2.61840840305944e-52	VIM	c3
0.0125249975742689	-1.20980325507518	0.024	0.059	1	HEG1	c3
0.00794232542371151	-1.20879893658183	0.015	0.049	1	AC147067.1	c3
0.0710358133455486	-1.20863026066003	0.009	0.026	1	TMEM106A	c3
0.0234114182744201	-1.20758926211685	0.012	0.037	1	KRTCAP3	c3
0.0426002101894354	1.2074469960074	0.085	0.055	1	TRAV9-2	c3
0.028785892210913	-1.20739620181239	0.015	0.041	1	TSPAN4	c3
0.0842123861839106	1.20702363664495	0.037	0.02	1	TIMELESS	c3
3.37516721448079e-09	-1.20663185928879	0.162	0.339	4.47007145885836e-05	IFNGR1	c3
0.193342719673776	1.2064640070588	0.015	0.007	1	ZSCAN22	c3
0.00199761002116033	-1.20599338693589	0.009	0.047	1	GNAO1	c3
0.0197097842604012	-1.20579146042765	0.012	0.039	1	AC103591.3	c3
0.000678936388733302	1.20573561760325	0.07	0.028	1	AFF3	c3
0.00453212493539179	1.20453238003156	0.043	0.016	1	MPP5	c3
0.0860146362135503	1.20263226749439	0.034	0.018	1	KRBA2	c3
0.0603079809538503	-1.20207172956251	0.009	0.027	1	AC135457.1	c3
0.194380873061007	1.20147824951338	0.04	0.026	1	NMB	c3
0.0504785157444148	-1.20047745513923	0.009	0.028	1	SAP30	c3
0.133001876153898	-1.19972443907127	0.006	0.018	1	PHLDB2	c3
0.0108324799176396	-1.1994595991091	0.021	0.056	1	RNF135	c3
0.00340744209209851	1.19841693076109	0.171	0.112	1	LPAR6	c3
0.304367827953028	1.19823483991475	0.03	0.021	1	DPYSL2	c3
0.00314035679113196	-1.19790614157431	0.024	0.069	1	CALHM6	c3
0.0634522280389683	1.19758291587185	0.034	0.017	1	ZNF658	c3
0.000606861035430461	-1.1966756071206	0.046	0.11	1	SMURF2	c3
0.39821451427483	1.19660545134215	0.012	0.007	1	AC009113.1	c3
0.00638870936176657	-1.19608325164115	0.018	0.055	1	LOXL1-AS1	c3
0.261113793742765	1.1952545939986	0.018	0.01	1	EFNB1	c3
0.16475887292639	1.19418696691388	0.027	0.016	1	ZNF239	c3
3.18456341447443e-07	-1.19404046910323	0.113	0.245	0.00421763578612993	LRRN3	c3
0.0165284780084534	1.19400730395769	0.058	0.029	1	ZNF273	c3
0.193846061997332	1.19341743884952	0.006	0.016	1	TPM2	c3
0.064299782770196	-1.19219138782046	0.006	0.022	1	ZNF319	c3
6.92360030480249e-32	-1.19182068627062	0.552	0.824	9.16961624368042e-28	CD96	c3
0.0068823074543619	1.19167836499003	0.162	0.112	1	TOX	c3
0.19208557188608	1.19129989629416	0.018	0.009	1	AC073389.1	c3
0.38053651523808	-1.19126242622628	0.009	0.016	1	ZNF324B	c3
0.172971052729844	-1.19083661935325	0.003	0.011	1	GRAMD1C	c3
0.0766824310389198	-1.18797074054532	0.015	0.034	1	PLXNA3	c3
0.47331614768789	1.18755310787398	0.021	0.016	1	AC139887.2	c3
0.0555723754984969	-1.18622270147758	0.015	0.036	1	TESK1	c3
0.0229330303084221	1.18611355067857	0.073	0.043	1	TNK2	c3
0.189346216859094	1.18597075063091	0.052	0.036	1	CCDC142	c3
0.246576077458549	1.18574080278408	0.079	0.062	1	RALGAPA2	c3
0.0204703498162346	1.18541884101214	0.058	0.03	1	CCHCR1	c3
1.235734204783e-31	-1.18427071610328	0.875	0.946	1.6366063808146e-27	ZFP36	c3
0.152704626955171	1.1835606761805	0.055	0.037	1	ASH1L-AS1	c3
0.000140364207532605	-1.18339698899404	0.049	0.123	1	SNAI3	c3
0.534424525182315	1.18187902385155	0.027	0.022	1	LINC01011	c3
0.000662219818378793	-1.18138060522978	0.055	0.122	1	MAU2	c3
0.0750945048361464	1.18094720920588	0.015	0.005	1	BHLHB9	c3
0.398816906889738	1.17981998686005	0.012	0.007	1	HLF	c3
6.86882413125651e-20	-1.17902891676528	0.393	0.662	9.09707067943612e-16	AHNAK	c3
0.167130018509574	-1.17859196989548	0.009	0.021	1	ADGRL1	c3
0.249204023020463	1.17488429941373	0.037	0.025	1	COPRS	c3
2.55908742871589e-12	-1.17476082915163	0.277	0.491	3.38925539059132e-08	PTPN22	c3
7.60245379698385e-06	-1.17449920707583	0.07	0.174	0.100686898087254	SNX10	c3
0.0237134642727794	-1.17403215123747	0.027	0.059	1	FAH	c3
0.172971052729844	-1.17387550312147	0.003	0.011	1	IGLV2-14	c3
0.000506696163622287	-1.17376951589487	0.034	0.095	1	ENPP4	c3
0.000891549681297431	-1.17083435727288	0.043	0.103	1	USP30-AS1	c3
1.28224206219201e-32	-1.17077954350957	0.905	0.956	1.69820138716709e-28	FOS	c3
9.58523858984549e-05	-1.17071049257824	0.015	0.075	1	PAK1	c3
0.064400859745488	-1.16838217312767	0.012	0.031	1	PLOD1	c3
2.53950880370156e-09	-1.16811617612973	0.14	0.315	3.36332545962234e-05	APOBEC3C	c3
1.46730397293991e-05	-1.16805409181419	0.085	0.187	0.194329738176162	ORAI2	c3
0.0186837755157743	1.16605521895391	0.061	0.032	1	PXYLP1	c3
0.20554013237298	1.16493841349993	0.043	0.029	1	MANEA-DT	c3
0.00798703298201178	-1.1634499539194	0.024	0.062	1	BCS1L	c3
0.038393565610372	1.161403426829	0.052	0.028	1	MED26	c3
0.243875603621808	1.16138746627973	0.021	0.012	1	PRDM8	c3
0.0010073646899883	-1.16112436250566	0.034	0.088	1	GZMK	c3
0.376734960713946	1.16111042044357	0.03	0.022	1	MAP4K3	c3
0.0604375450444489	1.1609194037227	0.055	0.032	1	ZNF345	c3
0.397434366085775	-1.16068286599417	0.006	0.011	1	FGD2	c3
0.0226041228950075	-1.1598770075926	0.018	0.047	1	MED20	c3
0.00983860881891287	1.15954239029718	0.082	0.046	1	SLC20A2	c3
0.087798883665976	1.15899899131381	0.046	0.027	1	SEMA4F	c3
0.000285075099032044	1.1586870277733	0.119	0.059	1	GCA	c3
0.00690006768620496	1.15799714815514	0.079	0.042	1	FAM69A	c3
0.172645674711379	-1.15768246604028	0.003	0.011	1	TOP2A	c3
0.0223009374642787	-1.15715748378444	0.034	0.068	1	ZNF71	c3
0.121289637128969	-1.15712626609925	0.012	0.027	1	NLK	c3
0.174580715286193	1.15668728019302	0.058	0.041	1	ZNF407	c3
1.54474919192185e-05	1.15559132394684	0.152	0.073	0.204586582978129	ANK3	c3
0.101750780412039	-1.15438656480998	0.034	0.056	1	TRAV14DV4	c3
0.0293626279702002	1.15430139942613	0.049	0.025	1	OSER1-DT	c3
0.105456997471757	1.1539872779007	0.037	0.021	1	F2RL1	c3
0.979103717906115	1.1536503866267	0.021	0.022	1	MBD3	c3
0.00259655251864929	1.15316863255829	0.116	0.066	1	PPP1R3E	c3
0.0112288950290365	-1.15230783577264	0.015	0.047	1	MYO6	c3
0.390106957808458	1.15229608796625	0.021	0.015	1	ATP1A3	c3
4.92185636007941e-09	-1.15167922149409	0.159	0.327	6.51850656328918e-05	PTPN4	c3
0.165753120446894	-1.15153831906299	0.009	0.021	1	AF117829.1	c3
2.11661501118451e-08	-1.15042031676474	0.128	0.284	0.000280324492081276	FOSL2	c3
0.155793400193508	1.14994890721353	0.03	0.018	1	TMEM30B	c3
0.0105550034173407	-1.14972505380309	0.037	0.077	1	SBF2	c3
0.0825967909285538	1.14961951302928	0.037	0.02	1	KLHDC1	c3
1.00356486087105e-16	-1.14913415494628	0.247	0.51	1.32912130173761e-12	ANXA5	c3
1.5699153296407e-17	-1.14911144073173	0.259	0.537	2.07919586257614e-13	ITGB7	c3
0.0711422910612362	-1.14849348634965	0.009	0.026	1	ZNF282	c3
2.15019431219017e-05	-1.14847660335524	0.079	0.178	0.284771734706466	CAPNS1	c3
5.67062041808763e-05	1.14812807977544	0.192	0.11	0.751016968171525	TNFRSF10A	c3
0.39909739250633	-1.14658989435239	0.006	0.011	1	IL1R2	c3
0.0159732358148584	1.1464523912438	0.052	0.025	1	MVK	c3
0.0998708655831472	-1.14639299816472	0.009	0.024	1	SECTM1	c3
0.0846308625946157	-1.14603541437688	0.009	0.025	1	SLFN12	c3
0.287186209137211	1.1452590790568	0.012	0.006	1	LMTK3	c3
0.528156858342346	1.1442341035501	0.018	0.014	1	NOCT	c3
0.249244458356038	1.14367529102637	0.021	0.012	1	ZNF546	c3
0.00645333519957769	1.14218926420229	0.11	0.066	1	OTUD6B	c3
0.000145874276541602	1.14147805380898	0.198	0.121	1	ATXN7.1	c3
0.402442769413647	1.14086554009474	0.012	0.007	1	RNASE4	c3
0.174190815259235	1.14060969131771	0.024	0.014	1	NHLRC4	c3
0.294928661409414	1.13903777922612	0.037	0.026	1	FKRP	c3
0.0648413461353587	1.13858458633393	0.049	0.028	1	TMEM91	c3
0.343986510879845	1.13822703772891	0.018	0.011	1	CCT6B	c3
0.00849969150345038	1.13797096749246	0.055	0.025	1	WNT10A	c3
0.173296888992648	-1.13767081199453	0.003	0.011	1	AC115618.1	c3
0.0205845753689143	1.13752383653526	0.058	0.03	1	DSN1	c3
0.371720102290345	1.13751710511343	0.015	0.009	1	EXOC3-AS1	c3
4.96434407942641e-06	1.13684689189112	0.253	0.151	0.0657477729879234	NPAT	c3
0.0261767072248083	1.13568562331605	0.073	0.043	1	TAF1C	c3
0.172320754639348	-1.13500944228665	0.003	0.011	1	CA13	c3
4.59328875330634e-06	-1.13482889483654	0.076	0.187	0.0608335162487891	FAM3C	c3
0.0128360248925356	1.13463605051505	0.082	0.047	1	POLG2	c3
9.78220784501098e-05	-1.13424303821573	0.049	0.127	1	TMEM214	c3
0.141774413340293	-1.13399893455358	0.009	0.022	1	EGLN3	c3
0.189911902950406	1.1339020304309	0.012	0.005	1	MEGF8	c3
0.000577841714005698	-1.13340492631558	0.021	0.075	1	HLA-DRB5	c3
0.18620914962349	1.13185407051081	0.055	0.039	1	CASTOR1	c3
0.851553781838008	1.13183795151109	0.024	0.023	1	PLA2G15	c3
0.0131902234544949	-1.13139926917946	0.03	0.068	1	SLC9B2	c3
0.0197012554269666	-1.13083799049756	0.018	0.048	1	KDM8	c3
0.00493341915314228	1.12973631223579	0.11	0.065	1	NAB1	c3
0.0310390725728719	-1.12932666471019	0.021	0.049	1	STX3	c3
0.000268516693323185	1.12915288374637	0.18	0.109	1	ZC3H12D	c3
0.0316983681694602	1.12819657620736	0.046	0.023	1	MOCS3	c3
0.0501963912446682	1.1281244134434	0.067	0.042	1	ZNF174	c3
0.704651661712378	1.12720965331624	0.015	0.012	1	CFAP44	c3
0.0156283126539813	1.12554234310078	0.082	0.048	1	CDK5R1	c3
0.0880804938659489	1.12520914604432	0.082	0.058	1	SUFU	c3
0.121810743931229	1.12373390662847	0.043	0.026	1	SEPSECS	c3
0.00114332201826001	-1.12355448730614	0.049	0.109	1	RPL39L	c3
0.525671434292512	1.12351908887264	0.012	0.008	1	AC006299.1	c3
0.113586488346549	1.12295382593511	0.034	0.019	1	TP53INP2	c3
0.000905147851832489	-1.12248004808142	0.037	0.094	1	LINC00944	c3
0.189911902950406	1.12183993762659	0.012	0.005	1	IGHV4-34	c3
0.172971052729844	-1.12065956164541	0.003	0.011	1	UBTD1	c3
0.16689994056288	-1.12050081127917	0.009	0.021	1	CCNYL1	c3
0.0239409843771511	-1.11984644271733	0.012	0.037	1	CACNB1	c3
0.0928029316428512	1.1194645108377	0.088	0.063	1	HELZ2	c3
0.00284310310617545	-1.11930883648912	0.034	0.082	1	SRGAP2	c3
6.5633788522611e-06	1.11843384133812	0.226	0.13	0.086925389519346	PELI1	c3
0.00852363124626525	-1.11747074026696	0.018	0.053	1	ZNF585B	c3
0.197203345043249	1.11658344297633	0.03	0.019	1	PFAS	c3
0.261494105535964	1.11587827321032	0.018	0.01	1	SGSM1	c3
0.0278183014873083	1.11575812045262	0.085	0.053	1	TCP11L2	c3
0.0559144191735259	1.11534473654409	0.058	0.034	1	MAN1C1	c3
0.000598428397313955	-1.11414048722979	0.034	0.094	1	HMGCR	c3
0.0768872883100719	-1.11410395597226	0.018	0.039	1	FBXL8	c3
0.119481262943541	-1.11159261435321	0.009	0.023	1	CCDC15	c3
0.103408956339545	1.11142706121253	0.04	0.023	1	TAF4	c3
0.00510340019718618	1.11085537476512	0.113	0.068	1	TECPR1	c3
0.0113280610593934	-1.11073971711336	0.015	0.047	1	CORO1C	c3
0.000587386286711827	-1.1105871122547	0.061	0.13	1	ZFPL1	c3
0.111412069662138	1.11046735202839	0.012	0.004	1	ARHGEF5	c3
0.478974460769544	-1.11039903838197	0.006	0.01	1	STON1	c3
0.316413919536965	-1.10981065075478	0.012	0.021	1	BAMBI	c3
7.60004502978414e-66	-1.10874091257143	0.966	0.996	1.00654996374461e-61	SH3BGRL3	c3
0.00134480189784496	-1.10754674937225	0.03	0.083	1	P2RY11	c3
0.120698289990818	1.1069311340872	0.043	0.026	1	KBTBD6	c3
0.021188050532716	-1.10670164804483	0.009	0.033	1	PTCH2	c3
9.51110666032406e-46	-1.10634921695805	0.774	0.955	1.25965096609332e-41	S100A6	c3
0.0112880144939807	-1.10615538526979	0.027	0.065	1	OSBPL7	c3
0.0324348333768867	1.10613325446003	0.043	0.021	1	ASB13	c3
6.65886486312654e-05	1.10606769920067	0.213	0.129	0.881900062472478	FAM110A	c3
0.000371655364489423	1.10563993425695	0.134	0.072	1	MHENCR	c3
0.213386032961335	1.10508168893497	0.003	0.01	1	TET1	c3
0.942079068036159	1.10463987014295	0.03	0.03	1	TRBV12-3	c3
4.82362739827718e-11	-1.10393301154395	0.088	0.274	6.38841212627829e-07	SLFN12L	c3
0.0561736159450844	1.1038193187136	0.058	0.034	1	MAFG	c3
0.101332981133197	-1.10279936193693	0.009	0.024	1	DUSP8	c3
0.0619253949359352	1.1023108941154	0.07	0.045	1	LINC01089	c3
0.400023336770758	1.10228483130112	0.012	0.007	1	SLC45A1	c3
0.031572660235001	-1.10220231015811	0.024	0.053	1	ROCK2	c3
0.125505313313282	1.10197946765629	0.027	0.015	1	NAP1L2	c3
0.133634172254436	1.10167076777602	0.018	0.008	1	AC097103.2	c3
0.00232338239525629	1.10158340232162	0.104	0.055	1	TOMM34	c3
0.704651661712378	1.10125658919674	0.015	0.012	1	AXIN2	c3
7.39217275124971e-17	-1.10072613141096	0.323	0.6	9.79019359175512e-13	SYTL3	c3
0.000292216031668483	1.09962571429351	0.082	0.033	1	EHD4	c3
0.704006189188121	1.09948269748859	0.015	0.012	1	AC015912.3	c3
2.87912497142036e-38	-1.09846465210218	0.677	0.909	3.81311311214913e-34	S100A10	c3
1.93853295248381e-07	-1.09738428609387	0.085	0.215	0.00256739304226956	ADAM19	c3
0.0939330903277694	1.09735040318379	0.027	0.014	1	FBXO41	c3
0.247557889114044	1.0973297563884	0.021	0.012	1	AL645728.1	c3
0.191470868747527	-1.09705871411077	0.006	0.016	1	HOMER1	c3
0.401837090159362	1.09671529162227	0.012	0.007	1	AC027682.4	c3
0.0772699751410816	-1.09671474337946	0.015	0.034	1	C15orf53	c3
5.01217279302084e-09	-1.09670959434144	0.073	0.222	6.6381216470768e-05	PPP3CA	c3
0.249582733743493	1.09651151637876	0.021	0.012	1	ZNF343	c3
6.60247487428909e-05	1.09565302848064	0.146	0.074	0.874431772350847	ADPRM	c3
4.04740369669132e-05	-1.09505895341384	0.098	0.195	0.536038145589798	CD300A	c3
0.236506616686028	-1.09492992062647	0.009	0.019	1	KDELC1	c3
0.0640841622853655	-1.09472351564439	0.006	0.022	1	PLCXD1	c3
0.106494548018369	1.09424176009436	0.107	0.081	1	HIST1H2BK	c3
0.00851884127551003	1.09413068672836	0.061	0.029	1	ZNF681	c3
0.0145764060037094	-1.09411267815499	0.03	0.067	1	FAR2	c3
0.0411305759291468	-1.09392965069433	0.024	0.051	1	ERMP1	c3
0.0159130346933139	1.0927277830524	0.043	0.019	1	ZNF879	c3
0.341333327049948	1.09243637830144	0.018	0.011	1	PWAR6	c3
0.5243248746054	1.09223782003567	0.012	0.008	1	SIAH3	c3
0.0203108639872907	1.09184819194557	0.073	0.042	1	GPRASP1	c3
0.130481809854023	1.09183305182191	0.04	0.024	1	AC104596.1	c3
0.383758692317515	-1.09150101338392	0.009	0.016	1	FRY	c3
0.44055485848998	1.09145035484874	0.018	0.012	1	MORN1	c3
2.10046766580177e-18	-1.09090744702204	0.369	0.648	2.78185937658787e-14	TTC39C	c3
0.215045491725261	1.09081793577797	0.027	0.017	1	AC008764.8	c3
3.97375632558648e-38	-1.08974763802985	0.765	0.946	5.26284287760673e-34	CRIP1	c3
0.0645252383998474	1.08901559402201	0.03	0.015	1	LINC01534	c3
0.412073641895541	1.08884989978787	0.043	0.033	1	TRBV21-1	c3
0.172971052729844	-1.08841222427885	0.003	0.011	1	AC008610.1	c3
0.00026106074469457	-1.08817453590227	0.049	0.121	1	CLIC5	c3
0.192062650096316	-1.0881150918044	0.006	0.016	1	HIST1H1B	c3
0.168583290814415	1.08779386701539	0.027	0.016	1	TIGD2	c3
1.39590442696001e-19	-1.08774766991978	0.387	0.671	1.84873582306583e-15	ADGRE5	c3
0.289753573367551	1.0877283123085	0.012	0.006	1	AC103736.1	c3
0.187516184815773	1.0877279270955	0.034	0.021	1	ZSWIM3	c3
0.00142903423730556	1.08691227588609	0.149	0.088	1	NBPF15	c3
0.0570600974054485	1.08689319118943	0.064	0.04	1	FAM173B	c3
0.00886834447258887	-1.08614305387625	0.018	0.053	1	ERICH6-AS1	c3
0.620231802454657	1.08612377158434	0.018	0.015	1	MAFIP	c3
0.0350937721275398	-1.08604623131213	0.015	0.04	1	PLEKHA5	c3
0.400023336770758	1.08490655880683	0.012	0.007	1	LINC00866	c3
0.1650980503818	1.08480236149306	0.052	0.035	1	ST3GAL2	c3
0.0663420135890958	-1.0843909823739	0.021	0.044	1	SLC2A13	c3
9.92780800711718e-09	-1.08426661308789	0.14	0.306	0.00013148388924626	TPD52	c3
0.0940571526000317	1.0838156969287	0.024	0.011	1	CHEK2	c3
0.134281170629864	-1.08317485533807	0.006	0.018	1	HILPDA	c3
0.473545585257424	1.08255883550317	0.015	0.01	1	BCLAF3	c3
0.22728168285715	-1.0811088260318	0.012	0.023	1	GDPD1	c3
0.155793400193508	1.08013698544157	0.03	0.018	1	MACROD1	c3
0.159971888406203	-1.07994058372506	0.006	0.017	1	TMTC2	c3
5.42177572645127e-21	-1.07908463774976	0.384	0.671	7.18059977211206e-17	SH2D2A	c3
0.00625028145245633	1.07693308309477	0.152	0.101	1	GADD45A	c3
0.00614498479635566	-1.07586838564495	0.018	0.055	1	HIST2H2AA4	c3
1.40644127612165e-32	-1.0746010795423	0.765	0.953	1.86269082609551e-28	KLF6	c3
0.110914580137763	-1.07341792318348	0.006	0.019	1	CDYL2	c3
0.190718177932168	1.07312764685924	0.012	0.005	1	HS6ST1	c3
0.400627373630205	1.07310539163358	0.012	0.007	1	SYNJ2BP-COX16	c3
0.333575804573095	-1.07302749998027	0.006	0.012	1	NAGLU	c3
0.0162385851536314	1.07273355341153	0.04	0.017	1	SALL2	c3
0.00276628939975841	-1.072435209226	0.037	0.087	1	FAM126A	c3
0.289238868151937	1.07209765031504	0.012	0.006	1	HIST2H2AB	c3
0.00960184665548762	1.07167054986738	0.073	0.039	1	LRRC8B	c3
0.131865059730454	1.07107617031733	0.04	0.024	1	SDCBP2-AS1	c3
0.0389854220311355	1.07080665724366	0.079	0.05	1	NEMP2	c3
0.0422087958477897	1.07016945905188	0.046	0.024	1	ZNF844	c3
0.00217046060063909	1.07006723137462	0.116	0.065	1	RASA1	c3
0.0675271698750252	-1.06907399337546	0.018	0.04	1	MSANTD3	c3
0.519293023756319	1.06879990138048	0.024	0.019	1	ETV7	c3
2.16624086280215e-24	-1.06861833241631	0.506	0.777	2.86896939869517e-20	CKLF	c3
0.228097384461613	-1.06785590165699	0.012	0.023	1	SLC9A3R2	c3
0.000770532369170706	-1.06572136508889	0.037	0.097	1	C16orf72	c3
0.2472215362733	1.06288378093334	0.021	0.012	1	AC092368.3	c3
0.172971052729844	-1.06257574093481	0.003	0.011	1	ECHDC3	c3
0.043554249515058	1.06243473046208	0.058	0.033	1	MINCR	c3
0.0205634698557564	-1.06228083643727	0.021	0.052	1	C1orf159	c3
5.33009628257061e-06	-1.062089517479	0.104	0.221	0.0705917951663652	ZC3H12A	c3
0.00133637247890563	-1.060482931948	0.043	0.101	1	NUDCD1	c3
0.367997384542943	1.06026827730203	0.037	0.027	1	TRBV11-2	c3
0.0476736928586253	-1.05917824866974	0.027	0.054	1	AZIN2	c3
0.263401407001907	1.0590803756216	0.018	0.01	1	NBPF20	c3
0.0359096846376267	-1.05904192877104	0.009	0.03	1	LTB4R	c3
3.12733355592591e-06	-1.05844363957585	0.061	0.168	0.0414184056146828	OSBPL3	c3
0.00340974302651533	-1.05839337095875	0.027	0.073	1	PPP4R1	c3
3.35328440732121e-08	-1.05801144943678	0.082	0.221	0.000444108986905621	LMO4	c3
0.0607197918637789	1.05799017918084	0.04	0.021	1	ACCS	c3
1.42297402475706e-07	-1.05788359194225	0.149	0.297	0.00188458679838825	NFKBID	c3
3.40307394579032e-10	-1.05774974653406	0.131	0.314	4.50703113380471e-06	CISH	c3
0.134375384780931	1.05773159340968	0.021	0.01	1	PPP1R13B	c3
0.0584126726295123	1.05715275561665	0.043	0.023	1	MPP6	c3
0.548799744108648	1.05705679613379	0.027	0.022	1	FAM171A1	c3
0.0983282755011376	1.05635082745353	0.043	0.025	1	AL022157.1	c3
0.582618316373388	1.05607396862334	0.015	0.011	1	IER3-AS1	c3
6.01753844688073e-05	-1.05456941693694	0.067	0.156	0.796962791904884	RRAS2	c3
0.230632996629804	1.054501521074	0.024	0.015	1	ANK1	c3
0.00176638590931848	1.05442019577191	0.137	0.08	1	AC025164.1	c3
1.77016024212899e-07	-1.0537695899279	0.171	0.318	0.00234440022467564	SLA2	c3
0.429121130540671	1.053190453956	0.018	0.012	1	RTCA-AS1	c3
0.196186874355193	1.05278431420122	0.015	0.007	1	MMP28	c3
0.00290844701499762	1.05276662886973	0.159	0.103	1	LIMA1	c3
0.123299200924302	1.05269165077086	0.03	0.017	1	QSOX2	c3
0.100402534836845	-1.05218243703901	0.021	0.041	1	CCDC34	c3
0.00064296495461971	-1.05141039702452	0.058	0.127	1	SLC43A3	c3
0.106320406068062	1.05081599953892	0.064	0.043	1	GRAMD2B	c3
0.694992144760944	1.05078213805455	0.015	0.012	1	AL021453.1	c3
0.0185781563519276	1.04968221667754	0.137	0.095	1	CHI3L2	c3
0.066672397252486	1.04913498499469	0.061	0.037	1	YAE1D1	c3
0.189911902950406	1.04881967340364	0.012	0.005	1	AC231981.1	c3
0.00619341180470482	1.04875552097547	0.116	0.07	1	SLC9A3	c3
0.26455038469058	1.04826744872942	0.018	0.01	1	AC069544.1	c3
1.14170708481163e-21	-1.04815243956022	0.457	0.738	1.51207686312452e-17	CLDND1	c3
2.23184957619177e-08	-1.04748180132327	0.079	0.223	0.000295586157870839	TNFRSF18	c3
0.0564386110998573	-1.04708328464058	0.024	0.049	1	ABHD4	c3
0.08582342749944	1.04621020866605	0.073	0.049	1	NAPEPLD	c3
0.0300377308586202	-1.04500827933983	0.034	0.066	1	NUFIP1	c3
0.115357802928051	-1.04324779532081	0.003	0.014	1	IFNLR1	c3
0.0420682996445161	1.04245940131635	0.061	0.035	1	TAB3	c3
0.000425403635808299	-1.04195648531369	0.034	0.095	1	DENND6B	c3
0.134379463600705	1.0418067186895	0.018	0.008	1	ZNF90	c3
0.0428366020227874	1.04059800876053	0.046	0.024	1	PQLC1	c3
0.526543589913895	1.04053713006772	0.018	0.014	1	LINC00663	c3
5.80265851069265e-05	1.03965219391989	0.192	0.11	0.768504093156135	SLC40A1	c3
0.0239766552759587	-1.03921763321291	0.012	0.037	1	CCDC173	c3
0.050401062197182	-1.03897076857645	0.009	0.028	1	STOML1	c3
0.481543657430137	-1.03889359800054	0.006	0.01	1	S100Z	c3
0.781765211311616	1.03877068323888	0.012	0.01	1	NEK11	c3
0.278388857079233	1.03756995566158	0.015	0.008	1	AGAP6	c3
0.00731492375478383	1.03735884906299	0.076	0.04	1	NEIL2	c3
3.60736418301572e-06	-1.03655299153116	0.119	0.241	0.0477759312398602	GRHPR	c3
0.000523319536043802	1.03637820942266	0.128	0.068	1	GRAP	c3
0.263019180780164	1.03602341202979	0.018	0.01	1	LRRC37A2	c3
0.936280860866118	1.03419925121538	0.024	0.024	1	TRBV6-6	c3
0.0851317767709216	-1.03411456963702	0.009	0.025	1	CD3EAP	c3
0.00870765876905852	-1.03382322184047	0.03	0.071	1	REC8	c3
0.0557851948010481	1.03357778965604	0.058	0.034	1	AP000787.1	c3
0.111274453367947	-1.03294356698121	0.006	0.019	1	ST20	c3
0.00116488537859501	-1.03289771963174	0.04	0.099	1	MPP1	c3
0.00269665360035477	-1.0323206477099	0.061	0.121	1	TUBB2A	c3
0.383297361443769	-1.03194574636218	0.009	0.016	1	TFEB	c3
0.00025482361643772	1.03169387463956	0.216	0.14	1	HOOK2	c3
9.98909207378731e-05	-1.03166197713276	0.085	0.177	1	GMEB1	c3
0.000681418998275769	-1.03139664288519	0.04	0.102	1	UNC93B1	c3
9.26715403786971e-08	-1.03040028476352	0.18	0.335	0.00122734188077546	MDFIC	c3
0.0135359773379978	1.02861769335179	0.101	0.061	1	CYB561D1	c3
0.731564797239522	1.02808153627256	0.009	0.011	1	STK36	c3
0.138542136990344	1.02706355985139	0.052	0.034	1	FIGNL1	c3
0.00782727264923298	-1.02697569214544	0.04	0.084	1	GEMIN6	c3
0.250599484334112	1.02684125076302	0.021	0.012	1	AC005520.2	c3
0.0196222577815973	1.02609929106762	0.079	0.046	1	NBPF11	c3
0.00101568177224249	-1.02599576480354	0.061	0.126	1	RALB	c3
0.392704609804355	1.0256227670919	0.021	0.015	1	GPAT2	c3
0.0856997619883804	1.02503220814403	0.101	0.074	1	NUP155	c3
0.18381597992781	1.02500771046284	0.021	0.011	1	CEP126	c3
0.252425582734218	1.02448099537015	0.043	0.03	1	KLHL5	c3
1.32310487218983e-25	-1.02254996493269	0.53	0.793	1.75232009272821e-21	OSTF1	c3
0.00342301148502078	-1.02228814997397	0.015	0.054	1	ADCK2	c3
0.422944804686458	-1.02222667497703	0.012	0.019	1	IL11RA	c3
0.195575145911021	1.0216999299065	0.018	0.009	1	PFN2	c3
0.00806520616212931	-1.02144188324525	0.037	0.079	1	ARL13B	c3
0.0905201544598535	-1.02046500305344	0.015	0.033	1	ZNF527	c3
1.08184815082458e-05	-1.0201233388089	0.079	0.186	0.143279969095208	CPD	c3
0.000387309321275732	-1.02006927590522	0.055	0.126	1	MAN1A1	c3
0.197100232674455	-1.01972426785518	0.012	0.024	1	AC004812.2	c3
0.00689883543619769	1.01944822675926	0.143	0.093	1	PIKFYVE	c3
0.101480125526961	-1.01938724945416	0.009	0.024	1	PIGW	c3
0.0569605986891035	1.01755383103086	0.067	0.042	1	AC008105.3	c3
0.130193334530694	1.01679253936297	0.027	0.015	1	ADGRE1	c3
0.650452977469689	1.016607131756	0.012	0.009	1	ZNF726	c3
2.17703869851793e-15	-1.01645147500086	0.284	0.557	2.88327005231714e-11	STAT4	c3
0.0299087299042567	1.01633650979911	0.055	0.029	1	PRRT3	c3
0.0046828350009522	-1.01433345903389	0.055	0.107	1	JAZF1	c3
0.512456517499024	1.01412549299241	0.024	0.019	1	INTS6-AS1	c3
0.134495308395544	-1.01357602874376	0.006	0.018	1	IQCN	c3
0.102663414638188	-1.01289302659432	0.009	0.024	1	SNHG22	c3
0.121890607081388	-1.01278326240137	0.009	0.023	1	GTF3C4	c3
0.328825405400259	1.01218168963699	0.027	0.019	1	HIST1H2AK	c3
0.072174460465761	1.01194342911693	0.064	0.041	1	PGM3	c3
0.142372196482885	-1.01162084110255	0.009	0.022	1	PCLAF	c3
0.00209541296874464	-1.01106928858157	0.052	0.109	1	TAF1B	c3
5.87399343565175e-08	-1.01079467303816	0.146	0.304	0.000777951690617718	ADA	c3
0.0249204138108855	-1.01043147978468	0.012	0.037	1	SMPD3	c3
6.05809175937743e-05	1.00976761187857	0.18	0.098	0.802333672611947	LINC02273	c3
0.632744421846813	1.00960175439726	0.018	0.015	1	TRAV10	c3
0.00018496376775778	-1.00955992440991	0.018	0.076	1	LINC01943	c3
0.0839508483311575	1.00916245609865	0.049	0.029	1	SMURF1	c3
0.0676912139387092	-1.00757497806551	0.018	0.04	1	CYFIP1	c3
0.401321264379387	-1.0072366244159	0.006	0.011	1	CNNM4	c3
0.110843013406934	1.00710981312141	0.037	0.021	1	ZNF169	c3
0.0261026203156603	-1.00642017480152	0.015	0.042	1	AC016831.1	c3
0.0886109897026325	-1.00632178972004	0.012	0.029	1	BIK	c3
0.105757769990714	-1.00629807889886	0.018	0.036	1	TTLL5	c3
0.189474053539588	1.00588408111097	0.034	0.021	1	CXorf57	c3
0.0313448743340978	-1.00521478117421	0.018	0.045	1	SLC31A1	c3
0.165145134803494	1.00461132375763	0.046	0.03	1	CCDC71L	c3
5.03889980644618e-06	-1.00319838055942	0.128	0.251	0.0667351890365732	MOSPD3	c3
2.87738845803025e-05	-1.00275521154303	0.107	0.214	0.381081327381526	CKS2	c3
0.58138981137858	1.00253789278272	0.015	0.011	1	TMEM86B	c3
0.192716611064582	1.00212568317099	0.018	0.009	1	LINC00630	c3
0.802772682168068	1.00055914982957	0.015	0.014	1	MCF2L2	c3
0.421730737219285	1.00034459349529	0.03	0.023	1	MIR762HG	c3
0.00400188868719989	-1.00029587769193	0.034	0.08	1	SIRT5	c3
0.0366393353371152	1.00024724645133	0.058	0.032	1	LINC02325	c3
0.0650255367624652	-1.00006510460247	0.015	0.035	1	POP1	c3
3.10634778528273e-12	-0.999676364378629	0.265	0.496	4.11404700682845e-08	CBLB	c3
0.32061834278111	0.999669819880833	0.046	0.034	1	TFCP2	c3
5.06296282862856e-05	0.999407953543422	0.223	0.134	0.670538797023566	STMN1	c3
0.0164323569485427	0.998979860672673	0.146	0.102	1	PVT1	c3
0.0722126298852096	0.998800120903585	0.101	0.072	1	AMMECR1	c3
0.928520890612322	0.998363651180584	0.015	0.015	1	GCAT	c3
0.234959171324403	-0.998257109647449	0.009	0.019	1	TTC8	c3
0.00300659267754263	-0.998082199285657	0.04	0.092	1	CLASP1	c3
0.248181100400906	-0.99774815037954	0.024	0.037	1	INTS2	c3
0.0932495020854841	-0.997525831116445	0.006	0.02	1	HIST2H2BF	c3
0.0945157831340753	-0.996855169870057	0.003	0.015	1	ZNF816-ZNF321P	c3
0.370185123100033	0.996657203437363	0.015	0.009	1	ACVR2B	c3
0.000100447865453211	-0.99663812662971	0.046	0.122	1	ANXA4	c3
0.0342534021011909	0.995728803940254	0.085	0.054	1	NUP43	c3
0.476404037725945	0.99565311853918	0.015	0.01	1	KCNQ5	c3
0.213386032961335	-0.995598112681471	0.003	0.01	1	AL117332.1	c3
0.0751002810222048	0.99555098396142	0.061	0.039	1	ZNF790	c3
0.0398350335990236	0.993963397072747	0.085	0.054	1	SLC25A33	c3
0.277948954355414	0.992207759947398	0.015	0.008	1	SNX30	c3
0.00498806588836948	0.991832427319272	0.125	0.076	1	ITPRIP	c3
0.431219187912957	0.991205465216209	0.024	0.018	1	CRAMP1	c3
0.278628086000722	-0.990558838351476	0.006	0.014	1	GGH	c3
6.20347871087048e-06	-0.990063693922568	0.113	0.232	0.0821588720467687	TUT7	c3
2.57711303708137e-06	-0.989943793163589	0.079	0.197	0.0341312850631056	G6PD	c3
0.122122732843985	0.989860707054424	0.082	0.059	1	HERC3	c3
0.396880953828816	-0.98928664861776	0.006	0.011	1	ZFR2	c3
0.466447703842824	0.98800198398911	0.049	0.041	1	SLC38A6	c3
9.68144977371239e-07	-0.987900457313079	0.149	0.281	0.0128221120803047	HLA-DPA1	c3
0.301497296840851	-0.987880409038655	0.015	0.025	1	FXYD2	c3
0.567069891173392	0.986457308836169	0.021	0.017	1	CEP72	c3
0.475831592053898	0.986088316817431	0.015	0.01	1	AC005037.1	c3
0.5243248746054	0.985350833680168	0.012	0.008	1	COG8.1	c3
0.000206593016265897	0.98520405551861	0.21	0.129	1	SC5D	c3
0.125401661901734	-0.985038591790757	0.027	0.047	1	CBR4	c3
0.173178823778696	0.984490697627004	0.037	0.023	1	ABCC4	c3
0.0024560804854653	-0.984458632237266	0.043	0.097	1	FUT11	c3
0.174451646965559	0.983829991798146	0.037	0.023	1	MID2	c3
0.00396637293533038	0.983263854892349	0.146	0.092	1	GCSAM	c3
0.0604909933695622	-0.983040104343977	0.009	0.027	1	C8orf58	c3
0.356568630390336	0.982758096742081	0.037	0.027	1	ATP11C	c3
0.62420140915223	0.98218036989141	0.018	0.015	1	HIST1H3H	c3
0.000154677928337701	-0.982126010076924	0.104	0.197	1	IL18R1	c3
0.000439829987168261	-0.981303872154351	0.192	0.273	1	TMIGD2	c3
0.148176376343238	0.981090595182078	0.043	0.027	1	LINC01678	c3
0.00769814372333076	0.980965698336687	0.146	0.097	1	LTA	c3
0.051064278515215	-0.980719487075985	0.03	0.058	1	WDR86	c3
0.233663029089499	0.980464454588758	0.052	0.037	1	SLC7A1	c3
0.285323692393225	0.979901156452551	0.049	0.036	1	SLX1B	c3
7.2968747850598e-06	-0.979688408471689	0.101	0.219	0.096639809653332	CRELD2	c3
0.31446882700708	0.979648678582071	0.021	0.014	1	ZNF337-AS1	c3
1.66699309404315e-08	-0.978084690389264	0.137	0.307	0.000220776565375075	COMMD7	c3
0.0183113282428999	-0.977660127963785	0.027	0.061	1	KLF11	c3
0.00171212859759346	0.977164508815862	0.122	0.068	1	CMSS1	c3
0.277948954355414	0.976605460625033	0.015	0.008	1	SLC5A5	c3
0.102514905992493	-0.976498919161331	0.009	0.024	1	CHST10	c3
0.8295351851808	0.97622398817125	0.034	0.031	1	KLF5	c3
0.0292724726419302	-0.976207449892889	0.037	0.07	1	GGT1	c3
0.635857222187306	0.976092301343117	0.009	0.012	1	DPY19L3	c3
0.461509781116099	-0.974258123767636	0.009	0.015	1	TRBV10-1	c3
4.95886693900251e-05	-0.97372825110214	0.088	0.184	0.656752337401492	AP1S1	c3
0.255315621922736	0.973597078391172	0.091	0.075	1	RABGAP1	c3
0.280626260604965	-0.972485361819414	0.009	0.018	1	SCRN1	c3
0.00662520771567419	0.971443123006314	0.125	0.078	1	TBCK	c3
0.317955977123884	0.969883376392739	0.021	0.014	1	GAS8	c3
0.0363652720248021	0.969393025056256	0.091	0.058	1	TRAV8-4	c3
0.557468004072743	0.96926660467923	0.021	0.017	1	XRCC3	c3
2.59441034729715e-06	-0.969097662417139	0.082	0.2	0.0343603706396035	SLC1A5	c3
0.000548614118275298	-0.969069741529859	0.052	0.121	1	DDX52	c3
3.88839944421086e-38	-0.968273338444233	0.744	0.933	5.14979622391287e-34	CLIC1	c3
0.0124482213095267	0.967547443310587	0.079	0.044	1	SEC14L2	c3
0.190314726001559	0.967452671448771	0.012	0.005	1	AC062029.1	c3
0.192359044619881	-0.967359676541363	0.006	0.016	1	FANCI	c3
0.331922065788566	0.966835241226489	0.027	0.019	1	PPFIBP1	c3
0.187376600271171	0.966679462394857	0.058	0.042	1	MARCH3	c3
0.00364728604235909	0.966387096019626	0.125	0.074	1	TAF9B	c3
0.0660619233893616	0.965778985771912	0.034	0.017	1	SPATA24	c3
0.00325975085801618	-0.965434036654691	0.046	0.099	1	ADAM23	c3
0.0309581006107359	-0.965382265064723	0.006	0.026	1	AFDN	c3
0.0199143476612178	-0.964873709707024	0.018	0.048	1	TSC22D1	c3
0.0265781214633508	-0.964414347308185	0.015	0.042	1	C20orf194	c3
0.000395062088674625	-0.96411670781302	0.061	0.134	1	MVD	c3
0.200716978556267	-0.963732744741587	0.037	0.054	1	TRBV7-2	c3
0.362492422850486	-0.963327267130049	0.012	0.02	1	ANKRD34A	c3
0.0149016075465619	0.963216665988489	0.088	0.052	1	RFWD3	c3
0.403655768852105	0.96254165770897	0.012	0.007	1	LMNTD2	c3
1.80465702377407e-06	-0.962403198131993	0.107	0.231	0.0239008776228637	PREX1	c3
0.0326390000436426	-0.962194514546389	0.024	0.053	1	DLG3	c3
2.12424282370041e-07	-0.961521333425855	0.177	0.331	0.00281334719570882	DNAJC1	c3
0.0902942997485441	-0.960935015012463	0.012	0.029	1	PRR5L	c3
0.0427548674191279	-0.96044485865404	0.021	0.047	1	VEGFB	c3
0.00115585703574627	-0.960124174427083	0.055	0.119	1	INTS13	c3
8.23011731852901e-06	-0.960048785795738	0.11	0.225	0.108999673766598	GUSB	c3
0.330514531581073	0.960005188143169	0.04	0.029	1	DARS2	c3
4.39116056287267e-10	-0.959468008065476	0.235	0.433	5.81565304946857e-06	SP140	c3
0.197632354713685	0.959436512940571	0.052	0.036	1	PAFAH2	c3
0.185101250528547	0.959164023838096	0.049	0.033	1	SEPSECS-AS1	c3
0.161484921127077	-0.958689914850997	0.006	0.017	1	ZSWIM5	c3
0.172645674711379	-0.958648916296535	0.003	0.011	1	OAF	c3
0.0157546278454814	0.958187520391813	0.134	0.091	1	ZC3H3	c3
0.0856350856462	-0.957939063846884	0.009	0.025	1	ZNF613	c3
0.132789580743174	-0.957414863434295	0.006	0.018	1	RAB11B-AS1	c3
0.374691905228693	0.956967827554832	0.046	0.035	1	APOLD1	c3
0.58138981137858	0.956456246615001	0.015	0.011	1	NBPF10	c3
0.0926398494750009	-0.956413624511497	0.006	0.02	1	TSHZ3	c3
0.185213971998815	0.956401915354911	0.021	0.011	1	HLA-G	c3
0.0713529007067792	0.955855092118611	0.107	0.077	1	PISD	c3
0.0177660904170567	-0.955365467012577	0.043	0.082	1	FYCO1	c3
0.000160989125926769	-0.955004233730727	0.113	0.207	1	CARS	c3
0.000548224875218805	-0.954006248509198	0.067	0.143	1	DUSP16	c3
0.268387865747911	0.953918549138	0.076	0.059	1	GRK5	c3
0.0242680034186821	0.953740468906247	0.052	0.026	1	SMYD5	c3
0.487852908766169	-0.953327352346467	0.012	0.018	1	ESPN	c3
0.0469207054618787	0.953160181011523	0.088	0.057	1	MTMR4	c3
0.0045912556451692	-0.953045581806932	0.067	0.123	1	TRIP4	c3
0.197581657564691	-0.951820296038279	0.012	0.024	1	HHAT	c3
0.022742971000194	0.951791459079441	0.079	0.047	1	TPK1	c3
0.100338016586454	-0.950788048653344	0.027	0.049	1	TRAV12-3	c3
0.116803804095703	0.950634799638331	0.07	0.048	1	SETD1A	c3
0.31565783480698	0.950574909936344	0.037	0.026	1	FGGY	c3
0.137416585974046	0.950276844588405	0.143	0.121	1	MAP3K5	c3
0.00484535172750619	-0.950263406819973	0.049	0.1	1	INTS3	c3
0.39965266400823	-0.950058087342796	0.006	0.011	1	MAGIX	c3
0.00482214968248273	-0.94992392854795	0.034	0.08	1	SMAD7	c3
3.32337506482916e-05	0.949402875351357	0.32	0.227	0.440147793585974	ELMO1	c3
0.158313040426502	0.949311853737637	0.107	0.084	1	ZHX1	c3
0.342658277358483	0.947300441139329	0.018	0.011	1	ZNF517	c3
0.0254058734843722	0.94715209914553	0.101	0.065	1	ZNF675	c3
0.344429984831861	0.946169370200464	0.018	0.011	1	GPA33	c3
7.13284426943525e-09	-0.945690456416569	0.226	0.407	9.44673895044004e-05	DYNLT3	c3
0.0493090305000692	0.945159762829668	0.052	0.029	1	HIST4H4	c3
0.528573637222412	-0.944808870314736	0.009	0.014	1	AC073254.1	c3
0.0152213356314837	0.944369804205186	0.119	0.078	1	NUDT9	c3
0.000531913333070737	-0.944011516897577	0.061	0.134	1	HAUS1	c3
0.169443920972995	-0.943767180053119	0.009	0.021	1	SWAP70	c3
0.0491073571558938	-0.943725113271469	0.027	0.054	1	NELFB	c3
7.13254539070824e-05	0.942379113833289	0.284	0.19	0.9446343115454	MARCKSL1	c3
9.0722767002689e-05	-0.942035861433292	0.101	0.198	1	KLF10	c3
0.303219804973074	0.94095484480058	0.037	0.026	1	TIGD7	c3
5.45498884021146e-05	0.940465937290358	0.247	0.158	0.722458721997605	OSER1	c3
0.362234227657591	0.940284375670946	0.03	0.022	1	ARL10	c3
0.195723078403998	0.939967762576273	0.113	0.089	1	MAN2C1	c3
0.0656610113532128	-0.939865641048428	0.012	0.031	1	ABAT	c3
0.173296888992648	-0.939010466154889	0.003	0.011	1	ITPRIPL2	c3
0.0126456815158831	0.938632090093593	0.137	0.092	1	BCL9L	c3
2.24866600674806e-28	-0.938314761552433	0.698	0.902	2.97813325933713e-24	MCL1	c3
7.32294319800677e-18	-0.937096410455804	0.433	0.697	9.69850597144017e-14	RABAC1	c3
7.84006594778719e-08	-0.93700823469767	0.18	0.34	0.00103833833412494	ACAA2	c3
0.524997933451373	0.936479155474506	0.012	0.008	1	C7orf25	c3
0.161991659326407	-0.936104230253993	0.006	0.017	1	GINS4	c3
0.000638683956182034	-0.936016399537721	0.046	0.111	1	ST3GAL5	c3
4.28352111760635e-05	-0.935786699498612	0.04	0.117	0.567309536815785	HLA-DRA	c3
0.0026905450585659	-0.935294376541214	0.046	0.101	1	EIF4G3	c3
0.0728482160705722	0.935027616305869	0.064	0.041	1	ALKBH1	c3
0.0285392967149654	-0.935009457575932	0.04	0.074	1	GALNT1	c3
0.0010310199604741	-0.934977975706869	0.082	0.155	1	P2RX4	c3
0.0362517888568326	0.934718356221003	0.082	0.052	1	METTL3	c3
1.63719752777751e-05	-0.933247596370179	0.088	0.196	0.216830440578854	GCLM	c3
5.60886005182153e-08	-0.932627182972588	0.146	0.306	0.000742837425263243	MPC1	c3
0.0252083743489148	0.93186770727562	0.076	0.045	1	LMO7	c3
0.000509183499858017	-0.931210939121948	0.073	0.149	1	CERS4	c3
0.0525082001757744	0.93118545703058	0.119	0.086	1	AC093010.2	c3
0.0051824555028908	-0.931083841316458	0.027	0.071	1	APAF1	c3
7.15913165642352e-12	-0.930161557691311	0.265	0.489	9.48155396576731e-08	GPR65	c3
0.361201600786204	0.930068768753229	0.024	0.017	1	AC026471.1	c3
0.327809539993288	-0.930039344655464	0.009	0.017	1	MAMLD1	c3
0.00104992409716438	0.929469121882363	0.134	0.075	1	AC093512.2	c3
0.0365271662955353	0.929383322476226	0.107	0.072	1	HAPLN3	c3
0.5243248746054	0.928911174611303	0.012	0.008	1	AP003108.2	c3
7.89329035141374e-08	-0.928526450003405	0.134	0.287	0.00104538737414124	DENND1B	c3
9.18041431349364e-11	-0.928243071894235	0.28	0.489	1.2158540716791e-06	TENT5C	c3
0.23302444300498	0.928018621853073	0.024	0.015	1	TRBV15	c3
0.339570740241017	0.927696150323126	0.027	0.019	1	ARL17A	c3
1.59992005049681e-15	-0.926800831087371	0.341	0.592	2.11893411487798e-11	THEMIS	c3
6.08408126108699e-08	-0.926536170193655	0.171	0.333	0.000805775722218361	COMMD8	c3
0.000328915729719456	-0.926377215509127	0.088	0.171	1	MT1F	c3
0.0424857808981267	-0.926293186031165	0.009	0.029	1	AC004854.2	c3
0.124851849651207	0.926198435982313	0.03	0.017	1	RPP40	c3
0.163709020187509	-0.926051399902008	0.018	0.033	1	SV2A	c3
7.69666979732112e-07	-0.926024080035199	0.131	0.271	0.0101934694795721	AHR	c3
0.0422994655091806	-0.925938706356954	0.015	0.039	1	CENPB	c3
0.0909597734154993	0.925395358350303	0.03	0.016	1	CD40	c3
0.296105664433418	0.924913514360742	0.058	0.045	1	RAB30-AS1	c3
0.0655608581425261	-0.924318422472588	0.027	0.052	1	APOPT1	c3
0.0483143691712872	0.923249421315123	0.055	0.031	1	PRR34-AS1	c3
0.053428627730827	-0.923232658813332	0.006	0.023	1	CCNF	c3
1.44014738727137e-25	-0.922460594816597	0.643	0.86	1.9073311997022e-21	S100A11	c3
0.246885503589622	0.922339789546664	0.021	0.012	1	CYSLTR2	c3
0.269012795148114	0.922262728225478	0.037	0.025	1	AC016727.1	c3
0.078466877539267	-0.922227305087918	0.018	0.039	1	CPNE7	c3
0.0876454783610043	0.922037005809663	0.165	0.132	1	CD84	c3
0.000232457091252058	-0.922031167991317	0.116	0.207	1	AGTRAP	c3
0.0856705476997214	0.921177420171654	0.137	0.108	1	MAP3K7	c3
0.272184906593855	0.920943391077002	0.027	0.018	1	AC124312.1	c3
0.00417653354001879	0.919858126562787	0.159	0.103	1	CHAMP1	c3
0.000265742677888575	-0.919225463778206	0.067	0.148	1	SLC35B2	c3
0.249244458356038	0.91910131287307	0.021	0.012	1	AC009126.1	c3
0.000454338734353584	-0.918350939053276	0.058	0.13	1	FAM45A	c3
0.155419809552135	0.917596827906377	0.061	0.043	1	ZBTB41	c3
1.42027950164186e-06	-0.917434016339794	0.146	0.286	0.0188101817197448	DNAAF2	c3
0.00870420319581147	0.916816754045555	0.116	0.071	1	STRBP	c3
7.8151011615655e-05	-0.916131343572657	0.116	0.219	1	MMP25-AS1	c3
0.020785387630681	0.915534033039906	0.091	0.056	1	GMEB2	c3
0.0514931725815065	-0.91530965646689	0.027	0.054	1	EIF2AK3	c3
3.12421499158721e-05	0.915277176801278	0.326	0.233	0.41377103348581	RBM38	c3
0.191526970064547	0.914716562710707	0.012	0.005	1	FIRRE	c3
9.56690890927923e-21	-0.914576350768138	0.509	0.784	1.26704141594494e-16	KLRB1	c3
0.00800377133651344	-0.91425884856325	0.046	0.093	1	ACOT9	c3
0.0221181153528384	-0.914035369018142	0.027	0.06	1	FAM118B	c3
4.65947600709756e-05	0.913797928058037	0.18	0.097	0.617101002380001	TMEM63A	c3
0.5243248746054	0.913371206028517	0.012	0.008	1	AL139384.1	c3
1.70201699884906e-16	-0.91319278789157	0.363	0.639	2.2541513132757e-12	ARRB2	c3
0.132793521079047	0.912643570026563	0.04	0.024	1	SLC25A23	c3
0.317178873450174	0.912576392955088	0.021	0.014	1	ZNF888	c3
0.065479754760546	-0.912465936083315	0.012	0.031	1	SERPINI1	c3
0.12523116997771	0.912094864329213	0.091	0.069	1	BBS2	c3
0.000526067374822195	0.911929181379419	0.241	0.164	1	ST6GAL1	c3
0.0590168869857714	-0.911273841121674	0.015	0.036	1	RGS16	c3
0.27508095870911	0.911042384435608	0.04	0.028	1	AC145124.1	c3
0.00205203964466235	0.910908327687421	0.186	0.121	1	RERE	c3
0.0467371536379736	0.910871854108602	0.079	0.051	1	DPH2	c3
0.0274689542700742	-0.91007001588857	0.018	0.046	1	IQCG	c3
0.0985671395572233	0.910028247482806	0.043	0.025	1	NEMP1	c3
8.78408692358137e-11	-0.909053116297196	0.32	0.535	1.16336447215912e-06	IDH2	c3
0.0595866590972803	-0.908525497818212	0.021	0.045	1	TIMM8A	c3
0.196859842514609	-0.90796028530612	0.012	0.024	1	CENPF	c3
2.47906939849465e-05	0.907816386886703	0.265	0.168	0.328327951136631	SLC7A6	c3
0.173296888992648	-0.907480504779746	0.003	0.011	1	SUMO4	c3
0.249582733743493	0.907469286671841	0.021	0.012	1	L2HGDH	c3
0.509178212239137	0.907348679029319	0.043	0.035	1	DHRS4L2	c3
0.012836834065071	-0.907312431564194	0.216	0.283	1	MYC	c3
4.965539660043e-06	-0.907179017333494	0.119	0.242	0.0657636072576094	KLF13	c3
0.0774021824459166	-0.907115509762823	0.012	0.03	1	BBS12	c3
0.00415557734699627	-0.90653773719333	0.043	0.093	1	PYGB	c3
0.10179266118694	0.906445514499862	0.101	0.075	1	HIST1H2AC	c3
0.0614836731756819	0.906423146533475	0.107	0.076	1	CARMIL2	c3
0.0215932238391273	-0.906311431925639	0.024	0.056	1	C9orf64	c3
0.0268390112385364	0.905862183761192	0.085	0.052	1	TRMT12	c3
0.0553452875820739	0.90564845733334	0.082	0.054	1	ATP13A3	c3
0.10706503595439	-0.904930084681014	0.012	0.028	1	NPIPA1	c3
2.13599651183215e-05	-0.904656415195962	0.113	0.224	0.28289137802705	RPS6KA5	c3
0.0633124157678922	-0.904450855081511	0.003	0.017	1	HMOX1	c3
7.57050862346292e-05	-0.903903700513483	0.076	0.17	1	S100PBP	c3
0.0785914221299814	-0.903852324284397	0.027	0.051	1	KDM1B	c3
0.121899486345233	0.90372269595223	0.064	0.044	1	GNPNAT1	c3
1.51258155337385e-14	-0.902628314458752	0.567	0.735	2.00326300928833e-10	ALOX5AP	c3
0.185101250528547	0.902396150781773	0.049	0.033	1	DHRS7B	c3
0.0327045021107537	0.901933853823388	0.049	0.025	1	TYW1B	c3
0.107270161510269	0.901703723636166	0.058	0.037	1	MED9	c3
7.14963310849781e-05	-0.901618586609004	0.11	0.206	0.946897408889449	HLA-DPB1	c3
0.224755172989578	0.901193987980462	0.043	0.029	1	CKAP4	c3
8.5775563567778e-17	-0.901152467799023	0.393	0.643	1.13601156389165e-12	REEP5	c3
0.0541834261442902	-0.899860745762449	0.034	0.061	1	ZNF548	c3
0.485571075192999	0.899852105370399	0.046	0.037	1	PCCA	c3
0.279711406962058	0.899771517324879	0.015	0.008	1	DIABLO	c3
5.96242205914412e-06	-0.899587792438865	0.104	0.223	0.0789663177513047	EIF2AK2	c3
0.0716164010009173	0.899062109176987	0.07	0.046	1	STAM2	c3
2.58163352239174e-06	-0.898631802408052	0.155	0.294	0.0341911543705562	NEDD9	c3
0.0122936010903997	-0.898276240675756	0.03	0.069	1	TMEM121	c3
0.0147589721604144	-0.898174801351472	0.046	0.087	1	SPAG16	c3
0.00273384827060392	-0.898167232015024	0.027	0.075	1	SLC1A4	c3
0.00111232678749498	-0.897559486572211	0.079	0.151	1	PGM1	c3
0.334533457169786	-0.896542752329985	0.006	0.012	1	AC011450.1	c3
0.129623688114767	0.89640159296875	0.027	0.015	1	AC009041.2	c3
0.00442277639968105	0.896395833117497	0.195	0.138	1	MUC20-OT1	c3
0.398699585063927	0.895860358755176	0.027	0.02	1	RAD52	c3
0.179971906071607	0.895778039862972	0.024	0.014	1	HIST1H2BN	c3
0.187027412131653	0.895726646419925	0.055	0.039	1	MIR181A1HG	c3
0.290051975077916	0.895632404999228	0.034	0.023	1	KLF16	c3
0.431919417812447	0.895198034990261	0.037	0.028	1	NAIP	c3
0.0751725699783338	0.894647905597301	0.046	0.026	1	ERCC8	c3
0.436287681581922	0.894643816313558	0.024	0.018	1	SLC9B1	c3
0.13556995953899	-0.894438873324257	0.006	0.018	1	UST	c3
0.401321264379387	-0.894141397960747	0.006	0.011	1	GABBR1	c3
4.14070833519245e-07	-0.893697479736618	0.137	0.279	0.00548395411912889	NCF4	c3
0.39909739250633	-0.893517072139895	0.006	0.011	1	C11orf74	c3
2.19602088865613e-09	-0.893272940966174	0.241	0.434	2.90841006493617e-05	CAPN2	c3
0.010334885845911	-0.893173249360486	0.04	0.082	1	NFE2L3	c3
0.0256960040113223	-0.893144285534325	0.024	0.055	1	THAP8	c3
0.0984189947009193	0.892644540531505	0.098	0.072	1	PCYOX1	c3
0.0194359980661355	0.892601692219724	0.088	0.053	1	LY75	c3
0.0282492311738915	-0.892483249143676	0.04	0.074	1	CHST14	c3
1.5719954280939e-10	-0.892218787390101	0.265	0.476	2.08195074496756e-06	TLN1	c3
0.588778938419535	0.891916424254331	0.015	0.011	1	AP003774.4	c3
0.198237737907244	0.890694442890776	0.04	0.026	1	PPIP5K1	c3
0.00341608321027312	-0.890406099527892	0.046	0.099	1	ECPAS	c3
0.361587576811283	0.889732376020377	0.024	0.017	1	PPP1R16A	c3
9.5974280231651e-18	-0.889514240320956	0.457	0.725	1.27108336738799e-13	SAMSN1	c3
0.0691499525746442	-0.888941866675255	0.021	0.044	1	SEPT8	c3
0.0342955573452891	0.886804625862745	0.125	0.087	1	SDHAF1	c3
0.024788459872	0.886238810323103	0.046	0.022	1	FP565260.1	c3
4.70282743939829e-06	-0.885456273660927	0.18	0.311	0.062284246607391	PSD4	c3
0.801465613236578	0.885402270343024	0.015	0.014	1	IMPA2	c3
0.741295716546067	0.88504867527272	0.021	0.025	1	CCDC191	c3
0.00857215500937221	-0.885025252921658	0.052	0.099	1	SPON1	c3
0.0385151802827249	-0.884905523214852	0.024	0.052	1	ZNF18	c3
0.619135934890491	0.884654089820754	0.015	0.02	1	MIR3142HG	c3
0.310132990372175	0.884433043654855	0.03	0.021	1	PLXND1	c3
0.366684725512013	0.884364511306876	0.03	0.022	1	PLPP6	c3
0.133843980415113	0.883624961716527	0.049	0.031	1	FOXK1	c3
0.68787029566529	0.882500885041416	0.027	0.032	1	KLF4	c3
0.224697292692748	0.882390806816547	0.049	0.034	1	BCL6	c3
0.401837090159362	0.882370568048177	0.012	0.007	1	AMER1	c3
0.0807753204457516	0.882269827878503	0.18	0.15	1	LSR	c3
0.00186796454969563	-0.881724473014187	0.113	0.186	1	HIST1H1E	c3
3.51303994077267e-07	-0.88164866363551	0.155	0.304	0.00465267009755933	SERPINB9	c3
0.00516507275278602	-0.880970696360819	0.061	0.116	1	PHYH	c3
0.16275401573459	-0.880886647232595	0.006	0.017	1	ZNF175	c3
0.363258250481415	0.88086255795021	0.03	0.022	1	VWA5A	c3
0.0325229914241565	0.880680639719965	0.052	0.027	1	ZNF595	c3
0.00930102479974992	0.879912291158664	0.137	0.091	1	POLR2J3.1	c3
0.0950310261445122	0.879703753561963	0.024	0.011	1	AC090204.1	c3
0.454662266195088	-0.879570028155429	0.009	0.015	1	C8orf88	c3
0.000194446404835852	-0.879423571402546	0.098	0.187	1	GOT2	c3
0.527081066292237	0.878494025019605	0.018	0.014	1	SBF2-AS1	c3
0.000126410625073047	-0.878218730564141	0.098	0.193	1	ZFYVE28	c3
0.000251704305094283	-0.878189062948158	0.037	0.103	1	SLC27A3	c3
0.00244722682837503	-0.877697946759799	0.043	0.098	1	NRAS	c3
0.134625236465359	0.877591544698638	0.073	0.052	1	TCF20	c3
0.314645151720165	-0.877126743898995	0.012	0.021	1	AL353708.3	c3
0.663239219998884	0.877077215842081	0.021	0.018	1	AL359513.1	c3
0.525671434292512	0.877050241946323	0.012	0.008	1	ZNF781	c3
0.000650241429901073	-0.876036340370399	0.098	0.177	1	SLC39A8	c3
0.223053473565688	0.875930145905369	0.043	0.029	1	AL627171.1	c3
0.0231257854331108	0.875728235945083	0.186	0.146	1	LRMP	c3
0.212198353591813	-0.875714412235219	0.003	0.01	1	RDH10	c3
0.179463612254397	0.875539199958185	0.024	0.014	1	PMF1-BGLAP	c3
0.0195266227003458	0.875362048363001	0.146	0.102	1	TRAPPC8	c3
0.289194054764689	0.874733174952211	0.034	0.023	1	TRBV4-2	c3
0.0774021824459166	-0.874045235822586	0.012	0.03	1	AL354733.3	c3
0.222527097090544	0.873999930951526	0.049	0.034	1	CHST7	c3
0.052888653594803	-0.873670156638977	0.052	0.083	1	ZSCAN26	c3
0.00104467956208375	-0.872555653713272	0.043	0.103	1	CRACR2A	c3
0.399841124672534	0.872473978330824	0.027	0.02	1	ZNF782	c3
0.0102966126278041	0.872243950083851	0.107	0.065	1	ENOX2	c3
0.0303966831267012	0.87193248120957	0.055	0.029	1	AC007388.1	c3
0.000100372496002074	0.871707237846477	0.28	0.197	1	APBB1	c3
0.168223298839166	0.870635646939236	0.079	0.059	1	MAP3K14-AS1	c3
0.126945711970936	0.870604087950005	0.03	0.017	1	PPP1R3B	c3
0.144420048605057	-0.870488566057596	0.015	0.03	1	ST7	c3
0.0432486976101219	-0.870391176016119	0.027	0.055	1	LINC00539	c3
0.0589931689338235	0.8702026233008	0.091	0.062	1	ABHD2	c3
0.00627693729299826	-0.870002313726814	0.03	0.074	1	GALNT10	c3
0.342445477933608	0.869872652944814	0.04	0.029	1	AC004865.2	c3
0.104413020608134	-0.86935735810192	0.012	0.028	1	MIR22HG	c3
0.114019665936223	0.869125630058154	0.046	0.028	1	TCF19	c3
0.224846060009474	-0.869122566041254	0.015	0.027	1	ZC4H2	c3
0.0196567861809702	-0.868783406366615	0.046	0.085	1	C17orf75	c3
0.00702612787194566	-0.868732966434758	0.027	0.069	1	GGACT	c3
0.0866489177628141	-0.868134154961601	0.009	0.025	1	SLC35E4	c3
0.010397634035488	-0.868028301434862	0.024	0.061	1	CAPN15	c3
1.91254220563781e-06	-0.867761404347248	0.171	0.313	0.0253297089714671	TNFRSF1A	c3
0.152936865073933	-0.867488864626012	0.03	0.049	1	UBE2T	c3
0.00294006892762458	-0.867275081078374	0.061	0.121	1	SPON2	c3
0.128215189235161	0.866961690629902	0.07	0.049	1	PRMT6	c3
0.0254259864344889	0.866734344689977	0.076	0.045	1	DDX11	c3
0.277774070061522	-0.86653796082573	0.009	0.018	1	CCDC106	c3
0.0746000616618514	-0.86582279565099	0.012	0.03	1	PER2	c3
4.75895835952425e-07	-0.865784087372132	0.174	0.32	0.00630276445135391	ATP2B4	c3
0.123097248001041	-0.864818022857846	0.015	0.031	1	FAM120C	c3
0.323823986691595	0.864761891859993	0.021	0.014	1	AC136475.2	c3
0.0797699572935601	-0.86456456456901	0.021	0.043	1	SRF	c3
0.00445837457978994	0.864238201945945	0.14	0.086	1	PLEKHB1	c3
0.0131029999721884	0.863155370901262	0.098	0.058	1	ZDHHC16	c3
1.17888586925039e-35	-0.862748672393322	0.759	0.96	1.56131644523522e-31	CD99	c3
0.132263497164408	0.862639349680295	0.067	0.047	1	NDUFV2-AS1	c3
0.382318672472649	0.862258483223915	0.049	0.039	1	FBF1	c3
0.248568869346841	0.862164664115975	0.021	0.012	1	TMEM8B	c3
0.565548548027519	0.860742136011874	0.021	0.017	1	EXOC6B	c3
0.0694335487014831	-0.86055695956837	0.018	0.04	1	ALS2	c3
0.781765211311616	0.860193369216077	0.012	0.01	1	AL513550.1	c3
0.277435953812833	0.859565974527699	0.046	0.033	1	ZNF257	c3
0.00019064675632269	-0.85950319180488	0.155	0.258	1	IFI6	c3
0.00167003042447803	-0.858964216201508	0.073	0.14	1	SLC39A6	c3
0.133560674922806	0.858874766052489	0.024	0.012	1	AC017083.2	c3
4.26735607464544e-06	-0.858840163132273	0.116	0.241	0.0565168638526041	MGAT5	c3
0.641596387341748	0.858721668328293	0.034	0.029	1	ZXDA	c3
0.0148683450160712	-0.858618462648685	0.012	0.041	1	PON2	c3
0.0168510492219245	0.857820380891845	0.064	0.033	1	VSIG1	c3
0.978917825475173	0.856891247046505	0.012	0.012	1	LINC01006	c3
0.102606403022131	0.856784098299571	0.067	0.045	1	CASD1	c3
0.00270013713489936	-0.856579984316144	0.046	0.102	1	SPRYD7	c3
0.0305966909426185	0.856449356092665	0.14	0.101	1	FBXO32	c3
0.021603646773995	-0.856403601958418	0.027	0.06	1	ACY1	c3
1.42009678541482e-15	-0.85630409329955	0.451	0.694	1.88077618260339e-11	CLEC2B	c3
0.513826611446885	0.85532969665547	0.04	0.032	1	TBCEL	c3
0.0916714688311247	0.85468927069327	0.091	0.066	1	FAM200A	c3
6.80891425222572e-08	-0.854663541169155	0.628	0.75	0.000901772603564775	NFKBIA	c3
0.139407503825423	0.853889686753174	0.07	0.05	1	ZFP62	c3
0.365461545962987	0.853576019622824	0.024	0.017	1	AC007728.2	c3
0.145645122756663	-0.853297428924974	0.024	0.042	1	C11orf80	c3
0.172337991193377	0.853087467438977	0.052	0.035	1	TRMT44	c3
0.0910341136163318	-0.852628408371382	0.024	0.046	1	KIAA0513	c3
2.48949060935637e-06	-0.852566814241517	0.168	0.301	0.0329708136303158	MRPL10	c3
0.171801733403483	-0.852529759075935	0.012	0.025	1	SYCP2	c3
0.00555621070480924	-0.852114078539473	0.046	0.096	1	PDLIM7	c3
0.000234842411491594	-0.852053331349009	0.171	0.263	1	SACM1L	c3
0.347098485214073	0.851943649327235	0.018	0.011	1	CATSPERG	c3
0.0329850967091894	0.851354554807589	0.162	0.121	1	GGCT	c3
0.0575113831032846	0.851309172542415	0.088	0.059	1	SYNGAP1	c3
0.285496168239307	0.851232064900227	0.034	0.023	1	DCLRE1B	c3
0.0812223532357582	-0.851071671118569	0.018	0.039	1	DONSON	c3
0.279270083307542	0.850790579079702	0.015	0.008	1	GALNT12	c3
5.07831229375772e-14	-0.850681015441068	0.832	0.84	6.72571680185272e-10	IL7R	c3
0.348437655857276	0.850445123767656	0.018	0.011	1	PDGFB	c3
0.219016744735277	0.85003251128758	0.101	0.082	1	MOV10	c3
0.77662678915427	0.85000276670048	0.012	0.01	1	AC024257.3	c3
0.0678779437587111	0.84999397503009	0.082	0.055	1	HDAC6	c3
0.0525007490204105	-0.849471113430775	0.021	0.046	1	FBXO2	c3
7.33912197547083e-05	-0.84904705927611	0.11	0.212	0.971993314431357	COMTD1	c3
0.343504230216299	0.848725535943983	0.064	0.051	1	TRAV12-1	c3
0.110273511748113	0.848685723495355	0.037	0.021	1	ZNF615	c3
0.000979387715511501	-0.848143080518433	0.116	0.196	1	ETV3	c3
0.125789268411838	-0.848135092896095	0.015	0.031	1	RIN1	c3
0.279038598039889	-0.848061746082603	0.006	0.014	1	ELOVL4	c3
1.93080246300038e-11	-0.846922234809544	0.393	0.609	2.55715478199771e-07	CDK2AP2	c3
0.308580166372262	0.846741007375811	0.052	0.04	1	SETD6	c3
6.60900630334978e-10	-0.846305826704955	0.29	0.487	8.75296794815645e-06	MYDGF	c3
0.00065771782333102	0.846267329517574	0.299	0.221	1	ORMDL3	c3
0.0257579588057798	-0.846040341143978	0.024	0.055	1	NTHL1	c3
0.0654450813565706	0.845795886624216	0.134	0.1	1	ZBTB24	c3
0.025428611695323	0.845741649589419	0.116	0.077	1	KHSRP	c3
0.0417613968738961	-0.845580811058303	0.049	0.082	1	PPOX	c3
0.379760435877394	0.844950422623641	0.058	0.047	1	SCMH1	c3
0.0912277585803812	0.844890681213655	0.07	0.047	1	ZBTB14	c3
4.06201071104956e-29	-0.8436693246143	0.793	0.938	5.37972698571403e-25	LSP1	c3
0.000116593485228335	-0.84347296456128	0.064	0.15	1	LARP4	c3
0.346245311010099	0.842798580563878	0.043	0.032	1	CKMT2-AS1	c3
0.128021759380877	0.842778958192891	0.076	0.054	1	BICDL1	c3
0.00260560423285002	0.84258202965108	0.168	0.106	1	KLF3	c3
0.16533344523103	0.842399600490181	0.088	0.068	1	SMPD2	c3
0.022087425748872	-0.84236583740406	0.03	0.065	1	RNF123	c3
7.62772568975583e-07	-0.842324972728524	0.22	0.374	0.0101021599035126	PLEKHF1	c3
0.0772968922703832	-0.841734510986344	0.012	0.03	1	IFI30	c3
0.101181844252043	-0.841240934183645	0.024	0.045	1	SOCS2	c3
0.0038322392815261	-0.840976816306161	0.073	0.133	1	GSTM2	c3
0.409163201972299	0.840951852899989	0.006	0.011	1	RNF207	c3
0.0766072839995126	0.84070630307541	0.064	0.041	1	PIAS2	c3
0.124678583913704	0.840646177846444	0.03	0.017	1	RPP25	c3
0.0377254783743839	-0.840629039403662	0.034	0.065	1	AC025159.1	c3
0.0801973959253051	0.840491477423413	0.064	0.041	1	ALPK1	c3
0.000462195972959222	0.840257363224008	0.259	0.177	1	FBLN7	c3
0.0569742486372743	-0.839919195367148	0.015	0.036	1	DCLRE1A	c3
0.00160327015123727	-0.839839630236404	0.082	0.152	1	KIFAP3	c3
0.583848031528578	0.839661251403852	0.015	0.011	1	ZNF793	c3
0.405479367142056	0.839303116891603	0.012	0.007	1	DDR1	c3
0.113487535636374	0.839156498768973	0.098	0.073	1	RIPK2	c3
0.0342706228226085	-0.838554306758553	0.03	0.061	1	CDK5	c3
0.019376035652559	0.838441113541082	0.155	0.113	1	PEX3	c3
0.0249692923962384	0.838232918916179	0.079	0.047	1	SPATC1L	c3
0.0612026175251341	-0.837974352978147	0.021	0.045	1	AC044849.1	c3
0.369169716917069	0.837961248414957	0.098	0.085	1	LINC00426	c3
0.301827292915366	0.837901660269109	0.037	0.026	1	KIF1B	c3
0.200001693215155	-0.837864305228603	0.012	0.024	1	PAQR4	c3
1.44306394279664e-08	-0.837507880309937	0.171	0.343	0.000191119388583987	TPST2	c3
7.71939754226559e-14	-0.837485895749176	0.436	0.651	1.02235701049765e-09	GNG2	c3
0.0152576682087532	-0.836730350481732	0.043	0.083	1	SLC6A6	c3
1.17094131528325e-05	0.835831423594412	0.345	0.236	0.155079467796114	IL17RA	c3
0.0277445291677776	-0.835329969702993	0.037	0.071	1	APOO	c3
0.000365133122824421	-0.835225917692331	0.079	0.162	1	SLC16A3	c3
8.51230465954816e-05	0.834722910864001	0.405	0.324	1	ARID5A	c3
0.901286479422138	0.834716521416719	0.03	0.032	1	EMILIN2	c3
0.512792754846796	0.83470977024675	0.034	0.027	1	ZNF485	c3
4.98503115757454e-06	-0.834382856974112	0.128	0.257	0.0660217526509172	NMI	c3
0.483294363686327	0.834281395049056	0.021	0.016	1	ZFP3	c3
0.0484923585256296	0.83419885080654	0.067	0.041	1	AP002748.3	c3
0.000241206315641923	-0.834031001629035	0.107	0.197	1	TM7SF3	c3
0.0316316973311504	0.833987716944636	0.125	0.087	1	TBC1D15	c3
0.5243248746054	0.833918017863402	0.012	0.008	1	BX255925.3	c3
0.00200867085549091	-0.833564902530992	0.064	0.127	1	CARD19	c3
0.811937423034601	0.833273494495812	0.015	0.014	1	WDR19	c3
0.263126658960452	0.833224583579714	0.073	0.057	1	FAM98B	c3
0.330256396895159	-0.833199426084725	0.009	0.017	1	REG4	c3
0.321197929043719	0.833147435735884	0.061	0.048	1	ATMIN	c3
0.567119840627896	0.832770223660661	0.058	0.051	1	ZNF550	c3
0.0520486521036435	-0.832235121953441	0.009	0.028	1	ADAP1	c3
0.367018362125168	0.832198191040681	0.024	0.017	1	DDIT4-AS1	c3
0.460866195636792	0.831426153242085	0.058	0.049	1	SLC2A11	c3
0.475831592053898	0.830470025358805	0.015	0.01	1	CES4A	c3
0.0172324896829628	0.830386696037151	0.152	0.105	1	SH3BP5	c3
0.164420474771917	0.830070762708061	0.04	0.025	1	ZKSCAN5	c3
0.173296888992648	-0.829989545609052	0.003	0.011	1	CLDN15	c3
0.936372412387534	0.828778185596418	0.015	0.015	1	ZNF596	c3
0.00253277659805436	0.82864728321081	0.235	0.17	1	GPCPD1	c3
0.476976860506362	0.82864253133054	0.015	0.01	1	TNFRSF13C	c3
0.0483843867932377	0.828257866961598	0.095	0.063	1	LINC02210-CRHR1	c3
0.00204000444879687	-0.828119805758847	0.034	0.086	1	MGME1	c3
0.0281344725816231	0.828061247593809	0.119	0.081	1	ZNF567	c3
0.00495004467009989	-0.827755438383522	0.064	0.121	1	IVD	c3
0.0399059922098242	0.826931902151093	0.091	0.059	1	TSPYL4	c3
0.392258086785635	0.82682868089119	0.043	0.033	1	FUZ	c3
0.803426423838712	0.82654229495795	0.015	0.014	1	CENPP	c3
0.0102652916886744	-0.825865797150473	0.061	0.109	1	MUM1	c3
3.15563385132894e-05	-0.825666277864647	0.155	0.268	0.417932147270005	TNFSF12	c3
0.04241203411615	0.825207867075161	0.11	0.075	1	ZNF737	c3
0.0749913116989937	0.825042783293159	0.091	0.063	1	TMLHE	c3
0.695634595261196	0.82419314606873	0.015	0.012	1	SDR42E2	c3
0.585790639770297	0.823573412475793	0.034	0.028	1	NOP9	c3
1.30920214281409e-06	-0.823063375782911	0.168	0.31	0.0173390731794298	MAP4	c3
0.0301145259768151	-0.822979617688991	0.03	0.062	1	GCSH	c3
0.00504014010058723	-0.822895961985531	0.085	0.146	1	SNAPC2	c3
0.00261867983858809	-0.822265252278734	0.07	0.134	1	AL357060.1	c3
0.0431903956757279	0.821874209326077	0.14	0.104	1	APEX2	c3
0.173623183797136	-0.821609297072125	0.003	0.011	1	POMT2	c3
0.438388757177385	0.821368924903751	0.061	0.051	1	ANKS3	c3
0.272301069381733	-0.821294669638665	0.012	0.022	1	C9orf3	c3
0.135767061657038	0.820869674199791	0.04	0.024	1	LINC00921	c3
0.90957655662487	0.820702914805537	0.015	0.015	1	ACACB	c3
0.217054282410796	0.82054020631	0.061	0.045	1	SELENON	c3
0.479616057401315	-0.820498289739242	0.006	0.01	1	PLXNA1	c3
0.100061845618778	0.82037596638677	0.101	0.075	1	FCGRT	c3
0.153190272390428	0.820250222027924	0.034	0.02	1	TPTEP2-CSNK1E	c3
0.121544107738974	-0.820197787973431	0.009	0.023	1	HSPA2	c3
0.545953835107158	0.82018453994563	0.049	0.042	1	ABHD11	c3
0.130091200786908	0.820148346561948	0.064	0.044	1	ZNF836	c3
1.27744097375991e-05	0.819982842150214	0.345	0.239	0.169184282564762	MKRN1	c3
0.0632959693720693	0.819612911438817	0.088	0.059	1	PIGL	c3
0.0109015963645677	0.819609740389429	0.204	0.152	1	TOB1	c3
0.1685185453812	0.819200942170111	0.015	0.029	1	PTPN13	c3
0.729429421978407	0.819146134115189	0.018	0.016	1	AC103691.1	c3
7.1230794295593e-06	-0.818935638906223	0.134	0.259	0.0943380639650834	DUSP23	c3
0.0254552823964515	0.818838821957346	0.119	0.08	1	PAICS	c3
0.00918790053262599	0.818013058277431	0.165	0.112	1	ZNF281	c3
0.0438487071355165	0.817738992151293	0.095	0.062	1	RAD51B	c3
0.070129348555676	0.817125254718831	0.076	0.05	1	TRIM32	c3
0.606136170078248	0.817090834625204	0.024	0.02	1	TRAV6	c3
0.291244198489992	0.816902235517953	0.052	0.039	1	ZNF570	c3
0.0043966227088837	-0.816788734074279	0.073	0.132	1	AC245297.3	c3
0.0434202894422134	-0.816631162357904	0.04	0.071	1	ZBTB48	c3
0.110178651940465	0.816452084709086	0.076	0.053	1	TRAPPC11	c3
0.179211795561548	0.816424547338955	0.037	0.023	1	UTP14C	c3
0.000327208645338968	-0.816172514448399	0.095	0.18	1	SMIM3	c3
0.435064898136155	0.815915415609608	0.018	0.012	1	KRBA1	c3
0.65116786189045	0.815481925482948	0.012	0.009	1	DLK2	c3
0.00202769320408668	-0.814997489802109	0.14	0.219	1	TSC22D2	c3
0.21694907925617	0.81485966121639	0.037	0.024	1	ZNF682	c3
0.00262859263514477	-0.81473800188734	0.067	0.129	1	SPIDR	c3
5.94185831783107e-44	-0.813865257829236	0.927	0.994	7.86939715613548e-40	IL32	c3
0.0581774786241994	-0.813550274533306	0.015	0.036	1	TOR4A	c3
0.746915140017499	0.813293495962564	0.046	0.043	1	WDR76	c3
0.524997933451373	0.813198509316428	0.012	0.008	1	ZNF19	c3
2.24445336913778e-08	-0.812851998164722	0.159	0.336	0.000297255404208608	ASB2	c3
0.00239525641369496	-0.812473281430632	0.034	0.085	1	CDADC1	c3
0.393086994960431	0.8121861040477	0.076	0.066	1	SENP2	c3
0.00737025708591513	-0.812109730767232	0.076	0.131	1	C15orf39	c3
0.052020046443388	0.811895525370222	0.137	0.103	1	WDR37	c3
0.698206578605832	0.81153515506605	0.015	0.012	1	FAM215B	c3
0.0150041042528044	0.811367846523772	0.177	0.129	1	ZNF10	c3
0.000146276603250148	-0.811282621088949	0.137	0.23	1	KLRG1	c3
0.53327230665827	-0.810941979148662	0.009	0.014	1	LINC00528	c3
0.0735152725982016	-0.810920521342661	0.04	0.067	1	ARHGEF19	c3
0.0176064132085113	-0.810774371443265	0.061	0.105	1	SLC35A1	c3
0.315368813072659	0.810489106556157	0.082	0.068	1	AL365361.1	c3
0.0488780192015326	0.810405859950878	0.076	0.048	1	PRAG1	c3
0.173296888992648	-0.810343129957862	0.003	0.011	1	SGMS1-AS1	c3
0.213386032961335	-0.809497924995817	0.003	0.01	1	MSC-AS1	c3
0.153726731572395	-0.809409732342858	0.037	0.056	1	GM2A	c3
0.829270549316962	-0.809235209398644	0.064	0.067	1	TRAV13-2	c3
0.000752391578696471	-0.808737719940531	0.116	0.2	1	MPZL3	c3
0.220685106195944	0.808633364728299	0.027	0.017	1	FAM156A	c3
0.571136366313433	0.80766072276301	0.021	0.017	1	LRRC29	c3
0.200312556451672	-0.807590931091726	0.009	0.02	1	MAGI3	c3
0.401321264379387	-0.807516422944793	0.006	0.011	1	C3orf62	c3
0.000392970981662148	0.807395244610339	0.317	0.228	1	BET1L	c3
1.06289586191506e-25	-0.807167569428799	0.777	0.927	1.4076992795203e-21	HCST	c3
0.160230248109148	-0.807132657577153	0.021	0.037	1	ZNF213	c3
0.132511426610252	0.80700018015033	0.119	0.094	1	KDM7A	c3
0.00398028212717582	-0.806581507532809	0.046	0.099	1	SMAD5	c3
0.0121139786110232	-0.806463604443846	0.058	0.105	1	AC004832.6	c3
0.337431488608862	0.806222180623845	0.049	0.037	1	MTSS1	c3
0.086068197076216	0.805993144808534	0.088	0.061	1	ERC1	c3
0.0273639797152947	0.805983109319529	0.137	0.097	1	GNL3L	c3
0.00309870955916398	-0.805957112017519	0.067	0.128	1	TMEM39A	c3
0.00241510836558216	-0.805577979345766	0.034	0.085	1	MCTP2	c3
0.527694584495227	0.805404511874684	0.012	0.008	1	METTL7A	c3
0.424158806324495	0.805322113321163	0.037	0.028	1	DCBLD1	c3
0.138246372504109	0.804767982961128	0.055	0.036	1	LINC01137	c3
0.2529397224434	0.804544219697705	0.03	0.02	1	DHFR2	c3
0.188620002709198	0.80426795722462	0.043	0.028	1	MIPEP	c3
0.00010313653431444	-0.804038232456637	0.091	0.186	1	MNAT1	c3
0.0893896978781725	0.803991285787005	0.146	0.117	1	ZNF451	c3
0.0497148997312262	-0.803867501866387	0.064	0.099	1	TRIM33	c3
0.152058079969989	0.80383162856424	0.034	0.02	1	CCDC120	c3
0.212593714903653	-0.803486837941457	0.003	0.01	1	AC011468.5	c3
0.479616057401315	-0.803246320405344	0.006	0.01	1	NRAV	c3
0.0613866541205622	0.802940558349166	0.082	0.054	1	GSTM3	c3
0.160230248109148	-0.802908516257405	0.021	0.037	1	C11orf68	c3
0.885873041453591	0.802876663803265	0.04	0.039	1	SLC31A2	c3
0.0126606520946745	-0.802534704758444	0.058	0.104	1	AC127521.1	c3
0.0595227865152667	0.802496162384723	0.088	0.059	1	PINX1.1	c3
0.34487382344798	0.802202665405511	0.018	0.011	1	AP005482.1	c3
0.0504434294818497	0.801213745739008	0.155	0.119	1	TNRC6A	c3
0.0932248668962146	0.801138937472229	0.064	0.042	1	CCDC7	c3
0.088596705512156	0.801028261661619	0.018	0.007	1	LINC01725	c3
0.00234036682923446	-0.800883497948916	0.061	0.122	1	PDZD8	c3
0.200447112259735	-0.799693782149456	0.009	0.02	1	ITGA3	c3
0.226084836445121	-0.79944901989477	0.015	0.027	1	IRAK2	c3
0.0765407642321222	0.799251745820584	0.082	0.056	1	PRH1	c3
6.40460814145316e-10	-0.799202495888723	0.549	0.729	8.48226302254056e-06	TUBA1A	c3
0.00452230233671907	-0.799031826484278	0.07	0.128	1	NME1	c3
0.0151932075299002	0.79855072372749	0.274	0.234	1	USP3	c3
0.237817657055275	0.798487624454904	0.04	0.027	1	AC099063.4	c3
0.133001876153898	-0.798300851562671	0.006	0.018	1	KSR1	c3
2.78427396744427e-08	-0.798241871757402	0.226	0.409	0.000368749244248319	ILK	c3
0.378342880057798	0.798214050207851	0.061	0.05	1	SLC4A2	c3
0.192655775252264	-0.797287172219994	0.006	0.016	1	MAP3K10	c3
0.0393161335639275	-0.797087190912499	0.021	0.048	1	A1BG-AS1	c3
0.222682099861282	0.796716460013014	0.037	0.024	1	ZXDB	c3
0.00723820377753531	-0.796519019013213	0.043	0.089	1	UCK1	c3
0.823970774876773	0.796145788940709	0.018	0.017	1	ASPHD2	c3
0.0509537899029789	-0.795416993290308	0.018	0.042	1	BYSL	c3
0.335012947332383	-0.79500393582051	0.006	0.012	1	PLEK2	c3
0.013987233780137	-0.79495114804712	0.055	0.1	1	DNAJC14	c3
0.0121205253616352	0.794928582082469	0.171	0.12	1	SDCCAG8	c3
0.647946408560891	0.79468734780475	0.052	0.047	1	INPP5F	c3
0.633303924952275	0.794512658459386	0.027	0.023	1	BTBD2	c3
0.0425941654275555	-0.793127335027254	0.037	0.067	1	ALMS1	c3
0.0011947855941641	-0.79252912978032	0.052	0.117	1	GMPPA	c3
0.14476075207234	-0.792392815491691	0.015	0.03	1	PAQR3	c3
1.37605572753789e-05	-0.792275599798703	0.18	0.308	0.182244820555118	RBPJ	c3
0.000132421454869943	-0.792048953158144	0.128	0.227	1	MIS18BP1	c3
0.00191488781658135	-0.791946523968675	0.085	0.155	1	CREB3L2	c3
0.0172538741564883	-0.791923507742513	0.052	0.095	1	MYO9A	c3
0.0852401291609531	-0.791229782522633	0.03	0.054	1	AC109826.1	c3
0.000933774821441501	-0.791096886861986	0.098	0.176	1	HSD17B8	c3
0.0223067407549569	0.790365185444058	0.177	0.132	1	MAPKAPK5-AS1	c3
0.00269018057441257	0.789570557227743	0.223	0.157	1	UBQLN2	c3
8.31907524227186e-14	-0.788938447551472	0.46	0.683	1.10177832508649e-09	GSTP1	c3
0.335492880030652	-0.78878920091843	0.006	0.012	1	AL590705.1	c3
0.522015724828276	0.788337828469644	0.034	0.027	1	JMJD7	c3
0.0740534381151021	0.788008975672766	0.162	0.127	1	ITPKB	c3
0.166533612263241	0.787989541915231	0.107	0.084	1	MRNIP	c3
0.0312329359053881	0.787659425007334	0.201	0.157	1	WDR74	c3
0.279038598039889	-0.787435082411341	0.006	0.014	1	CMC4	c3
0.157490900609096	0.78713775705004	0.091	0.07	1	R3HCC1L	c3
0.0920996686249304	-0.787011356608561	0.024	0.046	1	MT1E	c3
0.0128798603901398	-0.786961841116422	0.061	0.108	1	KLHL7	c3
0.882512576338087	0.786931639289294	0.018	0.02	1	SLC14A1	c3
0.166133227448639	0.786903562192531	0.067	0.048	1	NAB2	c3
0.942460871964388	0.786750523328219	0.024	0.024	1	ZNF707	c3
0.370823377850922	-0.786300102301517	0.058	0.045	1	TRBV28	c3
0.0319075858495908	-0.786252714292007	0.07	0.11	1	MAP7D3	c3
8.47397841528455e-06	-0.786128841880203	0.155	0.279	0.112229370132029	CDK6	c3
0.0255223320714342	-0.785121614294576	0.027	0.059	1	SPATA33	c3
0.530311793474834	0.785057852558289	0.018	0.014	1	BX890604.1	c3
4.6437917061994e-05	0.785046599973716	0.338	0.245	0.615023773569049	GRINA	c3
0.1009813442294	0.783852453567936	0.043	0.025	1	PLD6	c3
0.114591265396114	0.783679236687878	0.064	0.043	1	TARBP1	c3
0.000705928376312027	-0.783549684374897	0.079	0.156	1	GALK1	c3
0.0753733048389492	-0.783528566940437	0.058	0.088	1	KIF20B	c3
0.0688185485350015	-0.783508913046586	0.015	0.035	1	CLPB	c3
0.332766104930706	0.782614564907128	0.04	0.029	1	PLEKHM2	c3
0.17903331466478	0.782592127214225	0.046	0.03	1	C12orf66	c3
0.309976242958757	0.782363039294995	0.03	0.021	1	TCEANC	c3
0.0165754798800899	0.781672676918571	0.21	0.162	1	SH2B1	c3
0.010510041330974	-0.781555076372105	0.061	0.11	1	TTC39C-AS1	c3
0.0294547181589305	-0.781461313759934	0.043	0.078	1	RELT	c3
0.172012768365576	0.781152279720002	0.027	0.016	1	LINC01215	c3
0.525671434292512	0.781029316968366	0.012	0.008	1	NEURL2	c3
0.0314403517976408	-0.780799715943596	0.015	0.041	1	DTHD1	c3
6.17444786829711e-07	-0.780728958454799	0.326	0.473	0.0081774387567727	PNP	c3
0.897349753179792	0.780581369941282	0.012	0.011	1	ZNF442	c3
0.106402826384277	-0.780285469052778	0.021	0.041	1	C22orf46	c3
0.151896596054328	-0.779927973818464	0.034	0.053	1	MARCH9	c3
0.438297198614129	0.779442390217538	0.052	0.043	1	CAPRIN2	c3
0.232621268167579	-0.779076336665149	0.006	0.015	1	SPAG4	c3
0.198668857512255	0.778870686868154	0.095	0.075	1	TFDP2	c3
0.00807546995159149	0.778702255501079	0.168	0.117	1	NANS	c3
0.702458568951778	0.778065307419313	0.024	0.021	1	AL691432.2	c3
0.274238588339532	0.777898787385281	0.073	0.058	1	LXN	c3
0.0103852799175935	-0.777836407898853	0.052	0.099	1	FBXL4	c3
0.375832640670698	0.777635644221029	0.015	0.009	1	NT5DC3	c3
0.208998352134336	0.77700125247807	0.085	0.067	1	CEP170	c3
0.119412931916476	-0.77675543264461	0.024	0.044	1	GNA15	c3
0.0315838203792365	-0.776702204228382	0.04	0.074	1	AC073332.1	c3
0.226466128221068	0.776656902698884	0.043	0.029	1	HIST1H2AG	c3
0.000219793354595444	-0.776559170052734	0.155	0.256	1	MTCH2	c3
0.0635050436808352	0.776447557311323	0.098	0.068	1	DPH6	c3
0.0783068923450778	0.77625749095472	0.055	0.033	1	ZNF891	c3
0.0674964246881981	-0.776248413814765	0.012	0.031	1	CPLX1	c3
0.300871951623603	-0.776147480840143	0.015	0.025	1	FPGT	c3
0.145030606203671	0.775557989101609	0.046	0.029	1	AC098484.3	c3
0.432371824758172	0.77550255804426	0.058	0.048	1	POLD1	c3
0.365654673294335	0.775450077999217	0.03	0.022	1	DOT1L	c3
0.00304043660482941	-0.775425547065656	0.018	0.06	1	CDKN2A	c3
0.00415598136542104	-0.775246819904406	0.061	0.117	1	ACOT7	c3
0.000631896280821176	0.77517645131362	0.256	0.178	1	SLC2A4RG	c3
0.0222617430064454	-0.77474877046991	0.055	0.096	1	GLRX2	c3
0.00375943412598215	-0.77468506524107	0.049	0.104	1	MOB3C	c3
4.44253524357883e-05	-0.774482837792739	0.076	0.171	0.58836936765958	DGLUCY	c3
0.0659235815938083	0.774456889563668	0.07	0.045	1	MPP7	c3
5.99541943469491e-16	-0.774294344213285	0.591	0.794	7.94033349930994e-12	PDCD4	c3
0.00126286692201234	-0.774245945010405	0.076	0.147	1	RELL1	c3
0.101592197814385	0.774230872975509	0.043	0.025	1	AC022182.2	c3
0.151438737478279	0.774142308278845	0.128	0.104	1	BROX	c3
0.23497607174595	-0.774018686199627	0.012	0.023	1	ZNF582	c3
0.362747055448877	0.773881091383773	0.024	0.017	1	ATG9B	c3
4.58714970717158e-11	-0.772724095937846	0.363	0.578	6.07522107217804e-07	TXN	c3
0.699493873310977	0.772578959442768	0.015	0.012	1	GDPGP1	c3
0.655463887988157	0.772359601287342	0.012	0.009	1	HIST1H2BF	c3
3.6917019597044e-07	-0.772338659085268	0.238	0.395	0.00488929007543251	STN1	c3
0.856471995016041	0.771623220527179	0.03	0.029	1	ZNF551	c3
0.20288063645074	-0.771408873386609	0.009	0.02	1	SDR42E1	c3
0.464809592381195	0.771218551928339	0.027	0.021	1	FBXO30	c3
0.0609580018346367	-0.770918216213548	0.018	0.041	1	DVL3	c3
0.00155777311789615	-0.770849990991266	0.091	0.165	1	PTPA	c3
0.0249373668831822	-0.770707453826741	0.055	0.095	1	FAHD2A	c3
0.049695677440761	0.770669610686275	0.152	0.117	1	LEMD3	c3
5.02994737679764e-13	-0.770511056751026	0.488	0.696	6.66166230583079e-09	CCDC85B	c3
0.47927191786349	0.770144527351872	0.015	0.01	1	AL356481.1	c3
0.000245802239454165	-0.769667071545287	0.137	0.232	1	FAM53C	c3
0.059931232809609	-0.769296949993475	0.03	0.057	1	ZBTB16	c3
0.421744454728764	0.768969346389041	0.046	0.036	1	FAM24B	c3
0.00518717338913651	-0.768020330299447	0.058	0.112	1	CD83	c3
1.70219321069079e-07	-0.767484058305305	0.293	0.453	0.00225438468823889	CALCOCO2	c3
0.00335992484239757	-0.765838784640455	0.067	0.129	1	AAED1	c3
0.0546605908078392	-0.765790123335613	0.043	0.073	1	WRNIP1	c3
3.91070489007516e-06	-0.765643926021342	0.18	0.317	0.0517933755641555	LPIN2	c3
0.525671434292512	0.765207009588894	0.012	0.008	1	ZNF470	c3
0.0395180704474961	-0.765100439720928	0.037	0.068	1	SLC9A8	c3
1.44330815970465e-19	-0.765095860709341	0.652	0.864	1.91151732671284e-15	TPI1	c3
0.0759888536838837	-0.764715822187416	0.055	0.084	1	MFHAS1	c3
0.154240215869058	-0.764435701410634	0.024	0.042	1	MMS22L	c3
0.223857047815204	-0.763936235866607	0.024	0.039	1	CPLANE1	c3
0.00457766427908207	-0.763926334451266	0.079	0.139	1	LUZP1	c3
0.0576544755943497	0.76325537892588	0.107	0.074	1	TNFAIP8L2	c3
0.00529338503965126	0.762931772780567	0.186	0.129	1	NINJ1	c3
0.054761803780101	-0.7628360740576	0.043	0.073	1	CCDC92	c3
0.0456293296580087	-0.762388603847853	0.024	0.051	1	ZNF583	c3
0.0860141433762102	-0.761957593797299	0.009	0.025	1	CD72	c3
0.466445175442894	0.76069910385569	0.027	0.021	1	AC009061.2	c3
3.84409500187423e-12	-0.75976989455764	0.348	0.581	5.09111942048224e-08	YWHAH	c3
0.0837103795476027	0.759594188990289	0.079	0.054	1	UBAP2	c3
0.655271732220191	0.758804604180732	0.021	0.018	1	SEC31B	c3
0.522613324357704	-0.758297557661452	0.015	0.021	1	TRBV12-4	c3
0.00151780252617584	-0.758065326949167	0.07	0.136	1	ALAS1	c3
3.98091749095492e-33	-0.757793467576569	0.976	0.996	5.2723271250207e-29	GAPDH	c3
0.0705389523637546	0.757761192431335	0.262	0.232	1	TIGIT	c3
0.0260078587370801	0.757384168338942	0.131	0.091	1	CEP135	c3
0.445114813651627	0.757255346550807	0.064	0.054	1	ARMH3	c3
0.233588715228168	-0.757068912032099	0.012	0.023	1	RCCD1	c3
7.23078023279845e-06	-0.756900237031701	0.113	0.231	0.0957644534031827	CHD9	c3
0.0447070729078173	-0.756834127114974	0.027	0.055	1	EVA1C	c3
1.44027643788298e-13	-0.756532651490206	0.552	0.77	1.90750211433222e-09	PAXX	c3
0.0382356518166837	0.756023256360585	0.14	0.103	1	ZNF224	c3
6.99715081527212e-17	-0.755910861019442	0.662	0.871	9.2670265397464e-13	PPP1R15A	c3
0.338870771482098	0.75551741854805	0.027	0.019	1	CCND1	c3
0.0190817838381175	0.755502418475135	0.128	0.086	1	RPRD1A	c3
0.362746003280297	0.755474889465129	0.03	0.022	1	IFT140	c3
0.347098485214073	0.755433377960639	0.018	0.011	1	AC068338.2	c3
0.000180156834754493	-0.75528622851485	0.159	0.263	1	TRIM69	c3
0.0429691295478846	0.755028977283393	0.116	0.081	1	SNX29	c3
0.265638352955605	0.754805687167464	0.037	0.025	1	TRAV38-1	c3
0.155409514225178	0.754388345064267	0.076	0.055	1	TUBGCP6	c3
0.627306519200844	0.753764135022828	0.009	0.012	1	IFT81	c3
0.00364826896953919	0.753712799994813	0.18	0.121	1	ZNF593	c3
0.457110352986911	0.753512460400814	0.034	0.026	1	FKBPL	c3
0.285496168239307	0.753375699878058	0.034	0.023	1	CSAD	c3
0.000610937863276609	0.753085238684703	0.384	0.32	1	SNHG7	c3
0.0102663103108074	0.753008195792165	0.186	0.133	1	TMEM216	c3
1.81416230550648e-17	-0.752973384792014	0.604	0.815	2.40267655741278e-13	SEC61B	c3
0.135354500402757	-0.752859565804216	0.006	0.018	1	KCTD11	c3
0.067287158736838	0.75236996903322	0.125	0.094	1	NAF1	c3
0.0391033788525237	-0.752298546637137	0.018	0.044	1	TMEM150A	c3
0.425502590628104	0.752226995652233	0.037	0.028	1	MRM1	c3
2.74383623146081e-07	-0.7516224377907	0.317	0.486	0.0036339367049467	HERPUD1	c3
0.000243996734683454	-0.75161734606802	0.134	0.23	1	SAR1A	c3
0.319240702549657	0.751448144708669	0.055	0.043	1	ZNF286A	c3
0.648009246742454	0.751111074713619	0.049	0.044	1	SPATA20	c3
0.167721398413945	0.751009049198226	0.11	0.087	1	DOHH	c3
0.105953686048716	0.750710136011833	0.107	0.08	1	MAD2L1BP	c3
6.21825350356727e-06	0.750200673021484	0.555	0.456	0.0823545494012449	PIM2	c3
0.000119803727249823	-0.749774665275752	0.104	0.203	1	TBCD	c3
8.96953405336657e-05	-0.749647309184587	0.162	0.271	1	DLST	c3
0.333890174609034	0.749110599968727	0.049	0.037	1	ZNF736	c3
1.26091443074019e-07	-0.749104950378412	0.299	0.464	0.00166995507207231	TSEN54	c3
0.000113612045196359	-0.748754100466434	0.085	0.179	1	BAK1	c3
0.00674906776192317	-0.748595232070187	0.049	0.099	1	FUCA2	c3
0.120223738597203	0.748580929139566	0.104	0.078	1	THADA	c3
0.267032485682997	0.748474120942857	0.085	0.069	1	SPICE1	c3
0.000350667999253894	-0.748295218116454	0.088	0.175	1	R3HCC1	c3
0.212989607942084	-0.747719382061663	0.003	0.01	1	TBC1D16	c3
0.0846440362901764	0.747611724696017	0.095	0.067	1	FUNDC1	c3
0.415484889284581	0.747525289738759	0.037	0.028	1	STPG1	c3
0.0153773263842968	-0.74716418489619	0.073	0.12	1	SAMD3	c3
0.0678820738569414	0.746902349406034	0.03	0.015	1	XKR6	c3
0.0919076052710992	0.74666046160143	0.021	0.009	1	MAP10	c3
0.000490525430780373	-0.746400535411044	0.131	0.222	1	PARP14	c3
0.234142959408757	-0.745627303611666	0.012	0.023	1	FANCB	c3
0.235437743452329	-0.745580936521238	0.006	0.015	1	WFS1	c3
0.267631197935157	0.745541282271931	0.018	0.01	1	ZNF425	c3
4.13319407301305e-05	0.745418470089221	0.384	0.287	0.547400223029848	SFXN1	c3
0.1691780228293	0.745348881512428	0.058	0.041	1	PIK3CA	c3
0.222630490904679	0.745282752743782	0.088	0.07	1	TRAF3IP2	c3
4.9313820931563e-05	-0.745072555616346	0.125	0.236	0.65311224441762	DHRS4	c3
0.143548987499003	0.744240051672523	0.064	0.044	1	TSGA10	c3
0.336454072907686	-0.744180714598595	0.006	0.012	1	SENP3	c3
0.0117871797754702	-0.743266756500323	0.07	0.121	1	PSEN1	c3
0.440963817433653	0.74253247140607	0.024	0.018	1	ZNF16	c3
0.226830426928642	-0.742462076106773	0.015	0.027	1	ZFP28	c3
0.430189879295206	0.74236834325583	0.101	0.089	1	TP53BP2	c3
0.0501673469032347	0.741643345543937	0.146	0.11	1	CCDC71	c3
0.00187030628993379	-0.741591187285915	0.079	0.149	1	YAF2	c3
0.368445810500245	-0.741541612376348	0.012	0.02	1	ZNF577	c3
0.087260000029335	0.741234803158627	0.073	0.049	1	LIPE	c3
0.323037534522214	0.741150012270618	0.021	0.014	1	DBF4B	c3
0.865823322346331	0.740529016326897	0.061	0.059	1	GADD45G	c3
0.00839906259234338	-0.740272416923745	0.049	0.097	1	TPMT	c3
0.0265384442945057	0.740256995215563	0.335	0.294	1	TLK1	c3
0.632562661042164	0.74015647919955	0.009	0.012	1	AC116407.2	c3
0.168901200388264	0.740102991042729	0.085	0.065	1	ZNF420	c3
0.0812223532357582	-0.739822525837627	0.018	0.039	1	FANCG	c3
0.441640515085885	-0.739779847417426	0.021	0.029	1	RAP2A	c3
0.033170327994742	0.739080528328691	0.204	0.162	1	LINC00649	c3
0.332484117879562	0.738784181136602	0.04	0.029	1	STK35	c3
2.32400544266873e-10	-0.738730110078906	0.415	0.611	3.07791280827047e-06	LPXN	c3
0.0119801840213731	-0.738607440973801	0.064	0.112	1	SLC12A6	c3
0.211383639603177	0.738526997357943	0.076	0.058	1	P2RX5	c3
0.0196600817409516	0.738245452725854	0.174	0.129	1	PLEKHA1	c3
0.433405405982246	0.73801199544986	0.091	0.079	1	GMDS-DT	c3
0.000213154218467827	-0.737964999829719	0.085	0.175	1	RIOK1	c3
0.729160519941326	0.737757561241947	0.037	0.033	1	FAM193B	c3
2.6156836226336e-19	-0.736612937649589	0.86	0.941	3.46421138981595e-15	IFITM2	c3
0.239793582889741	-0.736363683191901	0.021	0.034	1	FAM83G	c3
0.00136808610572695	-0.736278273966764	0.079	0.151	1	PAPSS1	c3
5.84016627741104e-06	0.736102052360729	0.396	0.288	0.0773471621780318	SELENOM	c3
0.045124848146571	0.736067655777574	0.137	0.1	1	DYRK2	c3
0.189220517781937	0.735767861396869	0.067	0.049	1	ATAD3B	c3
0.286913631682054	0.735447184883566	0.055	0.042	1	RFC5	c3
0.00130041843238427	0.735001585267666	0.287	0.213	1	MLLT3	c3
0.163958674783761	0.73479264633907	0.085	0.065	1	RBL1	c3
0.108760656626275	0.734469575659325	0.131	0.104	1	RIC1	c3
0.335492880030652	-0.734272103342941	0.006	0.012	1	AC005229.4	c3
1.54686833117961e-06	-0.734113631134376	0.201	0.356	0.0204867241781428	EIF6	c3
0.479616057401315	-0.733965408729365	0.006	0.01	1	FAM66B	c3
0.1938783867331	-0.733787488045774	0.018	0.032	1	ABHD6	c3
0.532095662424369	-0.733679991753363	0.009	0.014	1	AC242426.2	c3
0.158977814258714	0.733612575065545	0.082	0.061	1	PROSER1	c3
0.700488523891434	0.73336137160903	0.027	0.024	1	TBC1D2	c3
0.0002704881607232	-0.733351948732376	0.113	0.207	1	ZCCHC17	c3
0.103073722535867	0.733178971061249	0.085	0.06	1	RBSN	c3
0.253110005487138	0.732554023213833	0.04	0.027	1	BCR	c3
0.291507880811435	0.732492956745717	0.079	0.065	1	TMEM161B-AS1	c3
0.318835444884465	0.731909377372324	0.046	0.034	1	ZNF232	c3
0.0419643829641547	0.731829795373379	0.098	0.065	1	DEAF1	c3
0.163642499117443	0.731596442068011	0.055	0.037	1	CEP97	c3
0.36681567228387	0.73157288972611	0.015	0.024	1	AC139530.1	c3
0.0218088387650772	0.73147581582258	0.192	0.146	1	EXOSC5	c3
0.0620519488904395	0.731285703116483	0.046	0.025	1	H1F0	c3
0.096207525124277	0.73126421785084	0.082	0.057	1	CTU2	c3
0.00355233922702979	-0.731184255837545	0.055	0.111	1	UGGT1	c3
0.487361640574876	-0.730904535703636	0.012	0.018	1	AC138969.1	c3
0.0129595299835015	0.73063884538736	0.216	0.163	1	THAP11	c3
0.00488765348433319	-0.730620559580593	0.049	0.101	1	RAPGEF1	c3
0.105091416743961	0.730347300212616	0.073	0.05	1	GPR25	c3
0.0448018095570124	0.730105804775921	0.11	0.076	1	HSF2	c3
6.65424351454696e-10	-0.729963910906264	0.341	0.539	8.81288011066599e-06	SPN	c3
0.00812615754083643	-0.729838361140344	0.037	0.08	1	RIPOR1	c3
0.00106671380273778	-0.729376382346294	0.079	0.154	1	WDFY1	c3
0.000661766073827324	0.729339791020807	0.439	0.375	1	IL27RA	c3
0.0798153728226215	0.729013415922717	0.058	0.035	1	ZNF318	c3
0.0653337722554508	0.728655772370267	0.149	0.114	1	SLC25A45	c3
0.013315358165439	0.72856644747528	0.149	0.102	1	PLA2G12A	c3
0.389581399521584	-0.728525043501137	0.021	0.03	1	TRMT5	c3
0.567069891173392	0.728018038129307	0.021	0.017	1	ABHD17B	c3
0.0863387036774626	-0.727925845132801	0.03	0.054	1	PPCDC	c3
0.00863428444861046	0.727725191844673	0.28	0.226	1	IPCEF1	c3
0.213386032961335	0.727721526746469	0.003	0.01	1	NRG2	c3
0.319257494314696	-0.727598808142914	0.012	0.021	1	AC106739.1	c3
0.199585003710926	-0.727126685427212	0.015	0.028	1	FP671120.4	c3
0.809316236093041	0.727006722186703	0.015	0.014	1	TRAF3IP1	c3
0.670175363199032	0.726818930355942	0.021	0.018	1	TRBV10-3	c3
0.00139953440038734	0.726723825892883	0.32	0.248	1	TMEM131L	c3
0.345235813155293	0.726451198835342	0.061	0.049	1	SLC35F6	c3
0.783970326101122	0.726328639480272	0.012	0.01	1	CENPS-CORT	c3
0.780296107570688	0.726306909069157	0.012	0.01	1	AC114271.1	c3
1.05502234302895e-22	-0.726216024327155	0.948	0.993	1.39727159110754e-18	CD52	c3
0.223719431446998	0.726086972196562	0.119	0.098	1	ANKRD36C	c3
0.151190593394842	0.725966522478106	0.095	0.072	1	KLHDC7B	c3
0.0001060548863085	-0.725717009237487	0.101	0.197	1	ELL	c3
0.110653424940933	-0.72555946813239	0.015	0.032	1	ENDOG	c3
0.563145505054951	-0.725353742338688	0.012	0.017	1	STX18-AS1	c3
0.871196416292848	0.725329604815324	0.012	0.014	1	GNG7	c3
3.7305201406241e-05	-0.724930515821055	0.168	0.292	0.494070087424255	IFI35	c3
0.173623183797136	-0.724120456082906	0.003	0.011	1	HIST1H2BH	c3
0.195041738952998	-0.724038884146112	0.006	0.016	1	AP005329.3	c3
0.0241117466848267	-0.723948192873973	0.049	0.088	1	DYRK1A	c3
0.421581744675958	0.723924683035774	0.073	0.062	1	ZNF429	c3
0.354520683471898	0.723877624759119	0.082	0.07	1	ZBTB40	c3
0.00106695407731313	-0.723852084950748	0.107	0.187	1	TARS	c3
4.98120364981801e-17	-0.723722629548689	0.649	0.834	6.59710611381897e-13	GUK1	c3
0.00729371606101086	-0.72330609545919	0.085	0.142	1	GLE1	c3
0.284755548819144	0.723029018676972	0.046	0.033	1	TERF2	c3
0.0593438706351315	0.722983865203188	0.14	0.106	1	GPX7	c3
2.55089144206535e-33	-0.72271574787479	0.896	0.981	3.37840062587135e-29	CYBA	c3
0.000472833079555384	-0.722593127249074	0.116	0.205	1	UBE2S	c3
0.980346825835276	0.722537563559464	0.012	0.012	1	TMPO-AS1	c3
1.48572091744051e-05	-0.72175766122097	0.201	0.335	0.196768878305821	ITGB1BP1	c3
0.00556654518913281	0.721453509893121	0.177	0.12	1	CWF19L2	c3
0.00671967696593776	-0.72127745751471	0.064	0.119	1	GEMIN7	c3
5.05980718792217e-11	-0.721261382514775	0.415	0.638	6.70120863968413e-07	PA2G4	c3
0.0460147237968744	0.720444810841705	0.119	0.083	1	TRMT61B	c3
0.13808936376404	-0.72003168272833	0.03	0.05	1	PLK2	c3
0.232214376890331	0.7192057719989	0.125	0.104	1	MRI1	c3
0.0043963066047759	-0.718834604803755	0.064	0.124	1	ELMO2	c3
0.00014813706000596	0.71868497262056	0.302	0.207	1	MX2	c3
0.643352119089484	0.718642918799508	0.143	0.143	1	PLCB2	c3
0.343235825987594	-0.718517201749081	0.067	0.083	1	OSM	c3
0.033325915909709	0.718378056863942	0.204	0.158	1	ARRDC2	c3
0.177871709301379	0.718127812698174	0.061	0.043	1	C1orf109	c3
0.00195812872087209	0.717854099400025	0.186	0.122	1	IL21R	c3
0.235254241704528	-0.717682343882725	0.012	0.023	1	INO80B	c3
0.00468615051361376	-0.717637078397697	0.073	0.133	1	PLOD3	c3
0.281418069299535	0.717562548091835	0.04	0.028	1	SFT2D3	c3
0.366104970218003	0.716904746036604	0.046	0.035	1	KIF16B	c3
0.106207340366151	0.716796438822008	0.143	0.114	1	TRRAP	c3
0.092200906409962	-0.716770864826795	0.021	0.042	1	NEDD4	c3
0.0002258023974948	-0.716554100945705	0.149	0.252	1	NAA50	c3
0.00473821812052932	-0.716400727086141	0.052	0.105	1	BICD2	c3
0.31365695595306	0.716114782270271	0.037	0.026	1	FXR2	c3
0.0151289113741228	0.715800986825726	0.162	0.113	1	TFIP11	c3
0.0474022067051715	0.715282459828246	0.034	0.016	1	CRIP2	c3
8.39276021981947e-06	-0.71491473951607	0.223	0.354	0.111153716351289	MANF	c3
0.110228617922451	0.714389130216764	0.095	0.07	1	SNIP1	c3
0.00266435922975262	-0.713929951476222	0.058	0.118	1	PATL1	c3
0.947423443825791	-0.71361851117018	0.046	0.046	1	TRAV38-2DV8	c3
0.00571955681497323	-0.713575876627506	0.07	0.126	1	MCM5	c3
1.24140714296171e-06	-0.713429900334808	0.235	0.39	0.0164411962013849	RAB27A	c3
0.0275518382429296	0.71329873942355	0.152	0.11	1	ABHD10	c3
0.0202992739755371	0.713208884114717	0.095	0.058	1	TRAV8-6	c3
0.637821349427063	0.71263063443884	0.03	0.026	1	PGAM5	c3
0.000976891067338831	-0.712536722632973	0.107	0.189	1	REEP3	c3
0.194618867651689	0.712392442068281	0.018	0.009	1	SBK1	c3
0.517921967809791	0.712276130108481	0.024	0.019	1	SERPINB8	c3
0.00112025148920732	-0.712011961978888	0.043	0.102	1	HLA-DQB1	c3
0.977488892767235	0.711884903777259	0.012	0.012	1	GCC2-AS1	c3
0.527694584495227	0.711805467002679	0.012	0.008	1	AL080250.1	c3
0.00872893884714128	-0.711745155038924	0.079	0.134	1	TCEAL4	c3
0.19444322607903	-0.711740764186069	0.006	0.016	1	PRSS16	c3
0.0942308366866133	0.711287470073563	0.064	0.042	1	ZNF254	c3
0.00467574393152338	0.710471384416272	0.143	0.091	1	CAMK1D	c3
0.0268953568704259	0.710439885958623	0.162	0.119	1	IFRD2	c3
0.676190169025012	0.710375113749099	0.012	0.016	1	ZNF674	c3
1.98174781155042e-09	-0.709807985772029	0.515	0.667	2.62462680161737e-05	GZMM	c3
0.982732038355757	0.708938962973769	0.018	0.019	1	SEC61A2	c3
0.0249260832632696	0.708794532585262	0.213	0.168	1	PTPMT1	c3
0.230929541771247	-0.708500964870253	0.024	0.039	1	FAM84B	c3
0.104288101329944	0.708266400078674	0.088	0.063	1	IQSEC1	c3
0.108868875123572	0.708209290427134	0.098	0.071	1	SLC36A4	c3
0.124791254776584	0.70816919642098	0.107	0.082	1	GOLGA3	c3
0.167105094423447	-0.70807665205123	0.018	0.033	1	PLEKHG1	c3
0.000704604345917556	-0.708061580566266	0.119	0.206	1	MRPL40	c3
0.0264405680015983	0.707852519836989	0.213	0.168	1	ABCC1	c3
0.223511682232012	0.70757496471425	0.049	0.034	1	NDRG2	c3
0.320632379316187	0.707435756487143	0.058	0.045	1	TNK1	c3
0.174700673909257	0.707143786744346	0.11	0.088	1	DNAJC30	c3
3.82914654867792e-08	-0.706602873195473	0.299	0.486	0.000507132168906904	SSBP4	c3
0.00528400549842737	-0.706517546187795	0.03	0.075	1	AKT1	c3
0.586311081274284	0.70646661594457	0.015	0.011	1	AC141424.1	c3
0.10952684870335	-0.70636970796363	0.018	0.036	1	KIAA0753	c3
0.233674631907518	-0.70621047684874	0.006	0.015	1	RIMS3	c3
0.120681229344275	-0.706050287715386	0.009	0.023	1	ZSWIM4	c3
0.0565407068638603	0.705957820073246	0.076	0.049	1	PLEKHG2	c3
0.00408951862547797	-0.705829703763117	0.082	0.146	1	VRK2	c3
0.0948922203593578	0.705792226520811	0.113	0.084	1	DMXL1	c3
0.12670876365466	-0.705659634213642	0.018	0.035	1	AC136475.3	c3
0.513936215332997	0.705247847689851	0.055	0.047	1	SLC11A2	c3
0.00112362407785772	0.705069027736935	0.22	0.145	1	HIVEP2	c3
0.00493210855724517	-0.705058551423616	0.052	0.105	1	B9D2	c3
0.173623183797136	-0.705006829106321	0.003	0.011	1	RND1	c3
0.45560842243713	0.704706659758886	0.119	0.11	1	C18orf25	c3
0.117937574566192	-0.704651543918007	0.027	0.048	1	ARRB1	c3
0.00375588831882541	-0.704614221082656	0.061	0.119	1	GBA	c3
0.156116108367198	0.704272327046881	0.091	0.07	1	ZNF3	c3
0.0421219516613572	0.704250204007147	0.134	0.097	1	MVB12A	c3
7.06764019094096e-05	-0.704035317701585	0.11	0.212	0.936038266888221	UPP1	c3
0.480677323255709	0.703542361266251	0.049	0.041	1	ATP6V1E2	c3
7.90772785087419e-07	-0.703477449070543	0.268	0.427	0.0104729947656978	MFSD10	c3
0.000456179423789225	-0.703085536721964	0.143	0.235	1	RARA	c3
0.204906560372019	-0.702999974782512	0.012	0.024	1	FAM229B	c3
0.0126851205705767	-0.702965206077377	0.073	0.124	1	CSNK1G2	c3
0.545297386001182	0.702836908917364	0.027	0.022	1	PAIP2B	c3
0.309397708121417	0.702724102285242	0.064	0.05	1	KLHL42	c3
5.05963874324065e-06	-0.702419261969868	0.229	0.378	0.0670098555154792	PHPT1	c3
0.240595741635538	0.702400851206971	0.058	0.043	1	DHFR	c3
0.518621834736608	0.702259698567379	0.061	0.053	1	POMT1	c3
0.113143347793412	0.702250295942166	0.137	0.109	1	REV1	c3
0.0898097836153532	0.702222010214065	0.122	0.092	1	TAF8	c3
0.0786136761848897	0.70217576480716	0.128	0.097	1	ATP9B	c3
0.00540939356821247	-0.701841160098279	0.101	0.165	1	ABCG1	c3
0.179703274186891	0.701827631874616	0.229	0.207	1	ERBIN	c3
0.000162329170152978	-0.701799811126263	0.171	0.278	1	TRPV2	c3
0.00118149957150511	0.701799545196407	0.311	0.236	1	HBP1	c3
0.397844497711186	0.701471573518028	0.058	0.047	1	ZNF26	c3
0.516096810176626	0.701393650204564	0.024	0.019	1	CPEB3	c3
0.128987681729443	-0.701362542292193	0.015	0.031	1	ZSCAN21	c3
0.282813942745581	0.701340423967162	0.015	0.008	1	MIRLET7BHG	c3
0.000270077749831732	-0.701074832957639	0.098	0.187	1	ATP6V1D	c3
0.336454072907686	-0.700686463801793	0.006	0.012	1	PLAT	c3
0.552701658870026	0.700475663843104	0.04	0.033	1	TVP23C	c3
0.368933931435414	0.700345509000144	0.037	0.027	1	AC010522.1	c3
0.0710415207544483	-0.699604504692086	0.018	0.04	1	POLA2	c3
0.00116264254128982	-0.699449134079877	0.07	0.139	1	AP1B1	c3
0.082171638003908	0.698906144475536	0.137	0.105	1	FAM222B	c3
0.00982563918907739	-0.69884282700191	0.107	0.164	1	GIPC1	c3
0.222951813287216	-0.698781020558091	0.03	0.046	1	PROSER3	c3
0.405272593672119	0.698679324768325	0.058	0.047	1	NCKIPSD	c3
0.0440208919885982	0.698464059616175	0.22	0.178	1	ITFG1	c3
0.0006175950756498	-0.697667309334457	0.067	0.142	1	ZBP1	c3
0.656331824497945	0.697436852139456	0.021	0.018	1	F8A1	c3
0.00199986222683683	-0.697228768539751	0.113	0.189	1	MED8	c3
0.0526062342091852	-0.697214220815628	0.043	0.074	1	ARMC2	c3
0.0226204565561379	0.697047027866312	0.165	0.121	1	IRF2BPL	c3
0.0166619088639733	-0.697027088158582	0.04	0.079	1	PRADC1	c3
1.86913837673343e-05	-0.696977829751235	0.155	0.285	0.247548686614575	PSENEN	c3
0.274190142917656	-0.696923724386351	0.012	0.022	1	TRIM46	c3
0.0307119696152327	0.696811341787383	0.241	0.198	1	KLHDC3	c3
0.432863685390215	0.696670764067672	0.03	0.023	1	GTF2IRD2	c3
0.631031846201378	0.696546056673393	0.018	0.015	1	EEF1AKMT4	c3
0.0701073510047475	-0.696360545531073	0.021	0.044	1	TMEM164	c3
0.918063138660285	0.696328650563988	0.015	0.015	1	NUDT17	c3
0.000197109706899828	0.696181168666916	0.345	0.258	1	RNF138	c3
0.416423472212286	0.696092808177018	0.046	0.036	1	ARHGAP19	c3
0.990646154481146	0.696006852147108	0.03	0.031	1	NUDT19	c3
0.0698911149233719	0.695984948492264	0.085	0.057	1	GNAQ	c3
0.478974460769544	-0.695979506574123	0.006	0.01	1	ITPKC	c3
0.213386032961335	-0.695967734644171	0.003	0.01	1	AC022098.4	c3
0.364886265884659	0.695539868804226	0.037	0.027	1	MPZL1	c3
0.000158188953626974	-0.695429251587196	0.07	0.156	1	MPST	c3
0.0929236113301347	0.695164783253476	0.085	0.059	1	TBC1D19	c3
0.107347272472668	-0.694754533535758	0.012	0.028	1	SLC36A1	c3
0.347642003958065	0.694675113816373	0.04	0.029	1	ZNF783	c3
0.0599247405759655	-0.694580669970451	0.046	0.076	1	BBS9	c3
0.447885533761474	0.694393558848402	0.049	0.04	1	DHX35	c3
0.101980495548756	0.694073646708527	0.174	0.146	1	IKBKE	c3
0.00592725720387839	-0.693874296577567	0.058	0.111	1	NISCH	c3
0.545229154874165	0.693736476769614	0.037	0.03	1	AC008267.5	c3
0.0129225693300858	0.69363941090362	0.216	0.161	1	MAD1L1	c3
0.132914731495958	-0.693548176098381	0.034	0.054	1	MMAA	c3
0.179470618378794	0.693346517542511	0.088	0.068	1	ZNF398	c3
0.0119592568462399	-0.69331786695282	0.037	0.078	1	APOBEC3F	c3
0.462240133735574	0.692771045835602	0.073	0.063	1	HECTD3	c3
0.272801448152958	0.692376032361422	0.027	0.018	1	CEP152	c3
0.0901739091504038	-0.691533967777619	0.021	0.042	1	ZKSCAN4	c3
0.126429520888891	-0.691502461909315	0.012	0.027	1	LINC02084	c3
0.343457536061212	-0.691364956254703	0.015	0.024	1	PTCH1	c3
0.173325366718617	-0.691302980821272	0.015	0.029	1	USP40	c3
0.369095207815455	0.691285252675184	0.03	0.022	1	OR4D1	c3
0.276528219574675	0.691217143268741	0.024	0.037	1	MYO1D	c3
0.0142109104759891	-0.691194259098745	0.052	0.096	1	SIMC1	c3
0.00350877456078906	-0.690979466841821	0.058	0.117	1	IL15RA	c3
0.0128314504365653	-0.690869479944625	0.015	0.046	1	BMPR1A	c3
0.531930920029561	0.69045718533764	0.018	0.014	1	AC006333.2	c3
0.0119935353360721	-0.690394322626949	0.046	0.091	1	SLC25A51	c3
0.517946718123166	-0.690287790955249	0.015	0.021	1	CLDN7	c3
0.047425764303545	-0.690122915745262	0.04	0.071	1	TGFBR3	c3
8.87087387800689e-05	-0.690119437586364	0.149	0.261	1	ACADM	c3
0.000342289598516037	-0.690064970900078	0.04	0.107	1	PTPRJ	c3
5.44805262655301e-05	-0.689881139539176	0.247	0.366	0.72154008986068	CCDC69	c3
0.000277715246098801	-0.689432949835179	0.119	0.213	1	EBP	c3
0.0946382707681849	-0.689340403958787	0.018	0.037	1	TWSG1	c3
0.672898868765189	0.689279325123393	0.037	0.032	1	HYLS1	c3
0.195641601852151	-0.68904382833798	0.006	0.016	1	CENPU	c3
0.229328429073511	-0.688989169614158	0.015	0.027	1	KLHL25	c3
0.00727396640822436	-0.688873113330741	0.058	0.11	1	NIF3L1	c3
0.135021426666622	0.688802408744742	0.024	0.012	1	EFCAB13	c3
0.00611507477925566	-0.688572974746354	0.098	0.156	1	VAMP4	c3
0.161568605628705	-0.688307208829825	0.03	0.049	1	MANBAL	c3
0.193334802176692	0.688301754238403	0.067	0.049	1	ZNF786	c3
0.00475809222584315	-0.687322237015239	0.04	0.089	1	ZNF692	c3
0.000444364724728343	-0.687210823083014	0.14	0.234	1	ZNF511	c3
0.0101440136009829	-0.687070498784283	0.067	0.119	1	NME7	c3
0.0483421385528757	0.686972105416349	0.116	0.081	1	TUBD1	c3
3.26189876981122e-06	-0.686701959137966	0.177	0.322	0.0432005873073798	CHST11	c3
0.170145745752904	0.686663162707824	0.104	0.081	1	RBM19	c3
0.13002522485161	0.686558091032645	0.082	0.059	1	HINFP	c3
0.229328429073511	-0.686513321068031	0.015	0.027	1	CFD	c3
0.448982742564397	0.686464820238956	0.095	0.082	1	CARD8-AS1	c3
0.000388047149292992	-0.686323697766469	0.091	0.179	1	TMEM189	c3
0.134301136661067	0.686317994876634	0.107	0.081	1	DGKE	c3
0.204873903965434	0.686119108181384	0.082	0.063	1	TIMM44	c3
0.00614152801260056	-0.685929204023926	0.055	0.108	1	UBR7	c3
0.768820406641543	0.685510099464968	0.024	0.022	1	ADAMTS10	c3
0.673301958118237	0.685422453623635	0.037	0.032	1	TTC12	c3
0.323430604814747	0.685365100718063	0.021	0.014	1	KCTD2	c3
0.646782510881112	0.685300721900022	0.061	0.055	1	ZNF740	c3
0.613028379655472	0.685218138587881	0.037	0.031	1	ZNF416	c3
0.000475060470014437	-0.684940474648699	0.131	0.223	1	MRPL28	c3
0.00530063666084409	-0.684724347905602	0.107	0.173	1	MRPL19	c3
1.90251529099213e-07	-0.684658890980516	0.357	0.525	0.00251969125138998	TUBB4B	c3
0.0608832531588388	-0.684617587020325	0.015	0.036	1	SPATS2L	c3
3.44741972507326e-07	-0.684212750985942	0.817	0.892	0.00456576268388702	COTL1	c3
0.205059575336903	0.684021124589612	0.095	0.075	1	KCNN4	c3
0.0347420279314205	-0.683596361426232	0.024	0.053	1	MINDY3	c3
0.000114473116697058	-0.682978596829526	0.189	0.303	1	CCR6	c3
5.72312267603109e-16	-0.682861030659191	0.527	0.778	7.57970367213557e-12	DRAP1	c3
0.0946056494669971	0.682790139296827	0.085	0.059	1	ARL4D	c3
0.167465626097819	-0.682657858246593	0.018	0.033	1	FANCL	c3
0.12670876365466	-0.682620125051264	0.018	0.035	1	GPD2	c3
2.36862894051285e-07	-0.682554770470996	0.128	0.287	0.00313701216881522	PFKFB3	c3
0.388606775749632	0.682547888726988	0.049	0.039	1	FRAT1	c3
1.31943050916187e-12	-0.682294202827669	0.412	0.642	1.74745376633398e-08	RORA	c3
0.522015724828276	0.682198306917075	0.034	0.027	1	APTR	c3
0.837202410358201	-0.681996664503341	0.009	0.01	1	AL034549.1	c3
0.0265266385371175	-0.681776420628586	0.03	0.063	1	TCP11L1	c3
2.58537668969926e-08	-0.681543474600241	0.558	0.717	0.00034240728878377	CITED2	c3
0.213667918276614	0.681461953177569	0.098	0.078	1	TSR1	c3
0.292626207863279	0.681345816890196	0.085	0.069	1	MAIP1	c3
0.281700941821225	-0.681097037058006	0.009	0.018	1	QPCTL	c3
0.167936897932189	-0.680272894601661	0.015	0.029	1	ZNF587	c3
1.21372059912284e-11	-0.680230002218409	0.515	0.742	1.60745156147828e-07	CSRNP1	c3
3.74119390790393e-06	-0.680214316921356	0.201	0.351	0.0495483721162797	UBE2A	c3
0.104950145575097	-0.680044528984841	0.043	0.068	1	DHDDS	c3
0.186056533688895	0.679836485111681	0.021	0.011	1	C3orf14	c3
0.000100966323019533	0.67970330929699	0.415	0.332	1	C6orf48	c3
0.0186882766435164	-0.6796140519665	0.107	0.158	1	SLC35B1	c3
0.536590313958467	0.679529305115496	0.027	0.022	1	KLC4	c3
0.904671723417778	0.679045154562172	0.012	0.011	1	TRIB1	c3
0.430996470029949	0.678906941551554	0.03	0.023	1	GAN	c3
0.0257540760520925	0.678794844876366	0.171	0.127	1	TOPORS	c3
0.13556995953899	-0.6784619787272	0.006	0.018	1	EXT1	c3
0.284536211037712	0.678153100194104	0.107	0.089	1	ALOX12-AS1	c3
0.00428368118785719	-0.678060341970907	0.076	0.139	1	ANTXR2	c3
0.0445416327085011	-0.677853030817768	0.046	0.079	1	EXT2	c3
0.182924763121949	0.677817776134616	0.058	0.041	1	ENTPD1-AS1	c3
0.0702030911185883	0.677601737787494	0.143	0.109	1	TIMM22	c3
4.55606771833173e-08	-0.676929633961221	0.378	0.555	0.000603405608615854	PLP2	c3
0.487125413583214	0.676794262570749	0.021	0.016	1	BTBD8	c3
0.190136260984836	0.67640754361283	0.134	0.112	1	DIS3	c3
0.319970993051043	-0.676387857041384	0.012	0.021	1	AL138963.3	c3
0.242200863770643	0.676342229456347	0.052	0.037	1	SULT1A1	c3
0.000262416693475183	-0.676205639928599	0.101	0.195	1	BCAP29	c3
0.370144372678297	0.675945217584731	0.024	0.017	1	PHLPP2	c3
0.366592277535194	0.675581165290424	0.088	0.075	1	GIGYF1	c3
0.00288365563414858	-0.67556205856205	0.064	0.126	1	SEC24D	c3
0.454137915907229	-0.675551078249051	0.009	0.015	1	NEK6	c3
0.143682121166853	-0.675467696528106	0.058	0.082	1	GPD1L	c3
0.125050592351921	0.675156867139151	0.119	0.091	1	JMY	c3
0.819193659636172	0.675114075436654	0.058	0.056	1	BICRA	c3
0.0264178595501593	-0.674926065261052	0.061	0.103	1	SERTAD3	c3
0.696277264307607	0.674920314508336	0.015	0.012	1	ZNF132	c3
0.255218197199317	0.674660729438116	0.046	0.032	1	AL355472.1	c3
0.921983233006223	0.674646143248235	0.015	0.015	1	ZNF487	c3
0.136201451507176	0.674566726862109	0.119	0.094	1	NTPCR	c3
2.67527219494947e-05	-0.674557771785067	0.192	0.311	0.354313049499107	ASNA1	c3
0.15841696835816	0.674339823453349	0.104	0.081	1	NOL9	c3
0.198020881820098	0.673533150227531	0.091	0.072	1	QRSL1	c3
0.221790906878188	0.673399764109206	0.095	0.075	1	GNB1L	c3
0.114495146210975	0.673178316096236	0.119	0.092	1	COQ8A	c3
0.501478993674728	0.673162846677561	0.03	0.024	1	SNPH	c3
0.146473476776883	-0.672981704686411	0.015	0.03	1	ZNF776	c3
0.44055485848998	0.672649183963832	0.018	0.012	1	PITPNM2	c3
0.609796976700001	0.672420835853667	0.055	0.049	1	SAMD4B	c3
6.71334065572043e-06	-0.67185894958478	0.253	0.391	0.0889114836443614	MIEN1	c3
0.0667843997375438	-0.671704804730876	0.03	0.056	1	KIAA1671	c3
7.30462468385676e-08	-0.670930690007518	0.268	0.441	0.000967424493129989	SMAP1	c3
0.000603855999217387	-0.67090306658681	0.082	0.161	1	ITCH	c3
8.80472578973836e-06	-0.670723466813412	0.143	0.273	0.116609788359295	GFI1	c3
0.332304452022202	-0.670723322212628	0.009	0.017	1	GAB2	c3
0.568529804813286	0.670239392150314	0.073	0.066	1	SLC25A16	c3
0.0139288639386035	-0.670238465492021	0.104	0.158	1	DUSP22	c3
0.000115895573405467	-0.669968671057545	0.113	0.216	1	ATP8A1	c3
0.629321239032718	0.669856582894987	0.018	0.015	1	AC099778.1	c3
0.258815883223518	0.66976772324322	0.03	0.02	1	KYAT1	c3
0.185429758030925	0.669538811557939	0.085	0.065	1	HS2ST1	c3
0.00377212061347673	0.669515035878747	0.223	0.161	1	UBR5	c3
0.529045553383361	0.669444704838898	0.012	0.008	1	TAPT1-AS1	c3
0.651390168771782	0.669422391259193	0.03	0.026	1	PLEKHO2	c3
0.403552559200189	-0.669366942902839	0.006	0.011	1	CACNA1I	c3
0.0603339121563612	-0.669358777351036	0.015	0.036	1	FADS3	c3
0.0446278739481284	-0.669006929078772	0.037	0.068	1	UBE3B	c3
0.282059788561544	-0.668915823144006	0.009	0.018	1	DPY19L1	c3
0.166026978328793	-0.668388877484701	0.018	0.033	1	KDM4A	c3
0.471355165291337	0.668310153896182	0.095	0.083	1	MIGA1	c3
0.14377723901241	0.668104911199918	0.195	0.171	1	PSMA3-AS1	c3
0.00158493251800251	-0.667516706626148	0.107	0.183	1	CD81	c3
0.171154671688085	-0.667198672567046	0.015	0.029	1	TBC1D32	c3
0.164993078921423	0.667168118399347	0.104	0.08	1	AC073111.5	c3
0.4302802782145	0.6671442666713	0.043	0.033	1	VAV3	c3
0.0374236524196702	-0.667047527387163	0.061	0.1	1	KCTD18	c3
0.0808798299546514	0.66682515008108	0.277	0.248	1	PHTF2	c3
0.0137148513762969	0.666643504564273	0.159	0.109	1	CA5B	c3
0.109078588900705	0.666627347173898	0.146	0.118	1	CCDC93	c3
0.0736276054394288	-0.666352455027136	0.009	0.026	1	SH3PXD2A	c3
0.00929646651853813	-0.66626849811259	0.052	0.101	1	MAGED1	c3
1.86225151180326e-05	-0.666092284940756	0.421	0.549	0.246636590223224	ODC1	c3
0.189716733253483	0.666063352480423	0.11	0.088	1	UTP11	c3
0.000492147540007984	-0.665937626075804	0.107	0.196	1	STAMBP	c3
0.44550431985364	0.665760008856788	0.07	0.06	1	RBM15	c3
0.694904032431839	0.665743857078168	0.024	0.021	1	NOMO1	c3
0.0713033311487866	0.665615666602861	0.198	0.162	1	ZNF506	c3
0.852532519615839	0.66533509776447	0.021	0.02	1	LNX2	c3
0.0537460451077706	-0.665214036144689	0.07	0.106	1	GPATCH11	c3
0.213386032961335	-0.665013678634205	0.003	0.01	1	NRSN2	c3
0.471782818937262	0.664908591691503	0.027	0.021	1	TMEM143	c3
0.708010884815453	0.664848049378564	0.082	0.078	1	GTF2H2C	c3
0.0066921566133271	-0.664491501994547	0.07	0.127	1	MKNK1	c3
0.235532644680866	-0.664294798458977	0.012	0.023	1	CDK2AP1	c3
0.972855650044623	0.663672454975984	0.03	0.031	1	WDPCP	c3
0.0295376343857894	0.663568106702931	0.177	0.13	1	ING5	c3
9.97893676203853e-06	-0.663497473135213	0.216	0.358	0.132161038476438	RAD23B	c3
0.16410502599537	0.663388991386457	0.119	0.096	1	MCM6	c3
0.00182246152822758	-0.662894903717051	0.107	0.183	1	STK26	c3
0.0695108919951833	-0.662175760805393	0.027	0.052	1	RFLNB	c3
0.229527812382856	0.661842422180411	0.076	0.058	1	ASAP1	c3
0.0829701546135868	-0.661625376016003	0.055	0.084	1	PARP3	c3
0.0364074176657432	-0.661420601617174	0.064	0.103	1	HMGCS1	c3
0.632794389626683	0.660748049629577	0.082	0.077	1	WDR12	c3
0.274821819094604	-0.659604022156416	0.012	0.022	1	ZNF283	c3
0.163531756914099	0.659293281198764	0.024	0.042	1	USP18	c3
0.00416165000468525	0.659179027304206	0.287	0.223	1	CHRM3-AS2	c3
0.393907574520581	-0.659105818211474	0.021	0.03	1	TMEM67	c3
0.00229680106400874	-0.658916606283455	0.064	0.129	1	TCHP	c3
0.530311793474834	0.658852563533308	0.018	0.014	1	MIR4458HG	c3
0.982912602943651	0.658481366255544	0.04	0.041	1	MOB1B	c3
0.148659602556056	0.658475311510839	0.131	0.106	1	RNPC3	c3
0.00315282605442954	-0.658383092762987	0.049	0.105	1	DDX60	c3
0.141473397171617	0.658327080622349	0.082	0.06	1	ZNF821	c3
0.465886057143145	0.65812862903744	0.067	0.057	1	ZNF100	c3
0.506580813052214	0.657884145224861	0.052	0.044	1	ST3GAL3	c3
0.463772622124519	-0.65781221548563	0.024	0.032	1	TRAV1-2	c3
0.113020106131202	0.657748325649811	0.159	0.129	1	PARN	c3
0.489945094732178	0.657398572784191	0.006	0.01	1	GVQW3	c3
0.31249064094926	0.657231425471004	0.03	0.021	1	FBXO48	c3
0.00215712159823605	-0.656991692016457	0.012	0.052	1	ELOVL6	c3
0.27455859940205	0.656922307281432	0.058	0.044	1	ZMYM4	c3
0.347681982290231	0.656918087509876	0.049	0.037	1	ZNF747	c3
0.000931627480775151	-0.656872869384656	0.159	0.251	1	ATP1B3	c3
4.30775213888073e-16	-0.656808508933112	0.598	0.834	5.70518693273364e-12	LY6E	c3
0.185498955723281	-0.656080288566892	0.021	0.036	1	CACTIN	c3
0.238461396150967	0.655899399128077	0.034	0.022	1	AF213884.3	c3
0.16689994056288	-0.655687347034839	0.009	0.021	1	CAPS	c3
0.0058771736106494	-0.655616691737038	0.052	0.104	1	IFI44	c3
0.264009098666129	0.655515398033207	0.073	0.057	1	TNFAIP8L1	c3
0.979193451668806	0.655247355723324	0.015	0.016	1	DMWD	c3
0.0916399109417547	0.654771904571582	0.095	0.067	1	BAG2	c3
0.0059488771297847	-0.654753034066175	0.067	0.123	1	SKAP2	c3
9.07866053822644e-06	-0.654551507853116	0.186	0.329	0.120237780168271	GPR108	c3
0.0763292366635607	-0.654272667499185	0.03	0.055	1	TDRKH	c3
0.217206893555465	0.65426639638525	0.125	0.104	1	STAM	c3
0.0603787366951144	0.653989856060309	0.155	0.12	1	INIP	c3
0.927624650977423	0.65377019938578	0.076	0.08	1	TIMM29	c3
0.0306652797126498	0.653463031633956	0.186	0.143	1	FAM3A	c3
0.362240675380223	0.653369440970469	0.043	0.032	1	ACTR3B	c3
0.0196756161685264	0.653364181201208	0.223	0.171	1	TNFSF8	c3
0.000256010095520235	0.653357197461672	0.436	0.353	1	CMTM7	c3
1.62622942128058e-06	-0.653335434997994	0.253	0.411	0.02153778245544	GBP2	c3
0.632744421846813	0.653324925420763	0.018	0.015	1	ATP6V0A1	c3
0.0659621002178395	0.653240105537074	0.137	0.103	1	AC100810.1	c3
0.00393012519023144	-0.652953581967293	0.067	0.129	1	DFFA	c3
0.723419021251391	0.652938991641978	0.061	0.056	1	RBMXL1	c3
0.296989155558046	0.652849639457746	0.064	0.05	1	DGCR8	c3
0.534635018324136	0.652792641642057	0.018	0.014	1	ZNF703	c3
0.0646636941250495	0.652753003289599	0.152	0.117	1	TGIF2	c3
0.10277555458368	-0.652697300780691	0.027	0.049	1	CTSZ	c3
1.08497978896023e-10	-0.652689150947396	0.457	0.664	1.43694723249893e-06	DHRS7	c3
0.00467286225359933	0.652472091619509	0.369	0.307	1	CCM2	c3
2.56834575540415e-11	-0.652217832617017	0.47	0.677	3.40151711845726e-07	CTSC	c3
0.000109970656549994	-0.652140207247857	0.119	0.22	1	DTD1	c3
0.480900656075323	-0.651975798415522	0.006	0.01	1	GPSM2	c3
0.0944955529030688	0.651793167573782	0.088	0.062	1	SEH1L	c3
1.05963895068201e-12	-0.651628969841172	0.546	0.746	1.40338582628326e-08	PGAM1	c3
0.320551935175377	0.651593303473971	0.037	0.026	1	TPRG1L	c3
0.21410609519773	0.651242323851204	0.088	0.069	1	ZNF586	c3
0.0114651271762429	0.651057302299985	0.235	0.179	1	SH3YL1	c3
0.005663516863636	-0.651053462366391	0.061	0.117	1	ENDOD1	c3
0.745400895109587	-0.650848703179728	0.079	0.083	1	TRAV29DV5	c3
0.00750455061227865	-0.650731947912995	0.055	0.106	1	PPP2R1B	c3
0.147458341208205	-0.650678278835454	0.052	0.075	1	GFM2	c3
0.312239384061784	0.649756375115053	0.058	0.045	1	SAP25	c3
0.00786674805172546	0.649449809302129	0.308	0.257	1	CNOT8	c3
6.43613247028066e-05	0.649442571182194	0.558	0.49	0.85240138436397	TMC8	c3
0.855458625226257	0.649279802671997	0.088	0.095	1	MAVS	c3
0.832067299763171	0.649240179904302	0.091	0.092	1	RGP1	c3
0.0371731849353997	-0.648870435399346	0.058	0.096	1	MTMR9	c3
0.173536431742385	-0.648407460111195	0.024	0.041	1	UBL7-AS1	c3
0.63388723458728	0.647815080401914	0.018	0.015	1	CCDC136	c3
0.768397325753266	0.647661792097842	0.058	0.065	1	USF1	c3
0.122010901977648	0.647350849783946	0.21	0.181	1	CFAP36	c3
0.537372367039291	0.647110362778166	0.037	0.03	1	MAGEE1	c3
0.000175814566492185	-0.646652379139278	0.088	0.18	1	NCOA2	c3
0.401646917005893	0.646306324114336	0.052	0.042	1	C10orf88	c3
0.586927595737598	0.646120453811564	0.015	0.011	1	PTGR2	c3
0.442263539157055	0.645843545102084	0.058	0.048	1	CEP41	c3
0.283298097972255	0.645715831547844	0.091	0.075	1	MIGA2	c3
0.000621188275595009	-0.645684805760852	0.165	0.261	1	DNAJC3	c3
0.0177339864921884	-0.645197901972659	0.07	0.118	1	ISYNA1	c3
0.410264141824666	0.645195905980193	0.079	0.068	1	UTP25	c3
0.982964579560893	0.645172800698169	0.024	0.025	1	NCKAP5L	c3
0.325115917949165	-0.645115984406011	0.03	0.043	1	TEDC1	c3
0.0154727598251563	-0.644646474377658	0.088	0.14	1	GUCD1	c3
0.000150781086075664	-0.644520928953326	0.195	0.304	1	RECQL	c3
0.211449848916611	0.644387431663427	0.085	0.067	1	NDUFAF6	c3
4.72373294823651e-08	-0.644313991376613	0.32	0.504	0.000625611191664444	TGFB1	c3
0.271258155780748	0.64427948646825	0.134	0.118	1	TWF1	c3
0.209868994935193	-0.644267201367459	0.021	0.035	1	ZNF256	c3
0.280811084910255	0.644182227923477	0.098	0.081	1	LINC00476	c3
0.0223140810176224	-0.644124182292238	0.043	0.081	1	STX11	c3
0.158919348662787	-0.643860255504182	0.021	0.037	1	AC021028.1	c3
0.32899769501336	0.643737297964546	0.064	0.051	1	AL359220.1	c3
0.403878630322253	0.643638362701507	0.034	0.025	1	ZNF619	c3
0.037474979528163	0.643561394209682	0.162	0.119	1	SGTB	c3
0.000128910536157651	-0.643458757411098	0.143	0.253	1	ATG5	c3
0.486978699893907	0.643272386427876	0.037	0.029	1	KAT14	c3
0.00292285303818323	-0.643113794221271	0.098	0.168	1	BID	c3
0.0820935819579206	0.642954727264268	0.165	0.132	1	PDE4DIP	c3
0.000136905116926338	-0.64242148007357	0.201	0.316	1	MAP2K1	c3
0.216873744634509	-0.642369701069568	0.034	0.05	1	AC013394.1	c3
0.034217533942101	-0.64222004261484	0.046	0.081	1	HOMEZ	c3
0.104816207101614	0.642209817029095	0.043	0.025	1	SNHG21	c3
0.170020270695228	0.642102148550473	0.055	0.037	1	ACBD4	c3
0.00200848289203816	-0.64191763998416	0.128	0.206	1	SH2D3C	c3
0.0208637250941619	-0.641781860802552	0.091	0.142	1	TMEM107	c3
0.105396858492181	0.641610367296025	0.171	0.14	1	STYX	c3
0.404081738324634	0.641499549415309	0.021	0.015	1	LIPE-AS1	c3
0.0173770977792173	0.641380407954413	0.241	0.189	1	PYM1	c3
3.29167335729018e-10	-0.641336414753521	0.524	0.735	4.35949219439512e-06	SCML4	c3
0.0134870304053673	-0.641308303367484	0.082	0.136	1	ZNF652	c3
0.171670075940715	0.641158842494324	0.088	0.067	1	TOP1MT	c3
0.206545973934207	0.641129058539863	0.088	0.068	1	TRPS1	c3
1.42193492072424e-08	-0.640835533908669	0.896	0.906	0.000188321060900719	TSC22D3	c3
0.984487868064628	0.640429904164976	0.018	0.019	1	NCAPG2	c3
0.0974299864080576	0.64023733595605	0.149	0.119	1	ADORA2A	c3
0.255617682118752	0.640177520449761	0.095	0.077	1	SUN1	c3
0.720901968366903	0.640158637679297	0.027	0.024	1	MTPAP	c3
0.031799710318837	-0.640151397283915	0.058	0.097	1	TFE3	c3
0.0235735780646734	-0.639691661385204	0.095	0.145	1	MEF2A	c3
0.0563397779806432	0.639690535690386	0.101	0.069	1	ZHX2	c3
0.00604779026409183	-0.639113471458988	0.067	0.123	1	NSUN6	c3
1.0197691891493e-08	-0.638798502850018	0.598	0.763	0.000135058231410933	DNAJA1	c3
0.0605319892917729	-0.638789411832901	0.04	0.069	1	HERC6	c3
0.60516892281938	0.638463408209427	0.024	0.02	1	LSM14B	c3
0.0622198259935897	0.638289911320905	0.098	0.067	1	GGT7	c3
0.313643764589736	0.638066656702222	0.067	0.053	1	C2orf42	c3
1.21822875961653e-05	-0.638057254686217	0.207	0.351	0.161342216923614	AP3S1	c3
0.00127240987270555	-0.638017374670989	0.119	0.201	1	UBALD2	c3
0.0884764842129389	0.637539596911702	0.174	0.143	1	RNGTT	c3
0.877227786775163	0.63715389849692	0.03	0.029	1	ERRFI1	c3
0.734734973564007	0.636856554457888	0.018	0.016	1	ZFYVE9	c3
0.0185612245236821	-0.636580910007014	0.049	0.091	1	BCL2L11	c3
0.166092198235344	0.63652603955294	0.082	0.06	1	ZNF649	c3
0.10379865910674	0.636138942718982	0.125	0.096	1	SMG5	c3
2.16234529008552e-17	-0.635939388186743	0.787	0.922	2.86381010218926e-13	TAGLN2	c3
3.92087089953101e-06	-0.635734508899123	0.241	0.391	0.0519280141933887	TRADD	c3
0.459146443611678	0.635360790555792	0.085	0.074	1	BCAS3	c3
0.0687205160154149	0.635276224662266	0.137	0.102	1	TRMT10B	c3
0.0012278419613736	-0.635209458979731	0.107	0.188	1	FAM136A	c3
3.17507381951628e-09	-0.635082339677803	0.598	0.746	4.20506776656736e-05	IER2	c3
0.000187447418969008	-0.634874804157543	0.183	0.292	1	ARL2	c3
0.179028339629809	0.63465842969605	0.064	0.046	1	SAMD10	c3
0.1646827945074	0.634549595517275	0.104	0.081	1	SIK1B	c3
0.318902560910719	0.634364683582195	0.049	0.036	1	MKL2	c3
0.0453057229106811	0.634253635486629	0.146	0.107	1	MAP3K1	c3
0.0406065654017391	-0.634004125186241	0.012	0.034	1	CXXC5	c3
0.421967767090222	-0.633936110534652	0.018	0.026	1	ZNF624	c3
0.0012123769717964	0.63381131124604	0.439	0.368	1	TBCC	c3
0.0605715391055677	-0.633546829384738	0.027	0.053	1	TRIM24	c3
0.07401652649999	0.63326016466047	0.253	0.219	1	NUP50	c3
1.00444513114923e-06	-0.63320241932022	0.326	0.484	0.0133028713169404	CCND2	c3
0.294968120187119	0.63297637200146	0.143	0.126	1	CPSF1	c3
0.000212698582898041	-0.632975599115638	0.085	0.173	1	LTBP4	c3
0.193414133573144	0.632972965139734	0.043	0.028	1	MBTD1	c3
0.488836246204327	-0.632775026180893	0.012	0.018	1	SNED1	c3
0.40299404016416	-0.632550078639864	0.006	0.011	1	AC083949.1	c3
0.370844106893811	-0.632410275867384	0.012	0.02	1	RHOBTB2	c3
0.468662219867119	0.632283798603797	0.07	0.059	1	POLD3	c3
0.139757636370951	0.632201583316565	0.04	0.024	1	FAM213A	c3
0.00119968025178435	-0.632197092481612	0.088	0.165	1	PSMA2	c3
0.0826940291383407	-0.632187796800877	0.021	0.043	1	SLC19A1	c3
0.00933241766177696	-0.631863784327199	0.058	0.108	1	ROGDI	c3
0.00386020915788827	-0.631774625095721	0.14	0.213	1	COPG1	c3
0.188109727876357	0.631765632164692	0.067	0.049	1	HSDL1	c3
0.386997516768932	-0.631543497931842	0.009	0.016	1	PARS2	c3
0.012181498923541	-0.631533025169687	0.052	0.098	1	WDR41	c3
0.0673110040470001	-0.630928253530967	0.012	0.031	1	SNX8	c3
0.327698898483853	0.630750650440373	0.064	0.051	1	PBX3	c3
0.368405495071327	0.63071820682016	0.03	0.022	1	ACVR1C	c3
0.159409035885013	0.630644740811569	0.146	0.122	1	COPS7B	c3
8.13330130411117e-05	-0.630595523212324	0.195	0.32	1	LAMTOR2	c3
0.0011132717392392	-0.630564665992361	0.134	0.22	1	ARHGAP17	c3
0.222893028680467	0.630099553351589	0.079	0.06	1	SLC35B4	c3
0.203672220974623	-0.63004257278414	0.012	0.024	1	ZNF286B	c3
0.00468042007225035	0.629961023233811	0.445	0.4	1	DAP3	c3
0.833519929309265	0.629793362803135	0.018	0.017	1	ZNF547	c3
0.242995793841633	0.629620705350578	0.082	0.065	1	ZNF576	c3
0.553633544628777	0.629395192698586	0.027	0.022	1	AKAP2	c3
5.23211892027638e-05	-0.629341527310736	0.213	0.34	0.692941829801404	RBM42	c3
0.0008428213960463	-0.629014842508022	0.021	0.073	1	TMEM62	c3
0.321636946319656	0.62901235685741	0.061	0.048	1	PHKA2	c3
0.112458612830269	0.628588846784872	0.134	0.105	1	DIABLO.1	c3
0.0170277674868423	-0.628495117037105	0.07	0.118	1	GSR	c3
0.228581569418181	0.62831699920187	0.055	0.04	1	WDYHV1	c3
0.235346471133659	0.628172009448535	0.189	0.17	1	GPR18	c3
0.00784131972231609	-0.627926128733865	0.082	0.14	1	ERAL1	c3
0.00470255619513654	-0.627760703506711	0.155	0.231	1	CMC1	c3
0.0605387996046893	-0.627705276515707	0.064	0.098	1	MYBBP1A	c3
6.53322746659184e-05	-0.627649120786582	0.226	0.345	0.865260645675423	NUDT5	c3
0.213386032961335	-0.627618429183937	0.003	0.01	1	KIAA1211L	c3
0.0626805591821704	-0.626920535467096	0.055	0.087	1	MED14	c3
0.150466478117979	0.626517203941399	0.037	0.022	1	ACSM3	c3
0.036124824121375	-0.626450800191471	0.076	0.119	1	CEP104	c3
0.0432833770241731	0.626412958818193	0.162	0.121	1	BAG3	c3
8.63346448757119e-17	-0.626386932761591	0.759	0.899	1.14341603673393e-12	LCP1	c3
0.00151728601049634	0.626254213461047	0.369	0.296	1	ASH1L	c3
0.484116368490068	0.62604765126976	0.037	0.029	1	MIR29B2CHG	c3
0.571645649974241	0.625951632155393	0.021	0.017	1	NOS3	c3
0.162245478074863	-0.625521168634462	0.006	0.017	1	PMF1	c3
0.13513930589982	-0.625425882805886	0.006	0.018	1	TRAM2	c3
4.32480253389427e-06	-0.625363791435986	0.32	0.47	0.0572776847588958	HERPUD2	c3
0.11805292077757	-0.625255197836081	0.027	0.048	1	AACS	c3
0.198889121120307	0.624659853525699	0.043	0.028	1	RECQL5	c3
0.141634950386351	0.624497116723021	0.104	0.079	1	ARMCX5	c3
0.178606777034833	-0.62421156896979	0.024	0.041	1	FUK	c3
0.844739589993401	0.624199745775292	0.037	0.034	1	SNHG19	c3
0.025695827272839	-0.624191876086424	0.052	0.093	1	VIM-AS1	c3
0.146587090666319	-0.624185965798442	0.018	0.034	1	CBX8	c3
0.0206725354452143	-0.624107290544252	0.03	0.066	1	KCTD9	c3
0.0470040298614611	0.623976212089599	0.183	0.143	1	PLPP5	c3
0.495253891643529	-0.623948177421551	0.012	0.018	1	CCDC134	c3
0.7373311865371	0.623735385103545	0.009	0.011	1	AC008105.1	c3
0.408706626665608	0.623574077438535	0.034	0.025	1	TRBV29-1	c3
0.000590788503266847	-0.623196573739657	0.122	0.212	1	ZCRB1	c3
0.00728199757091544	-0.622862009356721	0.095	0.157	1	PLEKHA3	c3
0.00289122455835531	0.622661248615921	0.262	0.196	1	CUL1	c3
0.0958940348692177	0.622624960767576	0.18	0.149	1	ZNF107	c3
0.0545610912443181	-0.622575079819397	0.04	0.07	1	DNLZ	c3
0.0387328492389664	0.622488787632238	0.168	0.126	1	ABRAXAS1	c3
0.00356156935481053	-0.622289817043081	0.073	0.136	1	RUSC1	c3
0.577679848053409	0.622204531525861	0.058	0.051	1	NAA40	c3
0.710431945613668	0.622193241131089	0.027	0.024	1	RLN1	c3
0.197425172111448	0.622150561715141	0.098	0.077	1	TTC4	c3
0.180149154467742	-0.62194101031972	0.024	0.041	1	BBS1	c3
0.0252976471626368	-0.621631244850124	0.04	0.077	1	MXD1	c3
0.0274259122728559	-0.621577823935471	0.091	0.139	1	ST6GALNAC4	c3
0.56509507697416	0.621396262828906	0.079	0.072	1	ALKBH4	c3
0.00787107986781844	-0.621153335457625	0.055	0.105	1	TBC1D25	c3
0.00030747687466616	-0.621140362651392	0.14	0.241	1	PREB	c3
0.0730767967543097	0.621091804987334	0.098	0.068	1	TMEM38B	c3
0.0173708683527535	-0.620497295616858	0.067	0.114	1	PARP16	c3
0.0395539957909828	-0.620361642278245	0.037	0.069	1	CAMKK2	c3
0.000251105275606728	-0.620137535446438	0.082	0.169	1	HENMT1	c3
0.148876985345315	-0.619524875741339	0.012	0.026	1	AC020659.1	c3
0.00695375172093761	-0.618931575824199	0.101	0.163	1	UBR2	c3
0.20903464906708	0.618501178761025	0.03	0.019	1	ZNF785	c3
0.569088852672904	0.618493847004331	0.116	0.108	1	SNX19	c3
0.0117222795028956	-0.618459320769669	0.082	0.137	1	TM9SF1	c3
8.25840333586558e-11	-0.61830520667419	0.518	0.707	1.09374293780204e-06	SEC61G	c3
0.102111621540734	0.618217564513995	0.095	0.068	1	LRIG1	c3
0.692706410007218	0.618069392381697	0.04	0.035	1	MATN1-AS1	c3
0.0957706573963065	0.617858165476999	0.271	0.232	1	COA1	c3
0.0359602513745977	-0.617829950704056	0.027	0.057	1	SMUG1	c3
0.0671732836209522	0.617661627301989	0.186	0.149	1	EIF2D	c3
1.47223919423924e-07	-0.617578099632075	0.402	0.584	0.00194983358885045	OSTC	c3
0.407918474149642	0.617523342874787	0.012	0.007	1	EPM2A	c3
0.110518748260707	-0.617204318428954	0.021	0.041	1	CASP9	c3
0.181320732629588	0.616948290250188	0.073	0.054	1	RHBDD1	c3
0.652598592919196	0.616752083115442	0.012	0.009	1	AC078785.1	c3
0.0124795773489803	0.616703342331134	0.235	0.18	1	MDM4	c3
0.5797117849087	0.616677288626537	0.021	0.027	1	ZNF202	c3
0.0288013679067157	0.616545484672544	0.232	0.187	1	SLC25A36	c3
0.0482483471447629	-0.616446783242077	0.024	0.051	1	CXorf56	c3
7.47037167632872e-07	-0.616373173406412	0.335	0.498	0.00989376024812976	TNIP1	c3
0.195454414046768	0.616320766485001	0.067	0.049	1	GRPEL2	c3
0.454429175587503	0.616229450976356	0.061	0.051	1	NPIPB4	c3
0.266935641074529	0.615966738310086	0.073	0.057	1	ALDH3A2	c3
0.449323968851172	0.615686244837735	0.04	0.031	1	RLN2	c3
0.0935379680112766	-0.615669971371277	0.021	0.042	1	EFHC1	c3
0.413451820443524	0.615665567556094	0.055	0.045	1	DCAF17	c3
0.374801881388584	0.615301920604082	0.015	0.009	1	DLEC1	c3
0.0349155204893064	0.615090862950178	0.128	0.088	1	RCBTB2	c3
0.00365610364529016	-0.614760927724101	0.076	0.139	1	BLZF1	c3
0.0359441037726898	-0.614526659540415	0.052	0.089	1	KATNB1	c3
1.15199234399267e-09	-0.614038885454266	0.445	0.641	1.5256986603839e-05	DBI	c3
0.60970643930788	0.614022445823397	0.049	0.043	1	TLK2	c3
0.435103945099157	0.613442936141437	0.079	0.068	1	DNASE1	c3
0.173424529380153	-0.613334156917626	0.015	0.029	1	CCDC112	c3
0.00819384841943473	-0.613176175513424	0.079	0.136	1	CSF1	c3
0.90532692996802	0.613125933850768	0.037	0.035	1	MTMR10	c3
6.46354186490801e-08	-0.612964855985777	0.235	0.419	0.000856031484588417	TANK	c3
0.247515041640254	0.61280129681383	0.113	0.094	1	ZNF460	c3
6.0550132403315e-14	-0.612694851140618	0.692	0.827	8.01925953549504e-10	CAP1	c3
0.283498274835155	-0.612575089439497	0.009	0.018	1	RXRA	c3
0.00835645016059434	0.612554037756282	0.311	0.262	1	SYNE1	c3
0.166536763626194	-0.612090936636744	0.03	0.049	1	C17orf67	c3
0.0593246045345764	-0.611457776841719	0.015	0.036	1	KIF5C	c3
0.00477602087591803	0.611364533515113	0.238	0.172	1	TOM1	c3
0.244523226433035	0.611208844123246	0.085	0.067	1	PGM2L1	c3
0.034936568304571	0.610849077437404	0.415	0.395	1	MYCBP2	c3
0.480421702867069	0.610377986268003	0.015	0.01	1	CAPS2	c3
0.0272190012438019	-0.610369699744215	0.024	0.055	1	MIB1	c3
0.360751870300203	0.610177917395707	0.07	0.057	1	NNT-AS1	c3
0.00358826900298142	-0.609878674450277	0.095	0.161	1	IKBIP	c3
0.27061680765063	0.609525868548889	0.085	0.068	1	NBPF14	c3
0.101636741340766	0.609428595350585	0.149	0.118	1	LYST	c3
0.0411044445297805	-0.609264003415458	0.043	0.076	1	ATG2A	c3
0.571645649974241	0.608862558662026	0.021	0.017	1	NPHP4	c3
0.0210540357621804	-0.608853852045627	0.07	0.117	1	GSTM4	c3
0.00162093092682632	0.608821080189113	0.323	0.249	1	CHD3	c3
0.021843424301883	-0.608744761371875	0.061	0.104	1	UBE2M	c3
0.857746892202149	0.608536752191228	0.024	0.023	1	MTHFD1L	c3
0.00108704635105003	-0.608379384061519	0.162	0.254	1	SLC10A3	c3
0.945240800517507	0.608226229225275	0.064	0.067	1	ASL	c3
0.112837914999433	0.608220170888056	0.058	0.037	1	FAN1	c3
1.49554328360923e-05	-0.608164808289312	0.268	0.41	0.198069752481206	C4orf48	c3
0.327774940959701	0.608060801332101	0.021	0.014	1	APOM	c3
0.906869924820063	0.607995857459938	0.012	0.011	1	AC016831.5	c3
1.5592953720992e-06	-0.607968580822426	0.21	0.375	0.0206513079080818	TCIRG1	c3
0.00248686440131248	-0.607813170237395	0.177	0.259	1	AP2B1	c3
0.535036606171953	0.607313587731415	0.064	0.056	1	WDR47	c3
0.994957673461723	0.607127807241326	0.027	0.028	1	SNURF	c3
2.63332504061682e-05	-0.606997175614556	0.387	0.53	0.348757568379292	AC016831.7	c3
0.00752239136929322	0.606946719263311	0.226	0.163	1	RAB3GAP1	c3
0.000749924222032121	0.606833737976489	0.448	0.374	1	CRLF3	c3
0.453613906734116	-0.60660666069646	0.009	0.015	1	PGBD4	c3
0.331213913333054	-0.606344719089545	0.018	0.028	1	AL136962.1	c3
0.0118379775448742	-0.606337132903147	0.082	0.137	1	GBP3	c3
0.105085682686295	0.606206518745714	0.101	0.074	1	PIK3C2A	c3
0.222913655206923	0.605831217863384	0.037	0.024	1	CSRNP2	c3
7.49150850889531e-13	-0.605334121703317	0.671	0.821	9.92175386918095e-09	ENO1	c3
0.220644486138051	0.605281907772259	0.067	0.05	1	MDM1	c3
0.375687469995058	0.60525956201699	0.03	0.022	1	DUSP7	c3
0.00120366362782465	-0.60489038585067	0.186	0.276	1	H2AFX	c3
0.0921586749859922	-0.604647386756915	0.027	0.05	1	XXYLT1	c3
1.66843971319665e-11	-0.604622816277489	0.57	0.776	2.20968155615765e-07	ATP5MD	c3
0.00821544963086675	-0.604494817351267	0.098	0.159	1	ERO1A	c3
7.68704420230829e-20	-0.604372734873177	0.848	0.95	1.01807213415371e-15	CD2	c3
0.905300759308781	0.604269597505019	0.052	0.051	1	FAM193A	c3
0.433646584199171	0.604245125823839	0.137	0.127	1	LRRC8D	c3
0.872145780500924	0.604092945798226	0.03	0.029	1	TAPT1	c3
0.282418945197138	-0.604005683603178	0.009	0.018	1	ZNF225	c3
0.511269645441021	0.603914659086407	0.149	0.139	1	HDHD3	c3
0.141034302927796	-0.603854602814397	0.04	0.061	1	C22orf34	c3
0.126078580084775	0.603718114501857	0.101	0.075	1	LRRC61	c3
0.42503754237867	0.603557501300884	0.079	0.069	1	RFX3	c3
0.337417035539446	-0.603484198741429	0.006	0.012	1	CHML	c3
4.10557747646797e-07	-0.602890204378611	0.372	0.532	0.00543742680983418	UBE2L3	c3
0.1802666490041	0.602693624451206	0.058	0.041	1	CYB5D2	c3
0.320122945337761	0.602485584483494	0.116	0.1	1	HEATR1	c3
0.53519194482593	0.602401463011576	0.046	0.039	1	NLRX1	c3
1.62620525433016e-08	-0.600988477819718	0.579	0.72	0.000215374623883486	HSPA5	c3
0.110606385353567	0.600750867099809	0.125	0.095	1	PRPF39	c3
0.161206685514682	0.600402554096676	0.125	0.099	1	NAT9	c3
0.439553739648272	0.600158437249394	0.018	0.012	1	ZNF443	c3
0.217444052258553	0.600102558006846	0.046	0.031	1	CR381653.1	c3
0.0233384595247708	0.599896772117342	0.223	0.175	1	PRKCB	c3
0.893989464409502	0.599886753477457	0.04	0.039	1	ASAH2B	c3
0.0820938281119755	0.599539973536657	0.204	0.17	1	FBXO44	c3
0.109053086799296	-0.599473572755439	0.012	0.028	1	ARIH2OS	c3
4.21018355042131e-11	-0.59937547021848	0.637	0.8	5.57596709417798e-07	EMP3	c3
0.268261290524718	0.599300595721769	0.079	0.062	1	PUS1	c3
0.289305761822665	0.599144477624393	0.046	0.033	1	MGAT4B	c3
0.0496887644097921	-0.598975760903752	0.03	0.058	1	PIGU	c3
0.0569892292367219	0.598586931047623	0.207	0.169	1	GLYR1	c3
0.0159601395598338	-0.598406198678523	0.058	0.103	1	SPIN1	c3
0.00119315910229249	-0.598357759843186	0.098	0.176	1	TRAF7	c3
0.00553550981203099	-0.598197898668138	0.101	0.165	1	GBF1	c3
0.630580937523396	0.598142059028512	0.043	0.037	1	CPEB2	c3
6.07340294561945e-10	-0.598090263209775	0.515	0.693	8.0436148611784e-06	P4HB	c3
0.336454072907686	-0.598041611382561	0.006	0.012	1	FAM157C	c3
0.31565783480698	0.597994527402242	0.037	0.026	1	TMEM177	c3
0.183500672819654	0.597243027042007	0.085	0.065	1	ST7L	c3
0.0021240567290776	-0.596990983353479	0.146	0.228	1	PPP5C	c3
0.8496294504082	0.596960650310035	0.009	0.01	1	ZNF57	c3
0.443811848935161	0.596954579596026	0.113	0.102	1	NAGPA	c3
8.39952797808096e-05	-0.596937959750026	0.22	0.345	1	CDC123	c3
3.81992004246241e-06	0.596847431997779	0.576	0.472	0.0505910210423722	ICOS	c3
0.0297130184285078	0.59640782904399	0.18	0.136	1	POLR2D	c3
0.100557684777745	-0.596366174570437	0.067	0.097	1	USP7	c3
0.525276979480196	-0.596351009025164	0.04	0.048	1	TRAV27	c3
0.0875771122917767	0.596195203681776	0.122	0.092	1	SREBF2	c3
0.0385852863286743	0.596175224618443	0.213	0.172	1	PRKCA	c3
0.705217211255926	0.595984095348498	0.027	0.024	1	PTCD2	c3
0.00482059284980164	-0.595942413293157	0.088	0.152	1	NBEAL2	c3
0.0353799941468874	-0.595509577046081	0.058	0.096	1	VILL	c3
0.458342254684467	-0.595429846317784	0.009	0.015	1	DNHD1	c3
0.674511788940533	0.5951476267298	0.037	0.032	1	CCZ1	c3
0.482149195243077	0.594931280760203	0.015	0.01	1	AC138150.1	c3
7.54086352609478e-08	-0.594925167102034	0.46	0.625	0.000998711965395993	SPCS2	c3
0.0124429365441064	-0.594741234092637	0.079	0.134	1	MFSD11	c3
0.71235809733834	0.594623225841063	0.143	0.143	1	SLC35E2B	c3
0.228861714607132	0.594588954698311	0.082	0.065	1	TFAP4	c3
0.843411057138617	-0.594407756633344	0.009	0.01	1	S100B	c3
0.230081630022728	-0.594296434091412	0.015	0.027	1	EOMES	c3
0.0372743388421469	0.594181987085403	0.192	0.148	1	CREBL2	c3
0.0230410810660649	-0.594012525174921	0.055	0.097	1	TEX30	c3
0.141541010261282	-0.593723685443365	0.003	0.012	1	NRSN2-AS1	c3
0.122302408596221	-0.593312665617999	0.04	0.062	1	HMBS	c3
9.79917877628105e-05	-0.593126653447019	0.082	0.178	1	ARHGAP18	c3
0.0112099609901946	-0.592544488239065	0.082	0.136	1	APLP2	c3
0.0900094737798725	-0.592522685184791	0.046	0.073	1	C6orf106	c3
1.5348317725516e-14	-0.59249744935444	0.729	0.879	2.03273119956734e-10	PGK1	c3
0.000163795537400134	-0.592434597720727	0.235	0.353	1	PDIA4	c3
0.5388786945318	0.592418046555092	0.058	0.05	1	AL450998.2	c3
0.0334468273026854	-0.591837424211881	0.085	0.129	1	ITPR1	c3
0.00451808390642437	-0.591835132233456	0.082	0.146	1	PLEKHO1	c3
2.0625541504609e-08	-0.591788774975535	0.439	0.645	0.000273164671687042	MAP1LC3B	c3
0.68140143423404	0.591747301233766	0.119	0.118	1	EED	c3
0.00899649243120751	-0.591682586792186	0.043	0.088	1	SLC22A18	c3
0.55279577042519	0.591642105600734	0.076	0.068	1	USP12	c3
1.28287586340814e-06	-0.591602816434452	0.393	0.541	0.0169904079349774	VASP	c3
0.757143928795941	0.591589432565057	0.021	0.019	1	SLC35G1	c3
0.213478844127165	0.591312911416505	0.104	0.083	1	ZNF136	c3
0.00104471715857371	-0.591007120075993	0.152	0.246	1	C21orf91	c3
0.49390310209931	0.590995763584713	0.088	0.079	1	RPE	c3
0.0651014337381993	0.59076420772847	0.162	0.125	1	TMEM245	c3
0.346100783808222	0.590696915910999	0.034	0.024	1	AL138895.1	c3
0.297049396144399	0.590347173023262	0.14	0.122	1	ZNF274	c3
0.236090149912743	-0.590231204079921	0.012	0.023	1	AL592295.4	c3
0.000413313855877771	-0.589997429527331	0.201	0.303	1	RPS6KA3	c3
0.737838030670487	0.58984206320047	0.064	0.06	1	EXOSC2	c3
0.126399408392164	-0.589720328017965	0.04	0.062	1	TTLL12	c3
0.599008333488256	0.589666507747675	0.046	0.04	1	TIPIN	c3
0.0361089005049763	-0.589511653576833	0.085	0.129	1	TAB2	c3
2.29793433408012e-05	-0.589358274579551	0.253	0.389	0.304338423205572	PYCARD	c3
0.00269777758594785	-0.589345999759995	0.122	0.202	1	NFU1	c3
0.574829204364299	-0.588821309856573	0.024	0.03	1	MSH5	c3
0.00149335473315722	-0.588432219046568	0.095	0.17	1	EPS8L2	c3
8.89050408528375e-14	-0.588377018455156	0.924	0.973	1.17745836105498e-09	HSP90AA1	c3
0.132701077575189	0.588351902723068	0.11	0.084	1	CENPK	c3
0.000907657890951406	-0.588212119395286	0.128	0.219	1	PTTG1	c3
0.388390673645358	-0.588115797149857	0.009	0.016	1	C16orf86	c3
0.00100462162812293	-0.587734259065259	0.11	0.197	1	IMPDH1	c3
0.533995720814054	0.587621223700175	0.07	0.061	1	ZNF507	c3
0.000157678148440444	-0.587510685366811	0.232	0.352	1	PRNP	c3
0.195864781278006	0.587459742437702	0.055	0.039	1	ZNF287	c3
0.926282116455847	0.587458081836377	0.018	0.018	1	TCTN1	c3
0.25990978249656	0.587375169498384	0.088	0.071	1	CXorf40A	c3
0.542402226797465	0.586982118120189	0.049	0.042	1	STK11	c3
0.250027847993094	0.586632355559632	0.085	0.068	1	TRIM39	c3
0.389321139643868	-0.586574186389853	0.009	0.016	1	ULBP2	c3
0.0658923868654203	0.586386174492163	0.22	0.183	1	SLC35C2	c3
0.0952437728147205	0.585825324971823	0.067	0.044	1	AVPI1	c3
0.00108406308839837	-0.585780841665514	0.131	0.221	1	DCUN1D5	c3
0.0391342166086556	-0.585682916438558	0.027	0.056	1	ZBED4	c3
0.115357458822417	0.585615960242368	0.168	0.138	1	MIS12	c3
0.0198146876972849	-0.585509543973351	0.082	0.132	1	HECA	c3
0.0117942212818815	-0.584941978978578	0.064	0.114	1	C12orf49	c3
0.000318781658115932	-0.584800466901654	0.229	0.34	1	PSMC3	c3
0.0826616898554924	0.584778230424172	0.143	0.111	1	CCDC14	c3
0.18383122158047	0.584737511015522	0.134	0.111	1	WDR36	c3
0.808661272250036	0.584726510871247	0.015	0.014	1	SMIM1	c3
0.404111541514488	-0.584352226315345	0.006	0.011	1	AL031777.3	c3
0.451844278102572	0.584134641176667	0.082	0.072	1	TMA16	c3
0.0506178566447475	-0.584068077515363	0.04	0.071	1	GALNS	c3
0.000525156148482535	-0.583988413578636	0.101	0.186	1	CD151	c3
0.981113679148247	0.583925494917581	0.015	0.016	1	EME2	c3
0.118988867234511	0.583907185163334	0.22	0.187	1	C16orf54	c3
0.0301013681062295	-0.583792105642918	0.137	0.187	1	LPP	c3
0.36289788967625	0.583466595514646	0.238	0.234	1	CD320	c3
0.181764468531636	-0.583375725262742	0.03	0.048	1	TCF3	c3
0.0121271162569875	0.583347964239377	0.162	0.111	1	ENOSF1	c3
0.936776302560254	0.583323218008358	0.027	0.027	1	SYCE1L	c3
0.00124853774422629	-0.583250774754067	0.192	0.28	1	HINT2	c3
1.61250979574918e-23	-0.583121470252432	0.863	0.957	2.13560797349022e-19	MYL12B	c3
0.04929544890577	0.582957686761643	0.22	0.177	1	ELP2	c3
0.0407656815447899	-0.58214852079159	0.037	0.069	1	AC006369.1	c3
0.0879298128664303	-0.581931754132388	0.009	0.025	1	FUT4	c3
0.866494791558617	0.581856004856403	0.037	0.035	1	PPP1R12B	c3
0.442244094323857	0.580716696229885	0.024	0.018	1	RASL11A	c3
0.126919951926192	-0.58067878627681	0.012	0.027	1	ZNF280C	c3
0.0820635138537582	0.580590678127214	0.226	0.194	1	CRTC3	c3
0.382230143526243	0.58052994466129	0.137	0.123	1	HUS1	c3
0.425164071042223	-0.580440581717811	0.012	0.019	1	MIR9-3HG	c3
0.000932085722353884	0.580404345749943	0.537	0.466	1	GCC2	c3
1.99092998096759e-13	-0.580210403234858	0.637	0.828	2.63678766679348e-09	CD53	c3
0.177290765203945	0.580058132754431	0.07	0.051	1	ZNF677	c3
0.087094191972369	0.579970720782104	0.18	0.146	1	EXOSC7	c3
0.0117327957207454	-0.579893106998825	0.085	0.14	1	PCYT1A	c3
0.454213700444188	0.579843157590725	0.067	0.056	1	CEP295	c3
0.413753592223197	0.579692258457134	0.076	0.065	1	AC025171.2	c3
0.0845001948784455	0.579691320682455	0.204	0.17	1	TATDN1	c3
0.330256396895159	-0.579466230143926	0.009	0.017	1	CR1	c3
0.754956874433094	0.579142963425717	0.021	0.019	1	ZNF20	c3
0.0100706029661823	-0.57909552232282	0.055	0.105	1	TAB1	c3
0.0163463175749136	-0.578852315777231	0.055	0.099	1	ZNF227	c3
0.20421653852259	0.578813875969188	0.055	0.039	1	HHLA3	c3
0.00255539038290966	-0.578595028449258	0.098	0.171	1	DESI2	c3
0.145334780477167	-0.578157590760872	0.043	0.065	1	TMEM135	c3
0.163829404631241	-0.578025901835772	0.037	0.056	1	CETN2	c3
0.0719065120975236	-0.577895497401647	0.037	0.063	1	ACTR5	c3
0.248639549404761	0.577838246496123	0.107	0.086	1	ATP7A	c3
0.551880556253644	0.577820311049638	0.098	0.089	1	C2orf49	c3
2.35840965368675e-05	-0.577665327014379	0.265	0.413	0.312347774534273	PSMD4	c3
0.00217968276042209	-0.577254463321764	0.134	0.216	1	JOSD2	c3
0.199585003710926	-0.577195900078865	0.015	0.028	1	AL355001.2	c3
0.813486988630113	0.577123025569169	0.04	0.037	1	E2F6	c3
0.0447613331371984	-0.577056507056753	0.037	0.068	1	FBXL6	c3
0.146203190810774	-0.577009008286269	0.009	0.022	1	SRR	c3
1.33292045558286e-11	-0.576741940477976	0.936	0.97	1.76531985137393e-07	DUSP1	c3
0.41646083172862	0.576109517197103	0.067	0.055	1	TBXAS1	c3
0.0106505113431106	0.576083626814473	0.335	0.274	1	PLAC8	c3
0.195742453301901	0.575891335115775	0.073	0.054	1	CCDC159	c3
0.0304649026738035	-0.575664729734943	0.058	0.098	1	KBTBD3	c3
0.00283923456521861	-0.575628706940577	0.143	0.224	1	ARL5B	c3
0.0211399076606389	0.575348410539464	0.256	0.207	1	DIMT1	c3
0.580500315078297	-0.575215703547549	0.027	0.033	1	LYSMD4	c3
4.12976811984036e-09	-0.575214109163677	0.393	0.583	5.46946489791657e-05	CAST	c3
0.00215418992643326	-0.575092123210168	0.095	0.168	1	NAGK	c3
0.0121560001989842	-0.574891297362861	0.027	0.065	1	ARHGAP35	c3
0.442561013193021	0.574861476916162	0.018	0.012	1	ZNF436	c3
0.0587570319049894	-0.574784574423789	0.018	0.041	1	CEP162	c3
0.01236383754222	0.574554056002556	0.256	0.202	1	TRIM8	c3
0.000362304667708063	-0.574399053996694	0.088	0.177	1	AGFG2	c3
0.169830848541583	0.57430869849239	0.095	0.072	1	TMED1	c3
0.0554583835023505	-0.574137268535891	0.046	0.077	1	FUCA1	c3
0.021158098845434	-0.574058258257828	0.073	0.12	1	HACD2	c3
0.000309408516298954	-0.574057488777569	0.027	0.087	1	MAST3	c3
0.764460998818948	0.574010021962123	0.012	0.015	1	SLC45A4	c3
0.971773930107458	0.573854122839466	0.012	0.012	1	VDR	c3
0.00559037803904387	-0.573809155944258	0.085	0.148	1	SLK	c3
0.465662986140019	0.573805973581045	0.061	0.051	1	EPHA1-AS1	c3
0.401878640293526	0.57375784555292	0.021	0.015	1	ZNF724	c3
0.13556995953899	-0.573700506128055	0.006	0.018	1	C17orf58	c3
0.108991170365741	0.573462455880858	0.207	0.177	1	NCOA3	c3
0.00492996633763607	-0.573371026785689	0.07	0.131	1	ORAI3	c3
0.409441204293891	0.572993438973519	0.104	0.091	1	TBCCD1	c3
0.0255569791059496	-0.572882425208225	0.046	0.084	1	SPATA2L	c3
0.00803047439799	0.57275687352025	0.305	0.248	1	MRPS26	c3
0.00685557096751875	-0.572701318510717	0.125	0.193	1	TBC1D20	c3
1.96770166441888e-06	-0.572692009342556	0.357	0.507	0.0260602408435636	NDUFA6	c3
0.00911438678372645	-0.572629836685272	0.155	0.224	1	CDKN2D	c3
0.672713063587218	0.572601665130188	0.076	0.071	1	ELL2	c3
2.19034117486921e-08	-0.572473667695323	0.805	0.895	0.000290088785199679	RARRES3	c3
0.0498833006671934	-0.571824356844844	0.043	0.075	1	TTBK2	c3
0.292190590133259	0.571730647441765	0.119	0.102	1	VCPKMT	c3
0.109404689681969	0.571594735309314	0.149	0.118	1	NFIC	c3
0.300027479015697	0.57141600236934	0.11	0.093	1	CTDP1	c3
0.0486645774292881	0.571390063290185	0.165	0.126	1	ABHD18	c3
5.12782481050986e-05	-0.571371275166998	0.36	0.499	0.679129117903926	EVI2A	c3
0.307962360522248	0.571234413248508	0.113	0.096	1	ELMOD3	c3
0.0268954369194938	-0.571226503539333	0.024	0.055	1	STAG3	c3
7.18590215298949e-18	-0.571171677057982	0.817	0.93	9.51700881141928e-14	PPIB	c3
0.0040634657471534	0.571154148366712	0.448	0.401	1	GPRIN3	c3
0.0477334070807477	-0.570808175413293	0.021	0.047	1	FECH	c3
0.967717828966289	0.570763823361462	0.037	0.036	1	TNPO2	c3
0.542542963529247	0.57072700958635	0.061	0.053	1	LINC00920	c3
1.42840138181324e-11	-0.570609557033248	0.634	0.8	1.89177479007346e-07	SLC9A3R1	c3
0.119686082669465	0.570463986265745	0.168	0.138	1	RASSF3	c3
0.0066571026773857	-0.569910457237627	0.015	0.05	1	ZNF490	c3
0.00259135886276803	-0.569713267460387	0.119	0.197	1	TMEM126A	c3
0.809316236093041	0.569601974500908	0.015	0.014	1	ZNF530	c3
0.848652179365678	0.569523527087799	0.043	0.046	1	ODR4	c3
0.294199186952338	-0.569384195448463	0.03	0.044	1	RNF157	c3
0.22427726983831	0.569310297031071	0.119	0.098	1	MKRN2	c3
0.039860528823908	-0.569043061654625	0.046	0.08	1	BOLA1	c3
0.52954801588401	0.568895838869497	0.043	0.035	1	TRBV9	c3
0.345467598232301	0.568764592385476	0.034	0.024	1	AC124016.1	c3
0.189563393463672	0.568413710296749	0.073	0.054	1	TMEM187	c3
0.0050871715845242	-0.568405489170633	0.137	0.209	1	C19orf12	c3
0.0589124188003601	-0.56786250436028	0.027	0.053	1	REXO1	c3
0.556344311162143	0.567809406397304	0.095	0.086	1	SMIM8	c3
0.151942763520402	0.567788033520178	0.128	0.102	1	DTX3	c3
0.171312275210638	-0.567720496874045	0.009	0.021	1	C9orf40	c3
0.00278115621010107	-0.567623212176044	0.098	0.169	1	PCNX1	c3
0.00474600067973923	-0.567603621805105	0.125	0.196	1	PRCP	c3
0.290947451151456	-0.567551406656498	0.018	0.029	1	SPECC1	c3
0.808015499301339	0.567339266382306	0.034	0.031	1	TRPC1	c3
4.14637172820547e-10	-0.567322696318141	0.585	0.746	5.49145471683532e-06	POLR2L	c3
0.46772949240957	0.567261880435212	0.073	0.063	1	MTRF1L	c3
0.351730893329179	0.56700165802497	0.122	0.107	1	LMNB1	c3
0.534450264973738	-0.566837480191082	0.009	0.014	1	CENPW	c3
0.414883273214991	0.566760877352149	0.22	0.213	1	NABP1	c3
0.121217579775515	0.566732904999013	0.198	0.168	1	UMAD1	c3
0.952317490740234	0.566682810431448	0.027	0.027	1	ZNF589	c3
4.38735178541581e-08	-0.566672638179959	0.439	0.613	0.00058106087046047	RAC1	c3
9.32318080623283e-08	-0.56660870875615	0.491	0.649	0.00123476206597748	PRDX5	c3
0.000154569751907503	-0.566369458867965	0.195	0.314	1	MCRIP1	c3
0.485686850760176	0.566196150247972	0.021	0.016	1	ZNF607	c3
0.40364054141875	0.566171900044399	0.021	0.015	1	ZNF565	c3
0.000236177062221178	-0.566143270100481	0.25	0.373	1	PAG1	c3
0.000737566324755583	-0.566061650304551	0.155	0.253	1	SREK1IP1	c3
0.295832289600999	0.566041160960067	0.107	0.091	1	DDX19A	c3
0.0872349117700653	-0.565982237200574	0.04	0.066	1	SCCPDH	c3
0.100901237186631	0.565809660752244	0.162	0.129	1	NNT	c3
0.0320576968392215	0.565652428692989	0.232	0.188	1	TIMM10	c3
0.20898371775134	0.565438767101244	0.137	0.117	1	SHPRH	c3
0.171957942746189	0.56504591826544	0.122	0.096	1	C7orf43	c3
0.0372200270130716	-0.564985418249947	0.055	0.093	1	HRAS	c3
0.335858315398832	0.564538280632701	0.076	0.062	1	KAT2A	c3
1.02728089259062e-10	-0.564481945787002	0.567	0.761	1.36053081414702e-06	MSN	c3
0.49516903820985	-0.564389638667377	0.034	0.042	1	TK2	c3
0.097251981995319	-0.564188426592928	0.037	0.061	1	IGHMBP2	c3
0.591432312096157	0.564114154999162	0.098	0.092	1	ASB6	c3
5.34305647053988e-05	-0.56409294636025	0.463	0.574	0.707634398958302	BAX	c3
0.00214466498321905	-0.563872970024876	0.128	0.207	1	GATAD2A	c3
0.575428339513638	0.563826886736857	0.061	0.054	1	CCNG2	c3
0.838303825474245	0.563820188794973	0.018	0.017	1	SLC29A2	c3
0.498728096772686	-0.563157829056194	0.012	0.018	1	CAMSAP1	c3
0.204273203667483	-0.563110272896662	0.037	0.054	1	BRD1	c3
1.99203289885762e-27	-0.563021865031937	0.957	0.99	2.63824837124704e-23	MYL6	c3
0.5923184346326	0.562015157946769	0.064	0.057	1	STK38L	c3
2.46168492409186e-32	-0.561752294634124	0.966	0.997	3.26025551346727e-28	MYL12A	c3
0.129458435956857	0.561647722793994	0.183	0.155	1	AC118549.1	c3
0.000508915743869669	-0.561258152321705	0.186	0.291	1	LPCAT4	c3
0.399926178784962	0.561163343491801	0.07	0.058	1	NFYA	c3
0.136057110127466	0.560858382363332	0.162	0.132	1	CDK11A	c3
0.0251091800009746	-0.560630483318779	0.043	0.08	1	AL590764.1	c3
0.696852575318154	0.560578393527494	0.015	0.019	1	ZNF555	c3
3.62898969747407e-05	0.560521071256614	0.006	0.063	0.480623395533466	PLCG2	c3
0.0669512191738085	0.560419072615975	0.143	0.108	1	MTX2	c3
0.196362976279964	0.560400536325184	0.134	0.111	1	FRA10AC1	c3
0.0129925428088436	-0.560166105241688	0.04	0.082	1	PHOSPHO2	c3
0.489296042617932	0.560108171566554	0.006	0.01	1	AC017002.3	c3
0.144314875268845	0.559895021731539	0.149	0.122	1	NAA16	c3
0.0946737656551327	-0.559769767457876	0.04	0.066	1	ZNF568	c3
0.823970774876773	0.559570353569774	0.018	0.017	1	CYB5D1	c3
0.267396727854044	0.559526757486448	0.125	0.105	1	ZNF493	c3
0.532095662424369	-0.55949936814344	0.009	0.014	1	AP003392.6	c3
0.92872467863137	0.55946612035981	0.064	0.067	1	TRBV5-1	c3
0.302750581736958	-0.5593456593946	0.015	0.025	1	SNX25	c3
0.160723937271422	-0.558857879895074	0.021	0.037	1	ITGAV	c3
0.207156913709532	-0.558846028208408	0.055	0.075	1	ACP6	c3
0.988888895194576	0.558530271941308	0.034	0.034	1	SWT1	c3
0.0631659358243983	0.558514801556602	0.247	0.207	1	CCDC130	c3
2.07263541800164e-10	-0.55845441041761	0.698	0.836	2.74499834760138e-06	PTGER4	c3
0.125323391875502	0.558289033835015	0.143	0.113	1	SNAPC1	c3
0.0268132049971008	-0.558114657968582	0.052	0.092	1	PIEZO1	c3
5.66215961141244e-08	-0.558027715731711	0.424	0.616	0.000749896418935463	SELENOT	c3
3.77322768831983e-18	-0.557769406918553	0.884	0.961	4.99726275041078e-14	ARPC2	c3
2.93845866136251e-05	-0.557640860801644	0.274	0.413	0.389169465110851	SEC11C	c3
0.0512303770117074	0.557633773218399	0.238	0.196	1	IGSF8	c3
0.00242455321854648	-0.557569850794131	0.159	0.241	1	TMEM141	c3
0.00514048981081685	0.557133055314177	0.354	0.298	1	CELF1	c3
9.62094540046976e-07	-0.55707396363051	0.351	0.518	0.0127419800883821	PIM1	c3
0.0300539470274492	0.557012410619766	0.241	0.191	1	C19orf25	c3
0.473821249500284	0.556960348385244	0.058	0.048	1	AARS2	c3
0.00329097693905627	-0.556097389437968	0.098	0.169	1	WDR18	c3
0.0977945906129732	-0.556077490590753	0.04	0.065	1	PCGF6	c3
0.0583545614617092	-0.556065320628872	0.067	0.103	1	HGSNAT	c3
0.0892296792715544	-0.556051347815405	0.055	0.084	1	PAK1IP1	c3
0.204223875203126	0.555728502708271	0.082	0.062	1	DPEP2	c3
0.40204510258828	-0.555566222182734	0.015	0.023	1	EIF3CL	c3
0.115270458374478	0.555047032160082	0.168	0.139	1	GRWD1	c3
0.00777198893477457	-0.55487996159242	0.095	0.157	1	CIZ1	c3
0.361089384443115	-0.55487836827383	0.03	0.042	1	IFIT2	c3
0.0121674719128045	0.55479259974666	0.271	0.213	1	DCTN4	c3
0.212232253466659	0.554249317567265	0.14	0.12	1	IFT57	c3
3.22791363028843e-06	-0.554169279967746	0.338	0.503	0.0427504881195399	SSR3	c3
0.0847173738295729	-0.554094647624404	0.043	0.07	1	FAAP100	c3
0.850880042714887	0.553950865748865	0.061	0.059	1	BICD1	c3
0.0346331721358956	0.553795488925404	0.22	0.173	1	BNIP3	c3
0.254242592647094	-0.553643233404641	0.018	0.03	1	AL445686.2	c3
0.00148230765546335	-0.553531105164521	0.119	0.203	1	PCBD1	c3
0.0964385007976437	-0.553410554969335	0.015	0.033	1	CSNK2A2	c3
0.194483629985829	0.553399958419921	0.107	0.084	1	SFMBT1	c3
0.00137184776419551	-0.553274755261905	0.046	0.107	1	HEXDC	c3
0.143277362773774	0.553173068693554	0.113	0.087	1	ARHGAP5	c3
0.261281773877485	0.553136671868002	0.134	0.114	1	RNF38	c3
0.00462147623242802	-0.553037925166363	0.174	0.249	1	SAR1B	c3
0.140467931262366	0.55300947778301	0.128	0.102	1	YPEL2	c3
0.00159060063766985	-0.552800195793782	0.11	0.189	1	HNRNPH2	c3
0.265638352955605	0.552748697831266	0.037	0.025	1	TRAV41	c3
0.27361398588779	0.552406802432007	0.043	0.03	1	DNAJC18	c3
0.0604211399257653	0.552268314989873	0.061	0.036	1	CFP	c3
0.362392569830354	0.552198093391513	0.07	0.057	1	FOXRED1	c3
0.230322379835464	0.551801972077658	0.137	0.116	1	RAP2B	c3
0.111777082658585	0.551563018730089	0.107	0.079	1	DERA	c3
9.33691049051775e-05	-0.551547297957113	0.284	0.415	1	FLNA	c3
0.852742184099095	0.551541623671368	0.009	0.01	1	AC008438.1	c3
0.0395320648276931	0.551053094436039	0.299	0.26	1	SDR39U1	c3
0.19951532126043	-0.551043079525651	0.043	0.061	1	EIF4ENIF1	c3
0.0588643491664423	0.55100689465159	0.155	0.117	1	PIGBOS1	c3
0.10048348649819	-0.550890095729569	0.04	0.065	1	NOD1	c3
0.422772862434141	0.55076099379183	0.104	0.091	1	SCLT1	c3
0.00143193686926417	-0.550737203150103	0.235	0.325	1	ETHE1	c3
2.84233095997357e-07	-0.550723940613686	0.393	0.571	0.003764383123389	POMP	c3
0.404111541514488	-0.550623407514859	0.006	0.011	1	AC004982.2	c3
0.228089218113436	0.550467620077274	0.125	0.104	1	RP9	c3
0.344527283988513	-0.550416179055996	0.037	0.049	1	E2F3	c3
0.505517524498609	-0.550248159892386	0.034	0.042	1	TRBV7-6	c3
0.256248892380661	0.550174154972687	0.04	0.027	1	LINC02482	c3
0.000136508159313085	-0.550021176929495	0.168	0.286	1	BFAR	c3
0.042015460337085	-0.55001321648625	0.058	0.096	1	FAM104B	c3
0.155264043305418	-0.549990362346636	0.027	0.046	1	FIG4	c3
0.00160933841862099	-0.549985351303592	0.107	0.185	1	LEPROT	c3
0.377567596183374	0.549442724568055	0.082	0.069	1	GPALPP1	c3
0.403797288371462	0.5493879478328	0.146	0.132	1	ARSA	c3
0.381533048006417	-0.54933316009496	0.015	0.009	1	GCNA	c3
0.33693533302109	-0.549314983842618	0.006	0.012	1	AC091180.2	c3
0.486262261083752	0.549310731256349	0.037	0.029	1	STARD10	c3
0.346864710498632	0.548729558464221	0.131	0.116	1	ZNF76	c3
0.330124597041453	0.548720997740156	0.101	0.085	1	HEATR5B	c3
0.000899534147468812	-0.548676919132771	0.137	0.224	1	FRG1	c3
0.0738588940793938	-0.548637049161573	0.046	0.075	1	HPS6	c3
0.179009191418424	0.548597516738601	0.155	0.132	1	FOXO1	c3
0.225215012166046	0.548594173641162	0.082	0.063	1	INF2	c3
0.406731540195422	0.548590387201248	0.027	0.02	1	DTWD2	c3
5.88589949788749e-10	-0.548165628749542	0.61	0.764	7.79528529500219e-06	ARHGDIA	c3
0.0107073951364799	-0.548086843332479	0.076	0.132	1	P4HA1	c3
0.197571794866432	-0.548066606712588	0.018	0.032	1	SCRIB	c3
0.421636159360306	0.547999964570153	0.082	0.071	1	TMEM65	c3
0.0219078526678882	0.54798939459099	0.375	0.342	1	NKTR	c3
0.0030557103102063	-0.547720277808712	0.107	0.181	1	NBN	c3
0.351104649139782	0.547639882935775	0.055	0.043	1	ZNF559	c3
0.147909584614914	0.547607081152864	0.021	0.039	1	SLC27A1	c3
0.888759375995501	0.547559613171181	0.018	0.02	1	SERAC1	c3
0.98697593056941	0.547452895225707	0.101	0.106	1	ANAPC7	c3
0.103647054949223	0.5474446616762	0.149	0.118	1	THAP5	c3
0.0599554273229895	-0.547409504131683	0.037	0.066	1	AMMECR1L	c3
0.220963747846464	-0.547264902758082	0.027	0.043	1	RAD54L2	c3
0.000146499803936163	-0.547105973087273	0.223	0.344	1	PTK2B	c3
0.000310500792297443	-0.546894861959503	0.198	0.314	1	ANXA2R	c3
0.886411234885637	0.546712233823622	0.024	0.026	1	KCNQ1OT1	c3
0.215887327765432	-0.546499320395335	0.021	0.035	1	ZCCHC3	c3
0.123447321818275	-0.546364301628648	0.04	0.062	1	GSPT2	c3
0.551178686834791	0.546073018244374	0.07	0.062	1	KTI12	c3
0.116035323612743	-0.545891200027593	0.037	0.059	1	FEN1	c3
0.00485084464028997	0.545885492905506	0.299	0.23	1	LTA4H	c3
0.00360929516125985	-0.545829604726576	0.125	0.2	1	MGAT2	c3
0.321759298574483	-0.545616154197706	0.012	0.021	1	SPATA7	c3
0.519436563924714	0.5455988707616	0.055	0.047	1	IPPK	c3
0.0533607890840575	-0.545524733178891	0.046	0.078	1	PCBP4	c3
0.220071970045679	0.545360827037277	0.064	0.047	1	MLH3	c3
0.201143759929297	0.545166336931155	0.082	0.062	1	RANBP6	c3
0.493091387554786	0.54513556232546	0.037	0.029	1	TMTC4	c3
0.877921990905928	0.545026112724629	0.061	0.06	1	STRADB	c3
0.23402650337145	-0.544962290730739	0.006	0.015	1	SPINT1-AS1	c3
0.774182246244552	0.544884813781777	0.085	0.083	1	THUMPD2	c3
0.288875047884089	0.544604356989165	0.052	0.039	1	ATXN7L3	c3
0.0713256035624746	-0.543709827512829	0.015	0.035	1	SLCO4A1	c3
0.569813862427914	0.543572203632748	0.04	0.033	1	HABP4	c3
0.0584811944285012	-0.543543617377446	0.07	0.106	1	PRAF2	c3
0.767686929088658	0.543473354111385	0.012	0.015	1	ZNF354C	c3
0.00194913674873934	-0.543189393540361	0.149	0.233	1	UROS	c3
0.0439884874791893	0.542976585001029	0.213	0.169	1	BEX4	c3
0.0441096519452148	-0.54281687826814	0.104	0.149	1	ALG2	c3
0.185305328187129	-0.542705581775619	0.043	0.062	1	SPATA5	c3
0.904671723417778	0.542663612548968	0.012	0.011	1	MED14OS	c3
0.00234172408551961	-0.542476040711482	0.433	0.512	1	NFKBIZ	c3
0.597020761952044	0.542376144672558	0.088	0.081	1	AC090152.1	c3
0.804913191747159	0.542286176862099	0.021	0.024	1	ZNF74	c3
0.337417035539446	-0.542222775777883	0.006	0.012	1	NCKAP1	c3
0.323866980811937	-0.542095909270961	0.03	0.043	1	STXBP4	c3
0.00714504852491546	-0.541850040314808	0.174	0.246	1	MYLIP	c3
0.333125966485965	-0.541498499059625	0.009	0.017	1	FP236383.3	c3
0.19215443847969	0.5413833959138	0.113	0.091	1	SHLD1	c3
0.0703277679888839	-0.541265159718058	0.064	0.098	1	EIF5A2	c3
7.25718774121788e-06	-0.541257476327999	0.421	0.554	0.0961141944446897	REL	c3
0.636417838968822	0.541151305096719	0.11	0.105	1	PDCD4-AS1	c3
0.0112169367440904	0.541131829732142	0.165	0.11	1	ZNF766	c3
0.063249008602678	0.540958837072065	0.186	0.145	1	LGALS3BP	c3
0.0507488506803734	-0.540947336757954	0.049	0.082	1	GRAMD1B	c3
0.352561726976899	0.540893251029963	0.183	0.168	1	CAMK2D	c3
0.575947800147811	0.540516861656643	0.14	0.134	1	CRK	c3
0.0689922291865934	-0.540479777396219	0.043	0.072	1	CTSH	c3
0.620110141715453	-0.540468317248487	0.009	0.012	1	TOLLIP-AS1	c3
0.671095191379494	0.54045056576867	0.064	0.059	1	ZNF526	c3
5.07206214454354e-09	-0.540333490271272	0.543	0.715	6.71743910423346e-05	PPP1R18	c3
0.23013180476891	0.540318270632004	0.107	0.086	1	MMAB	c3
0.597575459646396	-0.540086971014652	0.015	0.02	1	LINC01970	c3
0.0721009061861831	-0.540080554581439	0.027	0.052	1	ZW10	c3
0.00724567152512683	-0.540017964678588	0.091	0.155	1	MCMBP	c3
0.789623772092417	0.539990930452967	0.07	0.068	1	NCDN	c3
0.309821980562908	0.539984342318183	0.116	0.099	1	DVL2	c3
0.559666117664802	0.539523965667754	0.052	0.045	1	RAB11FIP2	c3
0.79521190034371	0.539472584959889	0.049	0.046	1	SDHAF4	c3
0.000400719189898951	-0.539467912209009	0.274	0.392	1	ISG15	c3
0.444306140813711	0.539325089637513	0.131	0.12	1	CEPT1	c3
0.0862498930986291	-0.539215100201781	0.046	0.074	1	ZNF641	c3
0.59200428487443	0.539013402916981	0.058	0.051	1	IKZF2	c3
0.333509234686712	0.538932056269092	0.082	0.068	1	RFXAP	c3
0.30013224203012	0.53856906877021	0.095	0.078	1	ZNF266	c3
0.482831062447451	-0.538476226637417	0.006	0.01	1	CALCB	c3
0.0592100384132041	-0.53845562628024	0.043	0.073	1	PCCB	c3
0.474432717529485	0.538350361329757	0.052	0.043	1	BDH1	c3
0.361089384443115	-0.538076491201366	0.03	0.042	1	TMEM104	c3
0.465392087082174	0.538076277076121	0.259	0.25	1	SP140L	c3
0.501059974235597	0.53797678509474	0.067	0.058	1	UPF1	c3
0.0851707886137887	-0.537576130784418	0.058	0.088	1	PRKAB1	c3
0.000904839362208994	0.53718501787173	0.439	0.363	1	SYPL1	c3
0.138337960928724	-0.537004396011577	0.027	0.047	1	ICK	c3
0.128320739436868	-0.536820408529818	0.021	0.04	1	AP4E1	c3
0.231605448169359	-0.53670413443047	0.037	0.053	1	AP4M1	c3
0.173598124064375	0.53640185811076	0.107	0.083	1	SELENOI	c3
0.0593209901958173	0.53609991943192	0.171	0.132	1	METTL21A	c3
0.400478079466462	0.536085383535128	0.137	0.124	1	HMGXB4	c3
0.197498027339907	0.536009032774952	0.018	0.009	1	FXN	c3
0.00653801502581193	-0.535773074269065	0.076	0.135	1	PSMG3	c3
0.707559785786755	0.535731059117412	0.043	0.039	1	ZNF212	c3
0.535176669073602	0.535555336346275	0.018	0.014	1	AC064807.1	c3
0.346100783808222	0.535528199514303	0.034	0.024	1	ZNF354B	c3
0.0490699403403569	-0.535500806503868	0.07	0.108	1	ODF3B	c3
1.94102512363677e-16	-0.535151850435812	0.841	0.953	2.57069367374454e-12	UBB	c3
0.282059788561544	-0.535106133498537	0.009	0.018	1	CTNNAL1	c3
0.0448282445286571	-0.534770308310309	0.088	0.13	1	C6orf47	c3
0.205179766010602	-0.534765676942274	0.03	0.047	1	CCDC102A	c3
0.336320777497231	0.534761733616354	0.088	0.074	1	CCDC58	c3
0.352948980136133	-0.534424700419073	0.021	0.031	1	AL050341.2	c3
0.630976138434745	0.534319972183493	0.064	0.057	1	TCAF2	c3
0.840324342605066	0.534243060272218	0.079	0.078	1	NARFL	c3
0.276157057592397	-0.534175212840438	0.043	0.058	1	IMPAD1	c3
0.0185758375739026	0.534000067408483	0.238	0.184	1	PAGR1	c3
6.52578170153116e-06	-0.533804158308986	0.363	0.525	0.0864274528550787	NDUFB7	c3
0.0760808149975612	0.533644814825018	0.207	0.17	1	ZFYVE27	c3
2.16594163082332e-07	-0.533637235552967	0.369	0.538	0.0028685730958624	FERMT3	c3
0.400389044986216	0.533624425754533	0.07	0.058	1	LDAH	c3
0.000179749446051013	-0.533608241880239	0.159	0.273	1	UBA1	c3
0.125575051174258	0.533233531215795	0.192	0.161	1	NFX1	c3
0.566686786130663	0.533120435366648	0.076	0.069	1	CLN6	c3
0.0354388285631553	-0.533019351768599	0.07	0.111	1	MED25	c3
0.00138818069907427	-0.533013464584977	0.235	0.339	1	ARPC4	c3
0.00855999544230948	-0.532949145397382	0.073	0.128	1	RCC1L	c3
0.0981732393009856	-0.532841725844841	0.049	0.076	1	PRMT3	c3
0.00141431219013172	-0.532305368675062	0.162	0.252	1	HSD17B10	c3
0.449108052775116	0.532051598762258	0.024	0.018	1	C17orf107	c3
0.0698220461282293	0.531982450232071	0.165	0.128	1	NSUN5	c3
0.00162882984709968	-0.531862731672358	0.116	0.196	1	LAP3	c3
0.284597253053378	0.531328595175456	0.015	0.008	1	ANKRD6	c3
0.72408977609706	0.531134288790208	0.03	0.027	1	USP30	c3
0.125122173584788	0.531086230796814	0.11	0.083	1	DDX55	c3
0.940570986709711	0.53074069405943	0.034	0.035	1	PRKAB2	c3
0.22477230314819	0.530544235109114	0.037	0.024	1	ZNF714	c3
0.591870486172153	0.530280256089431	0.015	0.011	1	FBXL22	c3
0.00306684957410702	0.529732499258319	0.335	0.259	1	TMEM106B	c3
0.298980512814995	0.529585161593642	0.061	0.047	1	AC083798.2	c3
0.497895636423071	0.529238787843101	0.061	0.052	1	TMEM19	c3
0.0841957352446344	-0.529218531697576	0.037	0.062	1	EMC1	c3
0.187391327824235	0.529092359287099	0.113	0.091	1	AC012615.1	c3
0.430225365428329	0.52897458541856	0.037	0.028	1	TRAV20	c3
0.342474521913391	0.528830431572053	0.155	0.142	1	WWP2	c3
0.703797398950559	0.528791331770409	0.027	0.024	1	FNTB	c3
0.456763074994252	-0.528611462824043	0.009	0.015	1	FIZ1	c3
0.246859544967196	0.528586847755554	0.064	0.048	1	ZNF189	c3
0.850407416088546	0.5284893178289	0.009	0.01	1	NPIPB11	c3
0.505432242367164	0.528432952341372	0.049	0.041	1	PHF2	c3
0.0775877713864534	-0.52821173449712	0.101	0.137	1	CRNKL1	c3
0.00127582167641501	-0.528069007563459	0.216	0.315	1	LDLRAD4	c3
0.0527088414243792	0.528032816200025	0.265	0.223	1	HDAC7	c3
0.0631553632212479	-0.528008745024708	0.052	0.084	1	VPS50	c3
0.000611484041888052	-0.527635135399815	0.235	0.34	1	DAXX	c3
0.0521810244042601	0.52752699146939	0.25	0.21	1	STX16	c3
0.305898931586425	-0.527521264362582	0.015	0.025	1	FGFBP3	c3
0.480891958227781	0.527434856852985	0.027	0.021	1	CARD17	c3
0.838861787873061	0.527383158299962	0.049	0.047	1	DLEU2	c3
0.571443749872924	0.527210649465231	0.03	0.025	1	ZSCAN30	c3
0.0117307684754056	-0.52692481419593	0.079	0.133	1	WDR13	c3
0.428583959455109	0.526891444270809	0.11	0.098	1	CDR2	c3
0.154539658418735	-0.526871003706516	0.027	0.046	1	GZF1	c3
0.521109083377823	0.526639479868327	0.052	0.044	1	KLHDC10	c3
0.0203029675448234	-0.526442416032629	0.085	0.136	1	RNF130	c3
0.108120039432413	0.526213490141266	0.122	0.093	1	VPS53	c3
2.65916718006861e-05	-0.52620166625027	0.405	0.523	0.352180101328287	TPM4	c3
0.173869988997235	-0.526183579676466	0.018	0.033	1	C4orf47	c3
0.290947451151456	-0.526060933025352	0.018	0.029	1	MTMR1	c3
0.104820750564858	0.526060535042213	0.186	0.151	1	CBLL1	c3
0.000658971393847621	-0.525821497020023	0.204	0.307	1	AKIRIN2	c3
0.398310570650298	0.525793487202161	0.11	0.096	1	ZNF141	c3
0.51861692903885	0.525760437992752	0.03	0.024	1	OVCH1-AS1	c3
0.012349802040309	-0.525565837683662	0.058	0.107	1	PXK	c3
0.00954365637314535	-0.525315651703718	0.116	0.179	1	TIMM23	c3
0.28128121204643	-0.525082732361601	0.046	0.061	1	GEMIN8	c3
0.728605040010633	0.524908923916568	0.076	0.072	1	SMYD4	c3
8.46725552664052e-05	-0.524799019978515	0.329	0.46	1	PSMB2	c3
0.515236023187293	0.524521863597335	0.04	0.032	1	TMCC1	c3
0.165218979740804	-0.524390723931663	0.021	0.037	1	TTC22	c3
0.082757516043436	0.524358700816054	0.284	0.251	1	NUP58	c3
0.242203960829616	-0.524227661094378	0.043	0.059	1	FAM206A	c3
0.377184844230497	-0.524184455445554	0.018	0.027	1	B3GNT9	c3
2.25543634295824e-06	-0.524177616937456	0.28	0.454	0.029870998926139	DSTN	c3
0.174362947020137	0.524123284009612	0.235	0.212	1	SNX20	c3
0.483880059501349	0.524086375925993	0.015	0.01	1	ABHD14A	c3
0.400021912214534	0.524079222331927	0.067	0.055	1	ATG9A	c3
0.0416695244248986	-0.523961402414742	0.024	0.052	1	USP32	c3
0.130496842798068	0.52363986707714	0.125	0.097	1	YIPF2	c3
0.140644338561802	-0.523436667384055	0.024	0.043	1	WSB2	c3
0.425718955437352	-0.523201522399657	0.018	0.026	1	FAM131A	c3
0.100031002059894	-0.523063102724608	0.046	0.072	1	TAX1BP3	c3
0.0141687187726297	-0.522880618960193	0.174	0.242	1	ANKRD37	c3
0.0701595391429161	0.522762676177645	0.256	0.22	1	TSR2	c3
0.724863046608691	0.522682436001871	0.07	0.067	1	SLC35E1	c3
0.203870495760737	0.522664944802226	0.128	0.106	1	STAMBPL1	c3
0.204633243853028	0.522495671384776	0.11	0.087	1	MRPL23	c3
0.371143866196243	0.522489147486418	0.095	0.08	1	ZNF43	c3
0.4042982993681	0.522413845247094	0.095	0.081	1	ALAD	c3
0.138108808717167	-0.522303594871242	0.052	0.076	1	ZNF121	c3
0.00428946738480168	-0.522291716378362	0.119	0.191	1	SKA2	c3
0.222897852698957	0.52227219542419	0.183	0.162	1	PNMA1	c3
0.0897211156256491	-0.522188413750547	0.055	0.084	1	SLC35A5	c3
0.00520549667434856	-0.522173124088879	0.091	0.159	1	DMAP1	c3
0.000698585230459075	-0.522072627512678	0.253	0.354	1	PDCL3	c3
0.0210231028001695	-0.521950478426779	0.104	0.158	1	MZF1	c3
0.493191915668453	0.521941245737513	0.061	0.052	1	ARFGEF2	c3
0.749033840762023	0.521864086289989	0.101	0.098	1	RRP12	c3
0.00533090177953283	-0.521842689638418	0.122	0.19	1	TIFA	c3
0.81672871394996	0.521795144917146	0.024	0.027	1	DDX28	c3
1.08127547034923e-05	-0.521593121623218	0.341	0.49	0.143204123293052	FKBP2	c3
0.128526935253317	-0.52158729104189	0.015	0.031	1	FGFRL1	c3
0.100333006842568	0.521575076033112	0.354	0.328	1	CHMP1B	c3
0.0865570005725594	-0.521494411345016	0.049	0.077	1	RRM2B	c3
0.924597688537985	0.521429078081042	0.015	0.015	1	AC022098.1	c3
2.72002281718634e-06	-0.52139302882051	0.36	0.522	0.0360239821908159	IQGAP1	c3
2.58321820740849e-07	-0.521331601893359	0.595	0.707	0.0034212141938918	PSMB10	c3
2.38917893401245e-09	-0.521300897917343	0.64	0.801	3.16422858020609e-05	PSME2	c3
0.271402829419515	0.521186210245144	0.055	0.041	1	MAP3K3	c3
0.206717312483295	0.521065629057127	0.143	0.121	1	SLC30A7	c3
0.865111766047634	0.520980338069454	0.027	0.026	1	RAB20	c3
0.00142451034946261	-0.520891894027735	0.152	0.243	1	RTCA	c3
0.02241668361014	-0.520842901343523	0.125	0.181	1	GAK	c3
2.23778964893299e-05	0.520517985198114	0.677	0.597	0.296372861104685	CDKN1B	c3
0.00623028603617331	-0.520114755508206	0.137	0.21	1	WDR45	c3
0.00975363762913999	-0.520101086312802	0.088	0.149	1	PGM2	c3
0.00726759805102764	0.519508323427726	0.326	0.263	1	USP36	c3
0.104746222238911	-0.519343224906627	0.085	0.117	1	LHPP	c3
9.01207224332653e-06	-0.51930625321347	0.36	0.503	0.119355884790617	SCP2	c3
0.669644737581867	0.519244329639917	0.073	0.068	1	ZNF260	c3
0.141819218116354	0.519111039115999	0.265	0.241	1	PRKD2	c3
0.0988681060824649	0.519003377253079	0.107	0.078	1	C12orf45	c3
5.4030147973706e-06	-0.518104856854882	0.369	0.533	0.0715575279763762	MGST3	c3
0.0258654808789431	-0.518006743935027	0.113	0.165	1	TBC1D17	c3
0.00516048905795997	-0.517638131857245	0.134	0.207	1	FAM192A	c3
0.208951760293514	0.517515206221649	0.116	0.094	1	MRRF	c3
0.0049960033394588	-0.517476178323265	0.149	0.226	1	ANAPC13	c3
0.230836588484746	-0.517396828158298	0.015	0.027	1	ZBTB39	c3
0.0931049014570444	-0.517279610782635	0.018	0.037	1	AC058791.1	c3
0.0731241755093517	-0.517134843226376	0.067	0.101	1	PCNX2	c3
0.672869148087532	0.517030909638998	0.024	0.029	1	PIK3C2B	c3
0.134122182281771	-0.516993919745473	0.037	0.058	1	B3GNTL1	c3
0.00512013768643777	-0.516831547434364	0.149	0.225	1	KARS	c3
0.0614812730242425	-0.516755727014554	0.018	0.041	1	TRIOBP	c3
0.949592108072782	0.516657325605713	0.037	0.036	1	ZNF606	c3
0.00103261065388143	0.5166478254813	0.466	0.4	1	ITK	c3
0.449998670506239	0.516578281204782	0.128	0.117	1	ATF7	c3
0.212641210860131	0.516393374971253	0.088	0.069	1	PRMT5	c3
0.258142033938911	0.51637257543258	0.11	0.092	1	RBBP5	c3
0.328568870006495	0.516263685973583	0.021	0.014	1	NRBP2	c3
0.692164041510918	0.516243195549532	0.052	0.047	1	TUBGCP4	c3
0.22974086031582	-0.515942772076311	0.058	0.077	1	NUP205	c3
0.269566269269333	0.515918218791244	0.125	0.106	1	TMEM116	c3
0.137321322046422	-0.515514519296718	0.024	0.043	1	PSTK	c3
0.490490990626756	0.515400352453959	0.021	0.016	1	FANCE	c3
0.027446722405758	-0.515302656939404	0.091	0.139	1	NBPF19	c3
0.557002741341832	0.515271457854936	0.116	0.132	1	ITPR2	c3
0.307619128882612	0.515039232428825	0.073	0.058	1	INTS4	c3
0.32283540772719	-0.515025146001523	0.012	0.021	1	RAD54B	c3
0.0255961834432475	-0.5148242105423	0.04	0.077	1	SLC37A3	c3
0.146276138549468	-0.514712350708163	0.03	0.05	1	ZNF41	c3
0.19088462046067	0.514709247927517	0.021	0.011	1	CXorf21	c3
0.000379117602245224	-0.514658353590513	0.271	0.385	1	IAH1	c3
0.0708710444086615	-0.514631875222814	0.055	0.086	1	SETD1B	c3
0.226792505745733	0.514614827155814	0.131	0.108	1	ELK4	c3
0.34901097370483	0.514297472579623	0.018	0.028	1	ADAMTS17	c3
0.806889229987463	0.514157968715736	0.018	0.021	1	TGFBI	c3
0.159293578151818	0.514118147840322	0.174	0.146	1	RABEP1	c3
0.580793490789862	0.514062123447586	0.107	0.098	1	PIP5K1A	c3
0.408297309167553	-0.514058653633474	0.015	0.023	1	COL5A3	c3
0.00992007470996776	-0.514010202230036	0.049	0.096	1	GSE1	c3
0.201589484234831	-0.513993082820327	0.034	0.051	1	FASN	c3
0.00311500545233463	-0.513911513130026	0.174	0.261	1	UBA3	c3
0.0827796509667429	-0.51362859463473	0.073	0.106	1	ARID3B	c3
0.834117583213035	0.513623910919954	0.018	0.017	1	CDC7	c3
0.0514725243644297	0.51355113100297	0.204	0.163	1	CCDC66	c3
0.921983233006223	0.513542306753332	0.015	0.015	1	CCSAP	c3
0.312640052900289	0.51349641699636	0.137	0.12	1	MFSD14C	c3
0.433083365305655	0.513372612112442	0.159	0.147	1	MTR	c3
0.548063017476349	0.513327896276393	0.058	0.05	1	EEF1AKMT1	c3
0.000597430857259919	-0.513251669771443	0.18	0.283	1	TSG101	c3
0.53282838575731	0.512868235879629	0.131	0.122	1	HADH	c3
0.874257450425056	0.5128560199151	0.015	0.017	1	MAST2	c3
0.0711649167936035	-0.512837699827833	0.07	0.104	1	RAD17	c3
0.181172916589443	-0.512705819978001	0.049	0.07	1	ZC3H4	c3
0.388436232652844	0.512560959283647	0.079	0.066	1	ZNF322	c3
0.112280507383684	-0.512448754653505	0.055	0.082	1	TCAF1	c3
0.0528436348623081	-0.512425859239543	0.034	0.062	1	RUNDC1	c3
1.23889813927816e-05	-0.511807169493978	0.332	0.481	0.164079669566	CCDC107	c3
0.827548735470634	0.511720027066999	0.018	0.017	1	NOD2	c3
0.267286401305845	-0.511643744830898	0.015	0.026	1	SLC27A4	c3
0.159001655750745	0.511638497858306	0.302	0.281	1	BATF	c3
0.790353361134124	0.511482404037714	0.052	0.049	1	PHF10	c3
0.259870884859864	0.511425674117291	0.171	0.151	1	MON2	c3
0.00610043864118488	-0.511394933174067	0.061	0.116	1	GTF2A1	c3
0.00521108304768165	-0.511331698041477	0.095	0.16	1	CXorf38	c3
0.234378750140791	-0.510782221466729	0.006	0.015	1	AP002990.1	c3
0.00471185841698803	-0.510774738765505	0.131	0.205	1	C20orf27	c3
0.148888028977087	0.510705912559312	0.265	0.242	1	ZMYM2	c3
1.72304814460755e-09	-0.510693433212359	0.945	0.983	2.28200496271824e-05	CD69	c3
0.0366936605851548	-0.510373382342991	0.07	0.11	1	CAMTA2	c3
0.648612727679005	0.510268064017905	0.043	0.05	1	AGO1	c3
0.00595757663969798	-0.509956105822275	0.22	0.297	1	RAB24	c3
0.0970767966748803	-0.509599292891659	0.037	0.061	1	PAXIP1-AS1	c3
0.0874792445489825	0.509488554233619	0.299	0.264	1	SLC16A7	c3
0.276381870286949	0.509240599987319	0.11	0.092	1	PHF6	c3
0.517176963426728	0.509117762865547	0.064	0.055	1	TUBG2	c3
0.771181064038073	0.509114942427375	0.082	0.079	1	ZFP64	c3
0.170672516713656	0.508853934145999	0.155	0.13	1	DBNDD2	c3
0.104503289399737	-0.508844396524403	0.07	0.1	1	COG6	c3
0.481494509103912	0.508813548589864	0.137	0.125	1	MDM2	c3
0.591086493094475	-0.508751358536322	0.03	0.036	1	CEP57L1	c3
0.161013728021989	-0.508726549207559	0.024	0.042	1	PRICKLE3	c3
0.00210874175948955	0.50848220099717	0.409	0.334	1	CNIH1	c3
0.0218514216851221	-0.508400464827999	0.04	0.078	1	RABEP2	c3
0.115260513018902	0.508028901408772	0.183	0.153	1	CDK9	c3
0.12499230547952	0.507990076063399	0.216	0.187	1	NOL11	c3
0.00147120242397487	-0.507883734997339	0.088	0.163	1	FOXO3	c3
0.377146693377311	-0.507877194769482	0.037	0.048	1	HDAC4	c3
0.0464607265715236	-0.507835310746822	0.027	0.055	1	AIM2	c3
4.56565836655864e-22	-0.507617084467694	0.939	0.989	6.04675794067026e-18	CALM1	c3
0.0226725286254638	-0.507611738244076	0.082	0.132	1	BLVRB	c3
0.155786612780849	0.507601934344282	0.104	0.079	1	TRIM23	c3
0.972813280728963	0.507572545619158	0.04	0.04	1	HSPA14	c3
2.70806888287992e-08	-0.507546129928282	0.381	0.594	0.000358656642848617	SYNE2	c3
8.41024517328404e-07	-0.507489933674369	0.808	0.891	0.0111385287074974	NR4A2	c3
1.96490478145949e-10	-0.507483057725067	0.692	0.828	2.60231989256495e-06	ATP5F1B	c3
1.8883576278651e-06	-0.507372259824338	0.366	0.528	0.0250094084234454	CANX	c3
0.0165816152549652	-0.507333801133122	0.104	0.156	1	TMEM128	c3
0.144033215565488	0.50716409283048	0.143	0.118	1	ZNF302	c3
0.18579115084097	0.507112163153942	0.03	0.049	1	GPR180	c3
0.0379527485836264	-0.507050860835972	0.055	0.092	1	DEF8	c3
0.0518179993194409	-0.507040665548384	0.098	0.138	1	WARS	c3
0.180021996003245	0.506967843138179	0.079	0.058	1	ZNF718	c3
0.0141473475151597	-0.506927335944325	0.095	0.152	1	CYB5R4	c3
0.216310408264578	0.506884468758766	0.155	0.132	1	TRAP1	c3
0.723660765352642	-0.506848488263216	0.009	0.011	1	ZNF165	c3
0.00130877701348227	-0.506684769653198	0.198	0.296	1	CISD3	c3
0.315660212639352	-0.506533807914998	0.021	0.032	1	RAB40B	c3
0.150982103362536	-0.506416972514656	0.03	0.05	1	ALKBH8	c3
0.317669279853829	0.506310898593959	0.049	0.036	1	ZNF549	c3
0.483772348666848	0.50629209157882	0.021	0.016	1	JMJD7-PLA2G4B	c3
0.502842312891125	0.506130922947548	0.079	0.07	1	RNF141	c3
1.8565266668096e-05	-0.506130180723397	0.451	0.59	0.245878391752264	TAP1	c3
0.413765421933232	0.506016324254191	0.125	0.111	1	DCAF16	c3
0.716658980186081	0.505926939248554	0.043	0.039	1	FAM168A	c3
0.540608346872945	0.505546439797123	0.018	0.014	1	ADAMTS6	c3
0.746228446608628	0.505525652383099	0.021	0.019	1	ASTN2	c3
0.00200305272015717	-0.50504106457529	0.146	0.228	1	SIRT2	c3
0.275310037120433	-0.50492701988859	0.034	0.048	1	GK5	c3
0.318354666587792	0.504884596984228	0.079	0.065	1	RBM14	c3
0.533215486420453	0.504877093249126	0.098	0.087	1	C1RL	c3
0.91095951885639	0.504620909867409	0.034	0.035	1	FAM221A	c3
0.184327149387843	0.50458105827903	0.091	0.07	1	UBE2F	c3
0.576855331335241	-0.503825812496256	0.024	0.03	1	FER	c3
2.10238032219319e-05	-0.5038205791302	0.378	0.509	0.278439249871267	PSMB6	c3
0.0064293298473621	-0.503677179051077	0.11	0.178	1	ANKRD13D	c3
0.0133611677610705	-0.503475474500878	0.149	0.212	1	SORBS3	c3
0.0335451115620342	-0.503418090984425	0.064	0.105	1	NIT1	c3
0.000205628933675953	-0.503383622556249	0.366	0.484	1	RGL4	c3
0.718414357449145	0.503294414433413	0.046	0.042	1	TEX261	c3
0.13304218900592	-0.502988700249079	0.03	0.051	1	NPLOC4	c3
0.025917926242198	-0.502924701501903	0.14	0.195	1	SPNS3	c3
0.144972016100684	0.502836410379281	0.134	0.107	1	PIGG	c3
0.00622354187128178	0.502678790768662	0.311	0.243	1	THOC3	c3
0.799264905500367	0.502573286712587	0.027	0.025	1	SLC25A30	c3
0.196233741722085	0.502141258898215	0.098	0.076	1	SMIM4	c3
0.837767138024952	0.502053410818721	0.049	0.047	1	PRKAG2-AS1	c3
0.0114906883149811	0.501884261475897	0.36	0.306	1	PABPC4	c3
0.897828413289449	0.501707381753496	0.024	0.026	1	SORD	c3
0.168867900809832	0.501630611284673	0.134	0.109	1	ZNF720	c3
0.00031124546585744	-0.501320602903545	0.183	0.291	1	SQOR	c3
0.168008053373148	0.50100310117252	0.128	0.102	1	AARS	c3
0.454467485375885	0.500947910422078	0.067	0.056	1	RAD51D	c3
2.51283230193067e-07	-0.50089644102424	0.348	0.527	0.00332799510067699	JPT1	c3
0.223013704750975	0.50088853493348	0.149	0.126	1	OXR1	c3
8.52233775945432e-05	-0.500580059650291	0.229	0.36	1	MAPK1	c3
0.463065877131982	0.500566354720328	0.082	0.071	1	THAP12	c3
0.750759646043544	0.500482708853609	0.076	0.072	1	HIVEP1	c3
0.555783039104565	0.500238868193271	0.11	0.104	1	HDAC5	c3
0.287151231527306	0.500125961567794	0.076	0.06	1	CFL2	c3
0.000331746282300853	-0.500105485589048	0.119	0.219	1	RALGDS	c3
0.903507848799441	0.500019730778527	0.055	0.058	1	PBX2	c3
0.426332077346167	0.499898675322229	0.088	0.076	1	LRRC23	c3
0.513397824946881	0.499835057103992	0.079	0.07	1	ATG7	c3
0.000305339500839581	-0.499796591603784	0.11	0.206	1	TERF1	c3
0.670541532739682	0.499748125631651	0.058	0.053	1	CUL4B	c3
0.750965574920375	0.499729469324885	0.061	0.057	1	ZNF749	c3
0.388063513470455	0.499666074836053	0.146	0.132	1	RHOT1	c3
0.319257494314696	-0.499562335601858	0.012	0.021	1	RBAK	c3
0.17885351711164	-0.499537567990322	0.058	0.08	1	RECK	c3
0.11241533855203	-0.499398264822927	0.043	0.068	1	SLC35F5	c3
0.0735587846566323	-0.499233303096204	0.024	0.048	1	KLHL11	c3
0.293080658480863	0.499070621635467	0.137	0.12	1	ZC3H14	c3
0.132020060547677	0.498868484333725	0.146	0.118	1	ATP5S	c3
0.631534263462146	0.498813608350545	0.113	0.106	1	NCOA5	c3
0.0615987970309402	-0.498716751215834	0.009	0.027	1	SLC9A1	c3
0.114037044056414	0.49864375257858	0.174	0.14	1	CCDC82	c3
0.981609132940671	0.498570038854924	0.128	0.136	1	GLCCI1	c3
0.620024893201635	0.498533102001127	0.064	0.058	1	AC027097.1	c3
0.193028936654261	-0.498443650840373	0.021	0.036	1	ZNF799	c3
0.0110576124625312	-0.498383494607332	0.064	0.116	1	TMEM181	c3
0.097251981995319	-0.498273889550457	0.037	0.061	1	MSRB1	c3
0.096296506257951	0.498117541000106	0.259	0.229	1	HDDC2	c3
0.0286031604378083	0.49809444412534	0.588	0.585	1	PBXIP1	c3
3.36234383735858e-05	-0.498056891144844	0.274	0.425	0.44530881781977	TMEM14C	c3
0.0196712958143829	0.497970377834761	0.271	0.214	1	IFNAR1	c3
0.0332891513875718	-0.497703060589987	0.037	0.071	1	NFS1	c3
0.892212130780349	0.497646444060885	0.037	0.035	1	ARHGEF18	c3
0.864304901839935	0.497371950547713	0.076	0.075	1	SESN2	c3
0.002859736088164	0.49728704572988	0.454	0.393	1	KIF2A	c3
0.354138876086749	0.497238041775641	0.198	0.184	1	PDCD1	c3
0.167685932923798	0.497172768805852	0.104	0.079	1	COL18A1	c3
0.473664640409827	0.497104154625327	0.034	0.026	1	NACC1	c3
0.0536312817962943	0.497091091464936	0.305	0.272	1	MITD1	c3
0.0874220701246114	0.496952237526663	0.098	0.068	1	MSRB2	c3
0.0393110773913048	-0.496891708729088	0.043	0.077	1	RAB2B	c3
0.00155211218938926	-0.496632912751396	0.195	0.287	1	TIPARP	c3
0.00823402941142647	-0.496568438312223	0.116	0.183	1	TSR3	c3
0.634687374457167	0.496392824589483	0.027	0.023	1	ITFG2-AS1	c3
0.662690086187795	0.496173654504249	0.049	0.044	1	TSEN2	c3
0.391186135949373	-0.496131298929368	0.009	0.016	1	CAB39L	c3
0.605652464097205	0.496099907044649	0.024	0.02	1	LANCL2	c3
0.0724863904338999	-0.49578370193855	0.095	0.133	1	PTAR1	c3
0.189277756730347	-0.495725943078338	0.037	0.055	1	PLAUR	c3
0.0409776310043736	0.495706779703304	0.302	0.257	1	THEM4	c3
0.00324868139300322	-0.495565262595116	0.055	0.113	1	RRBP1	c3
0.825117945277152	0.495498777668041	0.043	0.041	1	CCDC138	c3
0.0322280164411063	-0.495475285955133	0.024	0.054	1	THAP9-AS1	c3
0.0857960638410926	-0.49530796590196	0.082	0.118	1	FUT8	c3
4.88067942464795e-05	-0.495216741556729	0.277	0.427	0.646397183000374	ODF2L	c3
0.261732840070688	0.495184502465999	0.177	0.159	1	LPAR2	c3
0.926356831107515	0.495157055256083	0.058	0.06	1	TET2	c3
5.77037542926599e-05	0.494928278332253	0.75	0.737	0.764228521851988	IL16	c3
0.395703155834219	0.494923752022151	0.134	0.118	1	TMEM140	c3
0.0138003468301782	-0.494586472668989	0.152	0.215	1	FAF1	c3
2.97983095710312e-06	-0.494478582647775	0.723	0.828	0.0394648811958737	TAGAP	c3
0.0391276641183209	-0.494468821685715	0.119	0.166	1	EGLN1	c3
0.000436791759143883	-0.49412019427214	0.113	0.205	1	RGS3	c3
0.150578601215115	-0.493861260960132	0.012	0.026	1	SLC33A1	c3
4.34419879608204e-10	-0.49375517270862	0.622	0.806	5.75345688553106e-06	SEPT7	c3
0.593455470450095	0.493588336143493	0.137	0.132	1	ZNF101	c3
0.821620285649787	0.493387543203413	0.043	0.041	1	MNT	c3
0.4057912664523	-0.492970057451124	0.006	0.011	1	TMEM202-AS1	c3
0.122147022954715	-0.492892129468842	0.055	0.081	1	JMJD4	c3
0.384877452995609	0.492504751844068	0.085	0.072	1	TFB2M	c3
0.973893552220793	0.49248032692147	0.064	0.066	1	NF2	c3
8.49452446657249e-20	-0.492475206178332	0.902	0.968	1.12501482035286e-15	RHOA	c3
0.255218197199317	0.492347726888814	0.046	0.032	1	DHX33	c3
0.283745673535102	0.492305890952769	0.027	0.018	1	CTNS	c3
0.224006055696544	0.492304213347058	0.195	0.176	1	IARS	c3
0.943141573335432	-0.492263933296929	0.027	0.028	1	TRAV39	c3
0.43948496858531	0.49203174874539	0.076	0.065	1	LRIG2	c3
0.400464303391012	-0.491870932285302	0.03	0.041	1	CLP1	c3
0.101832044778172	0.491835875529655	0.18	0.148	1	MOAP1	c3
0.590014662785041	0.491584489483639	0.015	0.011	1	HIST2H2BE	c3
3.01848324716416e-06	-0.491481550411167	0.427	0.594	0.0399767921254421	SDCBP	c3
0.952803475317207	0.491296496696174	0.027	0.027	1	LBHD1	c3
0.710443346366595	0.491241265961417	0.131	0.127	1	SLC25A12	c3
1.96648730560288e-09	-0.491169920094004	0.744	0.857	2.60441578754045e-05	CD3G	c3
0.407394822085676	0.491054573027503	0.162	0.149	1	KANSL1-AS1	c3
0.256707923465847	0.490774935101306	0.119	0.098	1	CEP68	c3
0.161944598538305	0.490715028340003	0.131	0.106	1	TARBP2	c3
0.00736338302265895	-0.49041575230753	0.131	0.201	1	GBP4	c3
0.459825058480673	0.490266654122412	0.082	0.072	1	ZNF564	c3
0.567220677875041	0.490226293957574	0.037	0.03	1	SPRYD4	c3
0.0723718713466345	-0.490150414260343	0.024	0.048	1	AC087623.3	c3
0.731234515514174	0.490058158702438	0.079	0.074	1	WWC3	c3
0.701137491113447	0.489686099968212	0.088	0.084	1	DNAJC24	c3
0.000110490007876124	-0.489639351211238	0.207	0.333	1	HELZ	c3
0.150237358732267	-0.489560330811989	0.037	0.057	1	POLR1A	c3
0.241780416294287	0.489555542034471	0.131	0.11	1	MAP2K5	c3
0.10264440327633	-0.489433585626295	0.03	0.053	1	FDXR	c3
0.00513126033814968	-0.489317442656295	0.189	0.271	1	IST1	c3
0.62179394943229	0.489198465565397	0.098	0.092	1	NDUFAF7	c3
0.654661899403287	-0.489162801188817	0.012	0.016	1	GPR157	c3
0.622069223950272	-0.489114319045354	0.009	0.012	1	AC009948.1	c3
0.57206275985929	0.488693790246298	0.137	0.13	1	NME6	c3
0.339832182958582	-0.488664750853417	0.006	0.012	1	AC104184.1	c3
0.0250181301167679	-0.488628961707684	0.116	0.171	1	VAT1	c3
0.361737409064174	0.488313135850766	0.146	0.13	1	ZNF83	c3
0.0419619531176065	-0.488303732139409	0.021	0.048	1	TAF5	c3
0.906869924820063	0.488151555333111	0.012	0.011	1	PROCA1	c3
0.378281080768716	0.488144020004619	0.052	0.041	1	ECI1	c3
0.202814860173758	0.487841862928984	0.18	0.156	1	TXNDC11	c3
0.633303924952275	0.487734508681348	0.027	0.023	1	ZNF829	c3
0.0196845025786001	0.487683399604566	0.177	0.127	1	NDFIP2	c3
0.173296888992648	-0.487558627121534	0.003	0.011	1	AC022211.2	c3
0.249897755329816	0.487529671606905	0.122	0.102	1	ORC2	c3
0.000930435898353125	-0.487394281657787	0.183	0.281	1	COA3	c3
0.0590116482012691	-0.487254443364935	0.049	0.081	1	ADAT1	c3
0.234351215284256	0.487171903966396	0.436	0.445	1	NEAT1	c3
0.00224164626583125	-0.486895691249871	0.332	0.435	1	H1FX	c3
0.236145617658969	-0.486811474405975	0.006	0.015	1	CLNK	c3
0.0201603766762939	-0.486754891814072	0.088	0.14	1	CDK5RAP1	c3
0.207595743172863	-0.486630326338983	0.043	0.061	1	LETM2	c3
0.806440741462371	0.486483926880838	0.021	0.024	1	KIAA0930	c3
0.402209813079233	-0.48648384933131	0.03	0.041	1	F8A3	c3
0.0619143205779797	0.4864327388845	0.25	0.21	1	TIMM13	c3
0.74928263994781	0.486332271657685	0.058	0.054	1	RIC8B	c3
0.698425768057077	0.486249634648194	0.024	0.021	1	HIST1H3A	c3
0.528124620166034	0.485927191367748	0.064	0.055	1	PPARD	c3
0.00228360521361374	-0.485601829766207	0.088	0.161	1	HIST3H2A	c3
0.90403565311412	0.485554581746262	0.027	0.029	1	GAREM2	c3
0.288105775471688	0.485536539120036	0.085	0.069	1	COX10	c3
0.795158994009241	0.485479738756206	0.067	0.073	1	EIF3J-DT	c3
0.493944128638951	0.485473356458321	0.073	0.063	1	PIK3CB	c3
0.672118349056836	0.485435104451427	0.058	0.052	1	TOP3B	c3
0.205226738598756	-0.485394426097482	0.015	0.028	1	GIT1	c3
0.00873764072563205	-0.485348442348085	0.131	0.2	1	GGA1	c3
0.221659317406515	0.485313271559232	0.14	0.117	1	WBP4	c3
0.000544926160856505	-0.485253249799606	0.159	0.259	1	MIF4GD	c3
0.00273416762193362	-0.485162592273021	0.165	0.255	1	ACSL5	c3
0.218770678502729	0.485091818323548	0.177	0.154	1	ASPSCR1	c3
0.016649181609755	0.484958730189359	0.348	0.299	1	SRSF8	c3
0.494572889642659	0.484799305193582	0.061	0.052	1	TTC9	c3
0.0420732612094258	-0.48474760330925	0.034	0.065	1	PLBD2	c3
0.676972556378462	0.484663821372384	0.098	0.093	1	SAYSD1	c3
2.45251484652584e-06	-0.484661322092051	0.284	0.446	0.0324811066273882	CYB5R3	c3
0.145195465653516	-0.484626124903175	0.055	0.079	1	C11orf71	c3
0.13488515117606	0.484319396854142	0.095	0.07	1	FCHSD2	c3
0.323420432649238	0.484279173282195	0.104	0.087	1	TRIM5	c3
3.59024818316906e-05	-0.484234282773914	0.101	0.211	0.47549246937891	MIR4435-2HG	c3
4.76523554413813e-05	0.483886547913521	0.549	0.466	0.631107795465653	BCAS2	c3
0.233039593248399	-0.483852601781058	0.024	0.039	1	SLC29A3	c3
0.354661552436152	-0.483623644373226	0.015	0.024	1	RNASEK-C17orf49	c3
0.0247826854847169	-0.483353825283931	0.061	0.105	1	EIF4E3	c3
0.765776021721285	0.483349746565936	0.046	0.043	1	CASP10	c3
0.00183589170560039	-0.483292592317225	0.326	0.424	1	DNAJB9	c3
0.169909570728523	-0.48324475108435	0.009	0.021	1	ANKRD9	c3
0.324759529178966	0.48310992056734	0.098	0.081	1	DENND4B	c3
0.261947578535995	-0.483035095814331	0.018	0.03	1	ZNF382	c3
2.68054046795077e-05	-0.482871577062391	0.302	0.452	0.3550107795754	CDC42EP3	c3
0.195256004516877	0.482832512742811	0.018	0.009	1	VPS9D1	c3
0.00129304290987213	-0.482808089669964	0.223	0.324	1	ANP32E	c3
0.678109170519521	-0.482803539998507	0.015	0.019	1	ARHGAP11A	c3
0.258936926534164	0.48279262166931	0.107	0.087	1	NXPE3	c3
0.274821819094604	-0.482636812708481	0.012	0.022	1	NAIF1	c3
0.541023769354708	0.482522837752201	0.104	0.096	1	FCF1	c3
0.918166609592921	0.482274084048909	0.116	0.118	1	FBH1	c3
0.402435984572296	-0.482103978643471	0.006	0.011	1	POU6F1	c3
0.595258439319822	0.48210069873898	0.043	0.036	1	NUBPL	c3
0.0480665650774421	0.48203842357649	0.345	0.308	1	SRSF1	c3
0.465503794960691	0.48199082992193	0.226	0.221	1	TFAM	c3
0.056858864761588	-0.481949071065931	0.079	0.118	1	RCOR1	c3
0.538004755280427	0.481628629922722	0.11	0.101	1	ORC5	c3
0.604685571061478	0.481566339515607	0.024	0.02	1	CHAF1A	c3
0.0372215582428939	-0.481564418577911	0.049	0.085	1	ATP2A2	c3
0.00289201248460391	-0.481454082503069	0.177	0.261	1	SPPL2A	c3
0.536803279446711	0.481281227085974	0.018	0.014	1	ZNF30	c3
0.213365352296265	-0.481200500008881	0.03	0.047	1	HYPK	c3
0.000352720617383943	0.481139280242582	0.555	0.495	1	HSPB1	c3
0.223492478365567	-0.481135462488305	0.027	0.043	1	CDKL1	c3
0.940636739764238	-0.481084248229031	0.018	0.019	1	TIGD1	c3
0.00182873202769739	-0.48101899316561	0.101	0.18	1	AGPAT2	c3
2.90889837202987e-05	-0.480883610005663	0.381	0.519	0.385254500391636	SYNRG	c3
1	0.480753662176008	0.052	0.053	1	HOTAIRM1	c3
0.204347425498885	-0.480700462435761	0.024	0.04	1	ZNF846	c3
0.709410872131518	0.480686906621224	0.049	0.045	1	EFNA4	c3
0.00239817193923675	0.480676004287178	0.573	0.542	1	PSIP1	c3
0.211304254602256	0.480628232096648	0.107	0.085	1	JPT2	c3
0.289813675713493	0.480621620809678	0.229	0.21	1	RICTOR	c3
2.28514362450743e-05	-0.480569054437519	0.32	0.46	0.302644421629764	LSM2	c3
0.358477748398788	0.480477362602107	0.058	0.046	1	METAP1D	c3
0.695832198815837	0.480424684792383	0.04	0.035	1	MTHFSD	c3
0.235437743452329	-0.480411307095971	0.006	0.015	1	AC016773.1	c3
0.332743592221445	0.480343787575034	0.058	0.045	1	UBP1	c3
0.333719784513125	-0.480341354582037	0.018	0.028	1	EID2B	c3
0.316792564826026	-0.480284953544371	0.021	0.032	1	RILP	c3
0.0364618119599478	-0.480227553963221	0.107	0.154	1	COG4	c3
0.112038272505	0.480043361458438	0.192	0.159	1	NUDCD3	c3
0.170495723104988	0.479902853599911	0.232	0.21	1	IFRD1	c3
0.000614804406796446	-0.479811591190498	0.284	0.395	1	DIAPH1	c3
0.222373584805406	0.479809518794966	0.186	0.164	1	PSMG4	c3
0.699984724907344	0.479773662832525	0.04	0.046	1	POFUT1	c3
0.128571410008577	-0.479768122166653	0.055	0.08	1	POLR3H	c3
0.101464190117835	0.479537387683911	0.143	0.11	1	CRYL1	c3
0.427739467405018	0.479522146834464	0.104	0.092	1	ZNF397	c3
0.595615867610129	0.479357703748985	0.073	0.066	1	ERCC4	c3
0.213691530807631	0.479356944903619	0.07	0.052	1	N6AMT1	c3
0.757143928795941	0.479309667202152	0.021	0.019	1	AC008443.5	c3
0.268370543681043	0.479307992175736	0.137	0.117	1	AHCTF1	c3
0.0150747143507429	0.479252990777323	0.302	0.252	1	TMPO	c3
0.177928628586628	0.479180535607733	0.152	0.127	1	PITPNA-AS1	c3
0.764301324846987	0.478901568679805	0.091	0.088	1	AL662844.4	c3
0.00111590733093735	-0.478595430194918	0.247	0.349	1	RASSF1	c3
0.707808285273956	0.478506883599471	0.076	0.072	1	ERV3-1	c3
0.234731372332886	-0.478413809035545	0.006	0.015	1	RASA4	c3
0.00141587517407912	-0.478330388598955	0.235	0.329	1	DNM2	c3
0.204924967678516	-0.47826230294504	0.009	0.02	1	ZSWIM6	c3
0.173432562420979	-0.47808671255916	0.009	0.021	1	ZNF23	c3
0.0444281175090225	-0.47808344288148	0.03	0.06	1	TMOD2	c3
0.181483864260785	0.478043413764573	0.232	0.213	1	LENG1	c3
0.00740220555748915	0.477933378780851	0.378	0.309	1	P2RY10	c3
0.373634994415898	0.477741120903713	0.155	0.142	1	MAP3K11	c3
0.605593057844105	0.477636502088532	0.091	0.084	1	GPHN	c3
0.996138810245118	0.477254019041676	0.058	0.059	1	FRAT2	c3
0.0117650847813404	-0.477212668869879	0.052	0.1	1	DDX10	c3
1.39784512917605e-21	-0.47710045708017	0.97	0.997	1.85130608908076e-17	CFL1	c3
0.735325266933846	0.476812065028349	0.018	0.016	1	PLB1	c3
0.625397544619667	0.476167226954581	0.073	0.067	1	HSPA14.1	c3
0.720018321312132	0.475880549506027	0.061	0.069	1	POFUT2	c3
1.89752922023161e-05	-0.475707331618971	0.348	0.501	0.251308769927474	NUCB1	c3
0.681736480123692	0.475687835400108	0.058	0.053	1	LINC02361	c3
0.275947237840032	-0.475548242605162	0.034	0.048	1	MAPK9	c3
0.518762749896202	0.475519301788078	0.095	0.084	1	CCDC84	c3
0.254438663420828	0.475373393497365	0.137	0.117	1	NUP133	c3
0.459038841743936	0.475358844307648	0.104	0.094	1	SLC46A3	c3
0.199371411248004	-0.475273218485731	0.027	0.044	1	INPP1	c3
0.374262956063461	0.475003098941306	0.107	0.093	1	MFSD8	c3
0.856544921242613	0.474742975921694	0.11	0.112	1	SELENOO	c3
0.249533233773484	-0.474742471197052	0.021	0.034	1	ZNF771	c3
0.0050437687709588	-0.474354040150594	0.104	0.174	1	PPIP5K2	c3
0.0896458561008014	0.474150807043705	0.201	0.165	1	DTNBP1	c3
0.508960124539629	0.473944641398955	0.076	0.068	1	ZNF669	c3
0.61304440256977	0.473908718235578	0.113	0.106	1	CC2D1A	c3
0.573591123362642	0.473870526810855	0.104	0.095	1	ITGB3BP	c3
0.138560822873523	-0.473869956473196	0.043	0.066	1	SETD4	c3
0.0304724883031793	-0.473448289884855	0.085	0.132	1	HIPK1	c3
0.234558045177175	0.473295815702032	0.229	0.207	1	MBD4	c3
0.98077534053708	0.473284386140667	0.061	0.063	1	AP3S2	c3
0.373347614557129	0.473187170767397	0.058	0.046	1	MECR	c3
0.000121666229865758	-0.473173140377676	0.387	0.529	1	GATA3	c3
0.00256349306827488	-0.473005472389539	0.152	0.238	1	AP3B1	c3
0.016818181166118	-0.473000042742344	0.113	0.171	1	FAM120A	c3
0.0193606865401175	-0.472928326819398	0.134	0.195	1	STT3A	c3
0.00402662185633952	0.472898133630462	0.497	0.432	1	LIME1	c3
0.311775198832001	-0.472814702443936	0.027	0.04	1	UBOX5	c3
0.0456233389635238	-0.472682959360374	0.076	0.118	1	TOR2A	c3
0.376354939455146	0.472594539378357	0.043	0.032	1	UBE3D	c3
0.804040307437571	0.472559698006537	0.055	0.052	1	WWOX	c3
0.124005800999495	-0.472442369119734	0.073	0.103	1	STK19	c3
0.141340190283704	0.472216089664923	0.174	0.145	1	FBXO9	c3
0.141541010261282	0.471806028489838	0.003	0.012	1	TRBV23-1	c3
0.0809167287860671	0.471688432110091	0.271	0.232	1	TACC3	c3
0.948392731741483	0.471630934794109	0.107	0.109	1	ZNF226	c3
0.0170943292925915	-0.471516017863364	0.107	0.163	1	TRAF3	c3
0.560984552374925	0.471385584530872	0.064	0.056	1	UNKL	c3
0.331484247444144	-0.471361888282949	0.009	0.017	1	ZSCAN12	c3
0.326161839063231	0.471166919383942	0.067	0.053	1	KCTD6	c3
4.00396330414888e-05	-0.471024121716713	0.412	0.538	0.530284900001478	FGFR1OP2	c3
0.000122092824108679	-0.471019242095894	0.265	0.404	1	PSMD13	c3
0.00110723765922106	0.470975962298588	0.616	0.575	1	TUBA4A	c3
0.114056847623241	0.470765754782944	0.14	0.109	1	MAPKAPK5	c3
0.656561911817248	0.470568643478707	0.088	0.083	1	KDM3B	c3
0.961542771991033	0.470393789896016	0.125	0.128	1	DDX58	c3
1.60213095718358e-05	-0.47037168007271	0.372	0.527	0.212186223969394	MRPL41	c3
0.458012006608268	0.470364858396444	0.21	0.206	1	LONP2	c3
0.410283762964547	0.470247926829192	0.192	0.182	1	MED6	c3
0.276088150473267	-0.470215792463319	0.012	0.022	1	HEXIM2	c3
0.848661685274851	0.470141730931728	0.021	0.02	1	ARID3A	c3
0.531752760529751	0.470140085415408	0.012	0.008	1	MCM3AP-AS1	c3
0.0231828765196001	-0.470053198657322	0.07	0.116	1	FNIP1	c3
0.278720915794301	-0.470047842299962	0.021	0.033	1	SGPL1	c3
0.00452888534858734	-0.469779048191566	0.18	0.265	1	A1BG	c3
0.0099428779961402	-0.469630021831357	0.168	0.239	1	TXNDC15	c3
0.109955180643462	0.469300682760006	0.311	0.285	1	CRYBG1	c3
2.50569720580238e-06	-0.469229221542915	0.5	0.647	0.0331854537936467	GNAS	c3
0.420477471560306	0.469218807630271	0.098	0.085	1	TMEM184C	c3
0.0216374157601861	-0.46905967383241	0.04	0.077	1	SYT11	c3
0.446755821913953	0.468963596640413	0.095	0.082	1	MTERF1	c3
6.15656098462959e-05	-0.468865743014215	0.186	0.309	0.815374936804343	HSPB11	c3
0.20410545010861	-0.46880615693733	0.009	0.02	1	MAPK11	c3
0.205897941223684	-0.468804497148072	0.012	0.024	1	CARM1	c3
0.173623183797136	-0.468755382281691	0.003	0.011	1	THAP9	c3
0.723585378429791	0.468640205969291	0.049	0.045	1	CBY1	c3
3.59541363671561e-05	-0.468166808552571	0.302	0.45	0.476176582046615	VPS29	c3
0.0275713813586668	-0.468116085355913	0.07	0.114	1	TYSND1	c3
0.321092005045271	0.468063525427287	0.055	0.042	1	MFSD3	c3
0.420246404314436	0.467916744055189	0.125	0.113	1	RALGAPB	c3
0.404670986940112	-0.467803252331866	0.006	0.011	1	AGBL2	c3
0.515518348300641	0.467256738389701	0.104	0.094	1	WDR70	c3
0.00304438729031695	0.46713906489442	0.384	0.318	1	CHD1	c3
0.0214727905558645	0.467094173659875	0.497	0.48	1	CYLD	c3
0.309754939567044	-0.467093895851065	0.027	0.04	1	SIPA1L3	c3
0.307164327874553	-0.466652142132672	0.015	0.025	1	SPACA9	c3
0.0553261811601536	-0.466526717502747	0.03	0.058	1	GFOD1	c3
0.924597688537985	0.466243166584669	0.015	0.015	1	FBXL19	c3
0.289763416100661	0.465968268257482	0.107	0.089	1	C19orf48	c3
0.00165923237126867	-0.465869037334812	0.247	0.348	1	SH3GLB1	c3
0.730868748970424	0.465807303641619	0.03	0.027	1	PUS10	c3
0.473377967883182	0.465778218402415	0.073	0.063	1	ASNS	c3
0.0147354508581533	-0.46570977763413	0.134	0.196	1	SETD3	c3
0.864189129761819	0.465680489352193	0.165	0.18	1	ARID1B	c3
2.58888445602555e-05	-0.46566648375809	0.503	0.652	0.342871857356024	RGS1	c3
0.00276523863219238	-0.465480908183769	0.186	0.272	1	ABHD17A	c3
0.0250898408198736	-0.465365082314953	0.098	0.148	1	DCUN1D1	c3
0.939775764417861	0.465241431068147	0.03	0.03	1	TMEM117	c3
0.274299152479949	0.464982616226394	0.125	0.104	1	CES2	c3
0.566385702199335	0.464973258095803	0.07	0.062	1	MYL6B	c3
0.0421600303244574	-0.464962909540306	0.034	0.065	1	IDNK	c3
5.29502204048793e-08	-0.464731044161877	0.579	0.725	0.000701272719042221	VAMP8	c3
0.205111146250855	0.464663400692348	0.076	0.057	1	HS3ST3B1	c3
0.404182245823327	0.464638347469468	0.04	0.03	1	AC079922.2	c3
0.910535171329369	0.464508178608039	0.012	0.011	1	MYO15B	c3
0.552753122789645	0.464335817222553	0.027	0.022	1	DECR2	c3
0.0065442218938358	-0.464317676848203	0.079	0.138	1	TOPBP1	c3
0.354777189351585	0.464134145596459	0.064	0.081	1	OAS1	c3
0.375654549837729	0.464016374058563	0.024	0.017	1	ARF4-AS1	c3
0.848070481154396	0.464002074623849	0.082	0.081	1	PRR3	c3
0.00791208230804024	-0.463852792359879	0.088	0.151	1	PDXK	c3
0.873069393508263	0.463596020557056	0.03	0.029	1	IFFO2	c3
0.792453920770824	0.463571853153141	0.104	0.112	1	DNAJB4	c3
0.265508248810168	0.463451562866912	0.122	0.102	1	OXSR1	c3
0.838303825474245	0.463425292205163	0.018	0.017	1	TRAV24	c3
0.594017518891786	0.463079874958919	0.104	0.097	1	APTX	c3
0.488332552268696	-0.463017020815648	0.018	0.025	1	FBXO45	c3
0.000561105233158831	-0.462459572699232	0.195	0.305	1	MAP2K2	c3
1.79049681821947e-06	-0.462445892067726	0.595	0.708	0.0237133398604987	ZYX	c3
0.116799410409542	0.462411528652857	0.247	0.211	1	EPB41L4A-AS1	c3
0.575380578574669	0.46210405827329	0.073	0.066	1	MDC1	c3
0.692742051384936	0.46186426586668	0.207	0.207	1	HELB	c3
0.944968642435328	0.461831313264043	0.046	0.046	1	ERLIN1	c3
0.00054238696525894	-0.46180248436609	0.244	0.361	1	MAGED2	c3
0.106387481222142	-0.461351798010414	0.052	0.079	1	ZNF250	c3
0.838303825474245	0.461286781478806	0.018	0.017	1	KBTBD8	c3
0.156689173494182	0.46124285392587	0.338	0.31	1	NFKB1	c3
0.0491420160931471	-0.461235990143688	0.116	0.161	1	RBM18	c3
0.684613892126817	-0.460903877189058	0.018	0.022	1	FANCD2	c3
0.0531318928401633	-0.460880727445405	0.03	0.058	1	MON1A	c3
7.81569540328445e-05	-0.460782583964431	0.357	0.509	1	POLR3GL	c3
0.208827160728664	0.460736151324307	0.061	0.044	1	RYBP	c3
0.0300961042058805	-0.460707831199091	0.067	0.111	1	YKT6	c3
0.00987199613894225	-0.460570653342291	0.128	0.193	1	TFPT	c3
0.013226937378046	-0.460380955882113	0.125	0.186	1	ELMSAN1	c3
0.571423833571637	0.460332205144454	0.095	0.086	1	WDTC1	c3
0.0229598414738934	0.460234225820977	0.345	0.291	1	ZNF638	c3
9.87217485110275e-05	0.460222959698193	0.628	0.542	1	CD5	c3
0.952151365347766	0.460201592975611	0.076	0.08	1	NPRL3	c3
0.65618100701055	0.460141375141314	0.012	0.009	1	AC093249.6	c3
0.456763074994252	-0.459914704962404	0.009	0.015	1	ZNF365	c3
0.0745831801706386	-0.459909219746828	0.052	0.082	1	IER3	c3
0.0805104760303275	-0.459786760542257	0.085	0.122	1	SLC44A1	c3
0.477985788629467	0.459753801803944	0.052	0.043	1	SLC37A4	c3
0.608742145325014	0.459748856555087	0.116	0.108	1	LRCH3	c3
0.762527396776324	0.459467503908272	0.012	0.015	1	AC091729.3	c3
0.374862744504269	-0.459459799870547	0.012	0.02	1	FARP2	c3
0.0445872473450139	-0.459395800094308	0.091	0.134	1	PTP4A3	c3
0.00120771444846734	-0.45936613745184	0.204	0.304	1	PKN1	c3
0.24641535014735	0.459337788621839	0.119	0.098	1	SEC23IP	c3
0.201377896423591	-0.459274733254865	0.015	0.028	1	ZNF599	c3
0.00843171544918543	-0.459216360167805	0.073	0.13	1	SOS1	c3
0.00134442120048059	-0.45860232604739	0.159	0.252	1	CD226	c3
0.748739739427259	0.458489166728071	0.037	0.033	1	COX18	c3
0.769108283837234	0.458337337763137	0.037	0.033	1	TRAV25	c3
0.660492824484273	0.458302782735319	0.046	0.041	1	MTX3	c3
0.967152769983004	0.458263189256069	0.046	0.047	1	GALE	c3
0.00273774077708906	-0.458140568203925	0.14	0.225	1	KEAP1	c3
0.00579156772735315	0.457992374928391	0.503	0.434	1	INPP4B	c3
0.347351998926441	0.457934764785504	0.04	0.029	1	COL6A2	c3
0.487576485989225	0.457927719141468	0.027	0.021	1	PDSS1	c3
0.80186864791698	0.457912792783204	0.03	0.028	1	CEP131	c3
0.108111625199453	-0.457854878276665	0.027	0.049	1	AGO4	c3
0.233944993635442	-0.457771986011864	0.046	0.063	1	SSFA2	c3
0.124828111172885	0.457734160809219	0.235	0.21	1	GSK3B	c3
0.557309985815727	0.457479395219392	0.037	0.03	1	PYCR3	c3
0.622192492556706	0.457471940096588	0.131	0.127	1	RCOR3	c3
0.355707355183646	0.456674538184067	0.082	0.068	1	NOTCH1	c3
0.0749267478343281	-0.456512804235658	0.107	0.149	1	EDEM2	c3
0.440323688634426	0.456371934360316	0.052	0.042	1	MIS18A	c3
0.485495345057814	0.456355116767301	0.14	0.132	1	FCHO1	c3
0.168646867913941	-0.456266808290286	0.037	0.056	1	NBPF12	c3
0.217281385762863	0.456125448481925	0.235	0.215	1	RNMT	c3
0.457360818582334	-0.455935066059308	0.015	0.022	1	ZNF597	c3
0.380291819887121	-0.455915151488074	0.018	0.027	1	PEX11A	c3
0.0188891892157378	-0.455886624030639	0.119	0.177	1	ATG16L2	c3
0.308008548896878	0.455846783193117	0.07	0.055	1	BTBD11	c3
0.361418449119535	0.4557418043297	0.122	0.108	1	NUP160	c3
0.0011379511359017	-0.455715259298855	0.262	0.37	1	GNAI3	c3
0.0893664437677096	0.455677656623741	0.256	0.221	1	SINHCAF	c3
0.152401114772923	-0.455400113597273	0.037	0.057	1	SQLE	c3
0.174877886361396	-0.455211425440635	0.024	0.041	1	WDR25	c3
0.00150520651358536	-0.455101526701974	0.277	0.374	1	GLUD1	c3
0.136758583535399	-0.455020697457233	0.073	0.101	1	HAUS2	c3
0.293778653164253	0.454887330902322	0.134	0.114	1	CEP95	c3
0.397590795695637	-0.454666382995415	0.021	0.03	1	C19orf47	c3
0.620818441017578	0.454650468149173	0.189	0.186	1	HBS1L	c3
0.000231089632776393	-0.454614481925695	0.229	0.349	1	TMOD3	c3
0.174143665279437	-0.454605479759552	0.009	0.021	1	CCNB1	c3
0.000729104420086275	-0.45422625906334	0.308	0.419	1	KDELR2	c3
0.12398584539301	-0.454122124227651	0.009	0.023	1	IFT46	c3
0.455311493053705	-0.453983852555693	0.034	0.043	1	AL359915.2	c3
0.344942309542793	0.453958756897749	0.162	0.143	1	RBM26	c3
0.0124493641931339	-0.453948317766872	0.14	0.205	1	OAT	c3
0.00613640361705791	0.453941916187135	0.497	0.441	1	ARID4B	c3
0.0561863065868353	-0.453938053389881	0.18	0.231	1	ACP5	c3
0.285303358771524	-0.453791119050948	0.009	0.018	1	STARD9	c3
0.0518358106192412	-0.453673081295829	0.04	0.071	1	FAM174A	c3
0.170190786916253	0.453412640719086	0.122	0.097	1	LINC01184	c3
0.901790196863283	0.453259771645012	0.082	0.087	1	SCO2	c3
0.880602674521614	0.45318030673876	0.043	0.042	1	SFXN2	c3
0.57712422869518	0.45314972380715	0.104	0.096	1	GPATCH2	c3
0.00100731005479802	-0.453142725698137	0.271	0.383	1	GNAI2	c3
0.0726891306178281	-0.452821338708414	0.037	0.063	1	EYA3	c3
0.138585729836547	0.452509842243261	0.134	0.105	1	ZBTB10	c3
8.54714757271787e-07	-0.452419325614196	0.454	0.618	0.0113198422453075	TBCB	c3
0.0658261285256237	-0.45239811145788	0.067	0.101	1	COQ8B	c3
0.621965717335559	0.452170195710026	0.107	0.1	1	TMEM209	c3
0.139747871301251	-0.452004974537831	0.064	0.091	1	MRPS17	c3
5.52256020237523e-05	-0.451875310365073	0.488	0.608	0.731407873202576	ATP5F1C	c3
0.31898402599363	0.451830978005817	0.14	0.123	1	AKAP10	c3
0.127994135579649	0.451736502809005	0.22	0.187	1	ZNF524	c3
0.598293922939386	0.451695529350135	0.067	0.06	1	RABGEF1	c3
0.238087312419957	0.451549046194749	0.174	0.153	1	CHERP	c3
0.17621301154745	-0.451173073297065	0.046	0.067	1	FAM228B	c3
0.108123485359831	0.451151968276328	0.348	0.319	1	ATF6B	c3
0.288348468892391	0.450986184500116	0.095	0.078	1	ZSCAN25	c3
0.198470383279193	-0.450895047141866	0.015	0.028	1	FAM135A	c3
0.518251581805605	0.450857584169534	0.101	0.089	1	USP53	c3
0.329397055063119	0.450811987666686	0.098	0.081	1	OGFOD2	c3
3.45686479485525e-05	-0.450667157954046	0.439	0.568	0.45782717343063	PRKAR1A	c3
0.176218097309424	-0.450553253430059	0.015	0.029	1	TMSB15B	c3
0.028198530373536	-0.450447942137452	0.049	0.088	1	HAGHL	c3
0.551617200231961	0.449851614896723	0.073	0.065	1	LINC02001	c3
7.16417991665596e-06	-0.449745681946352	0.399	0.555	0.0948823988161915	RAB1B	c3
0.574328044274057	0.44959920243398	0.052	0.045	1	METTL22	c3
0.122750473978762	-0.449597763836608	0.061	0.088	1	POMZP3	c3
0.408870262764516	0.449373205964194	0.131	0.119	1	TIMM10B	c3
1.06700402681373e-05	-0.449201069295158	0.509	0.658	0.14131401331121	IDS	c3
0.120478978329191	0.449088319273542	0.162	0.131	1	PDE12	c3
0.905404376900796	0.448913641169357	0.012	0.011	1	AC004241.1	c3
0.628672166482548	0.448752862988032	0.098	0.092	1	PIGK	c3
7.78587286026034e-06	-0.448389128663914	0.433	0.595	0.103116100161288	GPI	c3
0.00190328771371392	-0.448313025981025	0.305	0.399	1	LSM3	c3
0.216719504961195	-0.448206844348382	0.064	0.085	1	FAM98A	c3
0.904671723417778	0.448056253877644	0.012	0.011	1	STXBP1	c3
0.0152299005385032	-0.448003779486331	0.095	0.149	1	PDPK1	c3
0.112892401253461	-0.447941525217088	0.061	0.089	1	MTHFD1	c3
0.480421702867069	0.447864982947878	0.015	0.01	1	DMXL2	c3
0.284776075528397	0.447759768362662	0.043	0.03	1	RFESD	c3
0.458888242401709	0.447663371146901	0.07	0.059	1	RAB30	c3
0.000165175884261423	-0.447435631389843	0.284	0.412	1	VDAC3	c3
0.729140218842679	0.447330926358806	0.082	0.078	1	MAPK3	c3
0.00124218786302205	-0.447219594633878	0.299	0.4	1	ADRM1	c3
0.449695940626269	0.447086573949494	0.079	0.068	1	RNF170	c3
0.723171174500712	0.446921240242233	0.091	0.087	1	PDSS2	c3
0.659052647133998	0.446888348036414	0.012	0.009	1	TRBJ2-3	c3
2.39925106688847e-12	-0.446735114013451	0.829	0.93	3.17756811298709e-08	PSME1	c3
0.193300512805325	0.446499135623687	0.034	0.052	1	AGPAT3	c3
0.60855728779903	0.446353396337966	0.024	0.02	1	FBXW9	c3
0.00321701048159506	0.446152043646453	0.46	0.392	1	FAM107B	c3
0.101914861411353	-0.446083499433679	0.034	0.057	1	FOCAD	c3
0.167540192065578	-0.446037922119352	0.064	0.088	1	CBX4	c3
0.963451061551361	0.4457972026454	0.037	0.037	1	PTDSS2	c3
0.323407358901237	0.445651625859037	0.125	0.106	1	MOB2	c3
0.151841454809498	0.445611295691318	0.095	0.07	1	MAP4K4	c3
0.818830122218607	0.445568886409383	0.034	0.036	1	ATXN1L	c3
0.681135746773096	0.445567419446656	0.064	0.058	1	LIG3	c3
0.895201486129476	0.445527377032325	0.067	0.072	1	SLC35E3	c3
0.197458901037109	0.445468862303738	0.232	0.207	1	RNF220	c3
0.688066738127679	0.445419657071797	0.052	0.047	1	IPO11	c3
0.365225920760891	0.445108032464997	0.131	0.114	1	WWP1	c3
0.700138600509005	0.444978280649347	0.04	0.035	1	LINC01806	c3
0.504856029637587	0.444936866929069	0.061	0.052	1	ZNF569	c3
0.584439455151998	0.444905802308707	0.073	0.066	1	GLYCTK	c3
0.000113813911254512	-0.444875303664502	0.28	0.418	1	PSTPIP1	c3
0.63982392157864	0.444867939603962	0.058	0.052	1	GAA	c3
0.373252070105811	-0.444822946322353	0.012	0.02	1	DDX51	c3
0.731398022495132	0.444607070529968	0.058	0.054	1	CHCHD6	c3
0.114942281917649	0.444544203299074	0.284	0.25	1	MAZ	c3
0.270942320184399	0.44445683840116	0.137	0.118	1	AP5M1	c3
0.546849255588092	0.444410438083835	0.101	0.092	1	INTS12	c3
0.649680266576845	0.444374466781253	0.043	0.037	1	ZBTB33	c3
0.532233096252381	0.444246293290131	0.067	0.058	1	NCR3	c3
0.289384672917205	0.444215992680068	0.058	0.044	1	TCEAL1	c3
0.000144615768544332	0.444065292257637	0.598	0.537	1	SNRPN	c3
9.79172040063991e-05	-0.443987653018907	0.604	0.693	1	PSMB8	c3
0.291370807056578	0.443900012333391	0.131	0.111	1	LARP1	c3
0.910189362190952	0.443671175898794	0.155	0.16	1	YLPM1	c3
0.0123617624804172	-0.44352367086287	0.143	0.211	1	ASNSD1	c3
0.000121841872287269	-0.443496101540718	0.332	0.458	1	RNF187	c3
0.377875969898164	-0.443356750623315	0.024	0.034	1	GSDMB	c3
0.00284410786225861	-0.44318466871218	0.125	0.207	1	CDC27	c3
0.222038319173804	-0.442916318523213	0.034	0.05	1	YBX3	c3
0.107048407096416	-0.442821067857142	0.027	0.049	1	SRGAP3	c3
0.395495747850289	0.442785969722892	0.064	0.052	1	SRCAP	c3
0.00354965059324465	-0.442755638409072	0.137	0.217	1	BABAM2	c3
0.957178113001545	0.442720347724464	0.027	0.027	1	ADAMTSL5	c3
0.990953233213843	0.442706886624403	0.04	0.041	1	ZNF333	c3
0.0101336731740016	-0.442339255164339	0.192	0.263	1	WASHC3	c3
0.16275401573459	0.442178779064832	0.006	0.017	1	CIITA	c3
0.45583369494729	0.442157027485494	0.137	0.127	1	ARHGAP27	c3
0.421624589953579	0.44201442897901	0.128	0.116	1	COIL	c3
0.00880756576016279	-0.441715453895812	0.119	0.187	1	GOLGA2	c3
0.0148998874442129	0.441535616172055	0.287	0.23	1	ERCC5	c3
0.368583781312315	0.44148934927527	0.21	0.2	1	XPO1	c3
0.585840567716151	0.441475669205209	0.012	0.017	1	PYROXD2	c3
0.70624118494918	0.44141000739035	0.101	0.096	1	MRM3	c3
0.162685879647303	-0.441198566510442	0.04	0.06	1	TXNRD2	c3
0.016063441048264	0.441149674031693	0.165	0.114	1	FABP5	c3
0.255429991685517	0.44111714963869	0.101	0.081	1	IMMP2L	c3
0.164565494974256	-0.441112441769339	0.085	0.113	1	NUDT14	c3
0.0685309917336506	-0.441049016444809	0.107	0.147	1	NSG1	c3
0.00907173448068094	-0.441034565421905	0.177	0.249	1	ARFGAP3	c3
2.6730228366423e-05	-0.440931173621661	0.198	0.333	0.354015144484906	VPS37B	c3
0.104988208354981	-0.440897522759456	0.049	0.076	1	PPP1R9B	c3
0.53503973618825	-0.440871468755028	0.009	0.014	1	MTBP	c3
0.376654662301419	-0.440826019799293	0.024	0.034	1	PARD6B	c3
1.12158241580865e-08	-0.440693402082608	0.695	0.837	0.000148542375149698	PSMB9	c3
0.128999263510072	-0.440504187474674	0.018	0.035	1	ZBED6	c3
0.358517335803431	-0.440462386374465	0.021	0.031	1	BORA	c3
0.749922281371188	0.440348919135153	0.076	0.073	1	THAP2	c3
0.17349780129259	0.440328503096933	0.25	0.225	1	PCIF1	c3
0.460737016981654	0.440317411668127	0.11	0.099	1	COQ7	c3
0.209599682205263	-0.440099348652262	0.03	0.047	1	PITPNA	c3
0.778423368830518	0.440072648548569	0.061	0.057	1	NXT2	c3
0.94037829281074	0.44007070376096	0.021	0.021	1	H2AFY2	c3
2.3211320545188e-09	-0.439952091537162	0.732	0.855	3.07410729300469e-05	CAPZB	c3
0.996719535666082	0.439923874748075	0.082	0.084	1	AMBRA1	c3
0.156167474885842	-0.439919470833415	0.052	0.075	1	CHPF	c3
0.39531523592942	-0.43985044504115	0.052	0.065	1	RENBP	c3
0.0646886976751764	0.43961613756268	0.28	0.242	1	PUM2	c3
0.125645934543494	0.439604986007036	0.186	0.154	1	TGIF1	c3
0.0258890635513431	-0.439502119907099	0.11	0.161	1	VAMP3	c3
0.00795954920924449	-0.439275710656776	0.113	0.182	1	TOR3A	c3
0.155446326021613	0.439234314771787	0.189	0.159	1	TRMT10C	c3
0.852069530359411	0.439134146420066	0.024	0.023	1	ATAD5	c3
0.357586945314687	0.439063126012733	0.183	0.165	1	IPO7	c3
0.00855104343544928	-0.438985022165473	0.128	0.195	1	DLD	c3
0.768747819510503	0.43862804523194	0.079	0.075	1	KANSL3	c3
0.25000450181398	0.438487910578438	0.226	0.209	1	LAMTOR3	c3
0.013627243073555	-0.438239277800966	0.177	0.245	1	STX8	c3
0.169569026217946	0.438185743160841	0.235	0.207	1	MRPL55	c3
0.954686989979755	0.437972618616881	0.11	0.114	1	ANKRD13C	c3
0.959761087287466	0.437904313453501	0.143	0.15	1	FAM118A	c3
0.0957925366219146	-0.437895512064809	0.043	0.069	1	PCBD2	c3
0.193244949626038	0.43788000777508	0.095	0.073	1	PNO1	c3
0.221029438777912	-0.437700085289514	0.067	0.088	1	AHCYL1	c3
0.531960225553739	0.437642499250916	0.067	0.058	1	DHX58	c3
0.00381333094453854	-0.437521054997421	0.134	0.212	1	CBL	c3
0.372360996744779	0.437491063467985	0.058	0.046	1	CROT	c3
0.348597095536395	-0.43741898021067	0.027	0.039	1	LINC01588	c3
3.03225627730226e-08	-0.437386152789014	0.47	0.667	0.000401592021365912	GLIPR1	c3
0.0412456529527611	-0.437363560247613	0.085	0.13	1	LSG1	c3
0.114102999144931	-0.437157652951484	0.064	0.094	1	NUDT18	c3
0.00941704391913825	-0.437117317516307	0.174	0.25	1	PPP1R16B	c3
0.929231864703134	0.437080094333507	0.082	0.086	1	NKAPD1	c3
0.445290354325164	0.437018075311436	0.107	0.095	1	DPH5	c3
0.0535173271584705	-0.436939190170845	0.052	0.085	1	RNF169	c3
0.664268410392496	0.436836287987012	0.076	0.086	1	ADAM17	c3
0.678891637764355	0.436572551465515	0.061	0.056	1	ERI1	c3
0.293215073948073	-0.436550309581257	0.018	0.029	1	PKP4	c3
0.0305374680835443	-0.436535744838713	0.216	0.281	1	DUSP5	c3
0.00170114608580871	0.436438498046069	0.689	0.676	1	CCND3	c3
0.00648555093558241	-0.436430299250626	0.186	0.267	1	YIF1B	c3
0.970231684966507	0.43632527020806	0.091	0.094	1	POLR3E	c3
0.0672529571353906	-0.43621201438092	0.076	0.113	1	HSD17B4	c3
0.752369381337998	0.436125867836699	0.055	0.051	1	DEPDC5	c3
0.780345537319446	0.436048476434203	0.061	0.067	1	SGPP1	c3
0.114752853747581	-0.435955854251295	0.067	0.097	1	SIL1	c3
0.0666558401938106	-0.435935319561273	0.058	0.092	1	SNRNP25	c3
0.437758223246723	0.435874938349836	0.116	0.102	1	EAF1	c3
0.718497562475183	0.435808829687767	0.018	0.022	1	ABCB10	c3
0.0825433709262155	-0.435642096667611	0.061	0.093	1	MED13	c3
0.152070681500289	0.435624421207642	0.137	0.11	1	RRP8	c3
0.0149378401006706	-0.435622268434939	0.085	0.138	1	CHKB	c3
0.0505613315404708	-0.43551492457512	0.046	0.079	1	NUDT16	c3
0.0177793461404736	0.435437137157271	0.436	0.389	1	SMAP2	c3
0.00250952453391171	-0.435402010448138	0.213	0.312	1	DDRGK1	c3
0.899403712731794	0.435292428369975	0.034	0.035	1	PPARA	c3
0.127666405079401	-0.435094993558403	0.055	0.081	1	VARS	c3
0.241192143232269	-0.434957356451582	0.009	0.019	1	TRAV30	c3
0.0405276034738679	-0.434839290392608	0.095	0.14	1	ATL3	c3
5.18057107128227e-06	-0.434827319575177	0.412	0.57	0.0686114832680624	EMB	c3
0.0256574287759795	-0.434714811430883	0.079	0.127	1	RMND5A	c3
0.0317449599176827	-0.43463276929521	0.159	0.217	1	NLRC3	c3
0.0352105562424384	0.434500287632176	0.305	0.255	1	ABTB1	c3
0.0323457162918535	-0.434450856281196	0.168	0.225	1	MID1IP1	c3
0.953322158310233	0.434421861009168	0.034	0.033	1	FBP1	c3
0.414097097966379	0.434343246372424	0.049	0.039	1	KIAA0355	c3
0.430854460514503	0.43418068746865	0.119	0.106	1	HDHD5	c3
0.147185847652204	-0.434162127982894	0.024	0.043	1	DHX57	c3
0.130027667645523	0.433981804062278	0.192	0.16	1	AP002387.2	c3
0.28561719435524	0.433782217853393	0.238	0.223	1	LRBA	c3
3.39172392572141e-13	-0.433688154862026	0.838	0.939	4.49199916722543e-09	ARPC3	c3
0.197365264613476	-0.433534281367827	0.018	0.032	1	FDX2	c3
0.900355483338743	0.433401726346817	0.043	0.042	1	ZDBF2	c3
1.54139759417044e-06	-0.433368765742096	0.662	0.794	0.0204142697371933	PDIA3	c3
0.110137604813135	-0.433301515225203	0.07	0.1	1	HAUS6	c3
0.96740404438975	0.433036679554576	0.034	0.033	1	AC103724.3	c3
1.74591798314245e-05	-0.433014801479827	0.442	0.589	0.231229377687386	ENSA	c3
0.0234461920223215	-0.432982267231848	0.082	0.13	1	PARP12	c3
0.274704304115981	0.432963378687853	0.11	0.091	1	TMEM69	c3
0.427434118681841	0.432925016988107	0.061	0.05	1	DNASE1L1	c3
0.391465635323363	0.432888278576674	0.018	0.027	1	DNAL1	c3
9.76797576756835e-05	-0.432848743890218	0.302	0.432	1	LAIR1	c3
6.6535815859001e-13	-0.432824616600931	0.927	0.971	8.81200345236609e-09	EVL	c3
0.69643179417173	0.432330871092211	0.064	0.059	1	CAPN10	c3
0.74115277034737	0.432330718810081	0.14	0.138	1	SGMS1	c3
0.213386032961335	-0.432328510872905	0.003	0.01	1	MUC12	c3
0.606348517514207	0.432313299393462	0.155	0.152	1	FLYWCH2	c3
0.000439170323037333	-0.432264912556429	0.366	0.492	1	ITGAL	c3
5.17357377673814e-05	-0.432203059123295	0.326	0.472	0.6851881109912	LAMTOR1	c3
0.0060060367539257	-0.432199569080538	0.174	0.251	1	SMIM12	c3
0.294934537134368	0.43211720089615	0.012	0.006	1	GOLGA6L9	c3
0.00674411272437638	-0.431993728319235	0.146	0.224	1	BCAS4	c3
0.876597786189642	0.431783496925025	0.037	0.035	1	UNC119B	c3
0.0624636247089516	-0.431694681620368	0.024	0.049	1	CAD	c3
0.256575803280561	0.431587474125888	0.159	0.138	1	TMEM70	c3
0.767010785131232	0.43139814260107	0.064	0.06	1	AL135925.1	c3
0.000182573600750962	-0.431357826124409	0.338	0.464	1	PDLIM2	c3
0.0806934396423695	-0.431178179177347	0.198	0.243	1	TNFSF10	c3
0.000445050311959689	0.43117786430501	0.634	0.593	1	RNASET2	c3
0.0296617533470592	0.43111643008178	0.518	0.471	1	SMCHD1	c3
0.00855502687484074	0.43108960541195	0.393	0.342	1	ATP6V0E2	c3
0.851534411712835	0.43100269551823	0.085	0.083	1	PHC1	c3
0.000128570405098469	-0.430906708841611	0.201	0.332	1	BAZ1B	c3
0.352358817829448	0.430655826844443	0.165	0.149	1	TMEM138	c3
0.281025601312698	0.430629413552551	0.152	0.132	1	DICER1	c3
0.219568240604068	0.430580287359849	0.238	0.217	1	NUMA1	c3
0.000610419426715019	-0.430523979849881	0.226	0.335	1	EPS15	c3
0.732680056071168	0.430520897042716	0.03	0.027	1	ZNF275	c3
0.266060354598815	-0.430501890329774	0.024	0.037	1	PARL	c3
7.39234113454699e-06	-0.430404264631434	0.482	0.65	0.0979041659859404	COX5A	c3
0.615088355973575	0.430366152851218	0.067	0.06	1	DCUN1D4	c3
0.659322531155515	0.430255037629354	0.03	0.026	1	PRPF40B	c3
0.116144073818681	0.429839491567577	0.314	0.286	1	TRAF1	c3
5.40571835318029e-05	-0.429611268926712	0.649	0.726	0.715933338695197	FKBP1A	c3
0.145170785752006	-0.429451955231174	0.024	0.043	1	ADAT3	c3
0.0351184627550554	-0.429448831577922	0.043	0.078	1	RTP4	c3
0.0305316145531242	0.429411685630835	0.366	0.329	1	DNAJB14	c3
0.569284025543029	0.429342447545069	0.137	0.13	1	IDH3A	c3
0.115319173765756	-0.429196251005909	0.04	0.063	1	MTRF1	c3
0.00333299994441211	-0.429069729168164	0.189	0.279	1	CSRP1	c3
0.715184413834709	0.428985946784027	0.027	0.024	1	NACC2	c3
0.43925123295184	0.428869094744205	0.076	0.065	1	CHUK	c3
0.106778444391876	-0.428822928785876	0.101	0.136	1	SGTA	c3
0.0615337743479355	0.428808948206999	0.262	0.224	1	RETREG1	c3
0.125036925043276	-0.428759053937823	0.015	0.031	1	LRRC2	c3
0.0497649956591632	-0.428740384577817	0.015	0.037	1	STARD4	c3
0.213386032961335	-0.42861579684678	0.003	0.01	1	AL136531.2	c3
2.24330784346925e-10	-0.428551582867114	0.79	0.901	2.97103690789067e-06	SSR4	c3
7.26079911996351e-06	0.428494794599603	0.72	0.673	0.0961620235447967	DENND2D	c3
0.335808020094177	0.428324171173172	0.079	0.065	1	ANKRD26	c3
0.108679004556093	0.428215378328044	0.28	0.251	1	CTDSP2	c3
0.00107655349929942	0.428215122070078	0.512	0.454	1	EIF1B	c3
0.192807547024185	-0.428120242254195	0.04	0.058	1	TCEANC2	c3
0.135170768963419	-0.428043086294126	0.034	0.055	1	USP46	c3
0.379945825787674	-0.427911656724694	0.018	0.027	1	BOLA2B	c3
0.248535111106054	0.42772019338912	0.168	0.147	1	MRPS27	c3
0.0365073764820501	-0.42750764353478	0.079	0.123	1	SFXN3	c3
0.673016357154915	0.427499724307209	0.091	0.086	1	BNIP1	c3
0.0217015049696841	-0.427280297395336	0.159	0.222	1	SAMM50	c3
0.00143906613075039	-0.427278881712741	0.226	0.333	1	CPNE3	c3
0.234343640593839	0.427249887687216	0.146	0.124	1	C11orf1	c3
0.336851609783569	-0.427222372434427	0.024	0.035	1	FICD	c3
0.0324499515716968	-0.427219570967251	0.11	0.159	1	PPP1R35	c3
0.436253295402374	0.427131915636834	0.119	0.106	1	EEFSEC	c3
0.670674018874952	0.427125446993072	0.095	0.089	1	ASB16-AS1	c3
0.0142996742793892	-0.426817730341459	0.104	0.16	1	SMG6	c3
0.0751115376456754	-0.426599133010042	0.101	0.14	1	FMNL3	c3
0.000134062800706356	-0.42658332026972	0.223	0.349	1	CMC2	c3
0.272349717267245	-0.426535288792496	0.034	0.048	1	MKS1	c3
0.338381767651034	-0.426522511705162	0.006	0.012	1	GTPBP2	c3
0.528946077339163	0.42635304957959	0.091	0.082	1	ZNF14	c3
0.196543930181834	-0.426289963882003	0.006	0.016	1	SNAI3-AS1	c3
0.0111214607916199	-0.426260578690171	0.143	0.211	1	AC007384.1	c3
0.980385686342542	0.426142009519274	0.131	0.136	1	ATXN3	c3
0.150327114781473	-0.425984638014548	0.018	0.034	1	AXIN1	c3
0.540068734478106	0.425658804150809	0.189	0.178	1	RNF216	c3
0.142062038180119	-0.425321583152524	0.076	0.104	1	ELOA	c3
0.309710041634073	0.425214957589582	0.128	0.109	1	TRNT1	c3
0.330012756993095	0.425127762023098	0.098	0.081	1	AHI1	c3
0.422183508958972	-0.425103160332957	0.073	0.086	1	GPR137	c3
0.104940285279596	-0.424973966516159	0.07	0.101	1	ATP6V1A	c3
2.39548400211843e-06	-0.424830770097623	0.515	0.683	0.0317257901240564	RPL22L1	c3
0.614503595489915	0.424800591492074	0.085	0.078	1	APH1B	c3
0.000721400625173108	-0.42476785432913	0.229	0.334	1	FDX1	c3
0.738279072658163	0.424666497060802	0.018	0.016	1	POMK	c3
0.521603129647336	0.424663663946388	0.04	0.032	1	ELOA-AS1	c3
0.402338021946128	0.424514635442677	0.119	0.105	1	KRBOX4	c3
0.564008962358782	0.424335162976404	0.171	0.163	1	STAG1	c3
0.832123620785073	0.424319873509782	0.043	0.041	1	AP4S1	c3
0.919903549983376	0.424319821455644	0.043	0.045	1	MCOLN1	c3
0.0816689127681905	-0.423934177810101	0.058	0.088	1	SLC25A4	c3
0.839009461022049	0.42388914077466	0.04	0.043	1	TEP1	c3
0.000375679106457558	-0.423886887279748	0.436	0.55	1	HNRNPUL1	c3
0.0658547382827572	0.423766551448323	0.402	0.377	1	CYTH1	c3
0.251395310708186	0.423664244405009	0.195	0.174	1	CCNL2	c3
0.583107134799322	0.423607886419822	0.049	0.058	1	WDR60	c3
0.11906835691869	-0.423232581027826	0.043	0.067	1	ZNF628	c3
0.950685153176891	0.423156513007367	0.049	0.049	1	AC006213.2	c3
0.000837512940616907	-0.423051231914242	0.14	0.235	1	IL12RB1	c3
0.230421760969481	0.422648004840626	0.265	0.247	1	RFC1	c3
0.2550806758578	-0.422477754985129	0.034	0.049	1	AL136454.1	c3
0.745832748612859	-0.422426108606438	0.012	0.015	1	MINDY1	c3
0.133706906096535	0.422405348221147	0.247	0.217	1	CDK4	c3
0.417397674625379	0.422307180752551	0.238	0.226	1	HECTD1	c3
0.241346260619125	0.422299461126931	0.122	0.1	1	SACS	c3
8.06012625173389e-06	-0.422271706249817	0.747	0.827	0.106748312077964	LDHA	c3
0.763816300956103	0.422193049081273	0.012	0.015	1	PKN3	c3
1.07581539053033e-15	-0.422183944909808	0.945	0.993	1.42480990321837e-11	ITM2B	c3
0.122162052671738	-0.422103695965916	0.03	0.052	1	MARK4	c3
0.662169683939222	0.421959494239546	0.049	0.044	1	IPP	c3
0.000281832264583847	-0.421849151497294	0.393	0.514	1	EIF4H	c3
0.035008235899879	-0.421584399771636	0.076	0.12	1	USPL1	c3
0.0147310480554082	-0.421197907710928	0.652	0.686	1	DUSP2	c3
0.764489313764866	0.421102578409725	0.076	0.073	1	IL2RA	c3
0.401386872418378	0.421073303419369	0.137	0.125	1	PGS1	c3
0.802325221910877	0.421059200913768	0.055	0.052	1	NIFK-AS1	c3
0.81004178288878	0.421036829191558	0.073	0.071	1	RBM34	c3
0.662570427261452	0.421022711256176	0.101	0.095	1	EDRF1	c3
0.501072374466157	0.420945213124403	0.113	0.101	1	FANCF	c3
0.305545476477981	0.420930937179293	0.177	0.157	1	PAFAH1B3	c3
0.567888299517249	0.420892665094663	0.125	0.117	1	CLASP2	c3
0.356959366552488	0.420730804130603	0.171	0.156	1	ING4	c3
0.279910994331543	-0.420685955081267	0.012	0.022	1	ZNF501	c3
0.137336258323697	0.420668590464944	0.177	0.146	1	MRPL45	c3
0.0413666839363567	0.420660229355613	0.238	0.188	1	TMX2	c3
0.93436823913214	0.420495365336745	0.137	0.138	1	BRD9	c3
0.728154602451892	0.420475413922214	0.03	0.027	1	CNNM3	c3
0.000428468370513352	-0.420429721066278	0.363	0.469	1	CTDSP1	c3
0.0163708923877194	-0.420341318097302	0.14	0.202	1	YARS	c3
0.000145999133003666	-0.420199690478116	0.296	0.438	1	STK10	c3
0.00252420163500372	-0.420185944572829	0.293	0.392	1	MGAT1	c3
0.17305135928609	0.419921982450034	0.201	0.173	1	NCBP2-AS2	c3
0.780050590271378	0.419419628315975	0.073	0.079	1	ZNF764	c3
0.203832808216173	-0.419241345181962	0.009	0.02	1	ANO8	c3
0.035095640221169	-0.419095397357084	0.079	0.125	1	AL139246.5	c3
0.170151576268723	0.419059658223772	0.177	0.15	1	TDP1	c3
0.0284121724626479	-0.418885040443989	0.213	0.275	1	COPS3	c3
0.958849213243561	0.418692353837332	0.064	0.066	1	FMR1	c3
0.00362111566820275	-0.418585434205086	0.216	0.304	1	RAB18	c3
0.681171308234521	0.418524050531718	0.137	0.135	1	GNL2	c3
0.357412408666095	0.418420120855161	0.201	0.188	1	MAP2K4	c3
0.405509102238871	0.418314966792409	0.04	0.052	1	KMT5C	c3
0.762527388966226	0.417995786685512	0.012	0.015	1	PPP2CB	c3
0.0476223624530496	-0.417866949447309	0.107	0.153	1	EXOC2	c3
0.341933953551128	-0.417700502905438	0.024	0.035	1	ZNF789	c3
0.75076554926686	0.41762136637323	0.058	0.054	1	PAN2	c3
0.00317531569516289	-0.417523580649322	0.494	0.585	1	ARHGAP9	c3
0.771320789992108	0.417516430902876	0.082	0.079	1	MED13L	c3
0.410851251916121	0.417360113007383	0.159	0.146	1	EPM2AIP1	c3
2.64287432861993e-05	-0.417322786018238	0.463	0.63	0.350022276082423	RNF167	c3
0.70668913820402	0.417277250009474	0.061	0.069	1	TCTEX1D2	c3
0.241513114641056	0.417261523484189	0.454	0.452	1	NSMCE3	c3
0.195547661370866	-0.417220521392392	0.043	0.062	1	CCDC18	c3
0.373661337490829	0.417217475048495	0.186	0.173	1	LZIC	c3
0.460784311708243	-0.417009099424871	0.015	0.022	1	F12	c3
0.44841100441838	0.416877138643026	0.055	0.045	1	MIER2	c3
0.819827584958055	0.416395063063769	0.03	0.028	1	LEKR1	c3
0.796198656318778	0.416359043679063	0.064	0.06	1	SCLY	c3
1.28862328831736e-05	-0.416339889378483	0.509	0.64	0.170665268304752	IL2RG	c3
0.38107008075903	0.416249862912876	0.076	0.062	1	EID3	c3
0.103320243011454	-0.416155223817163	0.052	0.08	1	POMC	c3
0.000243426439878574	-0.416070456438036	0.39	0.516	1	TWF2	c3
0.903057498078319	0.416040300481158	0.101	0.101	1	ZBED1	c3
0.116913834884213	0.415963150060933	0.21	0.177	1	CEBPZOS	c3
0.00828735782283082	-0.41592880631398	0.091	0.153	1	PHF23	c3
0.0122188616397589	-0.415913668968124	0.159	0.229	1	TIMM8B	c3
0.0811064247979459	-0.415691819985408	0.107	0.146	1	POLR2M	c3
0.750975497269178	0.415632179350637	0.189	0.187	1	RIF1	c3
0.393671675068702	0.415453586483979	0.046	0.035	1	TRAV35	c3
0.709669168904827	0.415292668213887	0.238	0.241	1	FRYL	c3
0.660415018733819	0.415172522267106	0.134	0.13	1	SERGEF	c3
0.185343678770569	-0.415101998666855	0.058	0.08	1	TADA1	c3
0.118738443743486	0.414948136895428	0.32	0.292	1	MED28	c3
0.392692343946079	0.414945315859057	0.168	0.154	1	KPNA1	c3
0.000268356051224963	-0.414944946340175	0.274	0.404	1	CASP1	c3
0.832154046684971	0.414818547408283	0.027	0.03	1	DET1	c3
0.537346034857388	0.414796104545431	0.018	0.014	1	ZNF223	c3
0.504609298547761	0.414489322173194	0.058	0.049	1	TSHZ1	c3
6.68454933313674e-06	-0.41417596807548	0.601	0.719	0.0885301713680629	TRAPPC1	c3
0.133366242151184	-0.414080302663475	0.061	0.088	1	RIPK3	c3
0.0961773275755095	-0.414079509714927	0.07	0.102	1	SETDB2	c3
0.354730454215938	0.414071197710983	0.018	0.011	1	ZNF579	c3
0.000981334314880121	-0.413986187021501	0.18	0.28	1	NARF	c3
0.000306649255232294	-0.413917212428229	0.341	0.47	1	HM13	c3
0.434784537208082	0.413875083895746	0.049	0.061	1	TMCO4	c3
0.0280920753498163	-0.41376458227837	0.082	0.13	1	POLR3C	c3
0.475782903443165	0.413680262842673	0.174	0.163	1	BCL10	c3
0.0402058613100197	-0.413545679145763	0.177	0.233	1	CTR9	c3
0.0128195247596213	-0.413470192273143	0.107	0.166	1	RNF40	c3
0.365574063565767	0.413447865055255	0.088	0.074	1	RFNG	c3
0.485900666520629	0.413266962104576	0.027	0.021	1	C4orf46	c3
0.224368117611834	0.413135349826951	0.229	0.207	1	CCDC174	c3
0.0943674140865745	0.413133355763925	0.168	0.13	1	ZC3H6	c3
0.249592285844625	0.412976715191653	0.076	0.058	1	EPC2	c3
0.128966876956864	0.412841409570648	0.171	0.14	1	TRMO	c3
4.46963520841217e-05	-0.412787009354532	0.265	0.412	0.591958487002108	SRP19	c3
0.725408419771485	0.412715204282283	0.204	0.213	1	CAPN7	c3
0.204543673653225	-0.412612596430269	0.015	0.028	1	AL390728.6	c3
0.000698413860472672	-0.412180889890771	0.326	0.456	1	COX17	c3
0.460470666398989	0.412149232843004	0.137	0.126	1	GMFB	c3
0.0128918187625759	0.412049431587792	0.485	0.451	1	ELOVL5	c3
0.00145525191014215	-0.411935225365945	0.137	0.228	1	PFKP	c3
0.240877755929261	-0.411930197041337	0.009	0.019	1	MROH6	c3
0.81813890832896	0.411568378084048	0.055	0.052	1	EEF2K	c3
0.282778411764149	-0.411230720421043	0.009	0.018	1	WDCP	c3
4.27233398585495e-07	-0.411206473965426	0.677	0.794	0.0056582791308663	PPP1CA	c3
0.496245200743794	-0.411201703780245	0.012	0.018	1	DDX43	c3
0.64358619001103	0.411149428717037	0.079	0.073	1	TRMT2B	c3
0.259361522382176	-0.41108612953251	0.018	0.03	1	CACNB3	c3
0.430924202556974	0.411044065502476	0.107	0.094	1	TSPOAP1-AS1	c3
0.0232634795908807	-0.41092861120798	0.107	0.16	1	ZNF585A	c3
0.00104955754685419	-0.410762959731577	0.21	0.314	1	CAPN1	c3
0.028946695477003	-0.410737307577031	0.189	0.251	1	JMJD6	c3
0.146537780818874	-0.410578818568501	0.021	0.039	1	SLC39A11	c3
0.183754661114099	-0.410479853173585	0.043	0.062	1	UPRT	c3
0.624685502055955	-0.410445941239952	0.009	0.012	1	TFR2	c3
9.04103934321522e-09	-0.410319339750163	0.768	0.875	0.000119739525061542	ARL6IP5	c3
0.396710789989259	-0.410202703468884	0.049	0.061	1	KIF1BP	c3
0.00158534681249127	-0.410176189240205	0.238	0.348	1	TMEM147	c3
0.19736288444686	-0.410113574638143	0.049	0.07	1	ING1	c3
0.146175672701274	-0.409968677308557	0.04	0.061	1	ZFYVE16	c3
0.331074636403168	-0.409916373530717	0.009	0.017	1	AL353622.1	c3
0.00525698325366121	-0.409641873756269	0.125	0.198	1	MINDY2	c3
0.111218503875808	-0.409522408571243	0.049	0.075	1	DOPEY1	c3
0.0198100284277527	-0.409296215448046	0.091	0.144	1	UTP3	c3
0.558449211566016	0.409290004783119	0.037	0.03	1	AL669918.1	c3
0.0642169630399503	-0.40922113002463	0.128	0.17	1	ERCC3	c3
0.0188296458108705	-0.409216996238031	0.104	0.159	1	RAB3GAP2	c3
0.592489689046886	0.409216870377667	0.015	0.011	1	RWDD2A	c3
0.403552559200189	-0.409052869078733	0.006	0.011	1	MESP1	c3
0.146178295666468	-0.409033500893817	0.046	0.069	1	MBOAT1	c3
0.388814408681976	0.409006898259265	0.149	0.136	1	EEF1AKMT2	c3
0.448915225064932	0.408920422758209	0.341	0.349	1	PRPF4B	c3
0.265274689486965	0.408638065307257	0.152	0.13	1	MCPH1	c3
0.213386032961335	-0.408618958557599	0.003	0.01	1	SPAG1	c3
0.811937423034601	0.408608322279837	0.015	0.014	1	CTH	c3
0.0611066958638313	-0.408130749444731	0.134	0.18	1	TXNRD1	c3
5.1096511426633e-06	-0.407984108408211	0.476	0.633	0.0676722197334328	BSG	c3
0.17203837774326	0.407980036592118	0.235	0.205	1	TMEM18	c3
0.0207178052230171	-0.407575827984802	0.152	0.215	1	PUM3	c3
0.0810529776791252	-0.407211851914184	0.064	0.097	1	RXYLT1	c3
0.808897815199009	0.407083678427614	0.07	0.068	1	CASK	c3
0.363357543102446	0.406977708073463	0.104	0.087	1	LACTB2	c3
0.224871515825692	-0.406963085409094	0.018	0.031	1	RACGAP1	c3
0.179168691640352	0.406931232784891	0.226	0.201	1	ZCCHC7	c3
0.000647059595403463	0.406927548957139	0.588	0.519	1	OCIAD2	c3
0.00641186321759348	-0.406909639070264	0.122	0.193	1	NUP62	c3
0.180343767427378	-0.406667045807391	0.085	0.111	1	PATZ1	c3
0.0974304369365738	-0.406646797326769	0.11	0.147	1	RABL2B	c3
0.0103748225920724	-0.406521191614791	0.152	0.227	1	AP2A1	c3
0.560913989327544	0.406509404578892	0.082	0.074	1	DHRS4-AS1	c3
0.00844355615251169	-0.406378274629118	0.104	0.165	1	DZIP3	c3
0.844812999496016	0.406344118001547	0.107	0.107	1	HPS4	c3
0.310652096310665	0.406211537535955	0.216	0.199	1	PPIL4	c3
0.241673528940969	0.406068188882375	0.159	0.135	1	ELK3	c3
0.169743955486984	0.405661697683454	0.107	0.081	1	TCEAL3	c3
0.467560070847588	0.405580852741099	0.095	0.083	1	KIAA0586	c3
0.28309884653638	0.405510369951436	0.247	0.231	1	SMPD1	c3
0.00121194181843546	-0.405482690474825	0.384	0.492	1	IL2RB	c3
0.215883807000724	0.405343407403991	0.326	0.309	1	PTP4A1	c3
0.21260368998791	0.405141808936065	0.22	0.196	1	USP22	c3
8.54104470443385e-05	-0.404938587986616	0.506	0.617	1	TMED2	c3
0.855078243020101	0.404834496017813	0.009	0.01	1	SND1-IT1	c3
0.0775990811317129	-0.404818944464425	0.058	0.089	1	ZNF512	c3
0.000142021100396324	0.404783978665143	0.747	0.682	1	DDX17	c3
0.184079515394039	-0.404770753495787	0.052	0.074	1	RFT1	c3
0.0347954631553801	0.404724849300674	0.287	0.237	1	THAP7	c3
0.00344856551770651	-0.404576276826285	0.277	0.378	1	BCL2A1	c3
0.502378018426611	0.404461844567895	0.088	0.078	1	DLAT	c3
7.43809259429646e-10	-0.404291841615623	0.811	0.898	9.85100983188623e-06	TPM3	c3
7.587297182648e-05	-0.404277783955352	0.448	0.593	1	SRI	c3
0.338381767651034	-0.404263354325038	0.006	0.012	1	ZCCHC24	c3
0.0287151562669668	-0.403881180576779	0.098	0.148	1	ACAT1	c3
0.0871690315334455	0.403764340217779	0.314	0.286	1	TUT4	c3
0.214482290868573	-0.4036018579341	0.043	0.061	1	NOP14-AS1	c3
0.237680124416539	0.403595513173062	0.14	0.119	1	HELQ	c3
0.0366074398195188	-0.403327812733006	0.073	0.116	1	KLC2	c3
0.678343694209771	0.403293670506197	0.146	0.142	1	RNF111	c3
0.302833906689258	0.403192455400118	0.201	0.181	1	ZC3H7A	c3
0.583755402010121	0.403189664654744	0.046	0.055	1	ABCA5	c3
0.232503216663466	0.403082478831972	0.137	0.114	1	GAMT	c3
0.49645780387126	0.403005792810343	0.149	0.139	1	CXorf40B	c3
0.102604244808911	-0.402711611173585	0.131	0.169	1	VGLL4	c3
0.24522730823833	-0.402698304553646	0.027	0.042	1	RTN4IP1	c3
0.447951625311344	-0.402619007264098	0.03	0.04	1	L3HYPDH	c3
0.405714492400542	-0.402542970873279	0.03	0.041	1	ZNF181	c3
0.934425382622433	0.402499235878596	0.067	0.07	1	ACTR8	c3
0.62728835348897	0.402272500232628	0.201	0.198	1	PYGO2	c3
0.000736591431342141	-0.402248635248857	0.851	0.882	1	CD74	c3
0.133912504303196	0.402242593475954	0.238	0.208	1	RHOT2	c3
0.13863445922824	-0.401988225581059	0.052	0.077	1	BTBD9	c3
0.0732112674415486	-0.401849381726099	0.091	0.13	1	SLC25A22	c3
0.228217168149962	0.401662783203035	0.201	0.182	1	ADA2	c3
0.000460133468489366	-0.40150357201065	0.354	0.484	1	DCTN3	c3
0.715088817458518	0.40149670712128	0.04	0.035	1	RNF103	c3
0.100529335555863	-0.401446583347923	0.082	0.114	1	SNTB1	c3
0.0679523093649375	0.401353982623176	0.302	0.26	1	SECISBP2	c3
0.602663891934189	0.401230037301417	0.098	0.092	1	DMAC2	c3
0.000162032651896957	-0.401153953799013	0.155	0.268	1	GALM	c3
0.319455870263372	0.401119636868716	0.128	0.11	1	ZNF92	c3
0.640762382138665	0.401087597563358	0.018	0.015	1	HSD11B1L	c3
0.429120207765375	0.401036227890793	0.119	0.105	1	TXLNG	c3
0.686979727225622	0.400997452066929	0.085	0.081	1	GPN2	c3
0.552403875703907	0.400970497705178	0.04	0.049	1	CDKN2C	c3
0.755443464877883	0.400472766645856	0.027	0.031	1	FANCM	c3
0.152026872638831	0.400413733653032	0.232	0.203	1	RCC1	c3
0.563363262228676	0.400189299303166	0.027	0.022	1	TESMIN	c3
0.0177707620108082	0.40007236133839	0.402	0.351	1	EMC10	c3
1.23240882472114e-21	-0.400004754058561	0.991	0.999	1.63220224746068e-17	HLA-C	c3
0.292053178062549	0.399739942640188	0.229	0.21	1	IL10RB	c3
0.378793562447351	-0.399175387651901	0.024	0.034	1	ZBTB11-AS1	c3
1.21784953058075e-08	-0.398861425815752	0.689	0.863	0.000161291991830115	LCP2	c3
0.00469448570740288	-0.398861072910578	0.247	0.334	1	BCL2	c3
0.727249913389668	-0.398775596578062	0.009	0.011	1	CDCA8	c3
0.00886512260749399	-0.398729981633376	0.256	0.334	1	SMARCE1	c3
0.00210130902900988	-0.398610692516056	0.223	0.319	1	CTSS	c3
0.0393923346370144	-0.398502298500131	0.058	0.097	1	BACH1	c3
0.438730753886815	0.398426106764524	0.155	0.143	1	CNOT3	c3
0.00455867283218548	-0.398417520317557	0.25	0.343	1	RNF166	c3
0.594969466488922	0.3983873544405	0.015	0.011	1	EPHA4	c3
3.46156554111669e-06	-0.398190751332251	0.415	0.586	0.0458449740265494	PDIA6	c3
0.000210929952382263	-0.3981077229383	0.473	0.591	1	NDUFB10	c3
9.49150222127837e-06	-0.397996068903884	0.573	0.714	0.125705455418611	ANXA6	c3
0.813449284827048	0.397962766464929	0.149	0.164	1	INTS6	c3
0.000137855399257488	-0.397943398184001	0.341	0.486	1	PPP1R12A	c3
0.640188263685156	0.397903502018134	0.018	0.015	1	AC097534.2	c3
4.58984929846168e-08	-0.39765465092427	0.692	0.825	0.000607879641088265	ELOB	c3
0.484120334889867	-0.397349994801282	0.006	0.01	1	SESTD1	c3
0.0803473926295061	-0.397254636161637	0.058	0.089	1	C1orf216	c3
0.174139261291084	-0.397197531632939	0.037	0.056	1	AL392172.1	c3
0.0367610618041215	-0.397192487458185	0.067	0.109	1	PRKCZ	c3
0.239307902811753	0.397183836159956	0.387	0.373	1	VMP1	c3
0.760570289002402	0.397168321808885	0.168	0.171	1	ZBED5	c3
0.444880561459721	0.397101816888048	0.076	0.065	1	FASTKD5	c3
0.539519810193487	0.397005408875883	0.018	0.014	1	NEURL1	c3
0.0861407967879453	-0.396806276035871	0.009	0.025	1	SLX4	c3
0.111884463049759	0.396786900594922	0.433	0.417	1	TGOLN2	c3
0.00472140335931825	-0.396629830287074	0.192	0.284	1	GPS1	c3
0.217325677196591	-0.396134682105912	0.098	0.122	1	AKT3	c3
0.803184831596488	0.39606235607268	0.095	0.102	1	STX6	c3
0.876303400804266	0.395850059230359	0.03	0.029	1	PRKACA	c3
0.835660745450685	0.395792397629412	0.104	0.103	1	CEP120	c3
0.237206802539953	0.395294733571742	0.232	0.211	1	DPF2	c3
0.31096397320263	0.395178699818563	0.107	0.088	1	LDOC1	c3
0.964536985634252	0.395161118405132	0.058	0.058	1	TTC21B	c3
0.280221455805612	0.395058224126783	0.122	0.101	1	CBX7	c3
0.747753143442818	-0.395053584169354	0.012	0.015	1	AURKA	c3
0.0547772537372329	0.395014359949882	0.366	0.334	1	DNPH1	c3
0.00823811141537133	-0.394846805060036	0.183	0.259	1	BORCS7	c3
0.358185167251678	0.394656332591291	0.326	0.325	1	NGRN	c3
0.158374884272151	-0.394626826201117	0.037	0.057	1	ZSCAN16	c3
0.000193108872992991	-0.394583488826262	0.351	0.489	1	ROCK1	c3
0.483115226939579	0.394100741164149	0.207	0.199	1	SPATA13	c3
0.0525007653204462	-0.393858411735145	0.088	0.131	1	HYI	c3
0.961321186120764	0.393830413962221	0.073	0.075	1	LRRC28	c3
0.633879615456747	0.393791072860548	0.009	0.012	1	TRBV5-5	c3
0.907559154693522	0.393672610312733	0.058	0.057	1	PUSL1	c3
0.488647453810797	0.39366836972523	0.006	0.01	1	ZNF710	c3
0.776959183390563	0.393582259001539	0.076	0.073	1	SOCS4	c3
0.00304064951416507	-0.393242464485821	0.152	0.236	1	RAB11FIP1	c3
0.972030756004058	0.39302598233514	0.046	0.047	1	PLAGL2	c3
0.0160643935690838	0.392927286617975	0.424	0.373	1	IGBP1	c3
0.000743360386487037	-0.392920190739308	0.323	0.436	1	PRDX3	c3
0.326125405658885	0.392915328219066	0.168	0.152	1	MSL2	c3
0.112527974090007	-0.392666894224046	0.101	0.135	1	GRN	c3
0.53503973618825	-0.392528345746186	0.009	0.014	1	C5orf34	c3
2.99682006836952e-05	-0.392362540025917	0.405	0.549	0.396898849854859	RPN2	c3
0.37501072837119	-0.39234622229677	0.034	0.045	1	ZNF552	c3
0.812321179570432	0.39229544278434	0.037	0.034	1	CYP2U1	c3
0.00449608465008023	0.392264002377781	0.543	0.506	1	SEMA4D	c3
0.103478622143263	0.392258116918875	0.244	0.211	1	STX17	c3
0.0013815751425569	-0.392196877168271	0.323	0.442	1	PDCD5	c3
0.163057383672219	-0.392131471619628	0.024	0.042	1	PLAGL1	c3
0.00924156368540126	-0.391964520206533	0.314	0.402	1	RAB8A	c3
0.207028305548126	-0.39187270155501	0.024	0.04	1	KBTBD7	c3
0.415878458257985	0.391855599595323	0.149	0.136	1	TP53RK	c3
0.601590709423866	0.391785413558806	0.085	0.098	1	N4BP1	c3
0.0559985742269095	-0.391732558395864	0.119	0.163	1	GNPDA1	c3
0.137156710610538	-0.391560207589585	0.027	0.047	1	FBXW4	c3
0.0726456049947545	-0.391547497104686	0.043	0.072	1	RREB1	c3
0.02903023401686	-0.391392069082108	0.091	0.142	1	BOLA2-SMG1P6	c3
0.814412515056318	0.391131708133496	0.119	0.129	1	ZNF280D	c3
0.377521959129598	0.391038275049779	0.07	0.056	1	VMAC	c3
0.287854756480746	-0.39087163726788	0.027	0.041	1	ETAA1	c3
0.672957493024853	0.390864327648755	0.049	0.044	1	C5orf63	c3
0.0608337487212537	-0.390788847701196	0.04	0.07	1	CPT2	c3
0.360703072668322	0.390762508836178	0.247	0.237	1	TTC17	c3
0.429168277534284	0.390744667222691	0.095	0.082	1	TAMM41	c3
0.323092712484483	0.390733314537428	0.363	0.358	1	PHIP	c3
3.12818186098601e-29	-0.390649785069741	1	1	4.14296405668987e-25	TMSB4X	c3
0.0432865016985262	-0.390583220771338	0.046	0.08	1	CRAT	c3
7.84602869149915e-05	-0.390503936005679	0.433	0.575	1	PSMA5	c3
0.0200767829297498	0.39043532922146	0.47	0.428	1	CHD2	c3
0.00398689224385935	-0.390370430908096	0.32	0.412	1	MAP4K1	c3
0.355599938416693	-0.390349940922599	0.064	0.079	1	PPAN	c3
0.474382003581891	0.390272127431658	0.204	0.194	1	UPF2	c3
0.0466483501072738	-0.390153691736626	0.098	0.143	1	CMAS	c3
0.962545002459185	0.390074833257595	0.055	0.057	1	EHBP1	c3
0.653025342274325	0.390062167238355	0.034	0.04	1	SPATS2	c3
0.167977155381326	0.389985152311642	0.223	0.199	1	ZNF430	c3
0.136249553614481	0.38992531382865	0.149	0.118	1	DOCK11	c3
0.877227786775163	0.389749822379512	0.03	0.029	1	THNSL1	c3
0.662581756429837	0.389725090744719	0.088	0.082	1	FBXO8	c3
0.00343711934198815	-0.38946495719188	0.354	0.451	1	SPCS3	c3
0.00214489479170508	-0.389456047673581	0.317	0.431	1	GRAP2	c3
0.116141848702941	-0.389432334186076	0.03	0.052	1	AC005332.5	c3
0.000149366945845169	-0.389283693849357	0.506	0.613	1	BZW1	c3
0.827779692050658	0.389206318906256	0.079	0.085	1	HKR1	c3
0.770260554003451	0.389127276739432	0.043	0.04	1	DAGLB	c3
0.464026972710652	0.389099524203902	0.326	0.327	1	MRPS24	c3
0.55573783956076	0.388866434572857	0.122	0.112	1	FAM219B	c3
0.12374911636792	-0.388852442757073	0.091	0.124	1	LTV1	c3
0.652086696083925	0.388847115747686	0.21	0.213	1	TBL1XR1	c3
0.409163201972299	0.388786953959114	0.006	0.011	1	C1orf56	c3
0.00013621200345733	-0.388614597826441	0.415	0.55	1	SET	c3
0.0790096384677333	0.388588888256811	0.271	0.233	1	TRIM44	c3
0.148833557556629	0.388432138785925	0.207	0.179	1	CREBRF	c3
0.136217926539948	-0.388418107603346	0.006	0.018	1	SAP30L	c3
0.123833236182748	0.38823917511629	0.247	0.213	1	KAT8	c3
0.00186400816163751	-0.388202467651273	0.32	0.427	1	AMD1	c3
0.0269284606608626	-0.388147692167792	0.055	0.097	1	SRBD1	c3
0.00727366058037013	0.388125889155721	0.345	0.277	1	SORL1	c3
0.626650822122182	-0.388038218712996	0.009	0.012	1	DNAJC3-DT	c3
0.00555990928375014	-0.388002655675424	0.128	0.202	1	MIDN	c3
0.296888196769558	0.387986831284616	0.058	0.044	1	IFT80	c3
0.000345884991389455	-0.387841795513476	0.354	0.49	1	NHP2	c3
0.0401859899424026	-0.387811303335278	0.067	0.108	1	DPP3	c3
0.00886857791486114	-0.387682172521256	0.143	0.213	1	TMEM170A	c3
0.572234070228954	0.387575589297937	0.018	0.024	1	URB2	c3
0.260613745599803	0.387521247511562	0.122	0.101	1	YBEY	c3
9.73054647866479e-05	-0.38745880787769	0.415	0.555	1	PTP4A2	c3
0.561663032662413	0.387440111501323	0.162	0.155	1	SLC30A5	c3
0.501626831033713	0.38738013639149	0.134	0.124	1	RLIM	c3
0.0016356240577214	-0.387069424919601	0.131	0.212	1	FKBP4	c3
0.336770555435966	0.387059863161191	0.235	0.214	1	TAF3	c3
0.343130141771786	0.38703415071067	0.155	0.137	1	ZFP90	c3
0.014319526841695	-0.387026196119557	0.192	0.264	1	MORF4L2	c3
0.0371255559152353	-0.386952708100552	0.073	0.117	1	RAD9A	c3
0.954974520580387	0.386773380604509	0.04	0.04	1	DISC1	c3
0.882504518068643	0.386760188067505	0.021	0.023	1	TRIM62	c3
0.0218798389333796	-0.386723210982888	0.058	0.102	1	HARS2	c3
0.156146863505871	-0.386581157647178	0.037	0.057	1	ZDHHC2	c3
0.00453705317113079	-0.386529498313733	0.235	0.324	1	STIP1	c3
0.00146408614539091	0.386453275994024	0.64	0.605	1	NSA2	c3
0.619931142213997	0.386387668417719	0.076	0.07	1	RBM15B	c3
0.00105669889911938	-0.386329842452863	0.238	0.35	1	PQLC3	c3
0.750106365383313	0.386257876501169	0.058	0.054	1	INVS	c3
0.00426890884327825	-0.386183723812337	0.113	0.184	1	IER5	c3
0.249067650451133	0.386179470914827	0.299	0.283	1	SMC3	c3
0.0138050200855846	-0.386150274926701	0.155	0.221	1	VPS26A	c3
0.00417817736462856	-0.386108831075042	0.165	0.249	1	TFG	c3
0.0328460604193564	-0.386084183090776	0.043	0.078	1	SCPEP1	c3
0.784991202201062	0.386079239711804	0.098	0.095	1	ZNF37A	c3
0.400996112384382	0.386011913405217	0.095	0.081	1	CLK2	c3
4.54927662710459e-05	-0.385906336405773	0.473	0.623	0.602506196493732	JUND	c3
0.998250887912998	0.385834073673324	0.079	0.08	1	FTX	c3
9.85855770566418e-05	-0.385829613696563	0.601	0.727	1	CDC42	c3
0.000365463536547115	-0.3856476140629	0.445	0.559	1	HMOX2	c3
0.0242876662151969	0.385633610538929	0.445	0.404	1	ZRANB2	c3
0.00317887629486287	-0.385597011284123	0.226	0.325	1	ORMDL2	c3
0.45503262755488	-0.385594087311504	0.03	0.04	1	ATAT1	c3
0.00131958006151248	-0.385509361278781	0.332	0.432	1	CCT2	c3
0.0182640977259801	-0.385288664593662	0.107	0.164	1	TRIM21	c3
0.955447176674235	0.385278884811105	0.03	0.03	1	ALG9	c3
0.154588515882516	-0.385212054529312	0.037	0.057	1	ZNF354A	c3
0.697558565146574	0.385123659993059	0.07	0.066	1	PTBP2	c3
0.0755022998915358	0.385123348150143	0.396	0.373	1	MRPL52	c3
0.0343465206562909	-0.385053587024788	0.043	0.078	1	AAMDC	c3
0.132352501496216	-0.384897084842851	0.076	0.106	1	ANAPC1	c3
0.774085467693498	0.384824162077436	0.064	0.07	1	AGFG1	c3
0.97078529651118	0.384816160576223	0.04	0.04	1	C15orf41	c3
0.0573084307890569	-0.384779452855904	0.11	0.153	1	TYK2	c3
0.493678827425925	0.384714322679206	0.091	0.081	1	TMEM39B	c3
0.209125689853114	0.384693214434644	0.171	0.144	1	MTA1	c3
0.101902825843828	0.384658238228657	0.332	0.303	1	SFT2D1	c3
0.45886932755491	-0.384571897739725	0.009	0.015	1	AL391069.3	c3
0.436176467650874	0.384514490605238	0.122	0.109	1	PRPF4	c3
0.00109018024071781	-0.384487719586974	0.162	0.254	1	CHMP4B	c3
0.0162157549554588	-0.384440571568554	0.015	0.045	1	LRP12	c3
0.172278110387017	0.384420968006177	0.134	0.107	1	SEC16A	c3
0.0255916696838748	-0.38441896292987	0.125	0.18	1	TM9SF3	c3
0.00114802011579371	-0.384343622227356	0.223	0.332	1	SELENOS	c3
0.000265100796926572	-0.384200929635418	0.433	0.556	1	ANAPC11	c3
0.831006250017132	0.384166838025494	0.177	0.182	1	TRIP12	c3
0.104361412261585	0.384075410142295	0.277	0.245	1	CCNT1	c3
0.295208948528339	-0.384011262998516	0.018	0.029	1	THAP7-AS1	c3
0.640366098498422	0.383920022261662	0.04	0.034	1	POC1B-GALNT4	c3
0.397253267260406	0.383830336261686	0.04	0.052	1	MTMR12	c3
4.9621099753137e-06	-0.383810450459798	0.738	0.843	0.0657181845130547	ARF1	c3
0.454417989050713	-0.38378423349683	0.021	0.029	1	DNAJA4	c3
0.715042920658524	0.383749105074754	0.134	0.13	1	TTC13	c3
0.689056493135417	0.383553654091272	0.07	0.066	1	ZNF124	c3
0.681986958783443	0.383503653485834	0.027	0.032	1	VCL	c3
0.702996981883053	0.383361901242905	0.165	0.165	1	RDH11	c3
0.663357688078329	0.383338378715566	0.052	0.059	1	SPHK2	c3
0.314909692472945	-0.383243800071852	0.049	0.065	1	MOSPD1	c3
0.616807029011967	-0.383196245605347	0.018	0.023	1	PKD2	c3
0.0470908640982921	-0.383119665284362	0.271	0.336	1	SERTAD1	c3
0.28392586510017	0.383098906464231	0.091	0.074	1	TNFRSF10B	c3
0.00626638421707909	-0.383019968712436	0.338	0.415	1	ESYT1	c3
0.00128416353785552	-0.382994034428163	0.293	0.404	1	STXBP2	c3
0.879222013226988	0.382936744839578	0.091	0.092	1	PAPOLG	c3
0.382466828965062	0.382820822340111	0.244	0.235	1	EBPL	c3
0.0185654073524231	-0.38275617676509	0.162	0.226	1	MAD2L2	c3
5.78025028341826e-05	0.382689318226471	0.71	0.652	0.765536347535915	ISCU	c3
0.375131447558778	-0.382641883587706	0.024	0.034	1	TMED7	c3
0.00105813954884607	0.382613413932385	0.72	0.678	1	PPP1R2	c3
0.636995959676336	0.382553326062699	0.027	0.023	1	FAM227B	c3
0.99479580435345	0.382547208830122	0.058	0.059	1	FRS2	c3
0.0219364467713828	0.382183296206161	0.405	0.367	1	CTSB	c3
0.373654336449524	-0.382178794605658	0.012	0.02	1	RNF212	c3
0.253046692232546	-0.382076474280304	0.052	0.07	1	ZNF529	c3
0.431218347715606	0.381871132055999	0.043	0.033	1	PIGA	c3
0.576058372094564	0.381636191183099	0.064	0.075	1	CD99L2	c3
0.178639169900245	-0.381585577962896	0.015	0.029	1	ALG10	c3
0.0187396627788989	-0.381449648691644	0.235	0.315	1	UBE2J1	c3
0.775919301178581	0.381376048639384	0.119	0.118	1	HDGFL2	c3
0.489296042617932	0.381341674348468	0.006	0.01	1	AP000311.1	c3
0.000240709114538473	-0.381307655961712	0.189	0.302	1	WBP1	c3
0.883785303468222	0.381299935128462	0.061	0.059	1	CYB561D2.1	c3
0.000103571090825629	-0.381238720869565	0.518	0.645	1	SASH3	c3
0.000240570966678994	0.38123791311806	0.521	0.404	1	CD4	c3
0.217988263213965	0.381177771429095	0.268	0.249	1	URI1	c3
0.83431384294966	0.381163951676709	0.03	0.033	1	STX2	c3
0.963674373377967	0.381094851993361	0.046	0.046	1	ANGEL1	c3
0.00345610178523035	-0.381081976534587	0.119	0.198	1	RMC1	c3
3.91661753464815e-06	-0.38103870473738	0.537	0.708	0.0518716826288801	ARF6	c3
0.278933938938237	0.380993426426358	0.226	0.205	1	NOC2L	c3
0.94203149260742	0.380796883472318	0.021	0.021	1	AC106791.1	c3
0.0413338527028851	-0.380786602781528	0.155	0.209	1	LINC00623	c3
0.00469406646943087	0.380722247758085	0.457	0.398	1	PHF1	c3
0.000377683010512419	-0.380405174062618	0.241	0.364	1	C11orf98	c3
0.000115457181116193	-0.380396506097805	0.463	0.596	1	PPA1	c3
0.495744022522845	0.380280516640097	0.223	0.214	1	CBFA2T2	c3
0.00315011828532452	-0.380280264142494	0.174	0.267	1	RTN3	c3
0.0587471184080384	-0.380133352399329	0.128	0.174	1	KIAA1109	c3
0.366812551430825	0.380129160568038	0.299	0.285	1	CCDC91	c3
0.0750858335057062	-0.380104404667006	0.125	0.169	1	TMEM222	c3
0.925905221195295	0.380034064239182	0.015	0.015	1	DCUN1D3	c3
0.784845799125637	0.379963022862354	0.04	0.044	1	CEP128	c3
0.973433537053752	0.379924664980324	0.015	0.016	1	RTEL1	c3
0.00599192594314236	-0.379905392972115	0.305	0.394	1	CPNE1	c3
0.932982758942276	0.379746888460056	0.061	0.061	1	PAXBP1	c3
0.0118317072661516	-0.379671917241244	0.174	0.245	1	CDV3	c3
0.277995098796042	-0.379626800214601	0.012	0.022	1	ZNF473	c3
0.271126485299479	0.37949838936631	0.018	0.01	1	AGAP3	c3
0.33332197285213	0.379476671820642	0.101	0.084	1	MAPK13	c3
0.0209437921032581	0.379266800195976	0.527	0.492	1	PPP1CC	c3
0.40801481678916	0.37919488341764	0.034	0.025	1	DTX1	c3
0.0903549967098528	-0.379150096534316	0.076	0.109	1	TSPAN17	c3
0.038035777031643	-0.379092141494097	0.143	0.197	1	NPRL2	c3
0.0095369052454021	-0.37886604294888	0.168	0.245	1	AKTIP	c3
0.500736826898858	0.378853822302634	0.098	0.086	1	SKI	c3
0.530175107712158	0.378853243266073	0.076	0.067	1	DOCK9	c3
0.202891207572552	0.378840266972621	0.259	0.237	1	XPC	c3
0.0355585106795337	-0.378835579413506	0.128	0.181	1	COMMD5	c3
0.85820691518851	0.378628212958659	0.012	0.014	1	VANGL1	c3
0.841067141212424	0.378566449373938	0.037	0.04	1	TAP2	c3
0.239818163616667	0.378494483146592	0.302	0.292	1	SAP30BP	c3
0.0328493341260117	-0.378428292888458	0.067	0.109	1	AUH	c3
0.411761419285897	0.378325550594816	0.064	0.052	1	LYRM9	c3
0.000196256389648758	-0.378311446593638	0.302	0.43	1	SLAMF1	c3
0.0857905744396344	-0.378213947626897	0.076	0.11	1	STX7	c3
0.00153619811130056	-0.377986621017111	0.238	0.344	1	TMEM167A	c3
0.00164448416472758	-0.377941456931339	0.216	0.317	1	LMAN1	c3
0.0562408749389872	-0.377878093280389	0.082	0.123	1	ALDH18A1	c3
0.959717436497339	0.377511127608345	0.098	0.098	1	FBXO22	c3
1.59734904017007e-06	-0.377499274391301	0.604	0.764	0.0211552906880124	FKBP8	c3
2.46480980322332e-05	-0.37747073504015	0.506	0.641	0.326439410338896	RBL2	c3
0.344221973450574	0.377396849303915	0.186	0.17	1	DUS3L	c3
0.689286577669453	0.377354741144094	0.079	0.074	1	SNX13	c3
0.439309304583158	-0.377304036839795	0.043	0.053	1	LRR1	c3
0.226021074524736	0.377066557204016	0.229	0.207	1	UXS1	c3
0.493204945931288	0.377037066817601	0.177	0.168	1	ZKSCAN1	c3
0.433209534488978	-0.376833970251177	0.012	0.019	1	TXNDC16	c3
0.487351667558848	-0.376756723138633	0.006	0.01	1	TCTN2	c3
0.174808930440341	-0.376638567995608	0.012	0.025	1	USP35	c3
0.587112070031671	0.37620829908561	0.076	0.068	1	SCRN3	c3
6.81407163145962e-07	-0.376189665715962	0.607	0.772	0.00902455646870512	NDUFB2	c3
0.701866199468005	0.376143071839182	0.131	0.127	1	KIAA0100	c3
0.494478682818378	0.376023562537016	0.095	0.083	1	CKS1B	c3
0.385222604402457	0.375981700742609	0.128	0.112	1	PPTC7	c3
0.0433039125780027	-0.375930852009378	0.082	0.125	1	RBM28	c3
0.72892255168355	0.37563869951898	0.088	0.084	1	PDP1	c3
0.545110637457988	0.375612803334549	0.009	0.014	1	HSPA1L	c3
0.129669600161821	0.375301143256367	0.229	0.195	1	SNHG9	c3
0.506993449724685	0.375291763344873	0.067	0.057	1	MTA3	c3
0.544618039864237	0.37492221862803	0.165	0.156	1	ORC4	c3
0.298277892045891	0.37482751032651	0.29	0.28	1	TTC14	c3
0.000240102138078355	-0.374753813894496	0.332	0.458	1	MOB1A	c3
0.269491583904132	0.37474657564365	0.393	0.4	1	GIMAP5	c3
0.0709458775517282	-0.374725165834979	0.113	0.154	1	DNAJB12	c3
0.532430657550216	0.374599804137944	0.012	0.008	1	ACVR2A	c3
0.665855150082486	0.374374132496818	0.024	0.029	1	EXD2	c3
0.682406561810765	0.374276727283504	0.027	0.032	1	NUP50-DT	c3
1.36409703879128e-05	-0.374258331023278	0.43	0.59	0.180661011817517	RBMS1	c3
0.206394936341502	-0.374231131733633	0.012	0.024	1	ALCAM	c3
0.97460880743313	0.374214566610672	0.149	0.154	1	KLHL36	c3
0.0142356304883556	-0.374190261248825	0.101	0.16	1	TANGO2	c3
0.837417481737033	0.374069345243975	0.03	0.028	1	AC133644.2	c3
0.328384036673289	0.373953796791725	0.095	0.078	1	THEMIS2	c3
0.547384389190214	0.373893165317403	0.101	0.091	1	EMSY	c3
5.570481660994e-05	-0.373559119646571	0.534	0.676	0.737754591182045	ATP5PB	c3
0.00171412788942021	-0.373452416709186	0.314	0.433	1	TMEM160	c3
0.0753905696611613	-0.373256561109655	0.027	0.052	1	MTHFR	c3
0.597283385274782	0.373175150843739	0.058	0.069	1	RANBP9	c3
0.402476447525866	0.37306565585896	0.085	0.072	1	ZNF680	c3
0.882469548922152	0.373037041028628	0.149	0.152	1	MRPS28	c3
0.531210657126117	0.373033293370893	0.152	0.144	1	KPNA2	c3
0.96842175139177	0.372976012236345	0.14	0.145	1	UIMC1	c3
0.896676158192151	0.372773488881405	0.061	0.059	1	FAM213B	c3
0.000796665188193005	-0.372607943110695	0.387	0.507	1	TALDO1	c3
0.000996535880922257	-0.372474763856957	0.201	0.303	1	HDLBP	c3
0.270003377799521	-0.372439784113343	0.046	0.062	1	UBA6-AS1	c3
7.04933977067643e-07	-0.37219246910546	0.698	0.823	0.00933614559228386	CDC37	c3
0.799700645408132	0.37206931042276	0.043	0.04	1	ZNF316	c3
2.64579849078621e-05	-0.371941828695597	0.64	0.722	0.350409552119726	NDUFA1	c3
0.534079278734038	0.371930997085421	0.256	0.25	1	LETMD1	c3
0.869199032490748	0.371839912477237	0.162	0.166	1	CFAP20	c3
8.68878337122791e-05	-0.371819758768101	0.491	0.633	1	TMED10	c3
0.427084384549819	0.371688997033586	0.085	0.073	1	AEN	c3
0.401191045210992	0.371593428455363	0.046	0.035	1	ZNF816	c3
0.399175913465414	0.371574564186707	0.116	0.136	1	DDX60L	c3
0.143436019474384	-0.371398946666866	0.085	0.116	1	RAB11FIP4	c3
0.676265018110681	0.37129209889908	0.113	0.108	1	HMGXB3	c3
0.146757500647048	0.371236376806479	0.491	0.489	1	TPR	c3
0.0590792503697461	-0.371225032314916	0.152	0.2	1	PTTG1IP	c3
0.000764907692818722	0.371131209519509	0.683	0.644	1	PNISR	c3
0.82069066202265	0.371080891570033	0.122	0.122	1	GTPBP10	c3
9.57945004516085e-06	-0.371067646973671	0.649	0.77	0.12687023639811	CSTB	c3
0.457289128225534	-0.371013078479341	0.009	0.015	1	EPB41L2	c3
0.835620433753739	0.370930614785399	0.149	0.152	1	SDHAF2	c3
0.0497645668567236	-0.37066599037253	0.162	0.212	1	PRKX	c3
0.00383532784256097	-0.370535382923769	0.299	0.407	1	RNPEPL1	c3
0.845664037841697	0.370511160125726	0.07	0.069	1	ZNF253	c3
0.180292550298129	0.370459879745446	0.415	0.4	1	TTC3	c3
0.0126559730904527	-0.370388259724693	0.119	0.184	1	AAGAB	c3
0.682232769886297	0.370368105302851	0.085	0.08	1	ZNF268	c3
0.0104608744865267	-0.370284290106946	0.079	0.137	1	ZNF480	c3
0.312228412877267	0.37023293588343	0.134	0.116	1	DCTN5	c3
0.430280420751451	0.370142814898414	0.061	0.05	1	CITED4	c3
0.00308916580611649	-0.370054014403057	0.363	0.473	1	CCNDBP1	c3
0.778031013232224	0.369951524163018	0.131	0.127	1	HIF1AN	c3
0.524987540440343	0.369821999954621	0.348	0.358	1	RNF19A	c3
0.28639389786057	0.369774283158309	0.216	0.196	1	SNX9	c3
0.923290357180038	0.369755126843862	0.015	0.015	1	VWDE	c3
0.48005060482427	0.369499063521154	0.192	0.18	1	PIP4P1	c3
0.943886916267063	0.369328669294623	0.079	0.081	1	SAP130	c3
0.38486579176567	0.369306656885786	0.25	0.234	1	XPA	c3
0.626003632744681	0.369200240533316	0.165	0.157	1	ZSWIM7	c3
0.290708526848587	0.369152536623746	0.11	0.091	1	TUBGCP3	c3
0.280272601368271	0.369094060370412	0.006	0.014	1	TMPRSS3	c3
0.0539135450712545	-0.36908006468929	0.073	0.112	1	ZNF609	c3
0.100650447426105	-0.368883836306118	0.088	0.124	1	PIP4K2C	c3
0.324294034601763	0.368867850839626	0.03	0.021	1	ZBTB5	c3
0.612926114541358	0.368811004744501	0.024	0.02	1	FZD3	c3
0.571299477544118	-0.368806706792136	0.012	0.017	1	AC245140.2	c3
0.963315104466277	0.368793736189294	0.079	0.082	1	MCEE	c3
0.0800533527785209	-0.368737197449853	0.082	0.12	1	RAB3IP	c3
0.111889397953599	0.368608890790518	0.25	0.216	1	RALA	c3
0.77816826166643	-0.368582975385109	0.027	0.03	1	C3orf18	c3
0.764813838711048	0.368528716423125	0.021	0.019	1	GNA12	c3
0.00369823701354128	-0.36851773121943	0.351	0.448	1	SH3BP1	c3
0.151528065457189	-0.368503726360666	0.015	0.03	1	AMIGO2	c3
0.118529543537472	-0.368484758362601	0.052	0.078	1	NFE2L1	c3
0.836427033538057	-0.368455190355704	0.009	0.01	1	WWC2	c3
0.687706152981062	0.368406212442124	0.159	0.157	1	OMA1	c3
0.695613586447453	0.368350075477436	0.037	0.032	1	AC015982.1	c3
0.0881007840072172	0.368161864322312	0.518	0.501	1	GRK6	c3
0.000358776379491843	0.368147077199824	0.634	0.583	1	TECR	c3
0.0947303909176706	0.368124599969882	0.439	0.422	1	LNPEP	c3
0.446409297599343	0.368099860488568	0.162	0.15	1	RBM7	c3
0.0616251301384429	-0.368019358400272	0.095	0.134	1	GPATCH4	c3
0.144563633732559	-0.367982053162172	0.043	0.066	1	CNBD2	c3
0.591979974369286	0.367745526967225	0.119	0.11	1	PRKAR1B	c3
0.0109954457085135	-0.367664118868912	0.287	0.364	1	LIX1L	c3
0.183457067841666	0.367508241034061	0.433	0.425	1	EPB41	c3
0.155514673005964	-0.367442110314512	0.055	0.079	1	PRUNE1	c3
0.970234163814934	0.367356818313745	0.015	0.016	1	KIAA0895L	c3
0.00950440588327287	-0.367256255172541	0.22	0.298	1	CFDP1	c3
0.643014748842542	0.367034246763739	0.027	0.023	1	CUL7	c3
0.0269787479432794	-0.36701020557978	0.183	0.247	1	C1GALT1	c3
5.48728734208261e-05	-0.366410711727596	0.238	0.378	0.72673633558542	SNX5	c3
0.89994722297256	0.366393018170744	0.088	0.087	1	BIN3	c3
0.263100871299018	-0.366333685177491	0.043	0.059	1	RCN1	c3
0.00360108069963431	-0.36630202881311	0.329	0.439	1	ARL2BP	c3
0.76160659009905	0.366224916716476	0.037	0.033	1	AL121603.2	c3
0.0193679820947987	-0.365830428783826	0.213	0.283	1	MAPKAPK3	c3
0.00453855255999265	-0.365775766192209	0.284	0.371	1	ZNF800	c3
0.167749974471368	0.365687952324037	0.198	0.17	1	CBFB	c3
0.103013633814505	-0.365540354387894	0.07	0.1	1	BCL2L12	c3
0.757302123459171	0.365394041162386	0.11	0.121	1	TTC5	c3
0.518124169325032	0.365170694118068	0.104	0.094	1	INTS5	c3
0.0135694411394818	-0.365130614884146	0.073	0.126	1	DPAGT1	c3
0.0333470425406752	-0.365119676142269	0.149	0.204	1	NIP7	c3
0.129785942309933	0.3651025793672	0.207	0.171	1	CWC22	c3
0.033196116485459	0.364992462046539	0.433	0.387	1	LSM5	c3
0.432487926883673	0.364976873791387	0.232	0.226	1	IGFLR1	c3
0.118515190815828	-0.364964358403351	0.027	0.048	1	PXMP2	c3
0.96300215592137	0.364882725798063	0.034	0.033	1	PCNX3	c3
0.228410490073568	-0.364807440822845	0.061	0.081	1	AMFR	c3
0.0131804671043106	-0.364398847968614	0.076	0.128	1	BUD13	c3
0.514252429430748	0.364278947255761	0.049	0.041	1	ZNF251	c3
0.515165300035294	0.364134020047012	0.03	0.024	1	HOXB-AS1	c3
0.49507638715014	0.363926265997728	0.183	0.176	1	ETFRF1	c3
0.520674415479695	0.363778737776232	0.155	0.145	1	PRKRIP1	c3
0.168521655058418	0.363731279583489	0.284	0.255	1	VPS4A	c3
0.000162104696382645	-0.3635399755268	0.863	0.923	1	ZFP36L1	c3
0.241627786329349	-0.363539930747692	0.021	0.034	1	VPS37C	c3
0.751095209478915	0.36347973245485	0.058	0.054	1	SIK3	c3
0.107825924556294	-0.363467415276006	0.085	0.12	1	C18orf21	c3
0.0209657062710653	-0.363395366812069	0.18	0.247	1	SLC20A1	c3
0.318144373936724	0.363324994525908	0.046	0.033	1	PCSK5	c3
0.00247307988440216	-0.363134121386878	0.338	0.459	1	IRF2	c3
0.0152919483011067	-0.363113198244842	0.232	0.306	1	PPIH	c3
0.276585443761006	-0.363101979854802	0.034	0.048	1	WDSUB1	c3
0.508601382129838	0.363069996158988	0.067	0.057	1	MRPL53	c3
0.16485267274644	0.36306545356496	0.113	0.086	1	ZNF44	c3
0.549793759027382	0.362998954053459	0.104	0.095	1	CCDC43	c3
0.877294474005942	0.362967186287944	0.027	0.026	1	FMO4	c3
0.954315263730957	0.362940583738851	0.024	0.024	1	KNSTRN	c3
0.301378714314461	-0.362729809568898	0.024	0.036	1	HACE1	c3
0.0370266754052764	-0.362593488221572	0.149	0.205	1	GLRX5	c3
0.000447426873961873	-0.362422988414509	0.277	0.399	1	ARL4A	c3
0.787527957010353	0.362365396651539	0.125	0.126	1	AP5Z1	c3
0.874257450425056	0.362333936465657	0.015	0.017	1	CPLANE2	c3
0.241325949404795	0.362324876110398	0.427	0.433	1	RTN4	c3
0.549427437793138	0.362178265092052	0.183	0.175	1	AGO3	c3
0.902437452293233	0.36207576611795	0.143	0.149	1	SCAF1	c3
0.242452581161889	-0.36201406291376	0.009	0.019	1	GLIDR	c3
0.00196199642014012	-0.361901530240056	0.177	0.27	1	EFR3A	c3
0.0168461743695719	-0.361825570706247	0.216	0.291	1	NDUFA9	c3
0.606443283558795	0.361792531957167	0.043	0.036	1	ZNF773	c3
0.000272633699460118	-0.361707649456274	0.369	0.501	1	GTF2A2	c3
0.406995743168296	0.361623685165683	0.159	0.146	1	NFKBIB	c3
0.598062471210721	0.361600636875438	0.043	0.051	1	DUS4L	c3
0.000869579209046812	-0.361446701552885	0.329	0.447	1	MACF1	c3
7.28468562597258e-05	-0.361336439717017	0.463	0.62	0.964783764303809	YWHAQ	c3
0.0177417368129472	0.361147627259621	0.43	0.393	1	GLG1	c3
0.498728096772686	-0.361096427108961	0.012	0.018	1	NPTXR	c3
0.000520754050848416	-0.361089773937212	0.445	0.571	1	BIN2	c3
0.664804646977725	0.360689947032929	0.064	0.058	1	ZNF611	c3
6.2063723780275e-16	-0.360667238898218	1	0.999	8.21971957745962e-12	PFN1	c3
0.216845358885207	-0.360656407854872	0.052	0.072	1	ACOX1	c3
0.0356296607267442	-0.360468054009045	0.058	0.098	1	HIST2H2AC	c3
0.0188683417239532	-0.360343244152809	0.11	0.169	1	DYNC1I2	c3
0.798779897918373	0.36030816550265	0.027	0.025	1	POLR3B	c3
0.380353792861809	0.360291432411463	0.14	0.125	1	CYHR1	c3
0.725095700624198	-0.360216379164179	0.009	0.011	1	AC105052.3	c3
0.513604694054898	0.360082980912234	0.247	0.241	1	ATXN7L3B	c3
0.0065078220671502	-0.360056163226818	0.271	0.364	1	PTPN1	c3
9.05571826946923e-05	0.359987349501447	0.817	0.769	1	GIMAP4	c3
0.0507485863672112	-0.359861144476362	0.098	0.143	1	ERI3	c3
0.0500380164537503	-0.359856804596769	0.091	0.136	1	DUSP12	c3
0.0217584514077079	-0.359723681128876	0.155	0.222	1	ADPGK	c3
0.811896740503483	0.359671280840234	0.165	0.163	1	ARFGEF1	c3
0.768355309236791	0.359541454900858	0.055	0.051	1	SLC27A5	c3
0.723766630587314	0.359540357564455	0.027	0.024	1	AC009831.1	c3
0.787707052969525	0.359493389568972	0.122	0.12	1	PIGX	c3
0.000579846954228649	-0.359438004757313	0.558	0.67	1	ARF5	c3
0.0191166033589335	-0.359347229419006	0.064	0.111	1	MAP1LC3A	c3
0.0135984327587813	-0.359301976144217	0.079	0.134	1	CALU	c3
0.976395013236206	0.359300258436636	0.037	0.037	1	KLHL26	c3
0.547652371069401	0.359240729074891	0.244	0.238	1	NDE1	c3
0.436303034484794	0.359239285085047	0.146	0.132	1	EPHA1	c3
0.180050605732223	-0.359111492265953	0.143	0.176	1	RIN3	c3
0.40195787314395	-0.359085620142516	0.067	0.081	1	C9orf85	c3
0.820170345731693	0.359038636778909	0.125	0.125	1	YTHDF3	c3
0.0145646506552563	-0.358972466289433	0.091	0.148	1	RHOB	c3
0.196399292308262	-0.358819389066416	0.037	0.055	1	WRAP53	c3
0.464621596233221	0.35881128317784	0.088	0.076	1	ALKBH2	c3
0.0710132590229627	-0.358759209952732	0.088	0.127	1	KATNA1	c3
0.0657245277224961	-0.358725446432058	0.07	0.107	1	CORO2A	c3
0.420044560264963	0.358510665360293	0.162	0.146	1	DGCR2	c3
0.331074636403168	-0.358399967237229	0.009	0.017	1	RNF19B	c3
0.150270424093678	-0.358339069079281	0.088	0.118	1	FUBP3	c3
0.0533366102286057	-0.358270111370956	0.201	0.256	1	FKBP3	c3
0.685654482853308	0.358200706115784	0.024	0.029	1	SLC26A6	c3
0.00629052777328828	-0.357908446163426	0.192	0.274	1	DCAF5	c3
0.610299649892917	0.357894685528381	0.091	0.083	1	TRMT13	c3
0.453818110574147	0.357767618723651	0.195	0.185	1	ATP6V1H	c3
0.900336232882023	0.357596969962288	0.104	0.109	1	HIP1R	c3
0.727642536691743	0.357462633648245	0.021	0.025	1	CCDC122	c3
0.147634326024741	-0.357377283500965	0.009	0.022	1	AIFM2	c3
0.861174643572346	0.357330759316409	0.137	0.139	1	PUS7L	c3
0.364439511216965	0.357319044456875	0.223	0.207	1	JADE2	c3
0.514354887451244	0.357269772017258	0.03	0.024	1	SLC48A1	c3
0.0207507554952729	-0.357170042370997	0.186	0.256	1	ITPA	c3
0.00909402060644685	-0.357042769496364	0.223	0.301	1	FIBP	c3
1.44049230580692e-13	-0.356876640082372	1	1	1.90778800981068e-09	ACTB	c3
0.63656074968985	0.356778912809071	0.095	0.087	1	MTRR	c3
0.797891910429742	0.356739358082053	0.046	0.043	1	ZNF142	c3
0.00518083282666369	-0.356665687797202	0.18	0.266	1	HIGD1A	c3
0.180215294452904	0.356548188528346	0.287	0.265	1	RRP1B	c3
0.313928750597898	0.356498948278882	0.192	0.173	1	IL4R	c3
0.695542894498094	0.356482634363803	0.073	0.08	1	TJAP1	c3
0.602064045352717	0.356379385390959	0.055	0.048	1	NAP1L5	c3
0.622037861199917	0.356346103124166	0.067	0.06	1	DIAPH2	c3
0.812858438106057	0.356080723774824	0.064	0.07	1	TCAIM	c3
0.557024104844011	0.356031600258641	0.058	0.05	1	SSBP3	c3
0.31158458241172	-0.355646752194886	0.034	0.047	1	TRBV3-1	c3
0.00216688486211509	-0.355552969855855	0.341	0.462	1	NDUFS6	c3
0.0194987863827232	-0.355549660545189	0.256	0.335	1	CCDC115	c3
0.280523277097513	-0.355548900252909	0.021	0.033	1	FRMD4A	c3
0.147073941770026	0.355546040119064	0.247	0.217	1	ARFRP1	c3
0.562851404856974	0.355516653909362	0.159	0.18	1	SLC25A46	c3
0.554918047593339	0.355476628683666	0.134	0.126	1	HACL1	c3
0.798779897918373	0.355102461916127	0.027	0.025	1	ZNF525	c3
0.410458172717987	0.355054735687237	0.238	0.225	1	INTS10	c3
0.266417908647156	0.354936646165976	0.198	0.177	1	KLHL24	c3
0.85065791087048	0.354862918107866	0.055	0.053	1	OSGEPL1	c3
0.630076134395422	0.354621603962567	0.131	0.124	1	ZDHHC24	c3
0.423100588059628	0.354579712957576	0.201	0.19	1	MKLN1	c3
0.678068593581701	0.354510282063864	0.034	0.029	1	AFG1L	c3
0.724478533492618	0.354442647962239	0.091	0.087	1	CAMKMT	c3
0.635272378512663	0.35442527185376	0.11	0.102	1	FZR1	c3
0.0231498576142356	-0.354341992069061	0.162	0.225	1	MPV17	c3
0.0256556346875398	-0.354223600702903	0.107	0.16	1	HYOU1	c3
0.848851631121664	0.354076493949512	0.009	0.01	1	MBNL1-AS1	c3
0.444199839637289	0.354065755509336	0.183	0.173	1	PRPSAP2	c3
0.0835472770066138	-0.354045360371767	0.116	0.157	1	PREP	c3
0.813248809268567	0.353917968264088	0.015	0.014	1	ZFP41	c3
0.46045258257368	-0.353866335449315	0.009	0.015	1	LRRIQ3	c3
0.0165313786082182	0.353802592230173	0.549	0.497	1	CORO1B	c3
0.00232164224254111	-0.353691115741008	0.25	0.357	1	ETFB	c3
0.270874878341144	0.353640389998953	0.213	0.194	1	PLEC	c3
0.517214620165736	0.353545207686327	0.091	0.081	1	PIGM	c3
0.271809388365322	0.353510193125151	0.058	0.043	1	SMARCD3	c3
0.00546553509979266	-0.353441916615949	0.302	0.401	1	RNF181	c3
0.0136668764123055	0.35342699706732	0.5	0.443	1	COX14	c3
0.409092119980852	0.353402579736916	0.329	0.327	1	RHBDD2	c3
0.312248269101505	0.353353637657891	0.247	0.231	1	TRIM27	c3
0.0204197248775744	0.353261138859457	0.567	0.588	1	NDUFV2	c3
0.020342504968002	-0.353194152330974	0.116	0.175	1	PPP6R2	c3
0.79587146681947	0.353170510543467	0.027	0.025	1	WDHD1	c3
0.123279442177871	-0.353152703871192	0.061	0.089	1	URGCP	c3
0.611612214421465	0.353035197504457	0.058	0.051	1	BRWD3	c3
0.166796937450975	-0.353021243010647	0.073	0.099	1	PILRB	c3
0.0960007800721343	-0.352996393152607	0.101	0.139	1	PMAIP1	c3
0.216388708285215	-0.35292545244423	0.043	0.061	1	ZNF75D	c3
0.656885223566852	0.352719235761074	0.055	0.049	1	AC022916.1	c3
0.832324910382453	0.352616868619745	0.018	0.017	1	MFSD13A	c3
0.0168188634089888	-0.352603459873949	0.104	0.162	1	ST6GALNAC6	c3
2.8533658059938e-05	-0.352504165152063	0.274	0.437	0.377899767345819	GIMAP6	c3
0.406655151913968	0.352499248305248	0.143	0.129	1	NUP214	c3
0.732306635165693	0.352439207898202	0.104	0.1	1	C5orf51	c3
0.776743453961547	0.352309034972851	0.03	0.034	1	PI4K2A	c3
0.141707744527321	-0.352275278900112	0.043	0.066	1	ALKBH5	c3
0.207086734572685	0.352263826367874	0.189	0.161	1	OLFM2	c3
0.777228648728634	0.352183636257336	0.015	0.018	1	ZNF155	c3
0.707882207093375	0.352039494658757	0.015	0.012	1	AC010226.1	c3
0.758931900173766	0.3519026577413	0.061	0.068	1	DYRK1B	c3
0.0232500295455295	-0.351893979390144	0.198	0.268	1	AIMP1	c3
0.276012297782319	0.351805314730932	0.076	0.059	1	SLC35D1	c3
0.000311076697077915	-0.351583185281807	0.448	0.573	1	XBP1	c3
0.025211447376642	-0.351581676350292	0.247	0.318	1	SCAMP3	c3
0.111894908905542	-0.351488798929121	0.107	0.143	1	PAQR8	c3
8.98040767385495e-09	-0.351347693420756	0.884	0.942	0.000118936519232535	ARPC1B	c3
0.635087360001534	0.351347363842288	0.067	0.077	1	RINT1	c3
0.239173113455719	-0.351342353867785	0.012	0.023	1	AC009163.4	c3
0.400663737048557	-0.351321109633674	0.061	0.075	1	TSPAN32	c3
0.0959007495280857	-0.351266361625217	0.058	0.088	1	ZNF211	c3
0.335939203170482	0.351200710053344	0.152	0.184	1	MPRIP	c3
0.0399922314255284	-0.351057121821438	0.104	0.151	1	RNPEP	c3
0.930782964167636	0.351054006051662	0.119	0.119	1	JARID2	c3
0.0756385757711805	0.350950667065325	0.518	0.522	1	MPHOSPH8	c3
0.83284992169606	0.350941077347141	0.098	0.096	1	DPH1	c3
0.798528034866713	-0.350823369318151	0.049	0.052	1	TRAV23DV6	c3
0.521289063481533	0.350814793781117	0.049	0.059	1	PINK1	c3
0.449102521444284	0.350809073958795	0.137	0.127	1	ANKH	c3
0.0172749406338847	0.350795692727942	0.494	0.451	1	ALKBH7	c3
0.527816113188879	0.350687511411228	0.079	0.07	1	NR2C1	c3
0.215520215809814	-0.350577552227449	0.055	0.076	1	SNX11	c3
0.00791159349576099	-0.3505514403924	0.11	0.174	1	PLSCR1	c3
0.30838517170603	0.350478062897093	0.073	0.057	1	BX284668.5	c3
0.774505809465604	0.350390207690653	0.247	0.253	1	LENG8	c3
0.429111606653142	-0.350379710474765	0.018	0.026	1	URB1-AS1	c3
0.485614288874445	0.350366876373935	0.015	0.01	1	ZCCHC14	c3
0.0810913595497075	-0.350288906743794	0.162	0.207	1	SCYL1	c3
0.000409289271521684	-0.350085081585798	0.415	0.535	1	AP2M1	c3
0.613725593226551	0.349954101963311	0.055	0.063	1	LZTS2	c3
0.101547473726919	-0.349939432709207	0.064	0.095	1	SFMBT2	c3
0.39506444295025	0.349906000045475	0.104	0.089	1	SPECC1L	c3
0.848660004153836	-0.349868372639416	0.012	0.014	1	SLC15A4	c3
0.190983353367172	-0.349838211250305	0.049	0.07	1	SLC38A9	c3
0.116400448192267	-0.349801803569402	0.067	0.097	1	MAPKAPK2	c3
0.7373311865371	0.349768923439806	0.009	0.011	1	TNS4	c3
0.0413978744445495	-0.349762701075222	0.085	0.13	1	UAP1	c3
0.0151043090680307	-0.349701338958558	0.293	0.378	1	GSTO1	c3
0.551790342331159	0.349479801491328	0.21	0.203	1	MARK3	c3
0.435599656593983	0.349371240947195	0.119	0.106	1	RABEPK	c3
0.625995419953498	-0.349362295114826	0.009	0.012	1	AC009133.3	c3
0.655316751692129	0.349240577701528	0.11	0.104	1	PNPT1	c3
0.450799304617498	0.349155072355213	0.168	0.154	1	COPS7A	c3
0.0440065781142427	-0.349051779304872	0.143	0.194	1	ARHGAP1	c3
0.814815485773095	0.3489352184473	0.027	0.03	1	ZNF761	c3
0.506493500158691	0.348848037954878	0.046	0.037	1	MSANTD2	c3
0.0229924542815415	-0.348641559861867	0.095	0.147	1	FAM122C	c3
0.08256418741283	0.348594839475884	0.409	0.388	1	SP110	c3
0.945338634443095	0.348589944193574	0.021	0.021	1	CNTROB	c3
0.118660945416717	-0.348503746653358	0.116	0.151	1	EMC2	c3
0.0230286749885768	-0.34839907320985	0.122	0.179	1	DENND4C	c3
0.0289049592235783	0.34825973629689	0.576	0.553	1	UBE2B	c3
0.0628051666636703	0.348152995449281	0.387	0.359	1	FAM102A	c3
0.0655117425934053	0.348012893477034	0.265	0.224	1	STMN3	c3
0.0888765260445937	-0.348003718626911	0.131	0.173	1	ITGB1	c3
0.0395769967223929	-0.347904162062417	0.046	0.081	1	LDB1	c3
0.0985673253007415	-0.347848021097638	0.085	0.12	1	ACSL4	c3
0.496774370983632	0.347786812818019	0.021	0.016	1	FANCC	c3
0.463543107244102	-0.347451687769014	0.064	0.076	1	SLC35C1	c3
0.137508330274801	-0.34735692004532	0.03	0.051	1	RBM45	c3
0.283161124194836	-0.347250721139362	0.043	0.058	1	ADAM15	c3
0.816416316093605	0.347028393564605	0.055	0.052	1	HIVEP3	c3
0.181582884429983	-0.34688830519393	0.034	0.052	1	RTL6	c3
0.0610784561339517	0.346880963458426	0.287	0.239	1	MORC3	c3
0.000944264198816679	-0.346731242187637	0.241	0.354	1	PARVG	c3
0.270546628066286	-0.346716004434652	0.024	0.037	1	DBT	c3
0.802289824107354	0.346709010721896	0.064	0.061	1	DHCR7	c3
0.741207896763945	0.346660112840639	0.055	0.051	1	BPGM	c3
0.697999937415273	0.346652984477612	0.027	0.032	1	FBXW8	c3
0.032329112645002	0.346648701644262	0.509	0.48	1	TRAT1	c3
0.0129021220945504	0.346602365998971	0.652	0.642	1	LBH	c3
0.259014001423318	-0.3465878871395	0.064	0.084	1	CEP290	c3
0.906869924820063	0.346530108215662	0.012	0.011	1	CASC1	c3
0.881891635815469	0.346513764211329	0.381	0.431	1	GPR174	c3
0.181613423008801	0.346470664621507	0.28	0.252	1	C12orf65	c3
0.0481264043349249	-0.346448438478734	0.122	0.17	1	DPM2	c3
0.18658124497396	-0.346319754183615	0.043	0.062	1	HAUS5	c3
0.705960239639129	0.346272107537954	0.058	0.053	1	UTP15	c3
0.28233750114205	-0.346207647249486	0.006	0.014	1	NAT14	c3
0.00755225428830711	-0.346022518056694	0.305	0.392	1	TADA3	c3
0.783845695179929	0.345929155073581	0.079	0.086	1	ACOT2	c3
0.175540809930716	0.34586970242477	0.354	0.334	1	SATB1	c3
0.43623295581928	-0.345836376463488	0.043	0.053	1	ZBTB22	c3
0.183367887595362	-0.345737428480625	0.04	0.059	1	RP2	c3
0.0636294590612558	-0.345644052117988	0.07	0.106	1	SNX12	c3
0.0623039460831633	-0.345637263299419	0.034	0.061	1	GMNN	c3
0.704354931508381	0.345549103076032	0.241	0.246	1	SETD5	c3
0.897093384700854	0.345420197387317	0.088	0.095	1	PLXDC1	c3
0.95970617587465	0.345416695768909	0.037	0.036	1	FAM216A	c3
0.0240309342502964	-0.345273493576337	0.204	0.275	1	SMIM29	c3
0.0837265214643329	0.345026322515962	0.351	0.309	1	PQBP1	c3
0.236145617658969	-0.34494513351785	0.006	0.015	1	ENTPD7	c3
0.139662408766818	-0.344892322682548	0.128	0.163	1	STK24	c3
0.954770565174186	-0.344860179124318	0.052	0.052	1	TRBV2	c3
0.841857967006295	-0.344590272806301	0.009	0.01	1	SCO2.1	c3
0.489289369073601	0.344432741208949	0.11	0.099	1	PCMTD2	c3
0.185634195354592	-0.344426725148963	0.058	0.081	1	TMEM267	c3
0.0189333109321356	-0.344391589566916	0.168	0.232	1	UBXN11	c3
0.000315714610242698	-0.344384437709974	0.326	0.469	1	VDAC1	c3
0.00169086483790785	-0.344213222515115	0.332	0.446	1	COPS6	c3
0.0735085482631261	-0.344183474315376	0.067	0.101	1	APOL2	c3
0.00129173279861886	-0.34403608846676	0.476	0.583	1	GDI2	c3
0.516382161082181	0.344032280819944	0.03	0.024	1	STK11IP	c3
4.80499120755426e-06	0.343996640062565	0.875	0.853	0.0636373035528486	C12orf57	c3
0.202323000021184	0.343937200388469	0.357	0.331	1	IMPDH2	c3
0.181978137934331	-0.343840676626499	0.027	0.045	1	AL137003.1	c3
0.429654385444445	0.343809309521429	0.244	0.232	1	SECISBP2L	c3
0.466239977625392	0.343759073838637	0.14	0.165	1	CBWD2	c3
0.195842070427021	-0.343681430136975	0.043	0.062	1	PAOX	c3
0.538432372243586	0.343516447275809	0.018	0.014	1	AVEN	c3
0.0888249060637663	-0.343467971712868	0.055	0.085	1	KDELC2	c3
0.0213199806942048	-0.343421230958591	0.116	0.176	1	EP300	c3
0.509260421005094	-0.343293838402546	0.021	0.028	1	AC137767.1	c3
0.684865317746705	0.343204634421034	0.079	0.074	1	DSTYK	c3
0.543950056057534	-0.342898796186807	0.027	0.034	1	AC025171.3	c3
0.0100848083215988	-0.342870570590531	0.095	0.155	1	SMAD3	c3
0.745848050432526	0.342802815467648	0.098	0.108	1	HAUS3	c3
0.0110009441620822	-0.342709062511026	0.095	0.158	1	CASP7	c3
0.443671101233065	0.342696449628233	0.134	0.121	1	ATP5PO	c3
0.0553678415260265	-0.342602819918931	0.067	0.105	1	ZNF672	c3
0.232604999987566	-0.342529239520488	0.015	0.027	1	SDC4	c3
0.0816690319651961	-0.34252332830914	0.067	0.101	1	RNF31	c3
0.0715957319015867	-0.342409723805611	0.079	0.117	1	AC091959.3	c3
0.0892664106004331	-0.342297680750156	0.04	0.067	1	TRIB3	c3
0.166764544935665	-0.342284707743134	0.064	0.088	1	XKR8	c3
0.0261485932181966	-0.342230548084222	0.232	0.303	1	CNIH4	c3
0.0673999620345784	-0.342230423757026	0.064	0.099	1	BCAT2	c3
0.0944515196448795	-0.34214204018128	0.067	0.1	1	PRKD3	c3
0.119358839447986	-0.34201948931241	0.04	0.063	1	ANKMY2	c3
0.404382920755917	-0.341930892508468	0.015	0.023	1	RMRP	c3
0.00261959233093301	-0.341907419881614	0.122	0.202	1	GNPTAB	c3
0.0170097245067645	-0.341876570601774	0.085	0.14	1	AAAS	c3
0.0115731552337281	-0.341747707277705	0.174	0.247	1	TNIP2	c3
3.4414644806548e-07	-0.341580981701279	0.866	0.93	0.00455787555817922	SRP14	c3
0.42272321069897	-0.341555516786473	0.896	0.902	1	CD7	c3
0.068018663244601	-0.341426592645867	0.076	0.112	1	OGG1	c3
0.118569647724902	-0.341234637330244	0.061	0.089	1	IL23A	c3
0.420723121296653	0.341171274699822	0.027	0.02	1	GRK4	c3
0.116878264218597	-0.341168016416892	0.064	0.094	1	NOC4L	c3
0.48541147195773	-0.341157451564656	0.006	0.01	1	SNHG4	c3
0.0625253641367389	0.341130906288158	0.369	0.328	1	SUMO3	c3
0.720077683714097	-0.341018472775136	0.009	0.011	1	ZNF578	c3
0.522714922758085	0.340984363523194	0.247	0.248	1	TBC1D1	c3
0.0576754931807501	-0.340962317040588	0.064	0.101	1	MAP3K13	c3
0.647089505469023	0.340716211589156	0.055	0.049	1	XPO5	c3
0.553576468419075	0.340710801700218	0.076	0.068	1	WRB	c3
0.601990912939539	0.34052954794883	0.131	0.125	1	LYRM4	c3
0.337417035539446	-0.340327006711935	0.006	0.012	1	TMEM231	c3
0.00756015792030347	-0.340195257202571	0.268	0.352	1	ACADVL	c3
0.248242294849962	-0.340181704545945	0.021	0.034	1	ANKEF1	c3
0.0315005669467544	-0.340173473518826	0.137	0.194	1	DNAJB11	c3
0.0288656539972293	-0.340133168516995	0.104	0.156	1	FN3KRP	c3
0.980006757168528	0.340076403315241	0.049	0.049	1	PLA2G6	c3
0.3365534688386	-0.339981738677966	0.018	0.028	1	ZNF513	c3
0.0625541307009952	-0.339800870304602	0.082	0.123	1	RPF2	c3
0.828148919393002	0.339729877563293	0.03	0.028	1	ZNF34	c3
0.258152355140195	-0.339481236351046	0.04	0.056	1	CCP110	c3
0.427601825177702	-0.339439696439287	0.018	0.026	1	SYNJ2BP	c3
0.00977445933510745	-0.339333389103182	0.134	0.205	1	ISY1	c3
0.947145930768755	0.339272154766211	0.125	0.129	1	RPS6KB1	c3
0.672573392372817	0.339221311859687	0.125	0.121	1	LTBP3	c3
0.667877348341724	0.339171432369217	0.131	0.126	1	KIAA0391	c3
0.907915740891525	0.339159656180796	0.213	0.224	1	DCP2	c3
0.609721737833151	0.339089414867761	0.024	0.03	1	TRIM59	c3
0.00203578251692375	0.338976695008842	0.771	0.749	1	TRAF3IP3	c3
0.8235823116731	0.338922715600515	0.055	0.059	1	TIMM23B	c3
0.000711980710796524	-0.338703811062037	0.5	0.615	1	UQCRQ	c3
0.00873444870452626	-0.338662263860657	0.299	0.383	1	FAM50A	c3
0.547271482663191	0.338650864275063	0.079	0.07	1	SPIN2B	c3
0.0248809665676684	-0.337953042097423	0.223	0.291	1	ERLEC1	c3
0.350181379010186	0.337754007450422	0.027	0.019	1	MCM8	c3
0.0831762182284505	-0.33772173623395	0.049	0.078	1	INTS1	c3
0.529182668926683	-0.337715397403811	0.015	0.021	1	LRRC37B	c3
0.0790632133780178	-0.337680449549965	0.067	0.102	1	HGH1	c3
0.000101466869711554	-0.337669491985851	0.54	0.685	1	EZR	c3
0.625814776296596	-0.337618614132445	0.037	0.043	1	MTERF2	c3
0.0245402012453844	0.337571087400831	0.53	0.521	1	FBL	c3
0.729243826826787	0.337510844928773	0.128	0.14	1	RBM10	c3
0.889290088754896	0.337425566437635	0.085	0.084	1	PCED1A	c3
0.0625481080217606	-0.337416691852749	0.012	0.031	1	TRAK1	c3
0.101130110978815	0.337384572931553	0.308	0.275	1	NBDY	c3
0.445990982548579	-0.337375269121969	0.027	0.036	1	TAF13	c3
0.76863082712323	0.337301081535347	0.058	0.054	1	NIPA1	c3
0.371625910218483	0.337189956613041	0.189	0.174	1	PDK3	c3
0.00935811831662583	-0.337078572129775	0.088	0.149	1	GABPB1	c3
0.000436417152545191	-0.337073630488374	0.588	0.686	1	NEDD8	c3
0.944484514357446	0.337064700274244	0.07	0.071	1	P3H1	c3
0.105218180652814	0.337022445514454	0.095	0.067	1	DIS3L	c3
0.83123937302532	0.336994597305192	0.027	0.03	1	PUS7	c3
0.717455907596324	0.336928960610184	0.186	0.188	1	POLDIP2	c3
0.0618066533983267	0.336868372114003	0.454	0.416	1	SYF2	c3
0.910802699752101	0.336759795800955	0.14	0.146	1	COL4A3BP	c3
0.922812393968304	0.336614349135222	0.055	0.054	1	KLHL8	c3
0.0762515059213479	-0.336576441669566	0.027	0.052	1	MCM9	c3
0.00148246862962799	-0.33653866872521	0.366	0.486	1	PPP1R11	c3
0.703113349272996	0.336485470792645	0.137	0.151	1	TMEM106C	c3
0.383113178221583	0.336479209350681	0.152	0.135	1	TMEM203	c3
0.915052426890498	0.336373995770734	0.091	0.097	1	PEX19	c3
0.555311478812917	0.33635858664968	0.183	0.176	1	SUPT7L	c3
0.14381970287166	-0.336257626555683	0.082	0.111	1	AGPS	c3
0.111624459026821	0.336136761687199	0.393	0.369	1	NR1H2	c3
0.00666427870282196	-0.336124647768971	0.32	0.421	1	NRBP1	c3
3.57902282950527e-11	-0.336031029733938	0.954	0.993	4.74005783539678e-07	UBC	c3
0.193632860801385	-0.336029003219842	0.067	0.092	1	AKIP1	c3
0.245501639347467	0.335796223810382	0.259	0.237	1	SUPT20H	c3
0.0555642404624457	-0.335790131257039	0.14	0.193	1	USB1	c3
0.61963704349982	0.335736559798813	0.046	0.04	1	TRAV22	c3
0.567853690652719	0.33566207731023	0.079	0.07	1	MTIF2	c3
0.519580831930929	0.335577988294442	0.302	0.306	1	SENP6	c3
0.00232598368798599	-0.335422998091027	0.463	0.573	1	METTL9	c3
0.770697868052068	0.335070540767415	0.149	0.148	1	ZMYND11	c3
0.000716786911342929	-0.334997245254685	0.177	0.28	1	PDHB	c3
0.501716266607961	-0.334994236787441	0.012	0.018	1	BRPF3	c3
0.536015491144219	0.334968489157929	0.125	0.146	1	SLC30A9	c3
0.533269716048787	0.334846459155452	0.146	0.137	1	LMBR1	c3
0.798483615414001	0.334710786732602	0.076	0.074	1	ZNF134	c3
0.162059714751275	0.334654929930115	0.433	0.426	1	TGFBR2	c3
0.352480869741643	0.334425691953601	0.183	0.166	1	EHMT2	c3
0.697797134927586	0.334274666092847	0.165	0.161	1	ZNF431	c3
0.809392167168406	0.334262507837936	0.137	0.135	1	R3HDM1	c3
0.857592989297115	0.334231063229096	0.091	0.089	1	ARHGAP12	c3
0.0109009940436158	-0.334196743231409	0.085	0.145	1	DYNC1LI2	c3
6.57210006020009e-06	-0.334192100976148	0.274	0.442	0.0870408931972899	TNFRSF1B	c3
0.706589354063578	0.334077550509524	0.015	0.012	1	SLC16A11	c3
0.539232623853519	0.33402122369661	0.259	0.257	1	PDCD7	c3
0.47513510406003	0.333851940621207	0.125	0.112	1	MUTYH	c3
0.424580661798819	0.333751885648773	0.015	0.023	1	ZNF616	c3
0.00998946954886432	0.333617350083007	0.515	0.478	1	SBDS	c3
0.409531741241539	-0.333531718321026	0.03	0.041	1	C10orf91	c3
0.733579812799198	0.333530922188587	0.079	0.075	1	ITGA5	c3
0.0815920049432443	-0.333424213573042	0.064	0.098	1	COQ5	c3
0.411578572249794	0.333349679644465	0.256	0.246	1	SUPT5H	c3
0.0078667937661946	-0.333340241413939	0.177	0.254	1	UNC13D	c3
0.7373311865371	0.333254170844492	0.009	0.011	1	LONRF3	c3
0.861906814004793	0.333223137043864	0.073	0.078	1	AC020915.3	c3
0.0734867119084213	-0.333222523738949	0.107	0.15	1	SRSF6	c3
0.675066907984414	0.333165040252748	0.024	0.029	1	SLC39A14	c3
0.556639263815608	0.333135892542302	0.095	0.11	1	TRAPPC2	c3
0.0316407730264151	-0.33300894787294	0.104	0.155	1	MAP3K2	c3
0.0169312411554648	-0.332996831443382	0.159	0.227	1	AP3D1	c3
0.457815521515036	-0.332929790139555	0.009	0.015	1	CENPO	c3
0.715431697247116	0.332880926161792	0.149	0.148	1	MRPL46	c3
0.00020074952580633	-0.332878364041101	0.482	0.623	1	ECH1	c3
0.00016999428997541	-0.332714988774427	0.54	0.674	1	BCAP31	c3
0.0751924028675827	-0.332277691124017	0.165	0.211	1	SNAPIN	c3
0.0120723751410438	-0.332153312137613	0.104	0.163	1	SCFD1	c3
0.362716948650777	0.332124581742193	0.198	0.184	1	NUFIP2	c3
0.00655403360441356	-0.331936920787581	0.271	0.363	1	PDCD10	c3
0.216463609203758	-0.331543677261928	0.137	0.164	1	CTBP1	c3
0.236838797736681	0.331508140054162	0.354	0.333	1	DARS	c3
0.605342309388761	-0.331368369459528	0.03	0.036	1	COQ3	c3
0.0177224866796283	-0.331343951320114	0.125	0.187	1	WDR43	c3
0.163270362065739	-0.331337698199932	0.07	0.097	1	BMI1	c3
0.0482702975926332	-0.331209131624819	0.095	0.14	1	CIDEB	c3
0.0804454408232344	-0.3312022084629	0.079	0.116	1	TMEM161A	c3
0.584866861580025	0.331055979692278	0.073	0.065	1	LINC00243	c3
0.118654779137898	-0.331020417406058	0.061	0.089	1	PEX1	c3
0.0302299532663756	-0.330871421869211	0.162	0.224	1	STK25	c3
0.0197341622604279	-0.330859381336509	0.165	0.236	1	KPNA4	c3
0.432311268452784	-0.330671520374528	0.012	0.019	1	TBKBP1	c3
0.859751619663187	0.330631411809263	0.052	0.05	1	ZNF184	c3
0.478990739809653	0.330530275330754	0.015	0.022	1	MLLT11	c3
0.393993780647201	0.330322472745798	0.009	0.016	1	ADCY3	c3
0.657505409662178	0.330318012564	0.384	0.41	1	LIMS1	c3
0.392120664860907	-0.330220735101359	0.009	0.016	1	CD274	c3
0.666292677668417	0.329889815415348	0.024	0.029	1	ZNF408	c3
0.00403602832008242	-0.329877714082084	0.32	0.418	1	HNRNPAB	c3
0.776057600170787	0.329822877513968	0.091	0.087	1	SNAPC3	c3
0.404876806175617	0.329817949249586	0.119	0.104	1	CPTP	c3
0.00425459998770029	-0.329747342121591	0.268	0.365	1	PSMA4	c3
0.668384333804317	0.329711199035812	0.012	0.016	1	BHLHE40-AS1	c3
0.0107907831352821	-0.32964205776644	0.046	0.091	1	EFL1	c3
0.547192091385714	0.329640488163361	0.119	0.136	1	ZNF580	c3
0.307680021527011	0.329634570957803	0.253	0.241	1	SPG7	c3
0.779157235433493	0.329623945796016	0.082	0.079	1	ZNF654	c3
0.317890780549685	0.329613368235798	0.329	0.319	1	CCDC59	c3
0.0043789276803014	-0.32956271463311	0.317	0.422	1	SSNA1	c3
0.498570409346601	0.329550886316616	0.232	0.225	1	DDX39B	c3
0.538583433911087	-0.329527485939067	0.009	0.014	1	PARPBP	c3
0.000330815280873108	-0.329325605273566	0.701	0.773	1	MYH9	c3
0.835688901204802	0.329291948839733	0.04	0.037	1	AL451165.2	c3
9.92629440640749e-05	-0.329226516661729	0.302	0.451	1	ARPC5L	c3
0.019637522753341	0.329200440253359	0.567	0.552	1	EIF2S3	c3
0.415313578364943	0.329157346261415	0.034	0.025	1	ROBO3	c3
0.570129310872854	0.329156342294167	0.18	0.175	1	CTBS	c3
0.841154151865639	0.329090169730867	0.058	0.062	1	SFR1	c3
0.111571895648264	-0.329040833177308	0.037	0.06	1	EEF2KMT	c3
0.039518838737798	-0.329033911327543	0.162	0.217	1	DPP4	c3
0.0128053800199458	-0.328955818912242	0.125	0.193	1	FAM98C	c3
0.769591742996097	0.328889407540911	0.18	0.178	1	PRR14	c3
0.745192967062438	-0.328849719204992	0.012	0.015	1	SMARCA5-AS1	c3
0.579758393661658	0.328781389653927	0.049	0.042	1	NUDT7	c3
0.0638821621312923	0.328737677520646	0.466	0.453	1	MRPL57	c3
0.000486314111624629	-0.328508845971273	0.549	0.673	1	DYNLL1	c3
0.279525382648979	0.328452923065067	0.216	0.194	1	TMED3	c3
0.0584824153357297	-0.328418519809912	0.162	0.214	1	MRPL36	c3
0.949749612870405	0.328382703391526	0.021	0.021	1	METRN	c3
0.697042087127587	0.328220615253708	0.082	0.077	1	PRR12	c3
0.392604929918113	0.328002317677508	0.07	0.057	1	UBR3	c3
0.51097582068034	-0.327986375345457	0.03	0.039	1	NEO1	c3
0.81784276272114	0.327970810157681	0.015	0.014	1	AC096677.1	c3
0.409789351897357	-0.327937838119157	0.021	0.03	1	IGSF22	c3
0.582854170639917	0.327933248890164	0.216	0.213	1	UBE2E1	c3
0.195041738952998	-0.327924565174222	0.006	0.016	1	NRL	c3
0.0131893213978907	-0.327904673092794	0.262	0.344	1	PPP1R7	c3
0.154374728172942	0.327831117430052	0.329	0.3	1	CSNK1D	c3
0.629728524188883	-0.327786085072919	0.043	0.049	1	ENDOV	c3
0.18844104023744	0.327715744098422	0.287	0.263	1	GMIP	c3
0.341367808929823	0.327632879225984	0.049	0.066	1	GATAD1	c3
0.545110637457988	0.32750094182493	0.009	0.014	1	APLF	c3
0.646988794004054	0.327500612217485	0.262	0.264	1	PPP2R2A	c3
0.064080539168566	0.327250971886711	0.348	0.313	1	POLR2C	c3
0.283896111360608	-0.327176721177358	0.095	0.117	1	FRMD4B	c3
0.138988533916028	-0.3271244112427	0.046	0.07	1	ZNF668	c3
0.684973340135118	0.327082603587976	0.101	0.111	1	RGL2	c3
0.332548296125618	-0.32707906794246	0.03	0.043	1	C3orf33	c3
0.62858130153803	0.327060088973473	0.122	0.116	1	HEBP1	c3
0.00029928730086924	-0.326924265551485	0.582	0.708	1	WAS	c3
0.00131952647511995	-0.326916105401951	0.348	0.473	1	PHF20	c3
0.19141735517621	-0.32691495371912	0.04	0.059	1	STIMATE	c3
0.663446911073407	0.326879733292324	0.088	0.081	1	VPS8	c3
0.0552993007205448	0.326832829870163	0.436	0.398	1	PHF3	c3
0.261089496680446	-0.326826557145846	0.037	0.052	1	ACER3	c3
0.348084545016874	0.326776943518623	0.186	0.17	1	ITFG2	c3
0.561763461945644	0.326705530987069	0.21	0.208	1	SMIM10L1	c3
0.0553938235800321	-0.326684752380945	0.034	0.062	1	CNNM2	c3
4.47142691901319e-06	0.326672790671995	0.884	0.874	0.0592195781154107	EIF3F	c3
0.725250630103409	0.326594485056258	0.049	0.054	1	SCARB2	c3
0.205240908945752	0.326572327875708	0.204	0.178	1	THAP1	c3
0.639629396469511	0.326488643297315	0.134	0.129	1	ANGEL2	c3
0.777449322900884	0.326482019822027	0.061	0.057	1	QTRT2	c3
0.121164887392243	-0.3263819746059	0.055	0.082	1	SRGAP2C	c3
0.587555168256959	0.326246844840643	0.186	0.18	1	CHRAC1	c3
0.0645031127551991	0.326117685445076	0.39	0.344	1	CCDC88C	c3
0.916713180705806	0.326093354327631	0.052	0.051	1	ZNHIT2	c3
0.382800863932794	0.325904825345668	0.043	0.032	1	TRAV8-1	c3
0.349934360706223	0.325837508971203	0.137	0.12	1	RAD51C	c3
0.650934479044342	0.325398937173761	0.155	0.151	1	ZNF770	c3
0.00917609932441736	0.325353108674314	0.415	0.354	1	LITAF	c3
0.492005297994541	0.325297133574707	0.223	0.22	1	PPP2R5A	c3
0.618073380531088	0.325270603299638	0.189	0.18	1	FBXO3	c3
0.0844484328990258	-0.325060567478324	0.116	0.157	1	SPTLC1	c3
7.18141288747378e-06	-0.324948103554057	0.5	0.648	0.0951106322817027	RNF213	c3
0.426165528495538	0.324904310879854	0.104	0.089	1	NCK2	c3
0.787649367071896	0.324895243149126	0.012	0.01	1	AL117339.5	c3
0.619197346377658	0.324573437980067	0.116	0.107	1	GPANK1	c3
0.0429753512782807	-0.32453767342408	0.11	0.157	1	TMEM156	c3
0.110634476124666	0.324497996642534	0.369	0.338	1	RCN2	c3
0.178436473531722	-0.324140516857193	0.015	0.029	1	LONRF1	c3
0.49106281553546	-0.324126915668812	0.027	0.035	1	FAM27C	c3
0.00137957584484937	-0.324108356782244	0.39	0.508	1	ROMO1	c3
0.972886392803831	0.324039078763031	0.067	0.069	1	NHLRC2	c3
0.0211880340093859	-0.32385610143713	0.177	0.245	1	CTSD	c3
0.269295040855966	0.323745101220813	0.216	0.195	1	COX19	c3
0.0411567885046386	-0.323720216172511	0.192	0.253	1	VPS25	c3
0.680097019016482	0.323696475099168	0.137	0.132	1	CHFR	c3
0.756735521219275	0.323579757543385	0.012	0.015	1	AC009404.1	c3
0.0969962504365316	-0.323563784613029	0.159	0.2	1	LSM12	c3
0.000215693298150848	0.323556707309035	0.738	0.722	1	CUTA	c3
0.877639882015108	0.323479500721618	0.146	0.157	1	CDK10	c3
0.0764746734915221	-0.323443646967172	0.049	0.079	1	BICRAL	c3
0.00271710470560223	-0.323432229463371	0.113	0.191	1	PIP4K2A	c3
0.583361456028914	-0.32330952916779	0.024	0.03	1	SMIM13	c3
0.845963447134963	0.323286153212075	0.104	0.102	1	THOC1	c3
0.141011298471461	-0.32317924060532	0.149	0.187	1	ATF2	c3
0.552436478468358	0.323143424487225	0.085	0.076	1	GPATCH3	c3
0.837575513450776	0.32302315200846	0.034	0.036	1	UBN2	c3
0.994440588713748	0.323007800480527	0.134	0.143	1	OCEL1	c3
0.00105880225198309	-0.322997796089592	0.448	0.566	1	BIN1	c3
0.858341465676395	0.322919246033254	0.104	0.103	1	ASB3	c3
0.288158666243519	0.322816475245853	0.345	0.327	1	PIM3	c3
0.559302101403513	0.322575241933281	0.229	0.227	1	ABCE1	c3
0.595024577856729	0.322546108599048	0.052	0.045	1	PPP1R3D	c3
0.328467617933578	-0.322468110036464	0.055	0.071	1	APOL1	c3
0.0574630541719085	-0.322426791163897	0.119	0.165	1	UFSP2	c3
0.340465423591498	0.322341706767708	0.14	0.121	1	FTSJ3	c3
0.396208482571426	0.322167779260683	0.131	0.114	1	OGFOD1	c3
0.703955965549594	0.322109800593927	0.091	0.086	1	MSH2	c3
0.782821348313071	0.322093661628739	0.143	0.14	1	BRAF	c3
0.000190064336874038	-0.321866831559402	0.53	0.64	1	PRELID1	c3
0.0473845925077242	-0.321816381359374	0.171	0.227	1	ATP2B1	c3
0.661209683534467	0.321801697980126	0.012	0.009	1	CCDC163	c3
0.0621230091548311	-0.321798220418587	0.11	0.155	1	SOAT1	c3
0.807647056939354	0.321684885593845	0.091	0.089	1	ARMT1	c3
0.0447779764955595	-0.32158379395323	0.204	0.262	1	HERC1	c3
0.0352435532219951	-0.321378343603442	0.152	0.21	1	FAM13B	c3
0.371965657047557	-0.321298251921538	0.076	0.093	1	ALDOC	c3
0.290025375195122	0.321194128286525	0.284	0.266	1	SPOP	c3
0.721223802523861	0.32106059733005	0.043	0.039	1	MARS2	c3
0.0175657443664688	-0.321029610812247	0.073	0.124	1	TBC1D2B	c3
0.0594698192677713	-0.320934530654249	0.107	0.152	1	AC010642.2	c3
0.364294986920758	-0.320926802206952	0.058	0.073	1	ZUP1	c3
0.620517947979422	-0.320866632031757	0.037	0.043	1	IFI27L1	c3
0.208341911565388	0.320865447227487	0.299	0.27	1	CENPC	c3
0.00231649525568034	-0.320707160523635	0.366	0.485	1	ZNHIT1	c3
0.0667545557120148	-0.320653358231731	0.131	0.176	1	ZC3H11A	c3
0.446055827415381	0.32063400092934	0.201	0.189	1	ZNF330	c3
0.00944516458054821	-0.32060942586572	0.363	0.452	1	MAPRE2	c3
0.465946310708594	-0.320589498208955	0.015	0.022	1	DNAJC25	c3
0.536128840332672	0.320584169315272	0.134	0.124	1	DNMT3A	c3
0.965194749734794	0.320472915065366	0.027	0.028	1	EZH2	c3
0.00547507789486036	-0.320455011031845	0.259	0.356	1	ZFAND2B	c3
0.678835674124522	0.320371668705924	0.079	0.089	1	TMCO6	c3
0.330958131976049	0.320313501426704	0.021	0.014	1	CENPBD1	c3
0.974513330204735	0.320288556869401	0.034	0.034	1	VKORC1L1	c3
0.015473772366542	-0.320229793708833	0.296	0.38	1	TMEM109	c3
0.157874981540329	0.320181024213716	0.125	0.097	1	HSBP1L1	c3
0.105369645177946	-0.319959149039703	0.113	0.15	1	FRMD8	c3
0.0333207494314544	-0.319749032963006	0.034	0.067	1	UVSSA	c3
0.646699302433728	0.319678922275699	0.073	0.067	1	PIGN	c3
0.558305091794308	0.319618761104369	0.216	0.212	1	TBC1D5	c3
0.107620616447332	-0.31951932742389	0.091	0.126	1	DGKD	c3
0.185776205777905	-0.319513982466852	0.064	0.088	1	ALG11	c3
0.909748989607719	0.319463765581881	0.046	0.045	1	RTL10	c3
0.405019240735994	-0.319382624816141	0.021	0.03	1	AC007383.2	c3
0.420860646410483	0.31927415056228	0.116	0.103	1	BMT2	c3
0.00282547233300314	0.319191862111066	0.744	0.722	1	ANKRD12	c3
0.00122987566837926	-0.319174136144133	0.405	0.518	1	RAB5C	c3
0.0928846396328911	-0.319121632700663	0.11	0.148	1	MARK2	c3
0.555397991014924	0.318963115435887	0.137	0.127	1	DNM1L	c3
0.00627133229206299	-0.318903692099578	0.116	0.183	1	HDAC10	c3
0.531067310751486	-0.318885718526903	0.015	0.021	1	RHOQ	c3
0.485143270459572	0.318673833118498	0.043	0.034	1	CLCC1	c3
0.581533457241486	0.318501874687251	0.14	0.133	1	STYXL1	c3
0.839672439389022	0.318257847661549	0.14	0.153	1	UNG	c3
0.0124320818841159	-0.31824926988191	0.143	0.214	1	IP6K2	c3
2.72863294701771e-06	-0.318157525043248	0.747	0.862	0.0361380147503025	ABRACL	c3
0.0807862050552922	-0.318076866443914	0.125	0.168	1	NDRG1	c3
0.257657359496989	-0.317982671136933	0.027	0.042	1	DFFB	c3
0.000230621195082129	-0.317980984459746	0.53	0.664	1	ERH	c3
0.0251556647416477	-0.317974353237195	0.226	0.293	1	CCDC124	c3
0.219156230696824	0.317919184057025	0.293	0.263	1	BUD23	c3
0.0210856571215095	0.317916060967765	0.009	0.033	1	LRRC56	c3
0.823676907599077	0.317842610471722	0.061	0.058	1	ZFAND4	c3
0.757733051832928	0.317822117985099	0.134	0.132	1	MRPL44	c3
0.00221704962132497	-0.317781486069155	0.323	0.437	1	IK	c3
0.0838184570974328	-0.317642163819501	0.037	0.063	1	RANBP10	c3
0.201120956363283	-0.317596005126327	0.009	0.02	1	LINC00467	c3
0.124632736646319	-0.317499209341177	0.046	0.071	1	COLGALT1	c3
0.0180561666515907	-0.3174599610274	0.183	0.255	1	DNPEP	c3
0.338864797172174	-0.317202797060502	0.006	0.012	1	HIST1H4J	c3
0.765960475486434	0.317120898569512	0.073	0.069	1	ANAPC10	c3
0.482141184484137	0.317082994017576	0.098	0.086	1	PGRMC2	c3
0.0897794914636618	-0.316890074242741	0.079	0.113	1	TAF1	c3
0.0629483324366707	-0.316844733679677	0.024	0.049	1	ZMYM6	c3
0.581862468891542	0.316765474043719	0.021	0.027	1	MTFR1	c3
0.127672277638419	-0.316609638400537	0.137	0.177	1	CRTC2	c3
0.994387391593685	0.316576204923138	0.116	0.12	1	KIAA1468	c3
0.0313495562964177	-0.316557339936145	0.143	0.204	1	DHX29	c3
0.676827114189254	0.316526588020382	0.024	0.029	1	DIRC2	c3
0.143593432536828	-0.316507740243814	0.113	0.147	1	DENND4A	c3
0.00238737023479878	-0.316430652903148	0.595	0.659	1	COX7B	c3
0.00125529912383802	-0.31628277058492	0.451	0.548	1	PSMD8	c3
0.089923690479292	-0.316242646882738	0.091	0.129	1	RCHY1	c3
0.854254832426676	0.316174213006927	0.104	0.103	1	ZNF444	c3
0.000557548685954234	-0.316145895165697	0.418	0.543	1	MGAT4A	c3
0.00108821105230636	0.316091476649289	0.805	0.799	1	HNRNPA0	c3
0.635333571024307	0.315999144528583	0.128	0.145	1	UTP6	c3
0.49460982781838	0.315910839133031	0.152	0.14	1	TMEM175	c3
0.277639720131578	0.315901221539363	0.207	0.185	1	UNC50	c3
0.384444287247971	0.315781762321221	0.076	0.062	1	GUF1	c3
0.112616566728522	-0.315771792793357	0.095	0.129	1	SYVN1	c3
0.646158575855845	0.315751523492832	0.067	0.077	1	TARS2	c3
0.0608148094042453	-0.315658772839836	0.192	0.25	1	GNL1	c3
0.974308014790517	0.315583267892351	0.091	0.094	1	MFN2	c3
0.582874224011415	0.315467978593364	0.125	0.116	1	DHX38	c3
0.0331419906784291	-0.31543691997967	0.082	0.13	1	CLN3	c3
0.0508672810311303	0.315379287053143	0.009	0.028	1	AFAP1L2	c3
0.00342215933228403	-0.315300348379694	0.46	0.542	1	RBX1	c3
0.784355883719775	0.315294736033849	0.082	0.091	1	METTL4	c3
0.0468863366477331	-0.315281632088363	0.134	0.187	1	DYM	c3
0.35749821941509	-0.315241562098025	0.015	0.024	1	TMEM53	c3
0.451351386872087	-0.315229970658012	0.04	0.05	1	HLCS	c3
0.371092212280077	-0.315175636374822	0.049	0.062	1	TENT4B	c3
0.0645833048667026	-0.315137820088023	0.101	0.144	1	TCOF1	c3
0.803294465426507	0.315104350307041	0.119	0.114	1	MCCC2	c3
0.132795813639987	0.315067506054582	0.32	0.287	1	SNRPA1	c3
0.868088042930682	0.31505512129019	0.024	0.023	1	FBRSL1	c3
0.996043986980875	0.31505387507848	0.201	0.211	1	COMMD1	c3
0.488946747441001	0.31505177165001	0.351	0.361	1	NIPBL	c3
0.0212078417368275	-0.314947456369325	0.101	0.158	1	CEBPG	c3
0.269152110983936	0.314909330545131	0.189	0.168	1	RETREG3	c3
0.929453638630203	0.314777844857892	0.067	0.07	1	CCDC117	c3
0.952219100918918	0.314732169660549	0.03	0.03	1	KIAA0556	c3
0.0880031591319504	-0.314638641968258	0.137	0.181	1	SEC24C	c3
0.965827568460665	0.314435389108039	0.064	0.063	1	RARG	c3
0.488018825234415	-0.314348223656235	0.04	0.049	1	PKD1	c3
0.1346119968435	0.314341401218745	0.439	0.437	1	VPS51	c3
0.152315036117322	-0.314224449247549	0.043	0.066	1	CEP83	c3
0.700559639845249	0.313875028994784	0.055	0.061	1	SZT2	c3
0.295269444433158	-0.313811789975064	0.037	0.051	1	SETD7	c3
0.198689442267227	-0.313807636187269	0.064	0.087	1	ARMC6	c3
0.0361059382785287	-0.313542534033794	0.052	0.089	1	ITPRIPL1	c3
0.661248610743803	0.313525120912182	0.159	0.155	1	ANKZF1	c3
0.853930142471476	-0.313427016938383	0.015	0.017	1	ZNF772	c3
0.132452908169535	-0.313416550096969	0.055	0.081	1	ZNF574	c3
0.387664245975605	0.313394413773286	0.03	0.022	1	AP002495.2	c3
0.402629788041676	0.313292106508613	0.143	0.129	1	AQR	c3
0.247782737467072	-0.313249331258055	0.046	0.063	1	MYO19	c3
0.7905435816504	0.313216145813289	0.018	0.021	1	AC006449.6	c3
0.798311044701069	0.313149754206204	0.082	0.08	1	SLC25A44	c3
0.876364797064477	0.313059613163971	0.079	0.078	1	KMT2D	c3
0.0174065056822184	-0.312842105360162	0.11	0.172	1	CASP3	c3
0.433209534488978	-0.312764214471754	0.012	0.019	1	SYNPO2	c3
0.225017609521252	-0.312588778667481	0.046	0.065	1	HTD2	c3
0.493978179915006	0.312412069943459	0.274	0.276	1	IDI1	c3
0.970345404391544	0.312381451612825	0.012	0.012	1	TENT4A	c3
0.26948369072526	0.312299026886728	0.101	0.129	1	PLEKHM1	c3
0.134159110249674	0.312276855454392	0.57	0.572	1	ARGLU1	c3
0.47787362039637	0.31226362633372	0.155	0.145	1	NUPL2	c3
0.0144991672082876	-0.312215554040182	0.067	0.12	1	MFSD6	c3
0.00163024699133869	-0.312164428403938	0.229	0.334	1	SMIM37	c3
0.925019603210494	0.312055262452767	0.037	0.039	1	VPS33B	c3
0.00608133705705706	-0.312039193520831	0.235	0.327	1	COX20	c3
0.930990167133751	0.312008703152926	0.14	0.14	1	CISD1	c3
0.174856943464398	-0.312007065030848	0.009	0.021	1	HIST1H2AM	c3
0.00488324556052827	-0.31197153783295	0.235	0.33	1	BLOC1S1	c3
0.218202347690334	-0.311854462768403	0.021	0.035	1	C4orf33	c3
0.071553786627712	-0.311841889207457	0.091	0.131	1	DCAF15	c3
0.0827011007341113	-0.311829849597572	0.143	0.191	1	AGAP2	c3
0.0113661543117792	-0.311826453492534	0.256	0.342	1	KDM5A	c3
0.0127745680722899	-0.311730650897687	0.299	0.387	1	DCTN2	c3
0.03935873511347	-0.311578225020971	0.058	0.097	1	PSME4	c3
0.626650822122182	-0.311459825218753	0.009	0.012	1	MGST2	c3
0.983891151415985	0.311429256301517	0.073	0.075	1	FBXO33	c3
0.00420850344484471	0.311391934523204	0.814	0.828	1	MBNL1	c3
0.432722393047216	0.311281333159378	0.174	0.159	1	KDM6A	c3
0.576007086395757	0.311259992205454	0.189	0.186	1	CDKN2AIP	c3
0.688558029768426	0.311245367103414	0.116	0.11	1	YJU2	c3
0.444117375900367	0.311071361686844	0.134	0.121	1	TMEM154	c3
0.871503790168813	0.311051782643857	0.152	0.155	1	C3orf38	c3
0.00425325132371356	0.311046893542549	0.671	0.658	1	TMEM123	c3
0.949675239352251	0.311029171101919	0.024	0.024	1	LINC01684	c3
0.0028756135972338	-0.311024339639166	0.274	0.373	1	OS9	c3
0.00284090342028965	-0.310951053947437	0.476	0.572	1	UBE2L6	c3
0.0749718619809353	-0.310935360642778	0.03	0.056	1	PANK3	c3
0.0342253262099753	-0.31086304232642	0.018	0.045	1	LIG4	c3
6.67726879870154e-06	0.310783160923741	0.79	0.766	0.0884337479700032	ANP32B	c3
0.0437982767106065	-0.310723297779737	0.113	0.164	1	SLC39A7	c3
0.438360752130704	0.310719675501219	0.061	0.05	1	AP1AR	c3
0.967715340119101	0.310670170263762	0.024	0.025	1	NPHP3	c3
2.34993379993148e-14	-0.310617835248999	1	1	3.11225232462925e-10	HLA-B	c3
0.533318193524068	0.310522027424965	0.18	0.171	1	TMEM204	c3
0.972050352828117	0.310409610668128	0.021	0.022	1	LCMT2	c3
0.0666859637754734	-0.310191938320597	0.186	0.238	1	ZBTB7A	c3
0.992254352961114	0.310173148876527	0.11	0.113	1	PRR14L	c3
0.0418075410151856	-0.310122826867479	0.213	0.275	1	NFYC	c3
0.834210621208729	0.310033758877431	0.064	0.061	1	ARL15	c3
0.135807663817795	-0.310026565010152	0.073	0.102	1	UBQLN4	c3
0.595072948029331	0.309974610558272	0.058	0.051	1	KIAA1328	c3
5.14057984449123e-05	-0.309885246862388	0.527	0.683	0.680818394604419	TMEM50A	c3
0.00320186456175039	-0.309882539241693	0.402	0.508	1	PSMF1	c3
0.941445134036833	-0.309777262255881	0.034	0.034	1	TRAV36DV7	c3
0.0037472944731387	-0.309498844447225	0.418	0.525	1	MDH1	c3
0.288984173449807	-0.30948542799595	0.049	0.066	1	LCLAT1	c3
0.758165823548606	0.309418609331933	0.067	0.063	1	IDUA	c3
0.0352157704542159	-0.309370395615449	0.122	0.173	1	GPN1	c3
0.215287839337963	-0.3093253955991	0.131	0.159	1	LRRFIP2	c3
0.0530673518887649	0.309260246318866	0.509	0.478	1	HNRNPR	c3
0.587705621926324	0.309224676272612	0.165	0.156	1	DMTF1	c3
0.239927595277808	0.309139350164974	0.454	0.457	1	CCNH	c3
0.488332552268696	-0.309085169099761	0.018	0.025	1	PRKCE	c3
0.317413321593992	-0.3090671177836	0.061	0.077	1	MICA	c3
0.0142034672226	-0.309051737951813	0.226	0.313	1	ARL6IP6	c3
0.764489313764866	0.30888952693315	0.076	0.073	1	RFC2	c3
0.478667103139296	0.308801548525521	0.085	0.102	1	SCO1	c3
0.0560868594294862	-0.308747470104642	0.067	0.104	1	GTF2H2	c3
0.00408972679381177	-0.308409220334282	0.262	0.366	1	BPTF	c3
0.0374110850886818	-0.308386715886729	0.137	0.193	1	ACLY	c3
0.0364181581359987	-0.308381193377704	0.131	0.185	1	CDK11B	c3
0.317852605954838	0.308120900191186	0.183	0.162	1	CD59	c3
0.597066296692594	-0.308041339984391	0.015	0.02	1	SUV39H2	c3
4.77650124404484e-21	-0.307832335556386	0.997	1	6.32599824761298e-17	MT-CO1	c3
0.0467054806444972	-0.307804434754528	0.268	0.328	1	TXN2	c3
0.876798866193485	0.307775855207349	0.116	0.117	1	TTF1	c3
0.80561515237724	0.30762215002285	0.207	0.208	1	ETNK1	c3
0.104165731925802	0.30759409159468	0.39	0.364	1	ORMDL1	c3
0.382053884678928	0.30756069215885	0.015	0.009	1	STX17-AS1	c3
0.163690019797919	0.307529484010808	0.341	0.317	1	FXR1	c3
0.831291529069197	0.307456499167866	0.104	0.102	1	DTNB	c3
0.00995123448786778	0.307414576082261	0.598	0.569	1	EPC1	c3
0.878189129769434	0.307334132726881	0.085	0.084	1	MIATNB	c3
0.30121284240128	-0.307331951407971	0.03	0.044	1	TRUB1	c3
0.139895165103495	-0.307286821851908	0.101	0.134	1	PELP1	c3
0.958271286413257	0.30722116578341	0.122	0.123	1	GAR1	c3
0.201787829241228	-0.307160907458019	0.037	0.055	1	FBXO25	c3
0.0122609660526282	-0.307132855667403	0.235	0.322	1	ZFAND6	c3
0.146234261500645	-0.306902400380116	0.021	0.039	1	MAP3K12	c3
0.693531038923826	0.306837807403442	0.015	0.019	1	LINC00665	c3
0.0264820590536879	-0.306680058632469	0.122	0.179	1	GPR137B	c3
0.182936150387591	-0.306572487803833	0.04	0.059	1	GYS1	c3
0.401837100453899	0.306518130582252	0.155	0.138	1	NEK9	c3
0.0151152415082019	-0.306434886649525	0.22	0.298	1	NIN	c3
0.055090301060512	-0.306387778220343	0.14	0.193	1	SFSWAP	c3
0.110170408953495	-0.306330201019456	0.11	0.146	1	TBC1D22A	c3
0.467765271456352	0.306287023741492	0.088	0.076	1	PAXIP1-AS2	c3
0.733134151076861	0.306237994850809	0.07	0.066	1	TMEM192	c3
0.278656649655461	-0.306135426763479	0.082	0.103	1	MBIP	c3
0.0132139233402749	-0.306092961960343	0.134	0.2	1	EXOC4	c3
0.0705738064682934	-0.306069435399204	0.098	0.139	1	HSPA13	c3
0.716404899561314	0.305981463690841	0.061	0.056	1	SLC25A13	c3
0.727281267811246	0.305962777379251	0.125	0.12	1	TASP1	c3
0.0246831404404155	-0.305839306139804	0.186	0.255	1	TBPL1	c3
0.294068482274944	-0.305782244795791	0.018	0.029	1	ARL17B	c3
0.112102222206018	-0.305675022517587	0.076	0.107	1	OTULIN	c3
0.927415873278971	0.305596614088736	0.134	0.137	1	EFTUD2	c3
0.048751522734891	-0.305523799552276	0.186	0.242	1	ADD1	c3
0.419775910814153	0.305506285294867	0.021	0.03	1	INCENP	c3
0.259725795796975	-0.305472886846579	0.049	0.067	1	BARD1	c3
0.3070155000393	0.305441222904746	0.024	0.016	1	PFKM	c3
0.6339619286105	-0.305398664101604	0.046	0.052	1	PLXNC1	c3
0.0251805919699672	-0.30531731233352	0.14	0.204	1	EIF3J	c3
0.711619156283837	0.305220741424449	0.104	0.116	1	APC	c3
0.00566238556079615	-0.305015550191306	0.137	0.214	1	STARD3NL	c3
0.00862512972560438	-0.305009418834758	0.293	0.389	1	PPP1R10	c3
0.970202717079807	0.305001203426358	0.073	0.074	1	MED12	c3
0.000743995167797203	-0.30487644140197	0.643	0.768	1	LRRFIP1	c3
0.0697441298227536	-0.304731999738126	0.095	0.136	1	NOP16	c3
0.0603205459969856	-0.304627170739497	0.098	0.14	1	HSD17B7	c3
0.00210041455161519	-0.304606477240107	0.186	0.287	1	LMF2	c3
0.00263301381540312	-0.304438975501312	0.354	0.472	1	SRSF4	c3
1.79477544612123e-06	-0.304393860267827	0.887	0.937	0.0237700060084296	HSP90AB1	c3
0.0177830052549754	-0.304386913506907	0.183	0.257	1	RNF13	c3
0.0898898889980716	-0.304360881135899	0.058	0.088	1	SNX18	c3
0.665181248693553	0.304327063318343	0.116	0.109	1	PPME1	c3
0.0219415242233711	-0.304289668192563	0.11	0.168	1	ATXN2	c3
0.595077765442935	0.304055656453571	0.247	0.247	1	SNHG15	c3
0.0623732189262892	-0.303976519974902	0.137	0.185	1	CCDC25	c3
0.0781206203814537	-0.30376147632383	0.076	0.114	1	MR1	c3
0.120005103401621	-0.303681393447795	0.851	0.883	1	DNAJB1	c3
0.109296837590015	-0.303547236963539	0.101	0.135	1	B3GALT4	c3
0.336579421184984	-0.303457652877011	0.04	0.053	1	STK32C	c3
0.524110558013938	0.303442118694689	0.162	0.152	1	POLR1C	c3
0.902510737292668	0.303422260411427	0.043	0.042	1	CUL9	c3
0.843035930296235	0.303320736891938	0.183	0.2	1	WDR6	c3
0.723469652254927	0.303308646626495	0.107	0.119	1	CYP4V2	c3
0.675320663817128	0.303269379944299	0.192	0.188	1	TAZ	c3
0.853832510261243	0.303252950729761	0.046	0.044	1	DPY19L4	c3
0.942198785336483	0.303225985585953	0.067	0.07	1	ZNF699	c3
0.0131092246792435	-0.303212136425311	0.201	0.283	1	HCFC1R1	c3
2.67377322380859e-05	0.303127171070288	0.838	0.834	0.35411452576121	EIF4B	c3
0.546901959374692	0.303113339010063	0.189	0.184	1	ARHGEF2	c3
0.756374016742494	0.303102756506817	0.034	0.03	1	MFSD12	c3
0.944247488298771	0.303080887536563	0.095	0.096	1	ATP8B2	c3
0.358171882897127	-0.303073002450391	0.055	0.07	1	ELP1	c3
7.49686031451128e-05	-0.303026009882591	0.515	0.657	0.992884180053873	BUB3	c3
0.540608346872945	0.302982896205364	0.018	0.014	1	L3MBTL1	c3
0.404935208634356	0.302875098373646	0.095	0.08	1	EFCAB2	c3
0.573399446865822	0.302834088164005	0.213	0.207	1	OAS2	c3
0.0812410904971698	-0.30275585535056	0.085	0.123	1	MON1B	c3
0.529777031812949	0.302682758325434	0.204	0.198	1	CYP20A1	c3
0.119279581673468	0.302672060551857	0.195	0.158	1	P2RY8	c3
0.151881495332667	-0.302604650700411	0.015	0.03	1	CENPQ	c3
0.95138101127858	0.302603756485541	0.198	0.209	1	PBRM1	c3
0.159851117811734	-0.302596618820826	0.119	0.151	1	YES1	c3
0.156917273557443	-0.302489650485431	0.107	0.138	1	ELAC2	c3
0.768952829592912	0.302369300685864	0.192	0.212	1	RNF214	c3
0.00881134952510528	-0.302267607088519	0.293	0.371	1	ATP2A3	c3
0.047280893366317	-0.302126551263904	0.055	0.092	1	CPSF3	c3
0.0175053815407019	-0.302085595002252	0.113	0.173	1	EXOSC9	c3
0.590540824765032	0.301971547405115	0.012	0.017	1	NSMF	c3
0.814608443970465	0.30189588433477	0.189	0.193	1	CCDC28A	c3
0.572860813201715	0.301808211192533	0.027	0.034	1	USP45	c3
0.955562402545997	0.301683053472633	0.064	0.065	1	ACAD9	c3
0.121611551978281	-0.301669256566965	0.091	0.124	1	GPATCH2L	c3
0.229167824680741	0.30165970940898	0.21	0.184	1	ZNF131	c3
1.8544979077792e-05	0.301659088912155	0.832	0.846	0.245609702906277	RPS10	c3
0.0143053941305707	-0.301616572274257	0.241	0.322	1	NDUFS2	c3
0.84392909235941	0.301592693755157	0.186	0.189	1	TRIM56	c3
0.0923267361429159	0.30144636413913	0.372	0.338	1	BCL11B	c3
0.131840729789409	-0.301337531005683	0.076	0.106	1	SMIM30	c3
0.481037923514014	0.301312472318574	0.159	0.147	1	MTA2	c3
0.245981539430142	-0.301310300757843	0.061	0.081	1	PIAS3	c3
0.0092562921899468	-0.301298993356061	0.332	0.425	1	CARD16	c3
0.429622950902741	-0.301270437294965	0.012	0.019	1	RMDN2	c3
0.0375010748235503	-0.301226349243249	0.061	0.101	1	PHTF1	c3
0.0110417709369163	-0.30114510846393	0.149	0.221	1	PSMD1	c3
0.225142292195028	-0.300805799782252	0.03	0.047	1	RUFY3	c3
0.618534398884046	0.300773767194937	0.073	0.066	1	RHPN1	c3
0.235423038617717	-0.300772740872558	0.04	0.057	1	TMEM94	c3
0.908777937401659	0.30073471479159	0.171	0.177	1	PKN2	c3
0.450339851881441	0.300724833865211	0.192	0.183	1	PLGRKT	c3
0.301314958144611	0.300709950016219	0.28	0.254	1	SYAP1	c3
0.178952737421748	-0.30068991272524	0.012	0.025	1	LRRC1	c3
0.292736936695825	0.30067636038875	0.189	0.169	1	EXOSC3	c3
0.597962128159282	0.300614731715978	0.052	0.045	1	ZNF689	c3
0.545369165006642	0.300559139962389	0.189	0.181	1	POLD2	c3
7.01217076671869e-08	-0.30030437296841	0.963	0.991	0.000928691896344224	CORO1A	c3
0.464200493224164	0.300150015737649	0.061	0.05	1	NUP35	c3
0.405286323204839	0.3000783377411	0.232	0.219	1	PHAX	c3
0.705078843103292	0.300001719693348	0.018	0.022	1	FOXO4	c3
0.244876478315222	-0.299874480551848	0.082	0.104	1	NOC3L	c3
0.536507205651895	0.299835556507052	0.012	0.008	1	GPR160	c3
0.851829198680098	0.299830818962637	0.076	0.082	1	NOL10	c3
0.356541495101345	0.299772659271748	0.018	0.011	1	ZNF787	c3
0.948936451143282	0.299509499205397	0.079	0.079	1	ATP2C1	c3
0.0189597217256107	-0.299455653095274	0.341	0.433	1	POLR2K	c3
0.215839038717228	0.299436101969822	0.308	0.288	1	SAT2	c3
0.842625865708223	0.299345427578081	0.037	0.034	1	AK9	c3
0.659353776510138	0.299320760812846	0.101	0.114	1	NHLRC3	c3
0.856716759140378	0.299307590047528	0.043	0.046	1	GFOD2	c3
0.00457053717601885	-0.299302339172049	0.262	0.366	1	ATP6AP1	c3
0.0629338528383682	0.299284745987535	0.345	0.297	1	TSPYL1	c3
0.972784164156088	0.29922479779577	0.018	0.019	1	AL161421.1	c3
0.759102411258219	0.299132401037455	0.049	0.054	1	MAP3K6	c3
0.000929387034969908	0.299071362723642	0.86	0.841	1	EIF3L	c3
0.455736752158301	0.299017343890787	0.049	0.061	1	ADHFE1	c3
0.944201066767361	0.299015657301553	0.11	0.113	1	FCHSD1	c3
0.670101918821615	0.298966868621375	0.091	0.085	1	ZDHHC4	c3
0.37216537695889	0.298866474092689	0.223	0.208	1	AKT2	c3
0.991477302028292	0.298855988195532	0.04	0.04	1	IRF2BP1	c3
0.876037381737079	0.298752065486631	0.088	0.094	1	ITPR3	c3
0.105216517641026	-0.298688454181055	0.213	0.257	1	PSMD3	c3
0.645254719684537	0.298659862256926	0.07	0.063	1	USP19	c3
0.872907778305546	0.298421944015028	0.067	0.072	1	CCDC61	c3
0.519016285790816	0.298385553476334	0.14	0.166	1	NUMB	c3
0.651674036826291	0.298223665594421	0.058	0.067	1	MYO18A	c3
0.529635688785111	0.298071841545142	0.082	0.073	1	PIGO	c3
0.308944843628115	-0.298067559084211	0.058	0.075	1	SLC30A6	c3
0.0390439082945586	-0.298038981426858	0.177	0.239	1	UCHL5	c3
0.0732960480110387	-0.298002670282175	0.085	0.125	1	LPCAT1	c3
0.910676864440122	0.29792551492053	0.095	0.099	1	NUP37	c3
0.951741183480487	0.297921362764173	0.125	0.129	1	CLIP4	c3
0.121092665828131	0.297819251040037	0.28	0.246	1	RPIA	c3
0.00640695031375419	-0.29777062133004	0.287	0.388	1	SUPT4H1	c3
0.634211903591436	-0.297729256027116	0.021	0.026	1	MYL5	c3
0.903197390465667	0.29767959153819	0.107	0.112	1	PACSIN2	c3
0.00142711390840942	-0.297643003099623	0.494	0.612	1	GHITM	c3
0.202423720484005	-0.297590390977106	0.101	0.127	1	SH2D3A	c3
0.879417201502135	0.297573289019016	0.079	0.078	1	TP53	c3
0.304098958984642	-0.297542051359597	0.024	0.036	1	ZNF646	c3
0.447267747338522	0.297472655861982	0.302	0.298	1	ALG13	c3
0.701221023255586	0.297408515241502	0.079	0.074	1	SOS2	c3
0.755762020115626	0.297310997493434	0.055	0.051	1	SMAD4	c3
0.17464676705697	-0.297289689361468	0.04	0.06	1	PRIMPOL	c3
0.504537336535872	0.297274681040842	0.18	0.169	1	RSAD1	c3
0.124337768122336	-0.297140935114764	0.009	0.023	1	TRBV5-6	c3
0.646742071139053	0.297024159725478	0.101	0.114	1	TMEM11	c3
0.479575906665708	0.296993873397592	0.165	0.152	1	FBRS	c3
0.78977505280965	0.296958097234725	0.064	0.07	1	MFN1	c3
0.624030987180296	-0.296953797209409	0.009	0.012	1	ZGRF1	c3
0.0739086880148202	-0.296730530573879	0.049	0.08	1	ANKRD52	c3
0.699180263754087	0.296653214814083	0.076	0.071	1	CCDC9	c3
0.451220296737167	-0.296557499954632	0.07	0.083	1	MRM2	c3
0.0509460477514159	-0.296534074069408	0.101	0.147	1	GALNT11	c3
0.687119090131352	0.296448154276447	0.338	0.358	1	VOPP1	c3
0.920562281118297	0.296243803849984	0.076	0.079	1	TMEM185A	c3
0.233528434508312	-0.296184840490698	0.128	0.157	1	RMDN3	c3
0.362620716861963	0.296101803266268	0.168	0.151	1	ZNF91	c3
0.814044326605107	0.29609135653671	0.113	0.11	1	ANKRA2	c3
0.88553178487503	0.295728000161862	0.043	0.045	1	TRAV8-3	c3
0.688683388268793	0.295687761555848	0.159	0.155	1	FAM207A	c3
0.483475465415031	-0.295673973457704	0.006	0.01	1	TK1	c3
0.0273618697943766	-0.295608727665542	0.277	0.348	1	NAXE	c3
0.00180233100938603	-0.295386066003339	0.314	0.428	1	MMADHC	c3
0.160888399519716	0.295289073847	0.061	0.088	1	MIAT	c3
0.790033327377078	0.295159454300971	0.098	0.106	1	ZNF33B	c3
0.153172452677907	-0.295001858489968	0.058	0.083	1	TSPAN3	c3
0.675258864789685	0.294839386352791	0.046	0.041	1	LRRC8A	c3
0.89228548821777	0.294821291186526	0.027	0.029	1	PAXIP1	c3
0.540032327903488	0.29463242446314	0.076	0.089	1	PI4K2B	c3
0.874874797300723	0.294452084723228	0.015	0.017	1	ELMO3	c3
0.582188102205728	0.294399834638548	0.095	0.085	1	SLC25A40	c3
0.000147395173529057	-0.294395876580677	0.421	0.56	1	CAPZA1	c3
0.0300126477045238	-0.294273674539012	0.341	0.422	1	MMP24OS	c3
0.580436227095874	0.294214585679745	0.101	0.092	1	MLXIP	c3
0.149091072501243	-0.294170687818164	0.216	0.255	1	RALBP1	c3
0.489166247566935	0.294151066420569	0.088	0.077	1	METTL13	c3
4.41026712833639e-05	0.294139765674941	0.838	0.767	0.584095778476871	SPOCK2	c3
0.594579860008618	0.294130227786247	0.195	0.187	1	NLRC5	c3
0.958675982718401	0.294129893283162	0.03	0.03	1	ZBTB49	c3
0.00112985613927585	-0.294087163494791	0.378	0.499	1	ELOC	c3
0.0578566209877729	-0.294066101450997	0.064	0.101	1	CSNK1G1	c3
0.564796686893513	0.293906283999212	0.207	0.2	1	CCDC167	c3
0.933254937891535	0.293883555497363	0.091	0.097	1	PTPN23	c3
0.0231489673782442	-0.293847201319748	0.168	0.237	1	UBL7	c3
0.0294817135803893	-0.293781944695427	0.076	0.124	1	VPS33A	c3
0.422680824657403	0.29372684289525	0.067	0.055	1	THTPA	c3
0.77412149724365	0.293724469297537	0.037	0.033	1	STAP1	c3
0.0246296568909982	-0.293721621645576	0.244	0.323	1	INPP5D	c3
0.392502740324047	0.293699947286325	0.037	0.027	1	TRBV6-2	c3
0.656129349272208	0.293633578251417	0.165	0.16	1	OARD1	c3
0.316638674505169	0.293620105964059	0.183	0.162	1	HDDC3	c3
0.00948427298445822	-0.293527814631505	0.195	0.277	1	GPAA1	c3
0.843008559197991	0.293439246398135	0.034	0.036	1	SPATA5L1	c3
0.0026314060754079	0.293405126965764	0.655	0.629	1	CHURC1	c3
0.793110577351028	0.293263295901529	0.192	0.209	1	DIP2A	c3
0.649272336081315	0.293248859833464	0.021	0.026	1	HDAC9	c3
0.00345887560821544	0.293248566653161	0.726	0.708	1	AES	c3
0.804711932291575	0.293165181670824	0.079	0.086	1	CDK7	c3
0.0470929537241523	-0.293147301281304	0.125	0.169	1	PGGHG	c3
0.960059968332847	0.293085587362004	0.03	0.03	1	AP003392.4	c3
0.616448292780711	0.293042319855526	0.22	0.214	1	KDM2A	c3
0.01021206026857	-0.292751140873415	0.412	0.515	1	SURF4	c3
0.181430995264647	-0.29267379929987	0.04	0.059	1	SOCS5	c3
0.0434939753291895	-0.292565898588092	0.207	0.271	1	ZC3H13	c3
0.0214575585959604	-0.292544540233584	0.317	0.405	1	MRPL34	c3
0.330909989553576	0.29243973279408	0.223	0.201	1	U2AF1L4	c3
0.646404252385469	0.292422289579557	0.107	0.099	1	TRIM41	c3
0.0250726163342363	-0.292415408483172	0.21	0.28	1	GTF2I	c3
0.701643252363925	0.292388066003245	0.095	0.088	1	CRY2	c3
0.441833186254204	0.292378945524882	0.186	0.171	1	ILF3-DT	c3
0.457698870671284	0.292147647081549	0.162	0.148	1	BRAT1	c3
0.739560358288935	0.292136070733983	0.137	0.133	1	SPOUT1	c3
0.0202363187434522	-0.292081187004463	0.095	0.15	1	PIGF	c3
0.034774101662616	-0.292070805170665	0.101	0.152	1	CHMP6	c3
0.968852242113754	0.292066760683901	0.034	0.034	1	ARPC4-TTLL3	c3
0.233035401746356	-0.291858976503973	0.012	0.023	1	ZCCHC18	c3
0.305172938220801	0.291858286852784	0.256	0.239	1	RBM6	c3
0.719856214037554	0.291765097924226	0.195	0.219	1	TSPAN5	c3
0.682193014059314	0.291710780572429	0.098	0.092	1	BLOC1S5	c3
0.248126092399518	-0.291627692632614	0.07	0.092	1	PLCL2	c3
0.78532490168756	0.291506639935001	0.037	0.041	1	CEP85	c3
0.062791735608786	-0.291489866048038	0.064	0.099	1	SH3BP2	c3
0.476426751197439	0.291453310193162	0.116	0.104	1	SUMF1	c3
0.253805328469782	-0.291355911317947	0.073	0.094	1	ATP13A2	c3
0.57391353252894	0.291185522849099	0.311	0.312	1	BTF3L4	c3
0.265891289350207	-0.291169449169545	0.043	0.059	1	BORCS8	c3
0.000106181942645302	-0.290972610298636	0.598	0.717	1	HSP90B1	c3
0.00685259597253759	-0.290791225985639	0.107	0.176	1	NDUFS1	c3
0.0124953364814176	-0.290771799211179	0.226	0.309	1	SDHB	c3
0.713975860021203	0.290663111013149	0.125	0.121	1	FHL1	c3
7.54857611970069e-10	-0.290630907586207	0.945	0.99	9.99733421293159e-06	ATP5F1E	c3
0.899567323835478	0.290572928115592	0.085	0.084	1	NUP85	c3
0.00501100608349201	-0.290553935508277	0.268	0.371	1	DERL1	c3
0.000167774889861484	-0.290512946454005	0.729	0.814	1	TXNIP	c3
0.259233012723022	0.290230855160474	0.058	0.079	1	PARG	c3
0.0525146218857009	0.290097884668741	0.491	0.444	1	G3BP1	c3
0.624885983449017	0.290086635773521	0.152	0.174	1	DRG2	c3
0.59723338703825	0.29002987348802	0.247	0.242	1	CCNG1	c3
0.491598982630562	-0.289781940264081	0.07	0.082	1	TRAV17	c3
0.0405239645704351	0.289559049617645	0.659	0.655	1	RBMX	c3
0.000143659398286744	0.2895382206567	0.829	0.807	1	FUS	c3
0.278376808487489	-0.289439289921384	0.037	0.052	1	MAK16	c3
0.0963626809231641	-0.289390048103681	0.07	0.103	1	MARCH2	c3
0.0422753397547931	-0.289347381311634	0.073	0.116	1	ANKRD54	c3
0.13922115781571	-0.289326849644334	0.07	0.1	1	GALC	c3
0.0239381403579527	-0.28926121401674	0.134	0.196	1	BZW2	c3
0.68350762631999	0.289196969087448	0.03	0.035	1	AGPAT4	c3
0.085250182022412	0.289073466121718	0.512	0.495	1	SOCS1	c3
0.827101062945269	0.289042433615875	0.146	0.146	1	ZNF75A	c3
0.792095968769426	0.288886916082176	0.061	0.057	1	CCL28	c3
0.0548592580357847	-0.288860210732311	0.134	0.183	1	EML2	c3
0.00406497116064883	-0.288828323983678	0.357	0.471	1	SS18L2	c3
0.00811125847137167	-0.288515917327638	0.265	0.364	1	FBXW5	c3
0.689037777827852	0.288406865622393	0.271	0.277	1	NUP98	c3
0.966803677806256	0.288321625709076	0.113	0.117	1	YEATS4	c3
0.116794341733046	-0.288305723045807	0.171	0.212	1	LIPA	c3
0.0304716510398921	-0.288265932641135	0.119	0.174	1	MKKS	c3
0.154946766692345	-0.288206797752727	0.137	0.172	1	CTNNBL1	c3
0.000273508934645357	0.288176850734776	0.848	0.792	1	CXCR4	c3
0.0021198228261848	-0.288137580226549	0.213	0.306	1	INO80E	c3
0.00436698724178106	-0.288135850109573	0.454	0.548	1	PSMA1	c3
0.89888721045749	0.288111401493576	0.034	0.032	1	MIER3	c3
0.726646310227266	0.288059243311562	0.085	0.081	1	ASCC1	c3
0.659047420038238	0.288039752363093	0.116	0.131	1	PNPLA6	c3
0.860255432336156	0.288012423798916	0.012	0.014	1	AC006064.4	c3
0.409398579231386	0.287937886503923	0.021	0.015	1	MAML3	c3
0.0799400543054974	-0.287845718898351	0.037	0.063	1	SAC3D1	c3
0.0355900167047006	-0.287831681645605	0.107	0.155	1	BLMH	c3
0.581494801806079	0.287827587867602	0.088	0.079	1	KDM3A	c3
0.575338428743093	0.287461371982561	0.341	0.349	1	RALGAPA1	c3
0.169946381714017	0.287404550504426	0.396	0.378	1	TMBIM4	c3
0.162071741911908	-0.287364334766011	0.043	0.065	1	DOPEY2	c3
0.0266265876004529	0.287337048614229	0.579	0.563	1	RSL24D1	c3
0.516989338907495	0.287225259859754	0.082	0.072	1	ZMYM1	c3
0.885554629119107	0.287182768525025	0.03	0.029	1	ZNF219	c3
0.861621633941413	0.287036705703964	0.012	0.014	1	LINC02265	c3
0.615958262260001	0.287007119022268	0.186	0.179	1	PRDM2	c3
0.403129711893313	0.286862300566236	0.369	0.364	1	SLC44A2	c3
0.00282246428190174	-0.28678343384306	0.564	0.666	1	COPE	c3
0.000832932483922573	-0.28672716667331	0.393	0.524	1	RGS19	c3
0.233612630824305	-0.286659070098479	0.027	0.043	1	MED22	c3
0.0273226886549589	-0.286636511353322	0.155	0.216	1	AK3	c3
0.69643153062935	0.286551479587547	0.165	0.16	1	DNAJB2	c3
0.183241108619264	-0.28648520410902	0.165	0.198	1	WDR46	c3
0.97409829557898	0.286455142119238	0.125	0.13	1	SCAF8	c3
0.0676663521806146	-0.286332875536746	0.122	0.17	1	C1orf122	c3
0.416661642536078	0.286205955276912	0.107	0.092	1	ANAPC4	c3
0.97614802924148	0.286155022927065	0.098	0.099	1	FKBP15	c3
0.984882125367489	0.286120977639254	0.213	0.223	1	FAM208A	c3
0.000935699769441118	-0.286092518010835	0.494	0.605	1	ACTR2	c3
0.0221161378650813	0.285980886491731	0.509	0.475	1	OXA1L	c3
0.311940394994173	-0.285961986813597	0.015	0.025	1	IQCH-AS1	c3
0.249728445100982	-0.285849792841896	0.034	0.049	1	ALDH6A1	c3
0.983247963049746	0.285841222870877	0.064	0.065	1	OXSM	c3
0.946441227263132	0.285838999615351	0.021	0.021	1	AGBL3	c3
0.0786995088156948	-0.285818335599171	0.137	0.183	1	C5orf15	c3
0.00565883459165223	-0.28580441958243	0.229	0.336	1	APMAP	c3
0.483447656038834	-0.285801071096825	0.027	0.035	1	ALYREF	c3
0.0141953527617248	-0.285783075021309	0.274	0.36	1	SND1	c3
0.110879474248704	-0.28577795406776	0.143	0.181	1	FAM89B	c3
0.000636826717177693	-0.285776452755307	0.64	0.749	1	APBB1IP	c3
0.56349079005062	0.285688659706447	0.28	0.284	1	SNX1	c3
0.599614081892625	-0.285610499956311	0.015	0.02	1	STK3	c3
0.192214012398328	-0.285494186596203	0.024	0.041	1	LIMD1	c3
0.389009352743267	0.285441454168992	0.171	0.151	1	UBIAD1	c3
0.874961600075021	0.285382319476593	0.085	0.084	1	SIK2	c3
0.000456071568274685	-0.285323272534363	0.668	0.776	1	TUBB	c3
0.957292122961793	0.285070508818894	0.03	0.03	1	NKRF	c3
0.759880481858821	0.284997380062413	0.021	0.019	1	DOCK7	c3
0.115066205812169	-0.284922036189762	0.11	0.148	1	SCAP	c3
0.0114263104028239	-0.284538377467023	0.226	0.305	1	TRAPPC4	c3
0.0455723162186436	-0.284466282052141	0.165	0.222	1	HTATIP2	c3
0.852523448048421	-0.284410668226238	0.018	0.02	1	PPM1N	c3
0.00772516823227579	0.284361642095456	0.707	0.716	1	C19orf53	c3
0.0780505646988684	-0.284209504465157	0.244	0.302	1	USP14	c3
0.435811246173743	0.284033760527206	0.207	0.193	1	SUCO	c3
0.96760498418067	0.283987455319704	0.043	0.044	1	TMEM186	c3
0.916975912099151	0.283959562582926	0.198	0.208	1	LRRC59	c3
0.0151264235841398	-0.283824603816408	0.232	0.316	1	ERP44	c3
0.763762315135085	-0.283744428540873	0.015	0.018	1	AC020928.1	c3
6.48222297599411e-08	-0.283523208613104	0.966	0.982	0.000858505610940661	RAC2	c3
0.0271682197426208	-0.283503855695138	0.442	0.531	1	ARHGAP30	c3
0.34660839773889	0.283377123405599	0.21	0.191	1	ZBTB25	c3
0.209734619794904	-0.28337615855689	0.024	0.04	1	ADAT2	c3
0.594372684750308	0.283364747656533	0.052	0.045	1	POMGNT2	c3
0.112559190077593	-0.283340831927504	0.098	0.134	1	IFT27	c3
0.220943557384608	0.283300719325612	0.399	0.385	1	ANKRD11	c3
0.119917333708847	-0.283165984004612	0.079	0.111	1	ZNF600	c3
0.0291527657322028	-0.283124511454525	0.137	0.197	1	MPHOSPH6	c3
0.539081900990171	0.283052160923136	0.21	0.201	1	DMAC1	c3
0.00727589390547171	-0.283037319633898	0.53	0.622	1	TRAM1	c3
0.000615361129724568	-0.283033261036168	0.476	0.598	1	PTPN6	c3
0.161271326998821	-0.283011689873714	0.061	0.086	1	TBC1D31	c3
0.168732286621044	-0.28299722214111	0.079	0.106	1	COQ6	c3
6.06940035528397e-05	-0.282985126722493	0.375	0.545	0.80383138305381	HSPA9	c3
0.910047874920412	0.282966103102334	0.152	0.155	1	THAP4	c3
0.86061092642603	0.282925601268204	0.073	0.072	1	LIN52	c3
0.233800957564376	-0.282795673393048	0.095	0.119	1	FARS2	c3
0.000390126101797797	-0.282761014908592	0.723	0.804	1	MT-ND6	c3
0.302519252613314	-0.282708081666813	0.067	0.085	1	EHBP1L1	c3
0.735987472523055	0.282698189869737	0.192	0.188	1	MLLT6	c3
0.0142067184569813	-0.282662380286191	0.329	0.424	1	NDUFB3	c3
0.267040773507813	0.282574441706786	0.491	0.467	1	ARHGAP4	c3
0.280194186793695	0.282419824294819	0.21	0.19	1	MRPS30	c3
0.0292040270662636	-0.282418619163217	0.171	0.236	1	RPS6KA1	c3
0.0123703668972216	-0.282344570449477	0.29	0.382	1	PHB	c3
0.449215842365837	0.282254429818663	0.32	0.318	1	DHPS	c3
0.000560361603068301	0.282144984936624	0.951	0.974	1	RPS26	c3
0.543805769666119	0.282113736564889	0.11	0.127	1	NUP153	c3
0.675060074009664	0.282083044424774	0.037	0.043	1	POLI	c3
0.000444828504955782	-0.282028550914167	0.634	0.753	1	TMEM258	c3
0.574137527854754	-0.281852369032183	0.021	0.027	1	MCM4	c3
0.255397972895404	0.281751827827858	0.308	0.289	1	AAMP	c3
0.138793607782279	-0.281729981870526	0.113	0.147	1	ZNF688	c3
0.940022150052939	0.281665616610896	0.07	0.07	1	NLE1	c3
0.0518536177633201	-0.281523340575969	0.274	0.337	1	SDF2L1	c3
0.213959825318711	-0.281520319871219	0.061	0.083	1	CTPS1	c3
0.00168024394372809	-0.281519134392611	0.512	0.642	1	UBXN4	c3
0.374459673696182	-0.281466318773867	0.012	0.02	1	POC1B-AS1	c3
0.132408304928084	0.281460309700939	0.189	0.155	1	NME4	c3
0.00120380880851906	-0.28130877150856	0.649	0.762	1	BRK1	c3
0.00145353325346556	-0.281295086535148	0.308	0.421	1	PIN1	c3
0.581731715118061	-0.281274737904186	0.024	0.03	1	SNHG10	c3
0.305791089708459	-0.281250753591851	0.024	0.036	1	ZFAT	c3
0.739226645496554	0.281207804312945	0.122	0.119	1	TMEM41B	c3
0.749467126941996	0.281175605878003	0.091	0.087	1	TACO1	c3
0.815762629831146	0.281025382605951	0.192	0.207	1	MRPS31	c3
0.00367261376872579	-0.281014610561516	0.256	0.356	1	AC116366.3	c3
0.768323158543284	0.280959346150421	0.116	0.112	1	TRMT6	c3
0.523823871423977	0.2808278091043	0.122	0.144	1	TFB1M	c3
0.270020645271337	-0.280804318799368	0.043	0.059	1	C2CD2L	c3
0.644075599257663	0.280771987984721	0.034	0.04	1	TYW5	c3
0.875087546031454	0.280761812980266	0.049	0.052	1	GLCE	c3
0.835324473437437	-0.280735049458198	0.052	0.054	1	RDH13	c3
0.70448709430545	0.280381425594714	0.366	0.385	1	ITSN2	c3
0.0247795454376189	-0.280259930999136	0.195	0.264	1	NSFL1C	c3
0.661734217726318	0.28023488160624	0.04	0.034	1	URB1	c3
0.461249228676322	0.280104606759631	0.256	0.25	1	USP10	c3
0.364833658518987	0.280026309283164	0.207	0.189	1	ZDHHC6	c3
0.385185697601445	-0.280016238178426	0.064	0.079	1	CMTR1	c3
0.0361410758741668	-0.279969225914467	0.055	0.095	1	NOMO2	c3
0.521098819626175	-0.279966767794186	0.07	0.08	1	CPSF4	c3
0.500719158097634	-0.279952644315083	0.012	0.018	1	IRAK1BP1	c3
0.571029130784252	0.279950408002377	0.268	0.262	1	YIPF4	c3
0.127542736840446	-0.279945559553356	0.024	0.044	1	SSH3	c3
0.126825585469122	-0.279942426952256	0.04	0.062	1	BLM	c3
0.188078085410513	-0.27973151532895	0.034	0.052	1	PXN-AS1	c3
0.918191639070734	0.279724839779829	0.055	0.057	1	ABHD8	c3
0.0460520234022809	-0.279709166989382	0.271	0.34	1	SUCLG1	c3
0.952820170652968	0.279654858154275	0.137	0.145	1	U2AF1	c3
0.0770693580558086	-0.279652157637184	0.152	0.2	1	BCL7C	c3
0.228516330221779	-0.279363304980601	0.195	0.225	1	DCAF11	c3
0.155970612742224	0.279355715403161	0.54	0.554	1	MAT2B	c3
0.0876038966935536	-0.279322639172374	0.049	0.078	1	APOBEC3D	c3
0.144380439344276	0.279207916437939	0.332	0.305	1	LYPLA1	c3
0.268992055989315	0.279119233217195	0.015	0.026	1	PEAK1	c3
8.71027602590733e-05	-0.279059546948022	0.771	0.837	1	ACTR3	c3
0.624030987180296	-0.279020804764956	0.009	0.012	1	MMACHC	c3
0.0861781385361565	-0.278973995391733	0.049	0.078	1	TDRD3	c3
0.645481062530091	0.278817233060427	0.11	0.102	1	PARP11	c3
0.454218584080043	0.278766091492534	0.091	0.079	1	PATL2	c3
0.0659299530724022	-0.278680093462766	0.146	0.197	1	CCDC32	c3
0.383225105875798	-0.278500963918916	0.043	0.055	1	PEX10	c3
0.0268224276766564	-0.278486778963217	0.131	0.19	1	HAT1	c3
0.178056031838174	-0.278276590084155	0.03	0.049	1	LAPTM4B	c3
0.0730550106066093	-0.278260199158194	0.064	0.099	1	BCOR	c3
0.0502172707334313	-0.278188735379443	0.113	0.163	1	TMEM242	c3
0.231886998407695	-0.278077008438122	0.055	0.075	1	SLC35E2A	c3
0.829025284209358	-0.278074010087793	0.015	0.014	1	LIPT2	c3
0.0359755715501963	-0.277988452805399	0.168	0.229	1	CHMP1A	c3
0.97314451717225	0.27785291537746	0.058	0.059	1	RAB43	c3
0.571014836625308	0.277740393842437	0.229	0.227	1	EBLN3P	c3
0.737838088096756	0.277684331268792	0.061	0.056	1	C12orf4	c3
0.510452533067355	-0.277523207755984	0.021	0.028	1	FKTN	c3
0.711557013900899	0.277521062295691	0.122	0.118	1	STAT5B	c3
0.102183024088051	-0.277464600819343	0.055	0.084	1	MEN1	c3
0.249517450974591	0.277297252619348	0.457	0.447	1	ZNF207	c3
0.332314220342201	-0.277135031358844	0.073	0.092	1	CBWD1	c3
0.991868482108682	0.27702384052021	0.143	0.148	1	LAMP2	c3
0.0162426420944318	-0.276883445391303	0.213	0.291	1	CYB5B	c3
0.0685143696279839	-0.276826258571103	0.088	0.129	1	EXOG	c3
0.597155003430575	0.276800800897373	0.098	0.089	1	NRF1	c3
0.0265996673638426	-0.27676686220874	0.21	0.278	1	TAF12	c3
0.761003191190304	0.276618706216753	0.088	0.098	1	TMEM191C	c3
0.0700839018909105	-0.276499943719631	0.052	0.084	1	GTDC1	c3
0.0770652608816947	-0.276474640424555	0.037	0.063	1	IDH1	c3
0.0457892585869114	-0.276368700739579	0.18	0.24	1	CARD11	c3
0.0763316176629763	-0.276332783562204	0.091	0.131	1	STXBP3	c3
0.625340313122439	-0.27625250377448	0.009	0.012	1	PLEKHG3	c3
0.00355809472564093	-0.276182742481421	0.226	0.324	1	TMF1	c3
0.00158286678348023	-0.276136671799537	0.534	0.666	1	PRDX1	c3
0.46171767485148	0.276128418746943	0.149	0.137	1	USP9X	c3
0.471908980891045	-0.275675393472706	0.034	0.043	1	ZNF500	c3
0.00857909813457286	-0.27554892196211	0.201	0.281	1	PRELID3B	c3
0.666730318830456	0.275492655323422	0.024	0.029	1	FKBP14	c3
0.263452712647304	-0.275167567150743	0.201	0.231	1	SEC63	c3
0.840698028238324	0.275143303104302	0.018	0.017	1	MYLK-AS1	c3
0.687044096758612	0.275105234907786	0.393	0.409	1	MRFAP1	c3
0.614722641759379	0.274797682820919	0.024	0.03	1	IL1RAP	c3
0.922636768975829	0.274786283735052	0.015	0.015	1	NEK8	c3
0.450418962322104	0.274768349636127	0.03	0.041	1	ERMARD	c3
0.70807068974541	0.274745593486879	0.192	0.193	1	POLR1E	c3
0.783965925847509	0.27465543800481	0.04	0.036	1	SLC25A14	c3
0.00805388344696609	-0.274469208096515	0.369	0.462	1	CCT6A	c3
0.548602842758251	0.274246885561229	0.034	0.027	1	NR3C2	c3
0.0294189544382535	-0.274226700420882	0.241	0.311	1	PIH1D1	c3
0.437764378516382	0.27405882875622	0.055	0.069	1	LIPT1	c3
0.177048593727951	-0.273809590932938	0.113	0.145	1	MUS81	c3
0.050809252845794	-0.273677102806865	0.076	0.118	1	WDR26	c3
0.915669699235691	0.273575528537572	0.012	0.011	1	PSPH	c3
0.61353289251774	0.273462430026215	0.116	0.129	1	RFK	c3
0.0619244798470885	-0.273357700973363	0.326	0.388	1	DYNC1H1	c3
0.872282036252049	0.273357572346125	0.076	0.081	1	TOGARAM1	c3
0.0092276419365364	-0.27329446081145	0.207	0.288	1	PNKD	c3
0.675826309570286	0.273261740829323	0.149	0.143	1	RPP25L	c3
0.0343659024908451	-0.27326049113468	0.198	0.263	1	UBAP1	c3
0.00893479311475439	-0.273226707865876	0.18	0.264	1	CISD2	c3
0.0520576331110252	-0.273198034092404	0.244	0.306	1	TOR1AIP1	c3
0.951176920564713	0.273166478577686	0.04	0.041	1	LINC02328	c3
0.761638504741574	0.272962405409568	0.082	0.078	1	WDR7	c3
0.184389231844116	-0.272919004411381	0.058	0.081	1	DHRS12	c3
0.0757559774674983	-0.272911779208655	0.152	0.201	1	PITPNB	c3
0.00679218083996253	0.272878164725015	0.738	0.719	1	STK4	c3
0.0782237654477436	-0.272800347298705	0.073	0.109	1	ARFIP1	c3
0.0760116047184513	-0.272724757520921	0.079	0.117	1	MANBA	c3
0.644450903127006	0.272710491446435	0.198	0.191	1	IWS1	c3
0.00412923593396089	0.272595068191308	0.616	0.576	1	RSL1D1	c3
0.00389848447142227	-0.272584236504705	0.53	0.643	1	BST2	c3
0.584461465443898	0.272451050194891	0.012	0.017	1	GSEC	c3
0.54098286550282	0.27237819251847	0.067	0.08	1	ZNF780A	c3
0.288650028041592	-0.27228520528668	0.064	0.082	1	SMC2	c3
0.695191075860682	0.272219278178564	0.015	0.019	1	PELI2	c3
0.0564939878294516	-0.272112685881344	0.21	0.272	1	SMAD2	c3
0.498664621109316	0.271999243769238	0.088	0.104	1	RNASEL	c3
0.113983843015333	0.271975261157888	0.305	0.266	1	FOXN3	c3
0.800085416938709	0.27190606999522	0.149	0.15	1	PIBF1	c3
0.957520196204068	0.271796020495369	0.027	0.028	1	CLN5	c3
0.373367657964432	-0.2716926419302	0.03	0.042	1	SLCO3A1	c3
0.148499138023834	-0.271688840149694	0.119	0.155	1	WASHC4	c3
0.672882082161904	0.271586163173128	0.128	0.143	1	SMCO4	c3
0.943815747652623	0.27157231224286	0.125	0.132	1	EDC4	c3
0.818798767995289	0.271504558138765	0.25	0.256	1	PLIN2	c3
0.080077723942276	-0.271467016682922	0.165	0.211	1	GNB1	c3
0.178976564581555	-0.271451404134319	0.073	0.099	1	TTC32	c3
0.0423021082045127	0.271404042409178	0.524	0.482	1	MAX	c3
0.067124504027877	-0.27139207572762	0.046	0.077	1	MICAL2	c3
0.0419244798348447	-0.271198852790605	0.18	0.241	1	MAP2K3	c3
0.00978085782867029	-0.271187108028925	0.466	0.573	1	DDOST	c3
0.000639201446520381	-0.271166167929275	0.662	0.78	1	RAP1B	c3
0.023138215723905	-0.271116552645846	0.354	0.431	1	PPP2CA	c3
0.0311912082449747	-0.271081574554883	0.591	0.671	1	IRF1	c3
0.0928684513665015	0.270961514493026	0.122	0.164	1	SAMD9L	c3
0.976455363531536	0.270913103807379	0.064	0.066	1	PRDM4	c3
0.00580274220509848	-0.270757547840056	0.274	0.369	1	GTF3C6	c3
0.608168171448242	0.270746980703262	0.155	0.149	1	FBXO21	c3
0.00488063894334047	-0.270673190180196	0.305	0.42	1	SEC13	c3
0.74938280029206	0.270640683390351	0.073	0.08	1	ESS2	c3
0.0396646442390767	0.27056688135695	0.439	0.39	1	SPTAN1	c3
0.538630712641041	0.270336816669847	0.287	0.281	1	SH2D1A	c3
0.0338434458742131	-0.270305795525554	0.149	0.208	1	STX4	c3
0.47515126510589	-0.27026845981174	0.024	0.032	1	LRRCC1	c3
0.884724375252806	0.270113465911242	0.049	0.047	1	CORO7	c3
0.0323881977076058	-0.270099148814703	0.177	0.239	1	NCOA7	c3
0.00852144340755765	-0.269883357929236	0.18	0.26	1	CARHSP1	c3
0.365271642532193	-0.269872625873151	0.061	0.076	1	DBR1	c3
0.658055964223207	0.269859215262899	0.198	0.196	1	FAM200B	c3
0.353987778965501	0.269843015743088	0.253	0.238	1	ZNF655	c3
0.296518502622771	0.269668039180941	0.402	0.391	1	CNOT7	c3
0.498295626391419	0.269507490392739	0.287	0.288	1	SNX2	c3
0.716427367084013	0.269341405268614	0.018	0.022	1	TPCN2	c3
0.0128140318572065	-0.269188766590997	0.149	0.217	1	TYMP	c3
0.380531234789132	0.269149168836693	0.274	0.263	1	TNKS2	c3
0.863539528766603	-0.269132804068973	0.021	0.023	1	MCM2	c3
0.220157373465014	-0.269120162529876	0.043	0.061	1	RCBTB1	c3
0.0262069250222297	-0.268987616608818	0.143	0.207	1	SMARCA4	c3
0.00521030914658516	-0.26883968026917	0.262	0.359	1	PPM1K	c3
0.757882577036719	0.268758187114835	0.061	0.057	1	ZNF746	c3
0.28951909492386	0.268753714223325	0.064	0.084	1	SCAI	c3
0.0132878283384797	-0.268747654056365	0.305	0.396	1	ARAP2	c3
0.702740645361963	0.268691222035155	0.073	0.082	1	SIN3B	c3
0.640173549393132	0.268666814163962	0.189	0.184	1	ERAP1	c3
0.00361687272190299	-0.268491354586937	0.323	0.435	1	POLR2G	c3
0.475226710967148	0.268460182691197	0.177	0.166	1	SIGMAR1	c3
0.0191664734601681	-0.268374700808029	0.277	0.371	1	TXNDC12	c3
0.849205456448533	0.268253724116227	0.082	0.081	1	LINC00909	c3
0.589801330100707	0.26818643482447	0.253	0.249	1	CAMTA1	c3
0.16736430241567	-0.268168711968041	0.024	0.042	1	TBC1D10B	c3
0.0223249261854668	0.268153474236283	0.787	0.815	1	GIMAP7	c3
0.32074207701939	-0.268144508483649	0.034	0.047	1	SIDT2	c3
0.970966001798696	0.268096206511717	0.079	0.082	1	FTO	c3
0.116964784538913	0.268030503546565	0.159	0.125	1	ZBTB7B	c3
0.721459436566078	0.268015188031708	0.067	0.075	1	B4GALT7	c3
0.548509363175989	-0.267973334207819	0.046	0.054	1	RBM41	c3
0.00679430115408786	-0.267835376386543	0.335	0.442	1	LASP1	c3
0.70299772929898	-0.267827665668425	0.021	0.025	1	BLOC1S3	c3
0.152509316168812	-0.267827237078641	0.11	0.144	1	CUL2	c3
0.596832403836331	0.267794488982441	0.015	0.011	1	AL139089.1	c3
0.263359750906018	-0.267703130648616	0.034	0.049	1	TAF6L	c3
0.366758893937609	-0.267666344463359	0.037	0.049	1	RRP36	c3
0.0237499436576845	-0.267603335031946	0.262	0.334	1	MRPL11	c3
0.728800543165169	0.267529541778624	0.177	0.175	1	DCTN6	c3
0.0381508798567031	-0.267453327988433	0.091	0.14	1	PARD6A	c3
0.2971052489698	-0.267401118525408	0.101	0.123	1	CYP2R1	c3
0.402049775318857	-0.267046959056817	0.085	0.101	1	AC093323.1	c3
0.52365219623851	0.266990951040373	0.171	0.156	1	AD000671.2	c3
0.00439429594126675	-0.266977481972619	0.53	0.626	1	FNBP1	c3
0.513638617524987	-0.266960774940734	0.021	0.028	1	EVC2	c3
0.0168767365536285	-0.26693186359134	0.293	0.376	1	TMEM256	c3
0.00393433359070028	-0.266765692201183	0.604	0.714	1	SQSTM1	c3
0.161392004665234	0.266742991783647	0.409	0.393	1	XRN2	c3
0.0538847248666516	-0.266601464475561	0.311	0.383	1	SHKBP1	c3
0.844263410737132	0.266525223618236	0.034	0.036	1	FNDC3B	c3
0.0427035922306332	-0.266513704237036	0.186	0.249	1	RAB1A	c3
0.420676258089574	0.266280465380688	0.098	0.083	1	TUBE1	c3
0.24213501677672	-0.266230629826771	0.091	0.114	1	HDGF	c3
0.558383927223425	0.266207934371511	0.195	0.187	1	PAIP1	c3
0.871194878232397	0.266191991918057	0.024	0.023	1	AP002490.1	c3
0.105762277330985	-0.265963485702471	0.134	0.178	1	UCHL3	c3
0.149287908713465	-0.265892822459369	0.064	0.091	1	ZNF518B	c3
0.726194797320854	0.265847499684539	0.122	0.118	1	RNF2	c3
0.874367859590965	0.265762970229205	0.027	0.026	1	AL022328.4	c3
0.862503517523329	0.265586479442029	0.04	0.037	1	ZNF197	c3
0.0160916319816886	-0.265584822892755	0.128	0.191	1	DDX23	c3
0.69499566896216	0.265536032388576	0.058	0.065	1	SPPL2B	c3
0.05102540522103	-0.265444692917773	0.277	0.356	1	ADSS	c3
0.00047957599876659	-0.26539586095269	0.418	0.573	1	CHCHD10	c3
0.868274309085463	0.265286593529383	0.116	0.116	1	LINC00847	c3
0.914115907054267	0.265266983590648	0.073	0.077	1	C11orf54	c3
0.292660346236138	0.265236405365647	0.198	0.176	1	NOA1	c3
0.0603654157227325	-0.265228693639335	0.095	0.138	1	HACD3	c3
0.997615238758541	0.265132489223895	0.049	0.049	1	CCDC125	c3
0.00960322075835079	-0.265077848383648	0.305	0.4	1	HSD17B11	c3
0.897883256804206	0.265024807534627	0.04	0.042	1	NOTCH2NL	c3
0.00154484544015701	-0.264949883446917	0.652	0.757	1	GNB2	c3
0.429572015765659	0.264927730088836	0.463	0.484	1	R3HDM4	c3
0.0121524015094521	-0.264924389800479	0.159	0.234	1	DCTN1	c3
0.028461447107645	-0.264923707964939	0.183	0.247	1	REXO2	c3
0.739670658618957	0.264786684216788	0.18	0.178	1	QTRT1	c3
0.897355789432408	0.264727142298856	0.079	0.079	1	FAM241B	c3
0.598516354600755	0.264725188415118	0.107	0.124	1	SERTAD2	c3
0.0320249872350225	-0.264720924271822	0.195	0.262	1	RPA1	c3
0.115730252063108	-0.26459230460395	0.119	0.158	1	PLEKHF2	c3
0.479817233379001	-0.264477387913818	0.024	0.032	1	ACO1	c3
0.0250706325862277	-0.264440201475408	0.198	0.264	1	MED29	c3
0.576471363812699	0.264413885334813	0.107	0.122	1	ZCCHC8	c3
0.68432818636546	0.264323399804754	0.122	0.117	1	CLCN3	c3
0.963949872740815	0.264316666478473	0.107	0.111	1	CNOT9	c3
0.790131975826553	0.264267252150158	0.143	0.14	1	NMD3	c3
0.972153733573828	0.264202259155891	0.015	0.016	1	FGL2	c3
0.000109960059640745	0.264065201226739	0.82	0.827	1	LAT	c3
0.750171505072154	0.263984586417101	0.25	0.251	1	PCED1B	c3
0.143503690367893	-0.263965358879086	0.155	0.195	1	REPS1	c3
0.180813813065641	-0.263876540250047	0.058	0.081	1	TRERF1	c3
0.440533329916581	-0.26386512765092	0.018	0.026	1	AC009779.2	c3
0.569014697247782	-0.263830073905115	0.021	0.027	1	MCU	c3
0.0290339618699401	-0.26370359019115	0.329	0.416	1	NDUFA5	c3
0.882121020937824	0.263692536122901	0.085	0.084	1	PHF8	c3
0.125280507730462	-0.263418602230035	0.137	0.178	1	COPS4	c3
0.000616225813016901	-0.263387467502244	0.997	0.998	1	ACTG1	c3
0.0148623695535297	-0.263352024022133	0.256	0.347	1	DCAF7	c3
0.914202322683995	0.263334871297623	0.012	0.011	1	ARMCX2	c3
0.0800358726997769	-0.263324367464371	0.101	0.142	1	PDLIM5	c3
0.116430122008707	0.263195514460904	0.433	0.4	1	VAMP2	c3
0.267943031347332	-0.263169425859274	0.024	0.037	1	SLC25A15	c3
0.586627867259645	0.263062901411263	0.155	0.146	1	TRAPPC6B	c3
0.0372636455617299	-0.262795638355414	0.006	0.025	1	OTUD3	c3
0.72312875789862	0.262757721419391	0.043	0.039	1	ERCC2	c3
0.313140982581336	0.262647430707131	0.253	0.232	1	CAND1	c3
0.0815843485622304	-0.262511566259423	0.192	0.246	1	UFL1	c3
0.727242941822829	0.262510195656793	0.177	0.175	1	PHKG2	c3
0.555968916206639	-0.262506128487614	0.018	0.024	1	TRAF3IP2-AS1	c3
0.493809698684455	-0.262486292842016	0.076	0.089	1	PLPP1	c3
0.453741984292198	0.262478476172009	0.119	0.105	1	SMPD4	c3
0.746472705465967	-0.262477939838842	0.012	0.015	1	TTL	c3
0.750359273623918	-0.262456592051483	0.037	0.041	1	TRBV6-1	c3
0.0474144392312354	-0.26244170874222	0.113	0.162	1	PLEKHA2	c3
0.777726209575577	0.262359852451508	0.098	0.094	1	VPS11	c3
0.612693664782198	0.262246048811907	0.046	0.053	1	MSTO1	c3
0.62797423195261	0.262194634142354	0.162	0.154	1	RANBP3	c3
0.576749695788636	0.262030400351394	0.405	0.433	1	FAM177A1	c3
0.0606231365523707	-0.261923050407032	0.155	0.207	1	COA5	c3
0.800193545361974	0.261916562922197	0.043	0.047	1	DHX37	c3
0.588290238545439	-0.261738568502347	0.046	0.053	1	LMF1	c3
0.823372885400126	0.261629358410926	0.034	0.031	1	FHL3	c3
0.0797183540056381	-0.261579220137977	0.122	0.165	1	C12orf76	c3
0.52393456450272	0.261465977049014	0.274	0.271	1	ARHGEF6	c3
0.68166956150521	0.261328241850382	0.18	0.176	1	SPEN	c3
0.0727005632448409	-0.261314763175618	0.046	0.076	1	YEATS2	c3
0.298230480920126	0.261124068722043	0.396	0.378	1	TMEM173	c3
0.0616260945703919	-0.261055844328513	0.174	0.232	1	ARNTL	c3
0.788312318870567	-0.260963991356772	0.046	0.049	1	AP005019.1	c3
0.0349503633302424	-0.260841828900948	0.317	0.395	1	PSMC4	c3
0.42803669953182	0.260834309533673	0.265	0.251	1	FAM133B	c3
0.700740113175698	0.260697222522197	0.116	0.11	1	FBXO31	c3
0.551831051189119	0.260689396188548	0.101	0.092	1	L3MBTL3	c3
0.540321249724414	0.260638228680047	0.034	0.027	1	AC009403.1	c3
0.277019245915724	-0.260528751451286	0.055	0.073	1	DNAJC11	c3
0.921502787099063	0.26043730917811	0.079	0.079	1	ZNF7	c3
0.773755337959612	0.260376423839856	0.11	0.12	1	RNF20	c3
0.0802047095925024	-0.259998645879024	0.119	0.159	1	TNPO3	c3
0.954323794687236	0.259952765028459	0.049	0.05	1	AC067852.2	c3
0.122267434250939	-0.259932225849771	0.04	0.063	1	AC084033.3	c3
0.0299856194968225	-0.259842710972574	0.085	0.132	1	EPS15L1	c3
0.762737774930032	0.259825348026753	0.088	0.084	1	ZNF639	c3
0.253835114324103	0.259752790602073	0.399	0.389	1	RPP21	c3
0.584177120577448	-0.259740953650544	0.024	0.03	1	CXCL16	c3
0.664660203375872	0.259642514859573	0.174	0.171	1	MRPL48	c3
0.00267502182922556	-0.259618153283076	0.598	0.711	1	CELF2	c3
0.0336527837880964	-0.259585941228027	0.085	0.132	1	MMS19	c3
0.27036309842235	-0.259395734054803	0.122	0.146	1	PSMD10	c3
0.893432896390662	0.25935351022006	0.107	0.107	1	ARNT	c3
0.109443460072686	-0.259353326263126	0.131	0.173	1	CHD8	c3
0.808655536845673	0.259281139353367	0.168	0.168	1	PIGP	c3
0.866518487528912	0.259183527918018	0.052	0.05	1	C9orf72	c3
0.786855282424301	0.259124010663954	0.195	0.195	1	NLRP1	c3
0.0878591960380155	-0.259078946288037	0.134	0.18	1	SLAIN2	c3
0.126011278496848	-0.25895011309129	0.143	0.185	1	MCM3	c3
0.642903510580953	0.25892245138341	0.018	0.023	1	LACC1	c3
0.890186180027327	0.258798828475524	0.03	0.029	1	C21orf62-AS1	c3
0.566284052735249	0.258791836472366	0.201	0.195	1	ANKRD13A	c3
0.142132433065929	-0.258698570367582	0.079	0.109	1	ZFAND2A	c3
0.113304349391981	0.258636753011183	0.338	0.307	1	POLE4	c3
0.621059960790084	0.258632961780827	0.159	0.152	1	PIGH	c3
0.815256103580899	0.258521975310095	0.082	0.079	1	SMIM14	c3
0.409361552711988	0.25852178183941	0.143	0.17	1	YTHDC2	c3
0.629610051459951	0.258385155274344	0.098	0.088	1	TELO2	c3
0.281343256014467	-0.258357080002912	0.07	0.089	1	TXLNA	c3
0.175337701835059	-0.258304611711874	0.04	0.06	1	AC097376.2	c3
0.993936243289051	0.258280456741135	0.061	0.062	1	GTF2H4	c3
0.0906957132276028	-0.258198460842385	0.189	0.237	1	CSNK2A1	c3
0.312171499328828	-0.258194445407866	0.067	0.085	1	SCYL3	c3
0.0312166151080632	-0.25814300904802	0.128	0.187	1	GOLT1B	c3
0.172941448372825	0.258108029533562	0.32	0.298	1	CPSF6	c3
0.398639939027094	0.257773200610202	0.259	0.246	1	PRRC2A	c3
0.82393031171004	0.257761667517836	0.027	0.03	1	SRGAP2B	c3
0.0831225587161253	-0.257739313398396	0.03	0.055	1	ZFYVE1	c3
0.895855131361456	0.257620308667277	0.061	0.063	1	DAPP1	c3
0.0274544329459276	-0.257595481788296	0.165	0.23	1	ERG28	c3
0.553095106247562	0.25745552993599	0.186	0.178	1	TRIM28	c3
0.00167686642032018	-0.257438635005349	0.579	0.691	1	UBE2I	c3
0.0137401090685434	-0.257409739075782	0.32	0.406	1	C18orf32	c3
0.293032010324928	0.257372505376238	0.207	0.186	1	CBX5	c3
0.0038436576160817	-0.25717283816672	0.363	0.502	1	EIF4A1	c3
0.187571926305287	-0.257161094496696	0.046	0.067	1	SLC5A6	c3
0.0184065403355516	-0.257036680678622	0.226	0.307	1	SARNP	c3
0.61304587465802	0.256892528494773	0.043	0.05	1	UGDH	c3
0.804119251936481	0.256877817385275	0.027	0.025	1	TMEM182	c3
0.925437760434311	0.256802832056788	0.079	0.079	1	PPP1R37	c3
0.00201485512985764	-0.256779433706433	0.436	0.563	1	TRIM22	c3
0.109261859113358	-0.256777011930678	0.152	0.195	1	UBE2Q2	c3
0.789122316283009	0.256705689427422	0.012	0.01	1	NUDT6	c3
0.426848095983836	-0.2566480026109	0.018	0.026	1	ZNF529-AS1	c3
0.330063381265961	-0.256604805415714	0.043	0.057	1	UBXN2B	c3
0.0348422398164246	-0.256576104713401	0.174	0.23	1	SREK1	c3
0.373303372934631	0.256439017021022	0.268	0.253	1	NSD1	c3
0.0305606054252003	-0.256401795141904	0.216	0.283	1	BRWD1	c3
0.0272017969223893	-0.256400604903885	0.247	0.327	1	APOL6	c3
0.974513330204735	0.25629869336367	0.034	0.034	1	C11orf21	c3
0.812423372470893	0.25627733567999	0.201	0.206	1	KLF12	c3
0.632183285775031	0.256256721417829	0.082	0.094	1	MRE11	c3
0.039583330816956	-0.256057805285187	0.079	0.124	1	YIPF6	c3
0.0844709075188555	-0.25585249276529	0.021	0.043	1	INTS7	c3
0.575251484064408	-0.255848949127806	0.101	0.109	1	MRTO4	c3
0.971861053823411	0.255821524260087	0.113	0.117	1	MCFD2	c3
0.837199168718902	0.255791054073404	0.134	0.143	1	DNAJC21	c3
0.984929086055283	0.255779701033101	0.143	0.147	1	HAUS4	c3
0.749301340365798	0.255681059475343	0.165	0.178	1	CDC14A	c3
0.501975456781859	0.255653015779531	0.451	0.475	1	NOL7	c3
0.794784383985072	0.255641336072154	0.134	0.146	1	ZNF276	c3
0.855987207781631	0.255561740144809	0.04	0.037	1	ZNF236-DT	c3
0.829648889421661	0.25555519640782	0.034	0.036	1	AC114490.2	c3
0.115166902244614	-0.255511292525745	0.079	0.112	1	ZBTB43	c3
0.864556270508434	0.255496289026988	0.11	0.109	1	ZNF581	c3
0.047845887582991	-0.255465139758364	0.079	0.121	1	QSOX1	c3
0.248828054537886	-0.255449705404722	0.128	0.155	1	CYB561A3	c3
0.899924458427217	0.255401970302791	0.03	0.029	1	NR2F6	c3
0.425352592871779	0.255401140248651	0.302	0.29	1	CRBN	c3
6.12779804493505e-07	-0.25537358234472	0.963	0.997	0.00811565573071198	FTL	c3
0.239736689453425	-0.255306356417038	0.012	0.023	1	LENG9	c3
0.0494458048385899	-0.2552870599451	0.262	0.334	1	VPS4B	c3
0.250066991428777	-0.25527119349505	0.073	0.095	1	SETDB1	c3
0.195163031568407	0.255224916910669	0.588	0.612	1	NR3C1	c3
0.245429661406035	-0.255189207051048	0.082	0.106	1	MUL1	c3
0.785898020186092	0.255168118180028	0.061	0.067	1	DDI2	c3
0.0103002599427831	-0.255094994267889	0.521	0.62	1	COX7A2L	c3
0.990741717940731	0.255058785320917	0.155	0.16	1	RNF168	c3
0.618618661481085	0.255001451199036	0.015	0.02	1	ZBTB3	c3
0.159893384087811	-0.254939797027294	0.226	0.265	1	EMC6	c3
0.0556241045352537	-0.254937226858549	0.244	0.305	1	PTPRA	c3
0.411839481073293	-0.254865933421394	0.015	0.023	1	HEATR5A	c3
0.0800981173173303	-0.254750858553624	0.113	0.153	1	GPR155	c3
0.728799809572853	0.254685032044572	0.07	0.078	1	TMEM68	c3
0.097620605527431	-0.254561478196474	0.055	0.084	1	TMEM102	c3
0.46045258257368	-0.254529936854069	0.009	0.015	1	ZNF80	c3
0.0836417281224264	-0.254509866566691	0.098	0.138	1	TGFBR1	c3
0.220957646957923	0.254507613310177	0.305	0.282	1	ZNHIT3	c3
0.656451347086737	0.254467105881358	0.223	0.22	1	IRAK4	c3
0.0852573791910946	-0.254384341848524	0.009	0.025	1	FCHO2	c3
0.7825166074469	0.25437361217443	0.015	0.018	1	PRDM10	c3
0.587658103610106	0.254345204059284	0.082	0.074	1	IKZF5	c3
0.898554546631194	0.254303424760951	0.037	0.035	1	TESK2	c3
0.946900092023058	0.254289736480874	0.119	0.121	1	SLC25A26	c3
0.0751640799227183	-0.254285035809501	0.223	0.281	1	NUDT4	c3
0.0139644846043592	-0.254277625952344	0.247	0.336	1	INPP4A	c3
0.0197385668745629	-0.254259007358333	0.229	0.306	1	YIPF5	c3
0.208507336728319	-0.254245357723512	0.058	0.08	1	SLC25A53	c3
0.0315671060766446	-0.254068070912386	0.573	0.634	1	RHOF	c3
0.000530149958867367	-0.254063826617475	0.46	0.617	1	SELPLG	c3
0.103136608547432	-0.253917063531364	0.18	0.228	1	NDUFA8	c3
0.161980571626605	-0.25376458286012	0.128	0.162	1	PPP3CB	c3
0.985130937546402	0.25375199416801	0.095	0.097	1	ZNF426	c3
0.166603879475064	-0.253739055220563	0.043	0.065	1	RUFY2	c3
0.764415353855743	0.253684837790303	0.204	0.208	1	NELFCD	c3
0.898251061609385	0.253620447192982	0.128	0.136	1	WDR45B	c3
0.550707658669689	0.2535664671097	0.104	0.093	1	DLG1	c3
0.956356634612508	0.253553145679387	0.037	0.037	1	OBSCN	c3
0.259395278424708	-0.253549936024194	0.213	0.241	1	CHCHD5	c3
0.0596994623798924	-0.253522660818814	0.128	0.175	1	NR1D2	c3
0.624685502055955	-0.253459274073771	0.009	0.012	1	PPT2	c3
0.318768085913303	-0.25345898760415	0.061	0.078	1	MAP3K14	c3
0.0703146947226569	-0.253130337518046	0.405	0.475	1	PIK3R1	c3
0.172944046192435	-0.253126138805881	0.018	0.033	1	CCDC146	c3
0.843569403115686	0.253074691048148	0.101	0.098	1	POC5	c3
0.895351706664862	0.252960116864607	0.034	0.032	1	RGPD8	c3
0.0656937265080115	-0.252902125205059	0.064	0.1	1	UHRF1BP1L	c3
0.275014681799088	-0.252643693082274	0.125	0.151	1	AL365205.1	c3
0.000704918756321208	-0.252638873109417	0.463	0.604	1	NCOR1	c3
0.361387113649401	-0.252528471744323	0.027	0.039	1	VARS2	c3
0.164863752120646	-0.252468933660589	0.101	0.13	1	ATF7IP2	c3
0.978595363874749	0.252436974809806	0.052	0.053	1	ZBTB21	c3
0.837475266400569	0.252434884413419	0.216	0.225	1	KAT6B	c3
0.994318542139919	0.252415712501553	0.07	0.072	1	DCP1B	c3
0.208700243873327	-0.252399924616551	0.101	0.128	1	PRMT7	c3
0.231322933490553	-0.252297807225095	0.122	0.149	1	ESYT2	c3
0.146124282439005	-0.252171214793534	0.061	0.087	1	TMEM185B	c3
0.681223891120868	0.252098999787215	0.223	0.222	1	RNF145	c3
0.812332969507553	0.251928620241334	0.104	0.113	1	TM2D2	c3
0.527760998728163	0.251884141759851	0.134	0.122	1	INTS8	c3
0.0753052498245166	-0.25168409581898	0.058	0.091	1	CCDC126	c3
0.487351667558848	-0.251639674279591	0.006	0.01	1	FAM161A	c3
0.0628576476482538	-0.251545382954915	0.149	0.202	1	CWC25	c3
0.855385225999946	0.251519835064257	0.119	0.125	1	RIOK2	c3
0.024370089799832	-0.251511289710407	0.131	0.193	1	RABGGTA	c3
1.09397306358934e-06	-0.251496714501299	0.979	0.994	0.0144885792541773	HSPA8	c3
0.323738001826212	0.251426283005658	0.29	0.266	1	IMP4	c3
0.168053050071797	-0.25141770467868	0.076	0.104	1	CWF19L1	c3
0.00254021942337744	-0.251402039713301	0.466	0.596	1	FMNL1	c3
0.221474782707838	-0.251317920123661	0.098	0.124	1	FAM126B	c3
0.640766044012331	0.251187208302719	0.122	0.114	1	CASP6	c3
0.747822359950996	0.251169201853306	0.067	0.074	1	TMCO3	c3
0.765750883995061	0.251120266160092	0.012	0.015	1	ZNF594	c3
0.178898926319021	-0.251097105285341	0.235	0.274	1	ELF2	c3
0.00725973327991654	-0.251092011375192	0.393	0.495	1	ST3GAL1	c3
0.0720168047123769	0.250937805157236	0.64	0.636	1	N4BP2L2	c3
0.100029926280111	-0.250923057134202	0.095	0.13	1	WDR55	c3
0.883519133672279	0.250886415517187	0.18	0.19	1	RB1	c3
0.922625490200713	0.25073760889035	0.247	0.263	1	TRAPPC2L	c3
0.854123944744834	0.250687828489442	0.04	0.043	1	RPGR	c3
0.680309967612409	0.250665078115181	0.088	0.082	1	TRMU	c3
0.93878999841792	0.250612535699358	0.018	0.018	1	BRCA2	c3
0.182957552348692	-0.250440098089029	0.049	0.071	1	ARMC7	c3
0.393524994680452	-0.250344991431553	0.009	0.016	1	BCL9	c3
0.0247597208898847	-0.250200316675587	0.149	0.215	1	PRPSAP1	c3
0.0211769578815318	-0.250127492176503	0.43	0.521	1	PDCD6	c3
0.863796145128079	0.250106874179709	0.058	0.056	1	TMEM161B	c3
0.901234185121718	0.249988409594808	0.088	0.092	1	MIOS	c3
0.581465341862691	0.249969976270177	0.284	0.28	1	CCS	c3
0.221572027963664	-0.249966173121821	0.085	0.111	1	ABHD5	c3
0.984851086374644	0.249932988814311	0.113	0.114	1	CHD1L	c3
0.818326591215995	0.249884473671975	0.113	0.11	1	IMMP1L	c3
0.456629145307588	-0.249884347313508	0.021	0.029	1	RAPGEF2	c3
0.55671655265575	-0.249862630472248	0.03	0.037	1	DHX34	c3
0.373643411877752	-0.249814804680922	0.03	0.042	1	TOMM40L	c3
0.668483077492745	0.249735978443538	0.165	0.16	1	SCAF4	c3
0.661209683534467	0.249729323809347	0.012	0.009	1	BBOF1	c3
0.183086514310909	-0.249649307685103	0.061	0.085	1	DNAL4	c3
0.578094960226951	0.249624360706314	0.049	0.042	1	PARP2	c3
0.583968434840801	0.24950860999334	0.149	0.139	1	PDCL	c3
0.0894284918709634	-0.249502423698486	0.131	0.177	1	FOXJ3	c3
0.210318390985383	0.249457194348805	0.448	0.441	1	ILF3	c3
0.452968320442392	0.249404576358757	0.137	0.123	1	MOGS	c3
0.97102905223023	0.249394409504393	0.018	0.019	1	RPS10-NUDT3	c3
0.525793231581628	0.249393343065562	0.271	0.272	1	NUDT16L1	c3
0.0323581017198279	-0.249226784487198	0.345	0.42	1	DOCK10	c3
0.210076120266447	-0.249128493325824	0.104	0.13	1	CCDC22	c3
0.0610047405720182	-0.249098649645383	0.192	0.243	1	PPP3R1	c3
0.667749403727822	0.249097067997475	0.085	0.096	1	ABI2	c3
0.0178428928672276	-0.249092665337836	0.265	0.349	1	PHF11	c3
0.923121506490553	0.2490616100896	0.201	0.211	1	TMEM208	c3
0.736486744449789	0.249051036207132	0.024	0.028	1	POLA1	c3
0.72484725570787	0.24899269856999	0.162	0.159	1	SDHAF3	c3
0.490255300042239	0.248926510755202	0.015	0.01	1	RAB19	c3
0.342542923406403	-0.248868389243965	0.134	0.155	1	GATD3B	c3
0.00155131286524765	-0.248843755113516	0.122	0.209	1	CRY1	c3
0.0520325042259807	-0.248812553428782	0.165	0.221	1	BAD	c3
0.868370003143967	0.248728634398221	0.07	0.069	1	NSUN3	c3
0.583694239404893	0.248714694819027	0.067	0.078	1	FAM199X	c3
0.0647825715209432	-0.248680168900772	0.159	0.212	1	CDS2	c3
0.769821937091012	0.248675090705517	0.253	0.261	1	PPWD1	c3
0.147244412890963	-0.248673917455713	0.101	0.134	1	BTN2A1	c3
0.738014081072942	0.248630902187814	0.134	0.13	1	PPM1D	c3
0.634507837151883	0.248406059462101	0.046	0.04	1	SLC12A7	c3
0.92142296118511	0.248283527797312	0.055	0.054	1	TEPSIN	c3
0.585578366356487	0.248138681748752	0.378	0.387	1	NFE2L2	c3
0.602486468123326	0.24811417495416	0.061	0.071	1	AC008124.1	c3
0.909223166683672	0.248060429697067	0.095	0.099	1	DYRK4	c3
0.581643621134951	0.247896326478044	0.14	0.131	1	MTMR6	c3
0.122528244504748	-0.24788919584988	0.18	0.223	1	BTN3A1	c3
0.308636770014835	0.247854506216981	0.04	0.055	1	ZNF765	c3
0.132206796637667	-0.247784208824294	0.098	0.131	1	PARP6	c3
0.68659653996679	0.247731474785517	0.162	0.155	1	RBMX2	c3
0.0127314415266484	-0.247693379021498	0.466	0.57	1	TAX1BP1	c3
0.278431078927941	0.24763208187106	0.424	0.417	1	PNPLA2	c3
0.69789088685608	-0.247625966073965	0.018	0.022	1	PTPN12	c3
0.11147351143769	-0.247399772151816	0.037	0.06	1	TEX10	c3
0.406750961149845	0.247366882366505	0.049	0.062	1	CLPTM1L	c3
0.685368132587015	0.247357740823315	0.174	0.191	1	N4BP2L1	c3
3.13290469911228e-05	-0.247204806473189	0.954	0.969	0.414921898350431	PPDPF	c3
0.537502962151703	0.247200103692554	0.122	0.138	1	BRD8	c3
0.101741702715616	-0.247163927607571	0.213	0.265	1	ATP6V0D1	c3
0.866048973727991	0.24703955609522	0.22	0.232	1	CARD8	c3
0.257075573932277	-0.246898223735101	0.055	0.074	1	PIK3R4	c3
0.808311911003621	0.246816863842216	0.204	0.224	1	HOXB2	c3
0.181444020799897	-0.246814601839609	0.113	0.144	1	LYRM7	c3
0.860255432336156	0.246717297723171	0.012	0.014	1	SMN1	c3
0.515635163546971	-0.24668162110744	0.021	0.028	1	ZNF852	c3
0.86367171160044	0.246677757123797	0.012	0.014	1	EFCAB11	c3
0.0300080075468755	-0.246652700741887	0.189	0.252	1	KMT2E-AS1	c3
0.233835411158618	-0.246536832712099	0.067	0.089	1	NUP88	c3
0.0122347878273603	-0.246525429787244	0.223	0.303	1	ECHS1	c3
0.960090790966411	0.2465003973878	0.03	0.031	1	DYNC2LI1	c3
0.407493846057759	-0.246421583121089	0.061	0.075	1	SCFD2	c3
0.259967616168975	0.246415676619302	0.466	0.473	1	TOMM22	c3
0.0656769232147533	-0.246300186265348	0.107	0.152	1	PPM1A	c3
0.0116578636202497	-0.246294088694192	0.308	0.405	1	MAP7D1	c3
0.695867663318476	0.246288013274548	0.143	0.139	1	DCAF10	c3
0.0610768000796808	-0.246228275403108	0.085	0.126	1	LZTFL1	c3
0.425393506123691	0.246174383142309	0.402	0.416	1	EIF2A	c3
0.121626792646582	-0.24611947155117	0.076	0.108	1	GOT1	c3
0.224273964909512	-0.246010237842159	0.125	0.155	1	KIDINS220	c3
0.0893623831334675	-0.245945829651681	0.152	0.199	1	PRKRA	c3
0.388856664027535	0.245797267386273	0.143	0.127	1	ZNF384	c3
0.100173032498536	0.245735836100409	0.698	0.698	1	KIAA1551	c3
0.704932620658013	0.245705898504984	0.223	0.226	1	IRF2BP2	c3
0.153036560746174	-0.245649032339783	0.216	0.261	1	YIPF3	c3
0.55068649329418	0.245428695219676	0.207	0.199	1	C22orf39	c3
0.181162697679961	-0.245291299370515	0.061	0.085	1	ETS2	c3
0.00438278406735002	-0.245217989505814	0.485	0.595	1	ATP1A1	c3
0.809346830464401	-0.245214432485745	0.04	0.043	1	ZNF627	c3
0.602031466821096	0.245197195409506	0.14	0.131	1	FAM120B	c3
0.982602980491067	0.245156922188722	0.073	0.074	1	KCNK6	c3
1.50154274191258e-05	-0.245143549698779	0.927	0.972	0.198864320738902	YWHAZ	c3
0.864827849612295	0.245132631148958	0.162	0.174	1	SNRNP35	c3
0.151137710039395	-0.245050942898712	0.049	0.073	1	CENPV	c3
0.0489771603133587	-0.245012735719899	0.473	0.544	1	RPN1	c3
0.931696461886907	0.244964165524954	0.171	0.181	1	BBIP1	c3
0.0181847050822127	-0.244940771113275	0.14	0.206	1	DPH3	c3
2.82168987465835e-05	0.244778039383311	0.884	0.891	0.373704606999752	SNRPD2	c3
0.303182506537748	-0.244405512405129	0.11	0.133	1	INSIG2	c3
0.467350218345976	0.244329131220447	0.046	0.057	1	XRRA1	c3
0.913054628352909	0.244302187772353	0.113	0.121	1	SYMPK	c3
0.406352100199714	-0.244240327599595	0.006	0.011	1	PIGZ	c3
0.115777190807666	-0.244111623081465	0.165	0.209	1	MRPL24	c3
1.02461035785176e-24	-0.244002495034104	1	1	1.35699395793887e-20	B2M	c3
0.493243740221101	0.243957477996253	0.277	0.272	1	MOB3A	c3
0.0346569353524361	-0.243912606783258	0.241	0.31	1	ATG12	c3
0.978035848435666	0.243861397096534	0.046	0.047	1	ZNF691	c3
0.0799034137210073	-0.243854271151654	0.088	0.128	1	DDX49	c3
0.0221852767736139	-0.243815985772756	0.421	0.519	1	COPS9	c3
0.199493043544889	-0.243814529697626	0.088	0.114	1	ASTE1	c3
0.132692440450702	-0.243769936398842	0.104	0.14	1	VPS41	c3
0.260216165525722	0.243586492323067	0.037	0.053	1	TGFBRAP1	c3
0.595442375835118	0.243563676080402	0.073	0.085	1	TMEM251	c3
0.626650822122182	-0.243489235564658	0.009	0.012	1	GGPS1	c3
0.0943157546041132	-0.243470186635632	0.204	0.258	1	EML3	c3
0.119168891001091	-0.243357242634909	0.088	0.121	1	HLA-DMA	c3
0.96637316955583	0.243175864581611	0.037	0.037	1	ADARB2	c3
0.11358703799046	-0.243096400643418	0.128	0.168	1	TWISTNB	c3
0.379714133063668	-0.242973365047609	0.079	0.096	1	MTERF3	c3
0.0217908562772553	-0.242906690762618	0.216	0.288	1	ZNF22	c3
0.0134326258829989	-0.242774211618258	0.177	0.255	1	ST8SIA4	c3
0.00186243408536634	-0.242731221952546	0.338	0.462	1	SAMHD1	c3
0.0864784022822575	-0.242690682228114	0.11	0.15	1	GCDH	c3
0.130446221565307	-0.242689891663546	0.195	0.239	1	CHMP2B	c3
0.928500218999603	0.242663026271066	0.052	0.051	1	MSANTD4	c3
0.964554899562253	0.242662512783132	0.037	0.036	1	LIN7B	c3
0.579105414257536	0.242653025199232	0.095	0.108	1	ACADS	c3
0.296731593990742	0.242600381734823	0.049	0.035	1	CCZ1B	c3
0.848851631121664	0.242545989771169	0.009	0.01	1	EVI5L	c3
0.0240266601058524	0.242487224249694	0.03	0.065	1	OAS3	c3
0.144978286355483	0.242474474263674	0.552	0.541	1	HAX1	c3
0.74259877208221	0.242355261415918	0.125	0.122	1	POLRMT	c3
0.646965438818984	0.242328247920822	0.101	0.116	1	TICAM1	c3
0.0688763338681104	-0.242254628660421	0.363	0.429	1	CCT5	c3
0.393993780647201	-0.242002435217555	0.009	0.016	1	ZNF512B	c3
0.0238178276270725	-0.241944440902423	0.14	0.204	1	UBN1	c3
0.217015289810371	-0.241791695836849	0.076	0.101	1	MTF1	c3
0.79757403796332	0.241723218561012	0.104	0.112	1	NXF1	c3
0.539767276754932	-0.241672485382329	0.009	0.014	1	FTCDNL1	c3
6.68900571815284e-05	-0.241473487782362	0.841	0.922	0.885891917312163	LCK	c3
0.0739197419923966	-0.241441507351197	0.168	0.223	1	MCRS1	c3
0.168242865806224	-0.241213414564758	0.088	0.119	1	ARAP1	c3
0.249720279614365	-0.241158140989203	0.07	0.092	1	F11R	c3
0.168319792157147	-0.241155435494961	0.116	0.149	1	CYB5A	c3
0.280865856262817	-0.241097973381018	0.034	0.048	1	TAF1A	c3
0.820751194785878	0.241097040072437	0.03	0.028	1	GKAP1	c3
0.762289458040917	0.240995023104454	0.113	0.109	1	C16orf87	c3
0.967237347859773	0.240975892771251	0.058	0.058	1	POLR3F	c3
0.334148302590694	-0.240744439876766	0.046	0.06	1	GATD1	c3
0.883311955588349	0.240640419406899	0.067	0.07	1	MEPCE	c3
0.000814563626199964	-0.240581585842764	0.637	0.785	1	SKAP1	c3
0.348891738932581	-0.240475485737963	0.07	0.087	1	INTS6L	c3
0.0412036180650833	-0.240401856981281	0.29	0.362	1	SLC38A2	c3
0.419963931204581	0.240333025129779	0.21	0.198	1	TRMT1	c3
0.405145467700735	-0.240332049415626	0.037	0.048	1	MCAT	c3
0.191932744091552	-0.240316757815279	0.082	0.109	1	RRAGC	c3
0.569924110319007	0.240268393554545	0.253	0.252	1	MRPS33	c3
0.140027265843804	-0.240184405016299	0.064	0.092	1	SHMT1	c3
0.0326665940566664	0.240093368667498	0.72	0.712	1	TBC1D10C	c3
0.0534084124090689	-0.240077505876588	0.177	0.237	1	FAS	c3
0.0502641981922372	-0.24004347587183	0.186	0.248	1	MIA3	c3
0.307658953228259	-0.239990795068322	0.058	0.075	1	KLHL22	c3
0.849776538925266	0.239959586482747	0.043	0.046	1	NSDHL	c3
0.0105115732331303	-0.239776973125712	0.393	0.498	1	CYFIP2	c3
0.647401718898158	0.239763482349798	0.162	0.155	1	FBXL15	c3
0.0469037893636925	-0.239756159976187	0.201	0.258	1	BIRC2	c3
0.00215209145370384	-0.239706367088984	0.598	0.726	1	ARPC5	c3
0.784695676279246	0.239703974099113	0.11	0.106	1	NEK1	c3
0.311946645411387	0.239641049667326	0.271	0.253	1	DUSP11	c3
0.158800180980409	-0.239624481938017	0.116	0.151	1	GTF2H1	c3
0.144673114909919	-0.239586423917523	0.143	0.181	1	DRG1	c3
0.930918921180499	0.239450210659283	0.229	0.25	1	ADAM10	c3
0.730383157258776	-0.239316200066305	0.037	0.041	1	ZNF573	c3
0.00942259287199623	-0.239241195181632	0.122	0.194	1	ZNF267	c3
0.771406488926011	0.239184438400346	0.021	0.019	1	JAM3	c3
0.0306695170578152	-0.239105530802674	0.482	0.586	1	PPP2R1A	c3
0.550270069976496	-0.238891587567249	0.027	0.034	1	ZNF432	c3
0.105002944260034	-0.238790020143061	0.088	0.125	1	SIPA1L1	c3
0.738363617660293	0.238788877042946	0.064	0.059	1	RIOX2	c3
0.162499586218008	-0.238764170527645	0.037	0.057	1	FN3K	c3
0.740359669781924	0.238712579620756	0.177	0.174	1	HIST1H1D	c3
0.851084647749639	0.238691527466596	0.152	0.163	1	SLC52A2	c3
0.023701565096959	-0.238672724045543	0.259	0.344	1	CYC1	c3
0.352090612583333	-0.238648159299482	0.067	0.083	1	CARS2	c3
0.649604513166497	0.238332298281697	0.253	0.25	1	MPLKIP	c3
0.00275494022465623	-0.238236341172391	0.405	0.516	1	ARL6IP1	c3
0.463413017688114	0.238199653002946	0.101	0.087	1	UBE2Z	c3
0.538351945324197	-0.23795166262735	0.04	0.048	1	DENND1A	c3
0.0427012403247018	-0.237932361628258	0.21	0.278	1	TTC1	c3
0.105356056786697	-0.2377435940823	0.137	0.179	1	ZEB1	c3
0.786114123285091	-0.237722966825759	0.024	0.027	1	SGO2	c3
0.998525018781138	0.237681676770874	0.061	0.062	1	WDR53	c3
0.04682008182356	-0.237387336424078	0.274	0.348	1	AKR1B1	c3
0.0210600122478365	-0.23736444626498	0.268	0.351	1	METTL23	c3
0.833850021599469	0.237250044039402	0.143	0.156	1	MPPE1	c3
0.0104007070349275	-0.237186699841522	0.375	0.486	1	NDUFS8	c3
0.0695579069574849	-0.237175939356279	0.058	0.092	1	SLC37A1	c3
0.283917703878208	0.236769115861414	0.253	0.231	1	CPSF7	c3
0.0395748842475898	-0.236724956676282	0.177	0.233	1	VMA21	c3
0.733725437020996	0.236705975674633	0.009	0.011	1	RGS9	c3
0.0108105273552015	-0.236530783843729	0.982	0.983	1	PTPRCAP	c3
0.147620415874863	0.236508027366237	0.024	0.043	1	GBA2	c3
0.0803828898400603	-0.236393654565822	0.207	0.255	1	CFAP97	c3
0.590944180699944	0.236388168987468	0.259	0.26	1	AZIN1	c3
0.892446392710315	0.236363509903789	0.149	0.16	1	SIN3A	c3
0.0628873457596811	-0.236349359162322	0.122	0.171	1	CASC4	c3
0.581749647699896	0.236266701175988	0.067	0.079	1	DROSHA	c3
0.94812360835918	0.236224887539709	0.134	0.136	1	RIPK1	c3
0.0528345569857233	-0.236152054092716	0.113	0.16	1	MACO1	c3
0.968982863404284	0.236095787793045	0.116	0.121	1	RNF139-AS1	c3
0.43217244146111	-0.236091730351555	0.024	0.033	1	SLC35F2	c3
0.0805486502952282	-0.235990097255161	0.159	0.207	1	TOR1A	c3
0.57113650724639	0.23598154991761	0.037	0.045	1	SKP2	c3
0.465787599403726	0.235976326914395	0.143	0.128	1	NIPAL3	c3
0.788385747100822	0.235898095424913	0.012	0.01	1	PBLD	c3
0.0118276458509674	-0.23577586851433	0.195	0.282	1	EHD1	c3
0.0506830341287377	-0.235703786711903	0.323	0.389	1	MTPN	c3
0.874685980903741	0.235572342420062	0.088	0.086	1	MED7	c3
0.973961950238395	0.235526461079104	0.125	0.128	1	ASMTL	c3
0.938889392476042	0.235492092089705	0.116	0.117	1	ANAPC2	c3
0.156197798972177	-0.235486477905979	0.067	0.094	1	VAC14	c3
0.0991721959075198	-0.235444449502205	0.07	0.103	1	IRF4	c3
0.120261355462502	-0.235396137889844	0.027	0.048	1	IRAK1	c3
0.165642879618673	-0.235360439935771	0.119	0.153	1	C1orf131	c3
0.121042251663035	-0.235325282292425	0.058	0.086	1	BBS7	c3
0.00737187632703579	-0.23531168741004	0.323	0.432	1	ADH5	c3
7.21070070309244e-06	0.235135663167231	0.954	0.963	0.0954985201117563	HINT1	c3
0.909019377564655	0.234772846237421	0.107	0.107	1	RARS	c3
0.114589322370031	-0.234717716279394	0.104	0.142	1	VPS16	c3
0.00011742741736901	-0.234599407469923	0.948	0.971	1	MT-ND2	c3
0.574853057481639	0.23451842072924	0.058	0.05	1	AKAP1	c3
0.910910103238231	0.234516096421704	0.101	0.105	1	METTL2B	c3
0.907291951650819	0.234432227688417	0.034	0.032	1	HNRNPUL2	c3
0.179429742843892	-0.234367280243612	0.076	0.103	1	STX18	c3
0.0492021413263034	-0.234299872350817	0.155	0.208	1	APOL3	c3
0.515084707476247	0.234144256694481	0.085	0.1	1	GABPA	c3
0.129860947372674	0.234085622760079	0.555	0.547	1	SUMO1	c3
0.814252943541395	0.233998388839099	0.177	0.181	1	UTP18	c3
0.978476036317292	0.233992409754121	0.098	0.1	1	ZNF335	c3
0.366951722306305	0.233874709768353	0.043	0.057	1	ZDHHC21	c3
0.015471311907426	-0.233868773700281	0.488	0.588	1	CBX3	c3
0.300422146192221	-0.233793422658112	0.101	0.122	1	ZCCHC9	c3
0.395402165349593	-0.233743377125041	0.009	0.016	1	KIAA1958	c3
0.0800364123858884	-0.233609039360399	0.058	0.091	1	SYNJ1	c3
0.0520809612270001	-0.23353675201323	0.198	0.258	1	ATP6V1E1	c3
0.564690741360676	0.233495396320405	0.256	0.253	1	SUCLG2	c3
0.012873993395661	-0.233425564926347	0.25	0.342	1	TIMM17B	c3
0.0425437517391637	-0.233371654417934	0.457	0.53	1	CMTM3	c3
0.362918198545286	-0.233370754980957	0.143	0.164	1	CDK13	c3
0.0188489964904136	0.233349588606971	0.723	0.711	1	GYPC	c3
0.574565414363663	-0.233309559197469	0.021	0.027	1	TADA2B	c3
0.994730164244305	0.233306547168944	0.104	0.106	1	NR2C2	c3
0.908786160455057	0.233184180364037	0.302	0.333	1	ZBTB38	c3
0.146973542652766	-0.233103868904061	0.046	0.069	1	ATRIP	c3
0.437717029470253	-0.232908607740362	0.012	0.019	1	AC018816.1	c3
0.00138124564218967	0.232884553359995	0.811	0.816	1	RPS17	c3
0.5579544201157	-0.232850130443858	0.024	0.019	1	AC010624.3	c3
0.949749612870405	0.232844421087519	0.021	0.021	1	TMEM256-PLSCR3	c3
0.569338829912388	0.232809174002607	0.183	0.174	1	MRPS25	c3
0.239580107719855	-0.232796523223103	0.082	0.106	1	HIPK3	c3
0.0811250854245843	-0.232779610505709	0.226	0.286	1	SNRK	c3
0.994655116459169	0.232564728379594	0.052	0.052	1	AP5S1	c3
0.000858129097988819	-0.232563214294142	0.82	0.901	1	ALDOA	c3
0.969546821182091	0.232375827651977	0.125	0.129	1	KPNA5	c3
0.892861681194165	0.232374530541553	0.024	0.026	1	EPB41L5	c3
0.788370936306159	0.232365290261911	0.018	0.021	1	HDAC11	c3
0.000312124196562546	-0.232216121245651	0.424	0.559	1	IL10RA	c3
0.219816222299498	-0.232200220618185	0.052	0.072	1	LETM1	c3
6.97761250612646e-11	-0.232026208140673	0.997	1	9.24115000311389e-07	RPS19	c3
0.956087001214891	-0.2319672736139	0.018	0.018	1	ZNF222	c3
0.021964023539601	-0.231882242712893	0.402	0.487	1	C19orf66	c3
0.926288868217829	0.231842416954999	0.28	0.294	1	OFD1	c3
0.702514004647409	0.231831974124535	0.259	0.259	1	CTNNB1	c3
0.0605754408913283	-0.231734579698036	0.195	0.255	1	TSSC4	c3
0.021713529198711	-0.231680579713336	0.409	0.489	1	C19orf70	c3
0.0148796329034347	-0.231643610636016	0.442	0.536	1	TOMM5	c3
0.377120210261892	0.231584581051343	0.101	0.124	1	TMEM218	c3
0.481979156603636	-0.231563393840371	0.024	0.032	1	CLYBL	c3
0.801766852355394	0.231543493416712	0.143	0.156	1	PMM1	c3
0.852781815778145	0.2314507311861	0.037	0.034	1	ZNF839	c3
0.012649467508904	-0.231447374029502	0.345	0.453	1	TMX4	c3
0.138263798129651	-0.231413473954156	0.03	0.051	1	CDK19	c3
0.627306519200844	-0.231403074429519	0.009	0.012	1	USP51	c3
0.611666382912773	0.231393446603483	0.183	0.176	1	NECAP1	c3
0.40803737535025	-0.231377465161748	0.006	0.011	1	ABCA3	c3
0.64363488278728	0.23110764865079	0.128	0.146	1	C7orf26	c3
0.0291460490508249	-0.230850055089326	0.524	0.604	1	TRAC	c3
0.969845709265172	0.230844164356763	0.366	0.399	1	FNBP4	c3
0.516797397660195	0.230746715862248	0.207	0.197	1	JPX	c3
0.270474256921217	-0.230695849595182	0.055	0.073	1	GPR107	c3
0.080606519732737	-0.230691858274339	0.043	0.071	1	NSD2	c3
0.108430203453079	-0.230668654833585	0.091	0.126	1	CEACAM21	c3
0.00177375397557732	-0.23066237517849	0.71	0.807	1	DAD1	c3
0.00220593838943231	-0.230572792182002	0.482	0.586	1	PYURF	c3
0.356404821415587	-0.230548886563628	0.104	0.125	1	AGPAT5	c3
0.296521921026211	0.23047471770837	0.043	0.059	1	PICK1	c3
0.603899032276562	-0.230380233805068	0.052	0.059	1	ZNF317	c3
0.898807969318812	0.230294191341415	0.076	0.08	1	ARSG	c3
0.176848691466168	-0.230290957821145	0.095	0.124	1	UBASH3B	c3
0.43747061176201	-0.230258548980276	0.018	0.026	1	MOSMO	c3
0.422388478552289	0.230215044707937	0.082	0.1	1	RARS2	c3
0.82217614452921	0.230180239578278	0.14	0.151	1	RLF	c3
0.0653862128091067	0.230121915170645	0.503	0.453	1	AQP3	c3
0.459924491680007	-0.230026151780341	0.009	0.015	1	SLC2A6	c3
0.483475465415031	-0.23002394736704	0.006	0.01	1	AC005498.3	c3
0.250936941517735	0.229990861150907	0.46	0.453	1	SMIM26	c3
0.987495819848443	0.229966949158201	0.101	0.103	1	DHRS13	c3
0.0245392048660606	-0.229677746793967	0.351	0.435	1	PRPF40A	c3
0.0348841750855784	-0.229546926865314	0.247	0.32	1	UHMK1	c3
0.471140268467005	0.229509276904193	0.015	0.022	1	IFIT3	c3
0.82669739112337	0.229482629715835	0.113	0.111	1	CTC1	c3
0.533994605251036	0.229457846800001	0.201	0.19	1	MFSD1	c3
0.798143645394175	0.229388804716974	0.043	0.04	1	SIRT1	c3
0.573165201489269	0.229344966122603	0.082	0.073	1	BRD3OS	c3
0.885128093607304	0.229338667140299	0.125	0.125	1	RUVBL1	c3
0.828311530930063	0.229224679783848	0.104	0.111	1	ORC3	c3
0.692888402003994	0.229187019127872	0.152	0.149	1	PRR7	c3
0.822571289425813	0.229061341086284	0.034	0.036	1	CRTC1	c3
0.260074621534507	0.229057948451953	0.375	0.365	1	TEX264	c3
0.167879961172186	0.228943814565161	0.591	0.588	1	SSU72	c3
0.11522709069038	-0.228758286063023	0.293	0.354	1	RAB6A	c3
0.396436027189263	0.228709607815577	0.345	0.333	1	RNF44	c3
0.841242015958424	0.228641684560478	0.061	0.058	1	CARF	c3
0.944747706566334	0.228615610625971	0.067	0.067	1	TRAF4	c3
0.0716016789762553	-0.228589018695269	0.143	0.191	1	UCKL1	c3
0.356405952283994	-0.228544678576104	0.046	0.059	1	LDLR	c3
0.545667773649888	0.22838420911278	0.216	0.207	1	SLC25A1	c3
0.0151694760222329	-0.228199845215104	0.155	0.225	1	ATOX1	c3
0.814251193081349	0.228111824443066	0.277	0.287	1	RRP7A	c3
0.414641556343549	0.22803351471656	0.229	0.211	1	MRPL38	c3
0.15228679153796	-0.227873615876506	0.119	0.152	1	SP2	c3
0.160367043210563	-0.227866115286893	0.049	0.072	1	THG1L	c3
0.0267912119027899	-0.227862553217535	0.186	0.255	1	CHTOP	c3
0.474621581592855	-0.227825974476303	0.076	0.089	1	NARS2	c3
0.868973571564538	0.227793142974447	0.082	0.081	1	HEMK1	c3
0.369271989480569	0.227651158115426	0.418	0.415	1	HPCAL1	c3
0.0252305231632815	-0.22762475649089	0.436	0.517	1	SLC3A2	c3
0.0114519123769153	-0.227537232119568	0.604	0.7	1	GNG5	c3
0.152378944868228	0.227481523958859	0.485	0.47	1	CCT3	c3
0.731998714401173	0.227436388590664	0.259	0.262	1	STARD7	c3
0.0195107856648611	-0.227432802339034	0.168	0.234	1	SBNO1	c3
0.763341498143385	0.227341250912671	0.034	0.03	1	FOXK2	c3
0.755017265371991	0.227318852482471	0.165	0.181	1	EP400	c3
0.0784509708142729	-0.227304372978399	0.155	0.205	1	PNPLA8	c3
0.619230656237706	0.227300907932224	0.073	0.066	1	GTF3C3	c3
0.525366162081839	0.227147223374691	0.07	0.06	1	PGAP3	c3
0.735458054238021	0.226934338842279	0.335	0.352	1	GOLGA4	c3
0.666476602465169	0.226751298191691	0.076	0.086	1	BAP1	c3
0.910612262000411	0.226728177472347	0.098	0.102	1	PECR	c3
0.80468533477745	0.226626119914142	0.22	0.226	1	ATPAF1	c3
0.717642323763927	0.226563119838625	0.034	0.039	1	AC021054.1	c3
0.64637059686091	0.226529886075903	0.213	0.207	1	RAB4A	c3
0.000477121473439023	0.226406458922312	0.165	0.271	1	PTPN18	c3
0.971526760870299	0.226377618609689	0.024	0.025	1	MIEF2	c3
0.867133677029531	0.226291551539729	0.271	0.297	1	EAPP	c3
0.56914548815693	0.226278173833607	0.088	0.079	1	GPKOW	c3
0.0877027574101943	-0.226255720313535	0.137	0.184	1	GFER	c3
0.730397720597759	0.226213441098738	0.04	0.045	1	LARS2	c3
0.877974011779238	0.22620492986805	0.018	0.02	1	AC245060.5	c3
0.876174812624807	0.226176692465836	0.021	0.023	1	CHKB-DT	c3
0.230903412204676	-0.226120537530242	0.04	0.057	1	IPMK	c3
0.851963783673754	0.226069923192472	0.009	0.01	1	AL132780.1	c3
0.734560507168339	0.226064181948812	0.128	0.123	1	LINC02256	c3
0.127286326951344	-0.226043706788723	0.024	0.044	1	PCGF3	c3
0.910977030003768	0.225939165486093	0.338	0.356	1	RNF114	c3
0.00426366703637674	-0.225927828082108	0.216	0.318	1	COPB2	c3
0.694087774402661	0.225808887001815	0.119	0.132	1	AZI2	c3
0.398762122837989	-0.225628963109625	0.043	0.055	1	CPEB4	c3
0.0478011680788589	-0.225611895248158	0.396	0.468	1	IVNS1ABP	c3
0.921475457274451	-0.225564327337133	0.034	0.034	1	BPHL	c3
0.0413529205270377	-0.225549598164061	0.415	0.489	1	ATRX	c3
0.24834495631716	0.225533336905945	0.424	0.404	1	ADAR	c3
0.83019929403911	0.225531264330062	0.177	0.19	1	CREBZF	c3
0.978742341754259	0.225519080605529	0.14	0.147	1	VPS37A	c3
0.62137965416402	0.22543315059131	0.341	0.342	1	RASA2	c3
0.0290734047620934	-0.225386706990246	0.439	0.539	1	STUB1	c3
0.235614477353816	-0.225238331171089	0.034	0.05	1	ENTPD3-AS1	c3
0.748322986065628	0.225215877193004	0.107	0.102	1	YARS2	c3
0.727261360929754	0.225211943462164	0.326	0.334	1	LMBRD1	c3
0.323343383101527	-0.225074758462771	0.088	0.108	1	VCPIP1	c3
0.531811605964034	-0.225064457025249	0.055	0.065	1	SEC24A	c3
0.367773237446293	-0.224946576369773	0.046	0.059	1	POLR3A	c3
0.0626707633819639	-0.224903797846606	0.143	0.196	1	METAP1	c3
0.966027248769678	0.224700590105974	0.046	0.047	1	TMEM64	c3
0.0781092984515298	-0.224640096392715	0.186	0.238	1	ABHD13	c3
0.130103748163965	-0.22462556778844	0.076	0.106	1	CGRRF1	c3
0.0107530667220734	-0.224621465958956	0.488	0.602	1	M6PR	c3
0.710774363215739	0.224589672744171	0.037	0.032	1	TLR1	c3
0.0608690743208711	-0.22455389685546	0.119	0.165	1	GRIPAP1	c3
0.167436883399265	-0.224433186906543	0.07	0.097	1	UTP4	c3
0.0898632961864419	-0.224410156818835	0.134	0.178	1	IP6K1	c3
0.606754397052088	0.224372501901556	0.232	0.226	1	POGZ	c3
0.924056429847674	0.224366219060589	0.073	0.077	1	KNOP1	c3
0.235239997079238	-0.224270928638578	0.034	0.05	1	ZNF700	c3
0.133426153315455	-0.224205942639188	0.037	0.059	1	CIC	c3
0.101596200878006	-0.224163759837242	0.119	0.158	1	GFPT1	c3
2.14148530323904e-06	-0.224131191008169	1	1	0.0283618313560978	H3F3B	c3
0.620829403959625	-0.224105391365314	0.034	0.04	1	ZRANB1	c3
0.931429169064228	0.224009196428489	0.073	0.075	1	VPS52	c3
0.0310577899503597	0.223969401409256	0.78	0.851	1	SOD1	c3
0.983163359285285	0.223964354786164	0.104	0.106	1	XPOT	c3
0.0467378512082394	-0.223952090032109	0.113	0.162	1	SLC25A20	c3
0.0052053003096375	-0.223922283123668	0.296	0.395	1	SLTM	c3
0.07633865806821	-0.223920881230344	0.229	0.284	1	APPL1	c3
0.857260328274446	0.223851132141799	0.104	0.101	1	PPP2R2D	c3
0.00773308137518213	-0.223751006409938	0.274	0.378	1	NAA38	c3
0.00966223636233839	-0.22361200122282	0.963	0.979	1	CD3D	c3
0.363778137266776	-0.223451178439989	0.11	0.127	1	CBX6	c3
0.876195610594723	0.223390042034552	0.076	0.08	1	ZNF324	c3
0.307362643457722	0.223308583858796	0.046	0.061	1	NCAPD3	c3
0.507705672365375	0.223282231202204	0.082	0.098	1	KLHL12	c3
0.0370622501665443	-0.223267426512663	0.162	0.219	1	RING1	c3
0.963192723190491	0.223231916284341	0.034	0.034	1	DHODH	c3
0.662241621625683	0.223164374026382	0.268	0.271	1	RSBN1	c3
0.112519829247334	-0.223077554787538	0.174	0.22	1	RAB29	c3
0.1957358116322	-0.223034126624907	0.085	0.111	1	COQ10A	c3
0.0402292140201342	-0.222927018347821	0.055	0.093	1	SSH1	c3
0.701967722176702	0.22284932566495	0.104	0.099	1	ACOT13	c3
0.043190073918907	-0.22278420406122	0.482	0.556	1	SF3B5	c3
0.466053893601107	0.222573743750832	0.311	0.307	1	SMARCC2	c3
0.981454055204493	0.22254708492127	0.046	0.046	1	MPV17L2	c3
0.0528957263390837	-0.222466832022627	0.189	0.248	1	PRKAR2A	c3
0.406352100199714	-0.2223007151878	0.006	0.011	1	LRTOMT	c3
0.19052680250013	-0.222264561369713	0.04	0.059	1	NCOA6	c3
0.60163235740021	0.222232268986507	0.091	0.083	1	HPS5	c3
0.992406633795225	0.222191919806857	0.088	0.091	1	ZNF362	c3
0.256351588533998	-0.222182483436348	0.027	0.042	1	PSKH1	c3
0.77743384967276	0.221838067248221	0.165	0.162	1	WDR77	c3
0.890557796727861	0.221799110759616	0.03	0.032	1	PABPC1L	c3
0.0486804021594303	-0.221723332308704	0.262	0.328	1	TMBIM1	c3
4.31411113466301e-06	0.221699192673912	0.966	0.988	0.0571360878674769	RPL31	c3
0.00253806183948729	-0.221673445120148	0.561	0.681	1	VPS28	c3
0.433659072088352	-0.22166747111556	0.012	0.019	1	KPTN	c3
0.584294035732518	-0.221589643697581	0.037	0.044	1	SLC10A7	c3
0.734458634084046	0.221582404751977	0.021	0.025	1	EID2	c3
0.206079081227836	-0.221570192137385	0.332	0.377	1	PRMT9	c3
0.264471259639482	-0.221557880297846	0.091	0.116	1	CTDSPL2	c3
0.922268488649267	0.221497976199804	0.189	0.196	1	ARFGAP2	c3
0.108823060468786	-0.221488713504092	0.152	0.196	1	CCDC186	c3
0.50771349080073	-0.221399064880904	0.04	0.049	1	TRIT1	c3
0.832585786500473	0.22135068486209	0.207	0.209	1	CNOT1	c3
0.0848048097907463	-0.221292118112582	0.216	0.275	1	CIR1	c3
0.00110446922156605	-0.221242637839084	0.799	0.875	1	UQCR11	c3
0.555937173466863	0.221229968371706	0.055	0.065	1	AHCYL2	c3
0.658026561711708	0.221224799836159	0.085	0.078	1	WDR89	c3
0.10029042748545	-0.221086470498781	0.052	0.08	1	TMEM184B	c3
0.183241889748405	-0.221074535962849	0.116	0.149	1	FAM217B	c3
0.00711679700271604	-0.221003219268871	0.671	0.753	1	PARK7	c3
0.00461527862611511	-0.220985826704968	0.204	0.303	1	DDB1	c3
0.344180368126084	0.220863389722912	0.11	0.092	1	EZH1	c3
0.0852692028487139	-0.220861793590279	0.073	0.108	1	ENTPD6	c3
0.587647631701567	0.220837071543301	0.076	0.068	1	PUS3	c3
0.887361177265694	0.220756716108265	0.104	0.108	1	TMEM42	c3
0.873880818576017	0.22073095649589	0.152	0.153	1	ZFX	c3
0.951639701513923	0.220711444865703	0.055	0.056	1	ASB7	c3
0.149414922611519	0.220701459246738	0.598	0.574	1	CSK	c3
0.0530661735440012	-0.220619279887242	0.137	0.188	1	NBPF26	c3
0.0254295950706872	-0.220464234907078	0.402	0.487	1	SERPINB1	c3
0.693131877253158	0.220321513302811	0.046	0.052	1	ACBD3	c3
0.966395552691305	0.220284423576623	0.015	0.016	1	TIGD6	c3
0.832224511638853	0.22022478166186	0.18	0.196	1	MTF2	c3
0.660860758317483	0.220080098063842	0.381	0.396	1	LUC7L3	c3
0.804888923072138	0.220006356736228	0.082	0.088	1	TTN-AS1	c3
0.901095837243809	0.219988280304051	0.073	0.072	1	ALG1	c3
0.00601640763159947	-0.219924509664974	0.265	0.365	1	HNRNPLL	c3
0.8368917747401	0.219885321939468	0.076	0.074	1	GOSR2	c3
0.427514589365804	-0.219876591554714	0.113	0.128	1	ZNF880	c3
0.113051692686815	-0.219876254762454	0.162	0.205	1	MRPS14	c3
0.0604553097046603	-0.219692888722331	0.079	0.12	1	CNPY4	c3
0.103195802866145	-0.219575047625756	0.095	0.132	1	FAM53B	c3
0.988557815728881	0.219573926018242	0.073	0.075	1	MCCC1	c3
0.643597625453623	0.219519464771463	0.061	0.071	1	BISPR	c3
0.706987447544556	0.219387335298201	0.439	0.441	1	USP15	c3
0.913590041606245	0.21933571487639	0.037	0.035	1	SETD9	c3
0.0100857544347766	-0.21927881656178	0.226	0.317	1	SEPHS2	c3
0.327278431794799	-0.21927172879981	0.073	0.091	1	ELF4	c3
0.794164204084248	0.219201031462326	0.18	0.181	1	SPNS1	c3
0.913468743741764	0.219063366627422	0.012	0.011	1	PPFIBP2	c3
0.311360478538608	-0.219014139304735	0.061	0.079	1	EXOC8	c3
0.914202322683995	0.21888973069266	0.012	0.011	1	AC004943.2	c3
0.954024662424391	0.218883925339019	0.067	0.07	1	ABCD3	c3
0.885487080722332	0.218805348441982	0.055	0.053	1	ZNF518A	c3
0.7373311865371	0.218764676149171	0.009	0.011	1	CDKN3	c3
0.610623509613414	0.218607085527266	0.052	0.06	1	TKFC	c3
0.0554687421607659	-0.218565697051907	0.18	0.236	1	COQ4	c3
0.425809616883733	-0.21853350610696	0.07	0.085	1	IFITM3	c3
0.888874997146321	0.218400528101156	0.079	0.083	1	RRS1	c3
0.255189055934732	-0.218350002878204	0.037	0.053	1	ZKSCAN8	c3
0.25135262403292	-0.218216243585532	0.052	0.071	1	SH2B3	c3
0.335937015728849	0.218156346470754	0.384	0.373	1	MAF1	c3
0.129221694954588	-0.218145769335969	0.149	0.191	1	PARP9	c3
0.639671343554644	-0.218118824416134	0.021	0.026	1	HELLS	c3
0.0380446869498822	-0.218038924913848	0.308	0.386	1	PSMD6	c3
0.746244587289388	0.218029114843013	0.177	0.178	1	ZFC3H1	c3
0.945991439992268	0.217966978040402	0.125	0.13	1	CDC37L1	c3
0.46045258257368	-0.217963724540344	0.009	0.015	1	ZNF2	c3
0.201839042776298	-0.217922386376718	0.308	0.354	1	EIF4A3	c3
0.958747672290671	-0.21790163093406	0.018	0.019	1	MAP3K7CL	c3
0.770964664477831	0.217821877973399	0.055	0.059	1	ZNF17	c3
0.598822186950146	-0.21754218213673	0.027	0.033	1	AC010422.3	c3
0.0563997489827794	-0.217520991243436	0.372	0.442	1	NAA10	c3
0.239996148673116	0.21750169677639	0.037	0.054	1	ZNF738	c3
0.76745076083136	0.217452758644778	0.11	0.119	1	POLB	c3
0.499284622858974	0.217426272025685	0.393	0.403	1	SNRNP70	c3
0.612639054037102	0.217332201223248	0.293	0.297	1	ZBTB20	c3
0.105091510883112	-0.21722953396728	0.244	0.301	1	NFATC3	c3
0.0910201260061595	-0.217061307829521	0.11	0.152	1	DDX59	c3
0.063172964133464	-0.217026213419299	0.165	0.215	1	ARMCX3	c3
0.0047542596526219	-0.217018395389536	0.482	0.589	1	ATP6V1F	c3
0.59486665553758	0.216922160799887	0.116	0.106	1	ZNF263	c3
0.58445524259048	0.216863965983722	0.186	0.175	1	PHF12	c3
0.472416636186089	0.216793274406592	0.354	0.361	1	SYTL1	c3
0.0384909340545276	0.216763840566382	0.765	0.766	1	CD44	c3
0.0728652299855557	-0.216749027523386	0.192	0.247	1	CUEDC2	c3
0.00631709763671752	-0.216706876276875	0.32	0.434	1	UQCRC1	c3
0.362491755953831	0.216706777321844	0.363	0.362	1	PCM1	c3
0.470836341521678	0.21668461010696	0.354	0.352	1	OGT	c3
0.829831289457465	0.216660864302925	0.104	0.101	1	TMEM131	c3
0.244102728207104	-0.216647411195382	0.055	0.075	1	SPATA2	c3
0.861116291458422	0.216453572137891	0.095	0.101	1	GCN1	c3
0.836614737775855	0.216385069670002	0.311	0.33	1	TMEM259	c3
0.943884544601136	0.216377672207691	0.195	0.199	1	NSRP1	c3
0.956331537550982	0.216367811747944	0.293	0.317	1	TRAPPC3	c3
0.85820691518851	0.216367257148215	0.012	0.014	1	LINC01353	c3
0.570923452486008	0.21630093784813	0.314	0.319	1	EIF4E	c3
0.539923923536694	-0.216150210123716	0.082	0.094	1	ARV1	c3
0.281027675781707	0.216103640369848	0.573	0.59	1	MRPS21	c3
0.437763132928826	0.216040313873636	0.299	0.285	1	NDUFA10	c3
0.757136652364411	0.215987320747378	0.149	0.147	1	TP53TG1	c3
0.552774893842251	0.215790782509328	0.024	0.031	1	STRN4	c3
0.386574899757713	-0.215766684965038	0.034	0.045	1	PANX1	c3
0.586165361456649	-0.215707802685854	0.037	0.044	1	ZNF441	c3
0.722525739970011	0.215697722771444	0.043	0.048	1	TRBV6-5	c3
0.467986214088356	0.215614185486666	0.332	0.331	1	SUMF2	c3
0.537992001178874	-0.215550342083259	0.009	0.014	1	SLC30A1	c3
0.658230670367854	-0.215510735862651	0.012	0.016	1	CENPJ	c3
0.0215931884851874	-0.215360497107248	0.357	0.452	1	SEPT2	c3
0.2432942473248	-0.215235545704	0.436	0.469	1	STAT1	c3
0.937982345086365	0.215178128832789	0.119	0.124	1	NSMCE2	c3
0.393701877299878	0.215157478868572	0.393	0.388	1	PRPF8	c3
0.586587801587069	0.215091485892548	0.085	0.099	1	SURF6	c3
5.69847403103345e-06	-0.215065802055384	0.927	0.972	0.075470590067007	PCBP1	c3
0.328995328076563	-0.215033175556471	0.101	0.122	1	ATG16L1	c3
0.184281072593945	-0.214919496022197	0.049	0.071	1	SENP1	c3
0.794212688799683	0.214918708722877	0.085	0.082	1	U2AF1L5	c3
0.715102972999364	0.214899305775287	0.402	0.445	1	WSB1	c3
0.904439880866462	0.214854991962598	0.14	0.148	1	REPIN1	c3
0.825900163931011	0.21475016941588	0.034	0.036	1	C7orf31	c3
0.0984439914893825	-0.214720371704353	0.546	0.607	1	DDX3X	c3
0.539148760306104	0.214625025928591	0.137	0.126	1	METTL16	c3
0.789462626278289	0.214618523616772	0.113	0.123	1	ZNF195	c3
0.506738000197904	0.214503545328372	0.29	0.274	1	NXT1	c3
0.5836851137651	0.21445280134641	0.098	0.111	1	RDX	c3
0.281409101399242	0.214430329717497	0.308	0.29	1	SSRP1	c3
0.755782362747165	0.214406090934668	0.271	0.272	1	THOC2	c3
0.00782500725925645	-0.214397118453779	0.527	0.648	1	EID1	c3
0.0110315533282685	-0.214318977545167	0.445	0.556	1	TMEM14B	c3
0.0178224663311821	-0.214298023228889	0.378	0.463	1	PET100	c3
0.110933381324244	-0.214279620481744	0.226	0.281	1	TPP1	c3
0.363243094686699	-0.214279336259506	0.037	0.049	1	ZNF814	c3
0.0323260501670964	-0.214211888981564	0.326	0.42	1	TMEM179B	c3
0.893035781629614	0.21415141350827	0.073	0.076	1	AC004922.1	c3
0.279251828313718	-0.214014838715384	0.244	0.277	1	CENPX	c3
0.618119169106788	0.213988261480131	0.073	0.083	1	C6orf120	c3
0.706323193199415	0.213975046009819	0.034	0.039	1	WDR27	c3
0.814378432127275	0.213872081595349	0.104	0.111	1	KLHL6	c3
0.575197905313563	0.213861956362305	0.192	0.184	1	PANK2	c3
0.385802645688736	-0.213747035222085	0.064	0.079	1	NCAPH2	c3
0.0160990498022875	-0.213508604652816	0.14	0.207	1	TRAFD1	c3
0.908113931180343	0.213488291158632	0.143	0.146	1	EIF4EBP2	c3
0.242513141526394	-0.213453221020123	0.064	0.084	1	KCMF1	c3
0.382869730806149	-0.213405910570616	0.061	0.076	1	CEP78	c3
0.982952881864353	0.213295926389954	0.055	0.056	1	GEMIN4	c3
0.073518585243834	-0.213120992694479	0.046	0.076	1	GTPBP1	c3
0.00106500729899615	-0.213105136253442	0.091	0.171	1	SPTLC2	c3
0.00459292978932898	-0.213061717592032	0.518	0.62	1	TCEA1	c3
0.466466727639968	0.213045112216999	0.049	0.06	1	MAN2A2	c3
0.27106529289797	0.212985898699423	0.314	0.368	1	IKZF3	c3
0.882878928279524	0.212946264808894	0.107	0.113	1	SCAMP1	c3
0.0309602788645826	-0.212848209634989	0.683	0.743	1	TUBA1B	c3
0.0934031265723309	-0.212840320551454	0.165	0.209	1	GPATCH8	c3
0.182546104180414	-0.212805713145383	0.177	0.213	1	TMEM126B	c3
0.689018540171261	0.212798308412537	0.463	0.494	1	SRRM2	c3
0.0125754749762278	0.212785506273419	0.744	0.76	1	GPX4	c3
0.0123885441869979	-0.212684127559374	0.421	0.511	1	NUCKS1	c3
0.609147660378548	0.212650480319394	0.043	0.05	1	DDX31	c3
0.858482847377042	0.212604974607113	0.122	0.13	1	MAP2K6	c3
0.727817843418596	0.212528827596839	0.149	0.165	1	TSEN34	c3
0.463628240101426	-0.212301202937768	0.009	0.015	1	FAM83D	c3
0.701096144439473	0.212266002802113	0.162	0.157	1	CLASRP	c3
0.0695645922134808	-0.212220237131698	0.348	0.417	1	MLF2	c3
0.146202386781293	0.212181504919938	0.433	0.408	1	DDX6	c3
0.941937365053956	0.212178040191962	0.207	0.219	1	COA6	c3
0.0456586694054547	-0.212159833732102	0.268	0.34	1	SYNCRIP	c3
0.632390558515032	0.211982427856664	0.143	0.134	1	CSTF1	c3
0.568679754756914	0.211975616400568	0.226	0.219	1	NAA60	c3
0.104469077243378	-0.211854571660483	0.116	0.155	1	RUFY1	c3
0.0219781641562411	-0.211827139283324	0.268	0.35	1	TRA2A	c3
0.00384544982943311	-0.211826034971684	0.784	0.872	1	NCL	c3
0.289927069027458	0.211763957712619	0.399	0.384	1	DDX21	c3
0.0351287946884659	-0.211750310977311	0.003	0.02	1	KIT	c3
0.180045230188796	-0.211715761761251	0.067	0.094	1	SAAL1	c3
0.127104620248168	-0.211708470003826	0.18	0.221	1	PBDC1	c3
0.606334690596664	0.211572470612149	0.058	0.051	1	HSPBAP1	c3
0.0819307136349314	-0.21155630545618	0.07	0.105	1	RPP38	c3
0.0238171956346747	-0.21150682381853	0.311	0.399	1	PDAP1	c3
0.151771617319765	-0.211406622543401	0.058	0.084	1	INTS9	c3
0.944572312470965	0.211349028588798	0.235	0.241	1	CIAO1	c3
0.960602727066342	0.211346832541601	0.024	0.025	1	MLLT1	c3
0.296280358789213	-0.211322167578401	0.049	0.066	1	PAAF1	c3
0.0680302855856426	-0.21117731136108	0.162	0.214	1	MRPL13	c3
0.128383862618097	-0.211172964495315	0.091	0.124	1	KIAA2026	c3
0.743605644751002	0.211171536217679	0.018	0.016	1	CDKL5	c3
2.91749929622499e-08	-0.211168838207946	0.997	1	0.000386393606792038	HLA-A	c3
0.0224525373106705	-0.211158449488722	0.488	0.58	1	LMAN2	c3
0.589639511218144	0.211100755568093	0.177	0.171	1	MAP2K7	c3
0.406762225303103	0.211018056577935	0.143	0.175	1	RFFL	c3
0.026765589459009	0.210933336678104	0.71	0.692	1	SMDT1	c3
0.862304890295074	0.210662579895999	0.012	0.014	1	AC083880.1	c3
0.0068699458100993	-0.210615244820647	0.576	0.678	1	GABARAPL2	c3
0.0569999074865145	-0.210512704218804	0.125	0.176	1	NSUN2	c3
0.18194006664133	-0.210507451546796	0.067	0.093	1	NCOA1	c3
0.375837581063533	0.210384137214545	0.07	0.089	1	LARP4B	c3
0.189095243382005	-0.210363513397011	0.128	0.16	1	MTREX	c3
0.524150847640213	0.210284762987574	0.36	0.363	1	LAPTM4A	c3
0.0147226197153203	-0.210204003307737	0.168	0.24	1	BCKDHA	c3
0.451360688113407	-0.210131400671149	0.064	0.077	1	POLH	c3
0.277759140201063	-0.210048623090195	0.064	0.083	1	PGPEP1	c3
0.821412817192227	0.209927549891748	0.195	0.208	1	NEPRO	c3
0.180904851915109	-0.209919039841648	0.18	0.219	1	CEP85L	c3
0.50769497984127	0.209607247697017	0.034	0.043	1	TNFAIP1	c3
0.809996081760212	0.209545957985292	0.076	0.073	1	KIF3B	c3
0.157104068481818	0.209541298338489	0.082	0.113	1	TP53BP1	c3
0.976252571963484	0.209497703092453	0.317	0.34	1	HAGH	c3
0.0429754513495895	-0.209466545088451	0.095	0.143	1	USP25	c3
0.665951616603405	-0.209143746315604	0.03	0.035	1	ACVR1	c3
0.827623539321845	0.209025009025424	0.113	0.122	1	ZNF708	c3
0.0166055997060424	-0.208949307222678	0.378	0.478	1	NAPA	c3
0.788440921484602	0.208730623943706	0.195	0.194	1	DDIT3	c3
0.273454783069809	-0.208699847654304	0.284	0.323	1	RELB	c3
0.0879481183267291	-0.208598340352406	0.18	0.23	1	NOB1	c3
0.848348897255366	0.208502334864993	0.058	0.061	1	FAM8A1	c3
0.848452188588146	0.208375933627249	0.085	0.083	1	TRIM37	c3
0.717505522570988	0.208309495709592	0.076	0.083	1	C16orf58	c3
0.141962059282464	-0.208281765549381	0.149	0.189	1	TMEM120A	c3
0.885582708163833	0.20818420551806	0.113	0.112	1	ALG12	c3
0.632420476188243	0.20811240069009	0.07	0.08	1	ZDHHC18	c3
0.0402340462286714	-0.208110565129511	0.271	0.339	1	VAMP5	c3
0.689024353459417	0.208072497107526	0.07	0.078	1	THAP3	c3
0.0715502866298159	-0.207988514349872	0.308	0.378	1	FDFT1	c3
0.768893070903455	-0.207953487932961	0.018	0.021	1	ZNF208	c3
0.774298162211016	0.207849336552149	0.244	0.249	1	CABIN1	c3
0.780994026028713	0.207784684594304	0.085	0.093	1	FAM214A	c3
0.0245234283178262	-0.20769266385158	0.213	0.289	1	CAT	c3
0.672714653118916	0.207582812022843	0.372	0.382	1	MFNG	c3
0.332810865371655	-0.207389787824461	0.055	0.071	1	AGTPBP1	c3
0.0405175886627278	-0.207319059841871	0.512	0.598	1	TBCA	c3
0.328446944107959	0.207199556424988	0.107	0.088	1	LIG1	c3
0.961062510794483	-0.20714573871749	0.012	0.012	1	CNN3	c3
0.0488225776539038	-0.207144472364736	0.348	0.429	1	PSMB8-AS1	c3
0.0889444845906622	0.2069750801282	0.284	0.238	1	TNFRSF25	c3
0.0911969147066824	-0.206947131246894	0.183	0.236	1	ADK	c3
0.511407636992558	0.206925652840542	0.476	0.486	1	BCLAF1	c3
0.242945790539938	-0.206838176924042	0.198	0.23	1	NPTN	c3
0.137924084166111	-0.206771370225457	0.146	0.187	1	SPG11	c3
0.327904807865387	-0.206759138186006	0.091	0.111	1	MRPL1	c3
0.0507749745314611	-0.206743633896481	0.079	0.122	1	PTPN9	c3
0.305914469236243	-0.206695894740379	0.082	0.103	1	FLYWCH1	c3
0.7592668162754	0.206560243458937	0.137	0.15	1	ZC3H18	c3
0.0414357485049401	-0.206500394872348	0.171	0.231	1	CLK3	c3
0.887306160920818	0.206472212034879	0.027	0.026	1	MEGF6	c3
0.0719371128391556	-0.20640177308001	0.216	0.273	1	SMC1A	c3
0.85820691518851	0.206381476725879	0.012	0.014	1	CPNE8	c3
0.0182888181176068	-0.206345051638678	0.36	0.452	1	CLTB	c3
0.744356735188487	0.206274264030861	0.073	0.08	1	RNASEH2A	c3
0.081000772573085	-0.206267832786205	0.137	0.182	1	TIMMDC1	c3
0.581585586404588	0.206089129709845	0.32	0.327	1	CD82	c3
0.930629390939904	0.206075631443442	0.253	0.265	1	SP3	c3
0.734632699445401	0.206025345174096	0.027	0.031	1	PTCD1	c3
0.989618884721943	0.20590433076156	0.229	0.24	1	LINC00667	c3
0.0165594916966801	-0.205885413532602	0.335	0.44	1	DHX36	c3
1.96086554411292e-05	-0.205845292453244	0.939	0.978	0.259697032662315	OAZ1	c3
0.615058437263606	-0.205792714616474	0.07	0.079	1	MTFMT	c3
0.414311783400124	-0.205737801727953	0.095	0.11	1	NIPSNAP3A	c3
0.0474089638859139	-0.205721091419645	0.177	0.237	1	RABIF	c3
0.462568334115045	0.205700567856791	0.009	0.015	1	HMGN5	c3
0.688199914360996	0.205650460211653	0.29	0.298	1	PRPS1	c3
0.0179623352847112	0.205607019727381	0.643	0.614	1	MINOS1	c3
0.790950044970167	0.205546788401556	0.238	0.259	1	CREB1	c3
0.0361101988222064	-0.205527723908943	0.265	0.337	1	PSMD9	c3
0.616419966757242	0.205527522645991	0.287	0.282	1	CWC15	c3
0.567221431540422	0.205513309131384	0.131	0.151	1	RC3H2	c3
0.16080689884281	-0.205471837385879	0.082	0.111	1	EIF2B2	c3
0.540428850139676	0.205368124226236	0.082	0.098	1	DNAJC5	c3
0.918705647636325	0.205357694391904	0.07	0.073	1	TOR1AIP2	c3
0.38935328243169	0.205343721694972	0.308	0.303	1	SEC31A	c3
0.652931007299552	0.20525896672391	0.104	0.116	1	NCBP1	c3
0.204771177994884	-0.205238459754582	0.015	0.028	1	ALG10B	c3
0.0471634434536445	-0.204995728925629	0.427	0.506	1	EIF3I	c3
0.0105793598797919	-0.204928720074391	0.71	0.791	1	COX8A	c3
0.664867589766018	0.204881986975958	0.149	0.144	1	POM121	c3
0.864197531021642	0.204851031383091	0.238	0.239	1	EIF2S1	c3
0.0610698357861936	-0.20467005024015	0.088	0.13	1	RNF41	c3
0.535710284975485	0.204563873573666	0.198	0.193	1	NDEL1	c3
0.430090052308481	0.204513175406894	0.201	0.236	1	ARID1A	c3
0.236406236260762	-0.20450403435838	0.046	0.065	1	SLC26A2	c3
0.246939294854462	-0.204479528756785	0.119	0.147	1	ISOC1	c3
0.848688257811669	0.204342778219929	0.058	0.055	1	ZNF445	c3
0.0946248643040809	-0.204322025244687	0.073	0.107	1	C12orf43	c3
0.879015705361401	0.204162604028349	0.18	0.181	1	ACYP2	c3
0.0309245061499412	-0.204082703263696	0.357	0.437	1	GDI1	c3
0.922812393968304	0.203987960269354	0.055	0.054	1	PPM1F	c3
0.269714138409376	-0.20394838486547	0.18	0.212	1	CDC5L	c3
0.115238621556392	-0.203938643555656	0.277	0.337	1	ATF4	c3
0.0482990030650645	-0.203861683884146	0.043	0.076	1	NPIPB5	c3
0.684508218152864	0.20376653166303	0.195	0.219	1	STX5	c3
0.963727872290652	0.203731478002605	0.043	0.044	1	LONP1	c3
0.971764333043721	0.203673657155371	0.104	0.105	1	AIDA	c3
0.983289038055494	0.203602349867873	0.073	0.075	1	USP21	c3
0.0493856040212614	-0.203525563945737	0.235	0.3	1	DPYD	c3
0.902398713503463	0.203508831263767	0.037	0.039	1	ZNF419	c3
0.69789088685608	-0.203468720032318	0.018	0.022	1	ZNF461	c3
0.0389000465035762	-0.203467269330826	0.277	0.348	1	POLR2F	c3
0.00461551016134625	-0.203449818379008	0.506	0.62	1	MDH2	c3
0.0142668304879687	-0.203404206781348	0.335	0.446	1	SF3B4	c3
0.0461503432576682	-0.203387563811145	0.207	0.266	1	PER1	c3
0.321650668271068	0.203313442881532	0.29	0.278	1	AFF4	c3
0.287722893637086	0.203252025479007	0.448	0.439	1	WBP2	c3
0.0325762694143218	-0.203236420272795	0.454	0.529	1	NDUFA13	c3
0.019036420102266	-0.203222938634887	0.497	0.591	1	RASAL3	c3
0.0430065078758418	-0.203220268182202	0.341	0.42	1	ACP1	c3
0.0322052486181293	-0.203170210948675	0.265	0.351	1	ETFA	c3
0.0473310911283416	0.203141691024473	0.796	0.747	1	SEPT6	c3
0.758929801875701	0.202931582993876	0.079	0.086	1	ZNF841	c3
0.66070454549265	0.202868964710381	0.128	0.121	1	WDR48	c3
0.0188527903373601	-0.202816972957325	0.5	0.594	1	C9orf78	c3
0.346094809571658	0.20278247480019	0.366	0.351	1	FGD3	c3
0.862652254190156	0.202771429769139	0.146	0.155	1	GTF2IRD2B	c3
0.311518756254365	-0.202760283539486	0.049	0.065	1	RMND1	c3
0.641491876895675	0.202746017772269	0.079	0.091	1	KHDC4	c3
0.89277559204455	0.202672651159896	0.152	0.161	1	MBD5	c3
0.767631087162945	0.202584494861625	0.119	0.128	1	LCOR	c3
0.953377897755465	0.202505401610238	0.284	0.296	1	CHMP3	c3
0.603956642054061	0.202450662037523	0.165	0.152	1	CD38	c3
0.780557561068718	0.202150773302332	0.113	0.122	1	SLC35B3	c3
0.961836693782028	0.202117318039169	0.027	0.028	1	ZC3H10	c3
0.440884604030058	0.202002236047236	0.159	0.142	1	CBX1	c3
0.0209556273656227	-0.201984665955639	0.177	0.246	1	ME2	c3
0.0256679906569989	-0.201826099874247	0.149	0.215	1	ASB8	c3
0.634809968058288	0.20169967785038	0.095	0.107	1	HDHD2	c3
0.795412317044311	0.201636509705126	0.095	0.102	1	POGLUT1	c3
0.794652291678753	0.2015933285616	0.052	0.056	1	PDF	c3
0.311217603259124	-0.201554345377314	0.03	0.044	1	MFSD9	c3
0.099631438492437	-0.201489281888984	0.195	0.242	1	GRPEL1	c3
0.515728666886017	0.201477529310301	0.104	0.12	1	MCUR1	c3
0.847338180632893	0.201425028975909	0.046	0.049	1	B3GLCT	c3
0.844551440867343	0.201422527152716	0.314	0.332	1	ERGIC2	c3
0.7894674872902	-0.201287354740816	0.034	0.036	1	WDR24	c3
0.172570665516644	-0.201285105880571	0.098	0.127	1	KYAT3	c3
0.0972340696762952	0.201261393639503	0.613	0.601	1	ARL4C	c3
0.557407737227769	0.201129693286024	0.095	0.107	1	ANKFY1	c3
0.996354678050871	0.201115008272121	0.11	0.111	1	ATP13A1	c3
0.386339058584402	0.2010633343568	0.122	0.147	1	CACUL1	c3
0.0867033795226317	-0.201021349743142	0.375	0.443	1	CHMP2A	c3
0.291826490556351	-0.201007686213772	0.055	0.072	1	MUT	c3
0.932802302869457	0.20092535873041	0.168	0.175	1	RAB28	c3
0.422478593700163	-0.200924747065589	0.091	0.107	1	LANCL1	c3
0.0813871266931729	-0.200877948870854	0.317	0.379	1	TRAPPC6A	c3
0.701485956289813	0.200666467876727	0.085	0.095	1	KLHL18	c3
0.0730427014725169	-0.200645773775725	0.113	0.157	1	SPAG9	c3
0.00122229086186704	-0.200640969664097	0.735	0.848	1	TRBC2	c3
0.128094257435115	-0.200503073373917	0.073	0.104	1	GTF3C1	c3
0.0257933585044088	-0.200497354767863	0.332	0.409	1	MAPRE1	c3
0.673964627484873	0.200289060175309	0.03	0.026	1	TRIM16	c3
0.988913470001483	0.200253180671101	0.302	0.327	1	POP5	c3
0.0890297479407159	-0.200017052971807	0.165	0.217	1	TIMM9	c3
0.232204671876483	-0.199952938664142	0.027	0.043	1	FAM102B	c3
0.89630886410891	0.199874595783604	0.104	0.103	1	MED23	c3
0.0665643231699033	-0.199857080823922	0.134	0.187	1	XIAP	c3
0.109729674069763	-0.199787597347007	0.055	0.083	1	ABCC10	c3
0.0209489355256347	-0.199765681738889	0.235	0.312	1	RTF1	c3
0.956539747835379	0.199735552821676	0.024	0.025	1	ACSS2	c3
0.335728830792569	-0.199651637322668	0.024	0.035	1	ATP10A	c3
0.480174423057175	-0.199461627645209	0.034	0.043	1	ZNF395	c3
0.0618454466376222	-0.199407567570267	0.329	0.393	1	NFATC2	c3
0.876982998106022	0.19940268591948	0.162	0.173	1	MIIP	c3
0.000298268378001688	-0.19939478098938	0.799	0.902	1	COX6A1	c3
0.033079227042252	-0.199310958875428	0.198	0.264	1	TMEM183A	c3
0.385100681693692	0.199297446653441	0.043	0.056	1	ARHGAP10	c3
0.479265492372325	0.199206174738717	0.082	0.099	1	ARRDC3	c3
0.88779503003919	0.19919706297991	0.058	0.056	1	PIP5K1C	c3
0.707882207093375	0.199113005274065	0.015	0.012	1	AL357054.4	c3
0.116770130380343	-0.199098983790921	0.213	0.263	1	EMC3	c3
0.0408554091915098	-0.199083584942465	0.497	0.591	1	UFC1	c3
0.0997498482797802	-0.19902767592535	0.165	0.214	1	TMEM14A	c3
0.994680179494633	0.199014432235108	0.049	0.049	1	C14orf93	c3
0.801351813381108	0.198934308033313	0.021	0.024	1	GALNT4	c3
0.0207421665750223	-0.198896510870911	0.256	0.337	1	TMX1	c3
0.660614190838441	-0.198860720634292	0.012	0.016	1	AC022182.1	c3
0.584962216578693	0.198803995652336	0.021	0.017	1	ZNF8	c3
0.160320717867114	-0.198789343618176	0.253	0.301	1	SRRT	c3
0.0595945963907882	-0.198694590808592	0.39	0.458	1	YME1L1	c3
0.793473189017314	0.198680771935344	0.18	0.181	1	COMMD10	c3
0.383880223765604	0.198658861668597	0.015	0.009	1	AC087741.1	c3
0.941455081236059	0.198588527894744	0.262	0.277	1	MT1X	c3
0.312596162046684	0.198561021758761	0.064	0.083	1	GPR89A	c3
0.20860328192817	-0.198551310163696	0.189	0.227	1	SRP68	c3
0.0264231206831886	-0.198529523067428	0.134	0.195	1	RFXANK	c3
0.265874186837438	-0.198444802628167	0.055	0.074	1	BRF1	c3
0.756478125896902	0.198411490591356	0.137	0.133	1	TBRG4	c3
0.856491923021279	0.198385923911229	0.152	0.162	1	RNFT1	c3
0.0935722197984059	-0.198329561437325	0.268	0.332	1	NSMCE1	c3
0.000812680951886578	-0.198276329581841	0.997	1	1	FTH1	c3
0.00374027439228509	-0.198125516570845	0.817	0.874	1	SUB1	c3
0.000447259921209367	0.198110740857524	0.951	0.957	1	COX7C	c3
0.627306519200844	-0.198032093852237	0.009	0.012	1	AC016394.1	c3
0.0317011910236243	0.198029176682374	0.646	0.647	1	KRT10	c3
0.0166615450061817	-0.198019212397192	0.674	0.772	1	UQCRH	c3
0.0491903358436106	0.197956606216039	0.723	0.73	1	UBXN1	c3
0.565713638859948	0.197948303190198	0.107	0.123	1	AVL9	c3
0.372586311878467	-0.197910266362588	0.067	0.083	1	UBE2Q1	c3
0.109425514336029	-0.197839961856532	0.204	0.255	1	SRP54	c3
0.494153175186459	0.197690409018351	0.052	0.043	1	EAF2	c3
0.0336399259239217	-0.197582658882229	0.095	0.145	1	MARCH5	c3
0.309402284901993	-0.197554843254578	0.174	0.198	1	ARMC1	c3
0.0871598233141219	-0.19754817227283	0.125	0.169	1	AGA	c3
0.948497807966048	0.197533189953143	0.101	0.104	1	MDN1	c3
0.0543227844747987	-0.197293212131666	0.021	0.046	1	LSS	c3
0.411116210003669	0.197238438546251	0.521	0.536	1	ANKRD44	c3
0.244032982358175	-0.197152446175351	0.037	0.053	1	TRAV12-2	c3
0.489296042617932	0.197054002514074	0.006	0.01	1	DNAJC25-GNG10	c3
0.369038003218201	-0.197025405112498	0.122	0.143	1	MBD6	c3
0.576707107213235	-0.196941641898316	0.021	0.027	1	TRAV18	c3
0.691715167988695	0.196895247980338	0.244	0.246	1	RETREG2	c3
0.395851242536181	-0.196825022555069	0.055	0.069	1	FAM76A	c3
0.636869422164567	-0.196783211035027	0.046	0.052	1	EXD3	c3
0.0555235553074323	-0.196746210941233	0.128	0.178	1	PICALM	c3
0.0136110194616864	-0.196678441314242	0.607	0.688	1	ATP5MF	c3
0.090423781768364	-0.196463122408997	0.079	0.117	1	HLTF	c3
0.840305491918238	-0.196436452637807	0.009	0.01	1	LRRC20	c3
0.843960337379503	0.196430191162418	0.073	0.078	1	MSH6	c3
0.819267209516107	0.196328338080705	0.049	0.046	1	PEX7	c3
0.843875604853261	0.196227440094251	0.061	0.058	1	RBM12B	c3
0.971773930107458	0.196205483317125	0.012	0.012	1	KCTD21	c3
0.072182965148582	-0.196197009722455	0.189	0.243	1	CCDC90B	c3
0.40730784018939	-0.196184670951913	0.037	0.048	1	ELAC1	c3
0.281802341278639	-0.196136760797844	0.104	0.128	1	VPS39	c3
0.874231847650362	0.196021986666725	0.268	0.284	1	METAP2	c3
0.338864797172174	-0.196021647674028	0.006	0.012	1	NATD1	c3
0.424316273322294	0.195998147662395	0.098	0.117	1	XPO6	c3
0.111527339586128	-0.195955278014807	0.284	0.338	1	MPG	c3
0.854338401645872	0.195924130081105	0.085	0.083	1	NAA35	c3
0.742115041226717	0.195916422493627	0.345	0.345	1	TSPYL2	c3
0.120087198280647	-0.19583579949618	0.18	0.225	1	KATNBL1	c3
0.758925086689575	0.195806649627356	0.189	0.186	1	SMIM27	c3
0.789293856435951	0.195747200563392	0.058	0.063	1	SLC25A17	c3
0.263917335285363	-0.195735529933634	0.104	0.129	1	METTL15	c3
0.661372518443444	0.195709240620233	0.177	0.172	1	RPRD2	c3
0.607172027941699	-0.195652173541787	0.052	0.059	1	RIDA	c3
0.0132020381938256	-0.19558748485195	0.265	0.361	1	RNASEH2B	c3
0.914935974722051	0.195522103291485	0.012	0.011	1	RFX2	c3
0.1836455702992	-0.195506644801058	0.198	0.237	1	ZNF217	c3
0.0492874355435916	-0.195506590778756	0.122	0.173	1	MYNN	c3
0.743013191751948	0.195450401992032	0.018	0.016	1	ZEB1-AS1	c3
0.476838872586472	0.195379845438939	0.137	0.124	1	PMM2	c3
0.180306181896028	-0.195338573020766	0.223	0.27	1	H2AFJ	c3
0.746119054620067	-0.195231284750716	0.037	0.041	1	ZNF25	c3
0.0198858683261554	-0.195229844447184	0.305	0.399	1	RAB8B	c3
0.309111814187155	-0.195146633051696	0.21	0.242	1	SLU7	c3
0.227765389422697	-0.195077962208183	0.119	0.147	1	C6orf136	c3
0.818239605314857	0.194927352642211	0.073	0.079	1	CREG1	c3
0.0716888660141313	-0.194888896221334	0.378	0.44	1	PRKACB	c3
0.0598518659992176	-0.194807496996295	0.171	0.226	1	CLPTM1	c3
0.00697526868937592	0.194710171208556	0.884	0.883	1	GPSM3	c3
0.128076035553655	-0.19467045589483	0.055	0.082	1	GNS	c3
0.0358694147531055	0.194624066096688	0.598	0.552	1	UCP2	c3
0.230509414570368	-0.194567155921514	0.061	0.083	1	CDC23	c3
0.370305966988334	0.19455964845786	0.521	0.544	1	POLR1D	c3
0.191249352113973	-0.194466079749625	0.113	0.144	1	CRELD1	c3
0.996127130875379	0.194154673944671	0.11	0.113	1	STAT2	c3
0.0369075554195877	-0.194086066813686	0.415	0.493	1	SNRPB2	c3
0.616882665619083	0.194072888238344	0.162	0.152	1	ABHD16A	c3
0.808364294107545	0.19393581616297	0.186	0.201	1	SEL1L	c3
0.759354132364827	0.193871378547406	0.119	0.114	1	MAPK8IP3	c3
0.757204320803499	0.193870356864542	0.027	0.031	1	ZNF486	c3
0.0257971655812222	-0.193864837381826	0.421	0.52	1	PSMA6	c3
0.107316104479263	-0.193835736436073	0.195	0.243	1	NGLY1	c3
0.0303954840503289	-0.193828075185873	0.329	0.408	1	RAB14	c3
0.22876565707469	-0.193792741662873	0.137	0.169	1	UPF3B	c3
0.279007790012999	-0.193727379000937	0.204	0.234	1	B3GNT2	c3
0.913338829661713	0.19362632223554	0.079	0.082	1	ACTA2	c3
0.465341236544696	0.193500189389084	0.546	0.582	1	ATP5PD	c3
0.189157232033885	0.193478842760273	0.509	0.521	1	SRSF10	c3
0.00425422264132311	-0.193467784457733	0.649	0.763	1	MORF4L1	c3
0.117952757920241	-0.193465964464175	0.07	0.101	1	DCLRE1C	c3
0.0482643449904782	-0.193444526666853	0.168	0.225	1	PPA2	c3
0.811175074296372	0.19340604523007	0.134	0.145	1	PWWP2A	c3
0.0993673480090452	-0.193292429126315	0.192	0.24	1	TMEM43	c3
0.487770095245293	-0.193276860762168	0.024	0.032	1	HCG11	c3
0.0136054236141782	-0.193213747976029	0.177	0.258	1	ZFAND3	c3
0.171909476621093	-0.193131944607203	0.052	0.075	1	CCDC6	c3
0.732021878842936	0.193061369240404	0.021	0.025	1	TTLL4	c3
0.0741288664811064	-0.192962968821407	0.415	0.492	1	SEC11A	c3
0.0837432164243765	-0.192889580958462	0.095	0.134	1	DNAJC10	c3
0.475499281489477	0.192822481722401	0.418	0.409	1	PHYKPL	c3
0.44294185311368	-0.192629679854261	0.073	0.087	1	WDR73	c3
0.0512740594147021	0.192605123411025	0.701	0.714	1	UXT	c3
0.994644732077765	-0.192593519719271	0.027	0.027	1	AP002884.1	c3
0.755820484443077	0.192508425961406	0.073	0.08	1	RCL1	c3
0.725813530807816	-0.192505948539064	0.009	0.011	1	AL139011.1	c3
0.0257414924262626	-0.19239474543838	0.189	0.262	1	RAB5A	c3
0.698000564851658	0.192382956782993	0.03	0.035	1	DHTKD1	c3
0.152584288014597	-0.192368249520316	0.067	0.095	1	KDM1A	c3
0.569653276248991	-0.192291024091245	0.049	0.057	1	MICALL1	c3
0.129406886378253	-0.192214826751917	0.03	0.051	1	SLC9A6	c3
0.0165913130311367	-0.192176053475643	0.223	0.307	1	IER3IP1	c3
0.976903604245533	0.192146651811493	0.122	0.123	1	SP4	c3
0.456264672517673	-0.192138019886712	0.149	0.165	1	PEX11B	c3
0.504653167383787	0.192130714204959	0.22	0.213	1	GLRX	c3
0.410131346988422	-0.192029919603022	0.021	0.03	1	ZCWPW1	c3
0.264747225099168	-0.191928935950525	0.091	0.117	1	ATAD2B	c3
0.0125974079348037	-0.191868283319111	0.588	0.681	1	FYN	c3
0.88470230914427	0.191862449894598	0.314	0.33	1	OGFR	c3
0.537586368781632	0.191822649537384	0.369	0.367	1	SNRPE	c3
0.811191646193617	0.191791144310405	0.146	0.159	1	HEBP2	c3
0.706506338163191	0.191789616560258	0.03	0.035	1	EARS2	c3
0.596131763753988	0.191726185990544	0.433	0.447	1	AAK1	c3
0.110192313766844	-0.191722898708145	0.085	0.12	1	TOR1B	c3
0.00353045677947525	-0.191675625122683	0.701	0.789	1	KRTCAP2	c3
0.132562470852367	-0.191627711336117	0.101	0.134	1	BSCL2	c3
0.690617172440253	0.19161134893411	0.253	0.255	1	OSGEP	c3
0.772961402753586	0.191577275798202	0.311	0.329	1	BAG6	c3
0.817670527905598	0.191540155950531	0.143	0.152	1	NAA15	c3
0.00100830574476161	-0.191420288978422	0.893	0.933	1	HMGB1	c3
0.683225473533378	0.19139780716056	0.067	0.074	1	COPG2	c3
0.902424722183948	0.191373869817841	0.034	0.032	1	ZNF248	c3
0.970804284444651	0.191325071611543	0.198	0.206	1	CCNC	c3
0.406282520168829	0.191298414919641	0.183	0.166	1	R3HDM2	c3
0.401620398413015	-0.191227986475267	0.076	0.093	1	HIRIP3	c3
0.670697747590252	0.191184989141795	0.25	0.251	1	ASAH1	c3
0.958140736913088	0.191184138172496	0.122	0.125	1	COMMD9	c3
0.117826283406709	-0.191128995980589	0.39	0.47	1	HMGB2	c3
0.111849415027178	-0.191030960585806	0.098	0.134	1	ZDHHC20	c3
0.210234816167425	0.19087252671814	0.521	0.527	1	ZNF706	c3
0.274155574543426	-0.190829202063453	0.149	0.177	1	SHC1	c3
0.444688398473585	-0.190789640410636	0.027	0.036	1	GBE1	c3
0.356885695859602	-0.190726670148741	0.034	0.046	1	SASS6	c3
0.878643823433994	0.190517079796261	0.177	0.194	1	AKAP8L	c3
0.776985946925876	0.190429479349119	0.058	0.063	1	TMEM206	c3
0.155646052451308	-0.19042113324431	0.28	0.332	1	TES	c3
0.121944252818002	-0.190376813229048	0.064	0.093	1	LTB4R2	c3
0.781082299760477	-0.190318095365956	0.021	0.024	1	NLRP2	c3
0.099173909166136	-0.190308636946337	0.113	0.153	1	ADIPOR2	c3
0.459475072298965	0.190300778596048	0.162	0.186	1	ARIH1	c3
0.41367630693126	0.190258963354718	0.21	0.196	1	TENT2	c3
0.353630690941958	-0.190243601001519	0.043	0.055	1	DNAAF5	c3
0.1835711046067	0.190184786399898	0.634	0.623	1	SIGIRR	c3
0.0282583727618433	-0.190113699714247	0.207	0.283	1	POLR2A	c3
0.178446810814413	-0.190103825849324	0.107	0.139	1	MAP1S	c3
0.99818658974651	0.190032075917939	0.061	0.061	1	CHCHD4	c3
0.861546042704233	0.189990043171325	0.119	0.126	1	CHPT1	c3
0.16376312118443	-0.189795805028489	0.104	0.135	1	HMG20A	c3
0.88689936540367	0.189780122375486	0.085	0.084	1	C8orf33	c3
0.354278603098701	0.18969257447565	0.018	0.011	1	SYDE2	c3
0.586905076738651	0.189565261789302	0.155	0.176	1	VTI1A	c3
0.962243309486491	-0.189550702604932	0.052	0.052	1	FAM234A	c3
0.254253545907513	-0.189429055170867	0.11	0.136	1	TMEM33	c3
0.241123736762337	0.189323227153863	0.305	0.273	1	PDE3B	c3
0.661597190496007	0.189313549683923	0.198	0.226	1	ARL8B	c3
0.484942571127512	0.189299850929597	0.091	0.109	1	FBXO28	c3
0.587276645757018	0.189223117151245	0.125	0.114	1	TRDMT1	c3
0.21408902715707	-0.189162416315553	0.085	0.111	1	NCOR2	c3
0.702206566451385	0.189111999897346	0.207	0.203	1	HMCES	c3
0.574518855372551	0.189108756452422	0.027	0.022	1	CAMKK1	c3
0.926065888967306	0.18909549012248	0.043	0.042	1	CDC34	c3
0.0503639763750594	-0.189036294559148	0.265	0.339	1	AATF	c3
0.0357236729015196	-0.188944735731029	0.128	0.182	1	TAPBPL	c3
0.0222002030548763	-0.188863892075318	0.241	0.328	1	GIT2	c3
0.844187831009217	0.188853274965857	0.009	0.01	1	AC009237.14	c3
0.608313137524613	0.188795544887583	0.015	0.02	1	TBCE	c3
0.0287721453813043	-0.188742559477559	0.473	0.562	1	TSC22D4	c3
0.985213808000352	0.188729405927023	0.195	0.203	1	MRPL50	c3
0.659544109839455	0.188646157970022	0.082	0.075	1	CLUAP1	c3
0.978086829655097	0.188641707481663	0.04	0.04	1	ZNF329	c3
0.468516233878895	-0.188489343697457	0.082	0.096	1	POLL	c3
0.165145103527911	-0.18846464939744	0.104	0.136	1	MAPK14	c3
2.22941083619665e-06	-0.188458452391426	0.994	1	0.0295263171145885	RPLP0	c3
0.0862589949055447	-0.188423795612493	0.299	0.369	1	NMRK1	c3
0.0708137406923929	-0.188401269560575	0.125	0.174	1	TPD52L2	c3
0.619260967463398	0.188345290830428	0.024	0.02	1	UBE2E2	c3
0.996347358407519	0.188284348070193	0.04	0.04	1	RIMKLB	c3
0.0663703838162241	0.188231178395598	0.61	0.586	1	PRDX2	c3
0.212966089956128	0.188158993771082	0.424	0.415	1	CLPP	c3
0.443616493576063	-0.188056897024065	0.037	0.047	1	LCORL	c3
0.0646251467921526	-0.188049581977694	0.21	0.273	1	TP53I13	c3
0.531094952268159	0.187993680138309	0.14	0.161	1	NADSYN1	c3
0.950852603432919	0.187973516368841	0.021	0.021	1	AP006621.3	c3
0.00227921593696998	-0.187946615457796	0.649	0.743	1	WIPF1	c3
0.0701070103195047	-0.187944453423626	0.073	0.11	1	GTF3C5	c3
0.00065750511110675	0.187866319790008	0.915	0.921	1	UQCRB	c3
0.0795542395545053	-0.187863974592551	0.244	0.306	1	ATIC	c3
0.019553580997497	-0.187799512491453	0.54	0.647	1	ATP5PF	c3
0.161748198104337	-0.187713832039448	0.04	0.061	1	PXMP4	c3
0.592362805813597	-0.187695195591775	0.024	0.03	1	AP002360.1	c3
0.867798976201784	0.187527456769415	0.079	0.078	1	PGGT1B	c3
0.201735666524189	-0.187447508884789	0.018	0.032	1	NKIRAS1	c3
0.0869164880847005	-0.187355760081143	0.479	0.561	1	ATP5ME	c3
0.141474302875975	-0.187326209990882	0.098	0.131	1	WIPF2	c3
0.884427974913994	0.187237875674247	0.024	0.026	1	ZBTB37	c3
0.903840783669283	0.187230106369611	0.043	0.045	1	ARSK	c3
0.0506881244484359	-0.187208836700668	0.183	0.245	1	FARSA	c3
0.367604063871771	-0.187158448586793	0.021	0.031	1	AC091271.1	c3
0.400198214294874	0.187084575849119	0.079	0.098	1	FBXL12	c3
0.249139668590527	0.186965918189328	0.396	0.366	1	ATP5MC1	c3
0.314941226595563	-0.186961989085789	0.088	0.109	1	PEX13	c3
0.468539305651182	-0.18679441653481	0.015	0.022	1	SLAIN1	c3
0.380020499094461	-0.186753470616063	0.03	0.042	1	SLC16A1-AS1	c3
0.850131798865765	0.186537451324816	0.235	0.236	1	TNFRSF4	c3
0.303874709936798	0.186426908810095	0.088	0.113	1	SENP5	c3
0.721837391991301	0.186297580584855	0.055	0.05	1	CEP19	c3
0.269547337418104	-0.18626895062947	0.076	0.098	1	WASHC5	c3
0.0489634607097216	0.186171244745537	0.71	0.686	1	SNHG8	c3
0.165469103267532	-0.186094837728302	0.229	0.272	1	ERICH1	c3
0.844187831009217	-0.186052505603683	0.009	0.01	1	ZFPM1	c3
0.0716018226664077	-0.186045185850881	0.238	0.305	1	ARHGAP25	c3
0.0102272232909484	0.185900318666991	0.753	0.73	1	CNN2	c3
0.680121684492798	0.18589629929081	0.216	0.242	1	TTC19	c3
0.877790537162613	0.185786627876275	0.061	0.063	1	BEST1	c3
0.654896228837142	0.185752082581094	0.034	0.04	1	ZNF85	c3
0.838814069100553	0.185671393222927	0.357	0.393	1	LBR	c3
0.0721862967874992	-0.185624203358759	0.345	0.414	1	CEBPB	c3
0.252403482359432	-0.18557527554798	0.088	0.112	1	DHX8	c3
0.0332748226521994	-0.185352921846657	0.418	0.504	1	DNAJC8	c3
0.157122291587045	-0.185299109968054	0.146	0.183	1	RINL	c3
0.505437506984048	0.185163842876138	0.034	0.043	1	WRN	c3
0.964714988267648	0.184910029648358	0.027	0.028	1	KANTR	c3
0.277216885527436	-0.184882443293874	0.07	0.092	1	HMBOX1	c3
0.919543426668719	0.184733054246204	0.091	0.095	1	UBE4B	c3
0.057926819422621	-0.18473266792836	0.393	0.471	1	ARF4	c3
0.0639406107051337	-0.184693416018135	0.256	0.319	1	AP1M1	c3
0.939511412649126	0.184531612798858	0.091	0.095	1	MANEA	c3
0.766035736442002	0.184509826237109	0.098	0.106	1	SLC25A37	c3
0.563806225871274	0.184487487768813	0.409	0.403	1	AKIRIN1	c3
0.840099338478713	0.184352440587375	0.018	0.017	1	KLHDC8B	c3
0.000333534742293069	0.184292645980436	0.973	0.982	1	RPS11	c3
0.288957757402431	0.184266722670785	0.128	0.157	1	CSGALNACT2	c3
0.231088632079673	-0.184265769877559	0.015	0.027	1	COL6A1	c3
0.705213566133732	0.184257145604806	0.061	0.069	1	LRWD1	c3
0.528710229534631	0.184205268577134	0.363	0.368	1	PDCD2	c3
0.0298776900947178	-0.184063540992201	0.131	0.19	1	SUCLA2	c3
0.00797194653864566	-0.184036967639819	0.162	0.237	1	MYO9B	c3
0.853642592340576	0.18400986797907	0.36	0.392	1	RNF139	c3
0.16308218081697	-0.183938978922848	0.061	0.086	1	SAMD8	c3
0.783965928589968	0.183926304263653	0.04	0.036	1	CCDC86	c3
0.215483498632782	-0.183869236493475	0.049	0.07	1	ERCC6	c3
0.0431471930027463	-0.183811481625456	0.256	0.331	1	INTS11	c3
0.667109411285632	0.183705844461183	0.034	0.04	1	VAMP1	c3
0.518897220526428	0.183680270989187	0.213	0.203	1	ZNF862	c3
0.869652030848959	0.183521199567552	0.128	0.128	1	CPSF2	c3
0.875904972811998	0.183502347372262	0.134	0.14	1	NOL12	c3
0.945779845117826	0.183479188352779	0.128	0.13	1	FASTKD2	c3
0.898767284926326	0.183366830193166	0.186	0.188	1	TARDBP	c3
0.728098079963189	0.183364933550338	0.082	0.077	1	MCM7	c3
0.989169629138699	0.183284143987372	0.165	0.17	1	MRPS18A	c3
0.101372411997648	-0.183266475489022	0.549	0.599	1	PRKCH	c3
0.448399718261421	-0.183254310649249	0.098	0.114	1	CEP63	c3
0.118415162974397	-0.183240169535907	0.107	0.145	1	METTL14	c3
0.835269516560769	0.183212787123009	0.152	0.15	1	SMG7	c3
0.890430457506679	0.183193883846983	0.034	0.035	1	PIDD1	c3
0.954054462915189	0.183052752577533	0.034	0.034	1	C14orf28	c3
0.974738950987425	0.182957905607764	0.192	0.204	1	TXNDC9	c3
0.0308266087428023	-0.182923160597397	0.567	0.66	1	SH3BGRL	c3
0.00853211049903989	-0.182862954509314	0.43	0.548	1	MEAF6	c3
0.727968464633575	-0.182860749140283	0.009	0.011	1	FAAP24	c3
0.0367029889055004	-0.182779301953704	0.168	0.237	1	RANGRF	c3
0.177255724715662	-0.18272954579143	0.232	0.283	1	AK2	c3
0.0359213938336099	-0.182599739278055	0.143	0.201	1	KPNA3	c3
0.0424548753671212	-0.182514065886917	0.122	0.175	1	TARSL2	c3
0.0388913497550499	-0.182497518603259	0.232	0.305	1	PSMB7	c3
0.485943015603729	-0.182446992803091	0.052	0.062	1	PDE6B	c3
0.940741996276615	0.18243678206894	0.445	0.484	1	FLI1	c3
0.0182794231015507	-0.182372978656257	0.662	0.742	1	RBM3	c3
0.145284527492485	-0.182085331578816	0.226	0.267	1	DAZAP1	c3
0.962544774153503	0.182050005109466	0.204	0.213	1	RBM5	c3
0.0628708753786283	-0.182040559603944	0.107	0.152	1	FBXO42	c3
0.690092959438667	0.18193049264465	0.171	0.165	1	EI24	c3
0.995520510029005	0.181922083878475	0.168	0.174	1	PURA	c3
0.660486038847297	0.181847488104133	0.128	0.121	1	APPBP2	c3
0.781321283063275	-0.181807255849726	0.018	0.021	1	FUT10	c3
0.0213604127347172	-0.181727594950177	0.351	0.435	1	SERINC3	c3
0.933863311768162	0.181678495984973	0.052	0.051	1	HAUS8	c3
0.287287132241119	0.181593655575988	0.537	0.534	1	MBP	c3
0.844964756435398	0.181573021556991	0.009	0.01	1	OSBPL11	c3
0.898367414875427	0.181566609779699	0.07	0.073	1	RUBCN	c3
0.0596806036451102	-0.181528149425541	0.262	0.334	1	SNRNP40	c3
0.172487792404163	-0.181518971093648	0.009	0.021	1	EXO5	c3
0.693555366875719	0.181470481400253	0.375	0.388	1	PIAS1	c3
0.409344821338583	-0.181380726701654	0.082	0.098	1	TMEM41A	c3
0.0590917233909125	-0.181212544795468	0.171	0.227	1	PAF1	c3
0.784672259719129	-0.181209765936401	0.076	0.08	1	MAML1	c3
0.0346864682103152	-0.181178715405451	0.207	0.278	1	TPGS1	c3
0.580058482833293	-0.181143427297611	0.012	0.017	1	RTN4R	c3
0.639065312843177	0.18112736710593	0.293	0.292	1	TM2D3	c3
0.0928564303295788	-0.181103624990407	0.119	0.162	1	MED27	c3
0.171515432909674	-0.181073941482638	0.079	0.106	1	TRAF2	c3
0.912932050118261	-0.181051608171568	0.03	0.029	1	TRBV11-3	c3
0.283189889898358	-0.181033454657709	0.07	0.091	1	PTPRN2	c3
0.124054226034947	-0.180971340408729	0.095	0.128	1	EXOC6	c3
0.274128664154122	-0.180920142402597	0.11	0.135	1	SNX4	c3
0.952827537090536	-0.180878853203699	0.543	0.52	1	CD40LG	c3
0.718070006707027	0.180876337796396	0.259	0.283	1	API5	c3
0.838901689737789	0.180861435811642	0.189	0.191	1	RRN3	c3
0.737436774702449	0.180846834249159	0.229	0.25	1	SMNDC1	c3
0.79280797756467	0.180743294149169	0.012	0.01	1	SCOC-AS1	c3
0.503532744750437	0.180691827612952	0.107	0.095	1	USP38	c3
0.615370919223733	-0.18062071543367	0.018	0.023	1	AC012360.3	c3
0.88957657479823	0.180605256923316	0.034	0.035	1	IZUMO4	c3
0.165636884944945	-0.180559162756998	0.143	0.18	1	PSPC1	c3
0.0224632369163783	0.180458476888251	0.942	0.943	1	CD37	c3
0.258666353937121	-0.180382395489441	0.085	0.108	1	C2CD5	c3
0.651481294002437	-0.180274838736679	0.024	0.029	1	CASZ1	c3
0.783488523431478	0.180203016697933	0.018	0.021	1	RASD1	c3
0.454786095486592	-0.180147475829544	0.021	0.029	1	CFAP54	c3
0.680422763604623	-0.180093621735314	0.034	0.039	1	P3H4	c3
0.13279678882753	-0.180068799832736	0.366	0.414	1	RTF2	c3
0.666441010044502	-0.180062970380978	0.064	0.072	1	TRAV4	c3
0.548035353095273	-0.179966712771697	0.027	0.034	1	CCDC28B	c3
0.775508120903374	0.179822825708778	0.082	0.088	1	LIN37	c3
0.87583035014117	0.179816439361766	0.11	0.117	1	PCYT2	c3
0.991801285668363	0.17969935118175	0.213	0.225	1	ZBTB1	c3
0.829472919077864	0.179645912030578	0.082	0.088	1	TMEM250	c3
0.839817852297072	0.179519421082032	0.159	0.168	1	FARSB	c3
0.30645051386269	0.179421537037038	0.439	0.431	1	EMC4	c3
0.121940951555051	-0.179375282533051	0.186	0.232	1	PTRHD1	c3
0.444574026545064	0.179351538882583	0.427	0.427	1	EIF1AX	c3
0.949839360626908	0.179333247149722	0.195	0.201	1	NAMPT	c3
0.649484843832494	0.179323248362154	0.378	0.388	1	FNTA	c3
0.891928580004885	0.179219853923476	0.085	0.089	1	YIPF1	c3
0.791147161176326	0.179161651243339	0.043	0.04	1	MBTPS2	c3
0.00520743704201393	0.179029284389711	0.878	0.857	1	CYTIP	c3
0.42245720646409	-0.178977664444675	0.085	0.101	1	MYSM1	c3
0.0683496636125682	-0.178937107041143	0.436	0.511	1	CLK1	c3
4.40622395441003e-05	-0.178899256774138	0.982	0.991	0.583560300522064	MT-ND5	c3
0.0549983935629647	-0.178896322073811	0.216	0.28	1	COMT	c3
0.0709458258434254	-0.178765498215142	0.448	0.516	1	PRDX6	c3
0.364878965065035	0.178639580234083	0.034	0.046	1	HPSE	c3
0.00973288346495372	0.178571583359306	0.994	0.996	1	TMSB10	c3
0.187921992003584	-0.178515936769494	0.021	0.036	1	USP13	c3
0.656018765650414	0.178382571541872	0.098	0.109	1	UBE2H	c3
0.00596660286991003	-0.17810164736421	0.774	0.853	1	NDUFA4	c3
0.74474873535677	0.178015980861069	0.155	0.171	1	ZNF33A	c3
0.824575907407666	-0.177921702097739	0.058	0.06	1	AC008555.5	c3
0.914744236184372	0.177917559920413	0.152	0.154	1	CAAP1	c3
0.00463589876365128	-0.177912507477498	0.881	0.933	1	CHCHD2	c3
0.769454643650835	0.177828735464935	0.189	0.205	1	SNAPC5	c3
0.11914493184206	-0.177828138478284	0.076	0.108	1	CTDNEP1	c3
0.0138508396344135	-0.177824721559111	0.552	0.648	1	SF3B2	c3
0.396697650367933	-0.177756440867654	0.034	0.045	1	ZNF337	c3
0.719149127284924	0.177573463257446	0.082	0.092	1	VPS45	c3
0.128311449420397	-0.177539500279814	0.216	0.266	1	GNG10	c3
0.194908909597232	-0.177501086927829	0.137	0.171	1	ZRSR2	c3
0.52859929735933	0.177233026563096	0.299	0.296	1	MED30	c3
0.0307002719902261	-0.177225987857743	0.244	0.323	1	TROVE2	c3
0.0163414549262643	-0.177116566892565	0.695	0.806	1	HIGD2A	c3
0.764637787197625	0.177083780774483	0.232	0.246	1	CTCF	c3
0.868712179227207	-0.177062213470603	0.046	0.048	1	MYO1C	c3
0.128339714566661	-0.177046520800832	0.149	0.189	1	NOL8	c3
0.0600804047780932	-0.176961488367054	0.393	0.466	1	WTAP	c3
0.709010479664942	-0.176950195619654	0.021	0.025	1	AC108134.3	c3
0.410757193747057	0.176896691459744	0.409	0.404	1	MVP	c3
0.034635235853204	-0.176870425922471	0.073	0.118	1	C20orf204	c3
0.49662610449127	-0.176850807514168	0.018	0.025	1	CACFD1	c3
0.159961277678124	-0.176824992074317	0.027	0.046	1	SCAMP1-AS1	c3
0.150432099218084	-0.176761181705262	0.21	0.258	1	PSMC2	c3
0.625340313122439	-0.176712594168372	0.009	0.012	1	SEMA6C	c3
0.669582926598982	0.176640940222641	0.012	0.016	1	UBTD2	c3
0.0339526081325529	-0.176483088741207	0.238	0.314	1	PSMC1	c3
0.242446435591226	0.176282427313902	0.055	0.076	1	ANKMY1	c3
0.070803294326201	-0.176244765636866	0.329	0.393	1	TCP1	c3
0.54175998367281	0.176118002596708	0.396	0.408	1	WNK1	c3
0.414379939828034	0.176052324981744	0.213	0.195	1	SGF29	c3
0.797288759673467	0.176037635437161	0.159	0.156	1	ESF1	c3
0.664195929252601	0.175994775646358	0.012	0.016	1	ZHX3	c3
0.836715360882122	0.175983303324242	0.189	0.193	1	RAPGEF6	c3
0.798492042815699	0.175722868733112	0.253	0.258	1	AKR1A1	c3
0.996646549429452	0.175694879407459	0.177	0.185	1	FGD5-AS1	c3
0.217761412759605	-0.17564705836468	0.037	0.054	1	ZADH2	c3
0.551519454700177	-0.175588351485866	0.061	0.071	1	LINC01003	c3
0.595730565535008	0.175583247161321	0.25	0.241	1	MRPS35	c3
0.00142047179652666	-0.175250760437488	0.835	0.924	1	TMBIM6	c3
0.111922516852534	-0.175057061390809	0.088	0.122	1	NQO2	c3
0.281368646204385	-0.174943177687956	0.125	0.151	1	GSS	c3
0.767309091959331	0.174862271709205	0.098	0.093	1	HSCB	c3
0.164713380814355	-0.174685905222251	0.128	0.165	1	MAGT1	c3
0.274366079108207	-0.174614661839708	0.104	0.128	1	ZNF664	c3
0.218317679355962	-0.1746130126278	0.07	0.094	1	WBP1L	c3
0.187477986750223	-0.174559976715484	0.024	0.041	1	ZNRF2	c3
0.204798420805825	0.174523088094809	0.067	0.092	1	ABCD2	c3
0.0130108468320618	-0.174506054739438	0.558	0.663	1	WDR83OS	c3
0.686650185677066	-0.1744974768981	0.037	0.042	1	ZNF562	c3
3.90420723230446e-05	0.174488851633289	0.988	0.993	0.517073205846402	EEF2	c3
0.087073766580494	-0.174424486072131	0.409	0.472	1	POLR2E	c3
0.158588304841608	-0.174420486483229	0.113	0.147	1	QDPR	c3
0.984005438450174	0.174413993561274	0.247	0.259	1	QRICH1	c3
0.460518219628325	0.174401245679245	0.085	0.103	1	TRAF6	c3
0.560149278014881	0.174295391132533	0.058	0.069	1	MAST4	c3
0.0212475453245515	0.174290537771915	0.784	0.777	1	RGS10	c3
0.411501022778834	-0.174183745426239	0.021	0.03	1	MORN2	c3
0.702856324462736	0.174025493193531	0.226	0.246	1	EPN1	c3
0.0475261145037063	-0.173910621833877	0.549	0.649	1	JTB	c3
0.977619285869322	0.173902658544732	0.104	0.104	1	C12orf29	c3
0.465880174705292	0.173894740894229	0.195	0.232	1	GON4L	c3
0.252321448718983	-0.17378959869865	0.131	0.16	1	COP1	c3
0.330546572076593	-0.173736279733526	0.037	0.05	1	XRCC4	c3
0.540952420797683	0.173630773655611	0.009	0.014	1	SH3BP5-AS1	c3
0.0109026386371585	-0.173628237990251	0.646	0.746	1	TMEM59	c3
0.959886908594995	0.173509625268143	0.155	0.159	1	PPP1R21	c3
0.980704885384583	0.173501277509831	0.076	0.077	1	C12orf73	c3
0.0813746082004069	-0.173493544210035	0.226	0.287	1	PLCG1	c3
0.699674971302128	0.173432678663849	0.061	0.055	1	RAB3A	c3
0.814803571906491	0.172980416641154	0.186	0.197	1	TRIM14	c3
0.0408341735653528	-0.17295021228456	0.268	0.345	1	IQGAP2	c3
0.872410612373117	0.172876337868782	0.125	0.131	1	MRPL58	c3
0.0139396869860498	-0.172826803398403	0.25	0.343	1	GTF2F1	c3
0.067015719833893	-0.172789577246356	0.226	0.285	1	TMEM134	c3
0.969631176924612	0.172717623884594	0.012	0.012	1	AP002026.1	c3
0.858746919292711	0.172714044234041	0.375	0.396	1	SUSD3	c3
0.127149549841781	-0.172615429821617	0.043	0.067	1	EPG5	c3
0.0162504473915273	-0.17259367339804	0.503	0.592	1	PSMB3	c3
0.466996096498123	-0.172577245760658	0.043	0.053	1	C17orf80	c3
0.299560775910439	-0.172415550978489	0.052	0.07	1	C5orf22	c3
0.64183012033636	0.172257703941204	0.073	0.066	1	SFXN4	c3
0.341435767298287	-0.172183313322197	0.095	0.114	1	VIRMA	c3
0.0757496268097463	-0.172119062650389	0.119	0.163	1	ALG5	c3
0.152137524440166	-0.172115371282172	0.04	0.061	1	IPO13	c3
0.422023694078882	-0.171885890168075	0.064	0.078	1	LRRC40	c3
0.660840571892959	-0.17184643844607	0.076	0.083	1	MED24	c3
0.478698031617607	0.171809220686496	0.335	0.332	1	C14orf119	c3
0.841081652214525	-0.17179797368933	0.009	0.01	1	SPATA6	c3
0.683818398706573	0.171739776775674	0.195	0.188	1	INPP5K	c3
0.615064969068523	0.171729126854615	0.253	0.248	1	NCBP2	c3
0.732509014669963	0.171712520205078	0.021	0.025	1	CDC14B	c3
0.893031720995983	0.171681275876248	0.085	0.089	1	SLC39A4	c3
0.295043017240062	-0.171657577759099	0.07	0.091	1	JMJD8	c3
0.910354927860998	0.171572335266482	0.101	0.104	1	ZNF138	c3
0.636822712994034	-0.171530775301497	0.037	0.043	1	IFT88	c3
0.811147909486177	0.171490831699467	0.119	0.128	1	BANP	c3
0.0604284944717225	-0.171478433480438	0.22	0.286	1	TIPRL	c3
0.883195492651731	0.171348658368252	0.11	0.116	1	ZSCAN16-AS1	c3
0.305980109549681	-0.171288991843178	0.061	0.079	1	XPO7	c3
0.714983950799182	0.171264234461107	0.262	0.267	1	MRPL16	c3
0.562139416567433	0.17125721271227	0.076	0.088	1	CDK5RAP2	c3
0.335331338971636	-0.171212476631473	0.061	0.078	1	CTBP1-DT	c3
0.277540734209932	-0.17120864846692	0.03	0.045	1	TUT1	c3
0.413045140074492	-0.171191574563831	0.021	0.03	1	IQCE	c3
0.365185057123035	-0.171186808438912	0.076	0.093	1	CNP	c3
0.187723767843516	-0.17110903895912	0.229	0.274	1	STX10	c3
0.155956685356086	-0.171014430545212	0.061	0.087	1	IPO8	c3
0.957172537433587	0.170969367781871	0.271	0.283	1	MRPS15	c3
0.628163263128217	0.17094137260666	0.549	0.578	1	CCNL1	c3
0.0661069922439671	-0.170916619409132	0.326	0.398	1	PTDSS1	c3
0.269953255861222	-0.170876909046861	0.137	0.166	1	ATP2B1-AS1	c3
0.0507563141431578	-0.170823117168668	0.262	0.343	1	MRPS36	c3
0.66769324716632	-0.170808565879607	0.055	0.061	1	PPRC1	c3
0.386079064887195	0.170719745392671	0.387	0.375	1	TNRC6B	c3
0.928787375813364	0.170689465283519	0.143	0.15	1	CRKL	c3
0.0722666641269124	-0.170674818613673	0.241	0.307	1	SMARCB1	c3
0.0510807634870911	-0.170637146876712	0.143	0.197	1	MRPS11	c3
0.519758962584341	0.170612767077392	0.058	0.069	1	TRMT1L	c3
0.0472251774939952	-0.170420858147468	0.488	0.566	1	RAD23A	c3
0.672155209232898	0.170371439230992	0.11	0.101	1	PRIM1	c3
0.822599159039317	0.17036382381409	0.03	0.028	1	AC006504.5	c3
0.401235307624494	-0.170275702598075	0.055	0.069	1	SLC43A1	c3
0.561628400543991	0.170242307039456	0.058	0.068	1	TMEM238	c3
0.629471844479564	0.170209117823687	0.088	0.1	1	CHM	c3
0.143122907066433	-0.169861595883602	0.03	0.051	1	EFCAB7	c3
0.825333960712731	0.16982901091148	0.204	0.215	1	PUM1	c3
0.265174066044516	-0.169801924016063	0.04	0.056	1	ZNF28	c3
0.627135903360701	0.169708423669387	0.177	0.196	1	TRIM38	c3
0.967054402328939	0.169659581988205	0.095	0.097	1	LINC00324	c3
0.0722805918903047	-0.169649211420129	0.241	0.294	1	HDAC2	c3
0.751930408693931	0.169611057716337	0.107	0.117	1	ABCD4	c3
0.0628934901384349	-0.169562246147022	0.073	0.112	1	AMPD2	c3
0.292417550166762	-0.169491348722898	0.293	0.326	1	ABT1	c3
0.632586958816258	0.169441022614253	0.29	0.283	1	RBM23	c3
0.205857812788515	-0.169415717989781	0.21	0.248	1	PPIE	c3
0.28225222101826	-0.169186096793787	0.067	0.087	1	SP1	c3
0.27247960143583	-0.169169877838457	0.055	0.074	1	BCKDHB	c3
0.801998923539707	0.169046962405559	0.049	0.053	1	STK39	c3
0.0485179513562577	-0.16897219735938	0.284	0.366	1	BCL7B	c3
0.861393342900585	0.168832970927131	0.021	0.02	1	NMNAT1	c3
0.893714996211182	0.168770510470629	0.244	0.251	1	SMARCC1	c3
0.17919440802684	-0.168727050683641	0.125	0.159	1	TRIAP1	c3
0.724568823963329	0.168683189350134	0.277	0.282	1	PPM1B	c3
0.390004940120202	-0.168641382944421	0.076	0.092	1	C17orf49	c3
0.973774837526742	0.168600926274059	0.323	0.345	1	NECAP2	c3
0.0816416034143205	-0.168538947178054	0.296	0.366	1	PFDN2	c3
0.0690268835257684	-0.16849065544399	0.091	0.132	1	DPM1	c3
0.0241206468182128	-0.168412412988104	0.351	0.438	1	TMEM35B	c3
0.0790191029979486	-0.168382702805762	0.36	0.418	1	H2AFY	c3
0.811061699887863	0.168370797351331	0.128	0.137	1	AGK	c3
0.000222475899346125	0.16824380528061	0.976	0.989	1	HNRNPA1	c3
0.161024060428233	0.168220646282377	0.774	0.811	1	SEPT9	c3
0.713849149209692	0.168116956319679	0.299	0.308	1	ZFR	c3
0.321183090882165	0.168090363353291	0.485	0.472	1	RBBP6	c3
0.65811235965594	0.168008687769088	0.055	0.062	1	AEBP2	c3
0.4786352215126	0.168001291309499	0.04	0.031	1	SUCLG2-AS1	c3
0.137545759868585	-0.167985651853125	0.088	0.121	1	RNF14	c3
0.45365658693839	-0.167688078159997	0.049	0.06	1	PGBD2	c3
0.789939062754581	0.167650436287607	0.137	0.134	1	ZMAT3	c3
0.590907686695371	0.167631947470204	0.128	0.119	1	KPNA6	c3
0.747317178256941	0.167532595954993	0.034	0.037	1	MAPKBP1	c3
0.52522362666073	-0.167532052194987	0.034	0.042	1	BRMS1L	c3
0.650572708754916	0.167499102955301	0.095	0.106	1	TTC39B	c3
0.764123636092991	0.167470176112842	0.128	0.138	1	ACTL6A	c3
0.0405667669421151	0.167334171242891	0.899	0.947	1	COMMD6	c3
0.297962972650254	-0.16727829714749	0.159	0.188	1	CYB5R1	c3
0.575143874967259	0.167125821939961	0.027	0.034	1	SLC16A13	c3
0.814646424820416	0.166902119278629	0.247	0.252	1	APEH	c3
0.927550631707678	0.16689967851048	0.284	0.299	1	CHORDC1	c3
0.874866594077432	0.166881487618879	0.146	0.147	1	PPIL2	c3
0.000555902726038348	-0.166874865201653	0.951	0.972	1	LAPTM5	c3
0.918371435391188	0.166829333890351	0.101	0.105	1	PEX6	c3
1.13888971425502e-05	0.166818467306971	0.997	0.998	0.150834553755934	UBA52	c3
0.950024979680867	0.166764916617156	0.36	0.382	1	RBCK1	c3
0.346184305950301	0.166654853939253	0.064	0.082	1	TRMT11	c3
0.823622598308551	0.166646968693552	0.18	0.18	1	HDAC3	c3
0.28441269148239	-0.166498930429667	0.006	0.014	1	ZNF837	c3
0.948994358425636	0.166483403469626	0.223	0.231	1	LCMT1	c3
6.29181852716264e-05	-0.166465482570149	0.976	0.989	0.833288445737419	SERF2	c3
0.858185481261559	0.166328265835265	0.046	0.044	1	MBNL3	c3
0.102830611369188	-0.166271685714807	0.186	0.236	1	DPM3	c3
0.078431107234282	-0.166270340902674	0.387	0.461	1	SDHC	c3
0.414230227052894	0.166246706708461	0.052	0.066	1	USP28	c3
0.0237239246466276	-0.166180533334714	0.256	0.339	1	RNASEH2C	c3
0.111563821632153	-0.166090919008113	0.177	0.228	1	GALT	c3
0.849113833535311	0.166079576868574	0.244	0.247	1	WAC	c3
0.218340872667226	-0.16599412045232	0.076	0.101	1	PVRIG	c3
0.697378487827527	-0.165961136787399	0.018	0.022	1	CLCN6	c3
0.140537850475897	-0.165898086130972	0.098	0.131	1	VAPB	c3
0.549524665986228	-0.165878814364838	0.027	0.034	1	PACS2	c3
0.595578012831616	-0.165842432104215	0.064	0.073	1	AASDH	c3
0.0493200296435511	-0.165826630569438	0.091	0.138	1	HPS3	c3
0.0206426809519755	-0.165800270128144	0.54	0.622	1	BRD2	c3
0.280249578630441	0.165727415159257	0.546	0.542	1	TNFRSF14	c3
0.717459578319231	0.165717569758229	0.04	0.035	1	HAR1A	c3
0.598042336142588	0.165712060569082	0.271	0.265	1	PRPF38A	c3
0.659386777881363	0.165703676186263	0.134	0.15	1	UHRF2	c3
0.18478571515458	0.165642833649001	0.07	0.096	1	PIGB	c3
0.542936846785718	0.165381314060395	0.201	0.186	1	CUL5	c3
0.0969395744740139	-0.165315807021235	0.04	0.065	1	PDE8A	c3
0.0816676360949686	-0.165268718988557	0.433	0.513	1	APH1A	c3
0.223079258201239	-0.165126993483461	0.244	0.287	1	FAM96A	c3
0.235785062145637	0.165107962890572	0.271	0.331	1	FIP1L1	c3
0.890111188884318	0.16503867902605	0.03	0.032	1	PACRGL	c3
0.0445086701191576	-0.165035281880535	0.869	0.887	1	SRSF7	c3
0.990992605649902	-0.165007685190051	0.03	0.03	1	GATB	c3
0.0407046696934673	0.164937874534932	0.744	0.72	1	CD6	c3
0.839081037711028	0.164880507021701	0.21	0.215	1	PDS5A	c3
0.13630431654673	-0.164768653353683	0.107	0.142	1	UBL4A	c3
0.299273404407051	-0.16470981211587	0.064	0.083	1	BRPF1	c3
0.976406266154459	0.164625750550293	0.18	0.186	1	AGGF1	c3
0.232237805301428	-0.164603205228009	0.223	0.265	1	ELOVL1	c3
0.337695276740409	-0.164447195672218	0.024	0.035	1	APPL2	c3
0.566811724154231	0.164423325133987	0.25	0.281	1	LARS	c3
0.956130860638026	0.164370442332981	0.11	0.109	1	GTF2H3	c3
0.197757314095526	-0.164314866191964	0.216	0.259	1	ZNF148	c3
0.98417126871129	0.164289283485293	0.204	0.214	1	HMG20B	c3
0.297659555003195	0.164283622913277	0.085	0.109	1	NAT10	c3
0.940644031541348	0.164279048663612	0.268	0.285	1	NPC2	c3
0.108549271357887	-0.16410090679154	0.262	0.326	1	WAPL	c3
0.876358374530633	0.164038735064429	0.034	0.035	1	SPSB2	c3
0.409317929140325	0.164015274374034	0.131	0.152	1	MAP3K4	c3
0.103909054981012	-0.164006190835854	0.293	0.354	1	PPP4R2	c3
0.461440666998415	-0.163959771798884	0.021	0.029	1	BCORL1	c3
0.411839481073293	-0.163942143120866	0.015	0.023	1	CA11	c3
0.787298079223614	0.163930887482163	0.04	0.044	1	SLC25A42	c3
0.209202820618865	0.163889695727789	0.25	0.299	1	KMT2C	c3
0.822676254860725	0.163889026888601	0.146	0.145	1	FADD	c3
0.155057403334411	-0.16386022469909	0.113	0.148	1	CHPF2	c3
0.40604190855641	-0.163782547606361	0.027	0.037	1	PRSS21	c3
0.316057947058942	-0.163721232970742	0.03	0.044	1	SRD5A1	c3
0.377444448262221	-0.163628654691693	0.122	0.142	1	SMC4	c3
0.22983470641418	-0.163590403485421	0.125	0.154	1	HTRA2	c3
0.85968607908779	-0.163557516588253	0.04	0.042	1	METTL1	c3
0.354875338815645	-0.16354569604327	0.155	0.178	1	RAB35	c3
0.049919223110421	-0.163508042777499	0.311	0.385	1	ADIPOR1	c3
0.0715743892534502	-0.163436299228565	0.213	0.271	1	COA4	c3
0.00140269818602113	0.163392077257052	0.966	0.988	1	RPL38	c3
0.817289389014575	0.163368600801368	0.107	0.113	1	ANO9	c3
0.746570180744137	0.163325531684941	0.018	0.016	1	AC105020.6	c3
0.536713011439768	0.16329986684566	0.095	0.109	1	NCLN	c3
0.970599175972474	0.163257067074014	0.088	0.091	1	POLR2J3	c3
0.778035287828941	0.163081456678918	0.061	0.067	1	XPR1	c3
0.0288612552958831	0.163022810120563	0.884	0.906	1	SKP1	c3
0.408937554705292	-0.162982207395883	0.055	0.069	1	FAM91A1	c3
0.627855942220301	0.162784473998463	0.073	0.084	1	RAB4B	c3
0.136529969699906	-0.162685304956605	0.171	0.212	1	GMPS	c3
0.863702567037532	0.16252764466794	0.079	0.077	1	TRAPPC10	c3
0.575722785572464	0.162367804919473	0.049	0.058	1	PIGQ	c3
0.377125084982751	-0.161922510477295	0.155	0.179	1	RPAP2	c3
0.415626428130482	-0.161824443821099	0.073	0.088	1	PJA1	c3
0.741074771824362	0.161672308711169	0.265	0.276	1	IRF7	c3
0.212831093067037	0.161588730084032	0.119	0.152	1	TCTN3	c3
0.647555779119617	0.161561363207113	0.079	0.072	1	LINC00662	c3
0.762516553211706	0.161507747421304	0.088	0.096	1	EIF2B3	c3
0.0220109739918658	-0.161487292742336	0.165	0.238	1	ARHGEF7	c3
0.624698647913148	0.161431230634121	0.402	0.403	1	FUNDC2	c3
0.867053964725504	0.161378902182136	0.064	0.068	1	TMEM120B	c3
0.118949816590125	-0.16133140559322	0.134	0.178	1	TOLLIP	c3
0.0564101076802082	-0.161296136420251	0.409	0.515	1	PPP4C	c3
0.00511595212797294	-0.161290619096968	0.89	0.928	1	YBX1	c3
0.569646717267475	0.161192104401637	0.494	0.53	1	RAB7A	c3
0.00153746393343409	0.161179310837608	0.939	0.976	1	TOMM7	c3
0.0972483063462071	-0.161123605262559	0.116	0.155	1	ABCF3	c3
0.454270152828491	-0.161022049331458	0.11	0.126	1	CIAPIN1	c3
0.112669700742838	-0.160975872180562	0.256	0.311	1	RPAIN	c3
0.779489775732665	0.160967329036244	0.137	0.134	1	MRPL15	c3
0.865511582517066	0.160966059916062	0.216	0.223	1	VEZF1	c3
0.900237064436031	0.160870886859008	0.22	0.227	1	NARS	c3
0.660613724819527	0.160867422265822	0.024	0.029	1	ADNP2	c3
0.136182939430594	-0.16084236991234	0.037	0.059	1	HS1BP3	c3
0.889982871114201	-0.160815551508387	0.308	0.31	1	AREG	c3
0.822171640116618	0.160762666707789	0.11	0.119	1	KLHL20	c3
0.176457149962446	-0.16072766616661	0.177	0.213	1	MTHFS	c3
0.626886528520613	0.160710067071441	0.226	0.257	1	ZNF394	c3
0.726236703952939	0.160699428979311	0.192	0.208	1	RTCB	c3
0.607487532873595	-0.160591463954017	0.027	0.033	1	SLC18B1	c3
0.395764563013605	-0.160450374765007	0.143	0.163	1	NDUFV3	c3
0.527455771200867	0.160237411156102	0.5	0.523	1	ABHD14B	c3
0.323464185293773	-0.160184479606394	0.055	0.072	1	PKNOX1	c3
0.0783719384985691	-0.160138374371429	0.335	0.402	1	ZNF428	c3
0.920953234402836	0.160111401829531	0.064	0.067	1	ORAOV1	c3
0.466302722378522	0.160100633319671	0.043	0.053	1	RCC2	c3
0.385306779234767	-0.160045250792063	0.046	0.058	1	PSTPIP2	c3
0.0715694892273365	-0.159946882818517	0.387	0.467	1	ACAP2	c3
0.809862627077899	0.159932941205694	0.412	0.435	1	GTF2B	c3
0.057839675765721	-0.159880785087084	0.311	0.388	1	LUC7L2	c3
0.89457487695346	0.159757641068649	0.058	0.056	1	SLC16A1	c3
0.0471682857684887	-0.15969210532065	0.21	0.28	1	PEF1	c3
0.386876579881248	0.159685462285416	0.692	0.745	1	YPEL5	c3
0.0232849207088827	-0.159677395359653	0.128	0.193	1	FEZ2	c3
0.593504411739182	-0.15956235594548	0.067	0.076	1	RPRD1B	c3
0.565551991122292	0.159547940353647	0.052	0.061	1	INPP5E	c3
0.854006293983632	0.159461167196675	0.085	0.082	1	PGAP2	c3
0.143674906842253	-0.159459006677202	0.034	0.054	1	TSTD2	c3
0.486057738845852	-0.159421423142113	0.006	0.01	1	AC027290.1	c3
0.0832653283025438	-0.159392714809525	0.091	0.131	1	KIZ	c3
0.675722323482121	0.159365208559318	0.302	0.299	1	NCOA4	c3
0.392233496784286	0.159303258584459	0.555	0.58	1	PSAP	c3
0.838327319390973	0.159270326596258	0.226	0.241	1	PIGC	c3
0.693789002462868	0.159206861313601	0.058	0.065	1	UBE2O	c3
0.810162525741454	0.159087114344993	0.195	0.193	1	KRI1	c3
0.0188711515665285	-0.159071604614927	0.701	0.777	1	ATP5MC3	c3
0.299913117808949	-0.159026324946024	0.22	0.253	1	ZPR1	c3
0.886402078881334	0.158812563820615	0.125	0.132	1	TSFM	c3
0.395320437945505	-0.158723150340134	0.034	0.045	1	KCTD10	c3
0.696705191005187	0.158722023240767	0.351	0.385	1	BAZ1A	c3
0.645857360265223	0.158717917006883	0.049	0.056	1	DNAJC27	c3
0.768410316588616	0.158643285707006	0.207	0.224	1	SAE1	c3
0.0696155548325289	-0.158606535656953	0.293	0.363	1	LYPLA2	c3
0.159275996168642	-0.158456316137442	0.104	0.135	1	AKAP7	c3
0.761959305863174	0.158443676196751	0.262	0.262	1	SAFB2	c3
0.127645798017159	-0.158438573364074	0.576	0.648	1	PAIP2	c3
0.987596637602667	0.158386389182876	0.064	0.065	1	PPP1R8	c3
0.0180715727780687	-0.158299738304627	0.457	0.556	1	TMEM230	c3
0.882066231352983	0.158299107156456	0.067	0.066	1	FAM220A	c3
0.456128869782158	0.158246030658482	0.229	0.257	1	SKIL	c3
0.820388477753782	0.15815163999605	0.03	0.033	1	CHN1	c3
0.590357927323392	-0.158128257367106	0.04	0.047	1	ZBTB6	c3
0.0276816024241012	-0.158090201351488	0.409	0.513	1	PGLS	c3
0.0772580988489914	-0.158047860322649	0.338	0.416	1	AP2S1	c3
0.00366176717591135	-0.158020035113782	0.765	0.867	1	UBL5	c3
0.0294434836307679	-0.158012920655231	0.207	0.277	1	IMMT	c3
0.0136558221229033	-0.157963181476254	0.229	0.306	1	GBP1	c3
0.443802016378833	-0.157925765273314	0.055	0.068	1	USP24	c3
0.0449160322196493	-0.157725637110261	0.512	0.617	1	XRCC5	c3
0.238121838963193	-0.157567022203025	0.198	0.237	1	SRPK1	c3
0.810093445764608	0.157562212701404	0.247	0.252	1	KLHL28	c3
0.894278293323956	0.15754351267023	0.442	0.471	1	ZC3H15	c3
0.933455161487753	0.157446033150501	0.213	0.224	1	LARP7	c3
0.383374072273281	-0.157411275880553	0.03	0.042	1	GANC	c3
0.133283650067112	-0.157264419868241	0.21	0.259	1	MCTS1	c3
0.532399676942118	0.157241552598441	0.146	0.17	1	THOC6	c3
0.0440111877435391	-0.157227666419107	0.174	0.234	1	PSMD12	c3
0.94768950806648	0.157159311743157	0.134	0.138	1	LGALS9	c3
0.658180502232873	0.156989137274823	0.47	0.499	1	PPIG	c3
0.244871602556911	-0.156902749017871	0.037	0.053	1	RABL2A	c3
0.535146613344656	0.156871309503786	0.012	0.008	1	LINC00910	c3
0.177060836172369	-0.156723911727736	0.226	0.27	1	GOLGB1	c3
0.0887186867563224	-0.156703818645727	0.399	0.465	1	TRABD	c3
0.593874443355031	0.15667797821218	0.046	0.054	1	ZNF780B	c3
0.703022419592073	0.156612278695706	0.018	0.022	1	LINC00115	c3
0.0347829242416431	-0.156583520925652	0.71	0.784	1	PRR13	c3
0.817098871971578	0.156455156002347	0.287	0.313	1	RNF125	c3
0.832225102192138	0.156438167751116	0.25	0.252	1	ISCA1	c3
0.262691888767621	-0.156388566581172	0.085	0.109	1	NEDD1	c3
0.325716492568468	-0.156387284944613	0.012	0.021	1	PSMG3-AS1	c3
0.0496782315091584	-0.156353498339917	0.18	0.242	1	MAN1A2	c3
0.542732571404956	-0.156280905548452	0.009	0.014	1	AL080276.2	c3
0.657955606342384	0.156279679891653	0.439	0.456	1	IMP3	c3
0.230965619967244	-0.15625025424616	0.107	0.134	1	PPIF	c3
0.638459410690095	0.156131057282104	0.256	0.254	1	STAT5A	c3
0.773415881234874	0.156128997418112	0.091	0.099	1	FAM210A	c3
0.35848776955378	-0.156113453045259	0.07	0.087	1	MAD2L1	c3
0.252930081199867	-0.156091114366693	0.07	0.092	1	AL157402.2	c3
0.657113514361733	0.156074377795829	0.497	0.522	1	EVI2B	c3
0.494339333116105	0.156041654932774	0.165	0.189	1	MIB2	c3
0.0601564322583477	-0.156009401198556	0.201	0.266	1	FPGS	c3
0.771946797038053	0.156007419303685	0.152	0.15	1	DEXI	c3
0.0463648239440597	-0.155927470213828	0.116	0.17	1	SLMAP	c3
0.321770982061681	-0.155917286579554	0.04	0.054	1	ZNF468	c3
0.0456174900457696	-0.155861251932129	0.277	0.354	1	CHMP4A	c3
0.889031226944397	0.155824365914927	0.216	0.22	1	HERC4	c3
0.0199458093657804	-0.155801385585571	0.869	0.94	1	OST4	c3
0.123773556013431	-0.155781878779213	0.274	0.331	1	CHMP5	c3
0.237330194981265	-0.155735364256026	0.128	0.158	1	GTF2F2	c3
0.732942884635407	0.155684186335365	0.229	0.258	1	TMEM30A	c3
0.762922783721533	-0.155642969024665	0.046	0.05	1	ATG2B	c3
0.605895594857566	0.155624047639381	0.524	0.56	1	DEF6	c3
0.498922042615344	0.155593402053375	0.488	0.49	1	VSIR	c3
0.194531157720814	-0.155555163542309	0.28	0.33	1	UBTF	c3
0.190748153511437	-0.155548644324849	0.14	0.175	1	VAMP7	c3
0.468948012722228	0.15553566523862	0.009	0.015	1	AC090114.2	c3
0.190191530977986	-0.155532598589514	0.555	0.616	1	RPS27L	c3
0.867718292523157	0.155495944124791	0.207	0.217	1	RBM33	c3
0.159286445110885	0.155436798279765	0.655	0.67	1	SELENOW	c3
0.492082243609358	0.155370841716097	0.476	0.497	1	NDUFA12	c3
0.980662324352338	0.15532929476836	0.21	0.217	1	PFDN6	c3
0.608289911326371	0.155318926243348	0.183	0.211	1	TCF12	c3
0.888547544258577	0.155311021695492	0.329	0.335	1	ZNF292	c3
0.0114325425775358	-0.155281129573494	0.704	0.795	1	EIF4G2	c3
0.93600633833758	0.155264435679064	0.229	0.242	1	PCSK7	c3
0.799979345332981	-0.155201331250769	0.058	0.061	1	SLC35A2	c3
0.155817462803834	-0.155197379152661	0.189	0.237	1	PWP1	c3
0.802706578189793	0.155137977979384	0.052	0.056	1	CPOX	c3
0.650999831420573	0.155128936581377	0.152	0.144	1	ABCB7	c3
0.000381548667384044	-0.154988149012339	0.979	0.993	1	PPIA	c3
0.790370800469308	0.154854536685977	0.043	0.04	1	BTN2A2	c3
0.405346320261175	0.154846559334599	0.082	0.1	1	ECE1	c3
0.596868206901156	0.154838654514259	0.055	0.065	1	EDC3	c3
0.595843932860667	0.1548347517827	0.162	0.183	1	PIK3R5	c3
0.957356682306684	0.154726651436335	0.03	0.031	1	ZNF598	c3
0.988304817298706	0.154689391097826	0.082	0.084	1	MIR155HG	c3
0.0585173935321953	-0.154686474342202	0.204	0.27	1	SUPT16H	c3
0.225080959529691	-0.154649609498787	0.171	0.208	1	VPS13A	c3
0.547687619053495	0.154587591625883	0.024	0.031	1	ZNF510	c3
0.716128776466332	0.154569956078074	0.037	0.032	1	ARHGAP31	c3
0.752620233456394	-0.154527845054318	0.027	0.024	1	SMAGP	c3
0.953569765289899	0.154509708222425	0.098	0.101	1	KBTBD2	c3
0.744124385535619	0.154402347452286	0.119	0.13	1	MED1	c3
0.0294436553470716	0.15440205362269	0.93	0.955	1	PCBP2	c3
0.694268588844744	0.154324637824623	0.195	0.189	1	LRCH4	c3
0.188225626164715	-0.154315482179934	0.14	0.173	1	RNF146	c3
0.666948615518462	0.154302545280974	0.36	0.366	1	ESD	c3
0.868273850925618	-0.154173016301596	0.021	0.023	1	GSTCD	c3
0.668740766076214	0.154119296202992	0.284	0.318	1	HSPH1	c3
0.771739395425687	0.154072757282558	0.043	0.047	1	PLAG1	c3
0.139627037297007	-0.15401408779803	0.229	0.281	1	BLOC1S2	c3
0.414062112360639	-0.153899695364416	0.088	0.105	1	MOCS2	c3
0.743287627153015	0.153884337627055	0.049	0.054	1	ZNF575	c3
0.824242602434703	0.153805281560129	0.265	0.272	1	HADHB	c3
0.28668490186763	-0.153797699675034	0.088	0.11	1	TCEA2	c3
0.438419776942498	0.153732488891547	0.54	0.541	1	SLC38A1	c3
0.0283895672521931	-0.153579026488678	0.707	0.806	1	CIB1	c3
0.912842444341245	0.153572296040671	0.323	0.338	1	COX16	c3
0.357509967836938	0.153540059106048	0.595	0.604	1	RHOG	c3
0.331983324151748	-0.153533563564679	0.07	0.088	1	CETN3	c3
0.111256302770161	-0.153507980261974	0.18	0.231	1	PPP4R3A	c3
0.292973516230097	-0.153472803498094	0.061	0.079	1	UBE3C	c3
0.0299046067766726	-0.153453954034207	0.216	0.289	1	CYB561D2	c3
0.203120642858087	0.153325406878333	0.412	0.39	1	FLOT1	c3
0.0645295883959297	-0.153295017209234	0.223	0.285	1	TACC1	c3
0.87972374313662	0.15328920890777	0.052	0.05	1	ZNF566	c3
0.125200188501557	-0.153275158339682	0.159	0.198	1	XAF1	c3
0.670584835586963	0.153237439826955	0.098	0.109	1	DDHD2	c3
0.559186432605528	0.153219263317764	0.046	0.055	1	DAAM1	c3
0.965464513040028	0.153101657233213	0.046	0.047	1	CENPH	c3
0.227071361944359	-0.15309745526252	0.268	0.308	1	HTATSF1	c3
0.907651523453461	0.152985748010087	0.091	0.091	1	LIN7C	c3
0.106466218466715	0.15285230221434	0.72	0.73	1	KHDRBS1	c3
0.808286524274244	-0.152845109350581	0.037	0.04	1	LIAS	c3
0.189375125422303	-0.152834106425311	0.049	0.071	1	OTUD4	c3
0.671952389298081	0.152757842797232	0.122	0.135	1	FAM122A	c3
0.883619425143525	0.152477414840325	0.354	0.359	1	DNAJC19	c3
0.271449235211488	-0.152462528506456	0.064	0.084	1	ZNF484	c3
0.428816326596477	0.152411155448654	0.262	0.243	1	COPS2	c3
0.802245721921079	0.152388617305022	0.079	0.085	1	L3MBTL2	c3
0.000510098500700297	0.152269084426535	0.979	0.989	1	BTF3	c3
0.143924262163727	-0.152174503643382	0.082	0.114	1	CKAP5	c3
0.115803946342273	-0.151979406311847	0.421	0.494	1	ANP32A	c3
0.0381434008131941	-0.151875385974391	0.213	0.292	1	RNF11	c3
0.969930111337579	0.151827989061778	0.357	0.379	1	DGCR6L	c3
0.557240569786302	0.151823068091615	0.116	0.133	1	OGFOD3	c3
0.964097558073339	0.151820058643505	0.052	0.053	1	UTP20	c3
0.777877999364496	0.151812610394825	0.04	0.044	1	ZFP1	c3
0.433826244292562	-0.151724953100595	0.052	0.065	1	C2CD3	c3
0.571850158897592	0.151662805833326	0.247	0.281	1	DPY30	c3
0.970276738792184	0.151647755373547	0.381	0.411	1	ATF7IP	c3
0.182176184736363	-0.151609910826156	0.046	0.068	1	NUP188	c3
0.260518614811826	-0.151605666417637	0.271	0.313	1	ATG3	c3
0.998656615928057	0.151604428030369	0.439	0.468	1	STRAP	c3
0.0185928393263125	-0.151601316850703	0.771	0.856	1	APRT	c3
0.678022336657577	0.151559504948958	0.152	0.147	1	FAM122B	c3
0.110672870625231	-0.151541683828624	0.076	0.11	1	KCTD5	c3
0.55321891268443	-0.151480614126081	0.064	0.074	1	GATD3A	c3
0.459521544386498	0.151451372242686	0.396	0.401	1	NUCB2	c3
0.0744137252637083	-0.151399523681584	0.271	0.334	1	NUB1	c3
0.133349707364227	-0.151391495488995	0.509	0.592	1	NDUFA3	c3
0.302606044481547	-0.151379797307885	0.14	0.168	1	ZNF830	c3
0.638136267485121	0.151368143918505	0.271	0.267	1	NUDCD2	c3
0.82513787746346	0.15131411701359	0.287	0.312	1	PTOV1	c3
0.857973946919221	0.15126406985297	0.122	0.128	1	NSF	c3
0.946775913712515	0.15125252736511	0.128	0.133	1	MLST8	c3
0.961618635914685	0.151244243868657	0.024	0.025	1	CEP70	c3
0.183229074769348	-0.151226476227831	0.207	0.254	1	GTPBP6	c3
0.470272396909158	-0.151226197627518	0.015	0.022	1	ARSB	c3
0.670686600640315	0.151189489864197	0.037	0.043	1	ZNF865	c3
0.130946386651476	-0.151147702523522	0.21	0.262	1	ERCC1	c3
0.989923188113564	0.150945488748574	0.238	0.248	1	DHX9	c3
0.215924930600255	-0.150816268529001	0.119	0.15	1	MAP4K5	c3
0.779155739700926	-0.150811057954437	0.018	0.021	1	FITM2	c3
0.913582622181469	0.15068925031879	0.168	0.17	1	PTPRE	c3
0.852508303200038	0.150617962191817	0.232	0.25	1	NSL1	c3
0.468906171370042	0.150591686370511	0.18	0.209	1	PABPN1	c3
0.10703059324654	-0.150551061567614	0.143	0.188	1	PRKAA1	c3
0.755818338917138	0.150546546620153	0.101	0.109	1	COG3	c3
0.596659375879484	0.150403567946113	0.046	0.054	1	NDUFAF5	c3
0.959727711894627	0.150373221859153	0.058	0.057	1	ACAD8	c3
0.921246688754418	0.15032711991794	0.22	0.233	1	MARCH6	c3
0.841075517753559	0.150264204467416	0.201	0.216	1	ATG101	c3
0.194698559470379	-0.150095145855062	0.122	0.152	1	TRIM13	c3
0.956877211764988	0.149972432555789	0.271	0.278	1	CLINT1	c3
0.574913417686446	0.149951687892164	0.195	0.223	1	P4HTM	c3
0.128406844515945	-0.149759310445683	0.244	0.301	1	UFD1	c3
0.463790906159154	-0.14971594602601	0.04	0.05	1	DUSP3	c3
0.0648061524735896	-0.149687707480311	0.302	0.374	1	SRM	c3
0.898096110851251	0.149655389168164	0.088	0.092	1	MRS2	c3
0.782882008131462	0.149645931376089	0.14	0.152	1	AGPAT1	c3
0.999656358722798	0.149626851298506	0.134	0.138	1	BCL2L13	c3
0.890079613738377	0.149612992288609	0.159	0.156	1	COX11	c3
0.165052598379021	-0.149604746577693	0.186	0.227	1	GARS	c3
0.214791501331576	-0.149537742800437	0.216	0.253	1	GLS	c3
0.000294361149179255	0.149481109696406	0.985	0.992	1	RPL27	c3
0.25030864766893	-0.149427356726876	0.186	0.217	1	ELP5	c3
0.0381220875875923	-0.149339541809209	0.348	0.417	1	COPZ1	c3
0.101815137430312	-0.149293473868156	0.564	0.652	1	SNRPB	c3
0.724612169299333	-0.149267387592592	0.07	0.076	1	AL121944.1	c3
0.761566832831804	0.149203666736085	0.11	0.119	1	NKIRAS2	c3
0.456219491096685	0.149129748017044	0.537	0.567	1	SSBP1	c3
0.194354876915361	-0.149094323716284	0.168	0.204	1	EBAG9	c3
0.661549061153106	-0.149007326803415	0.027	0.032	1	ZFYVE26	c3
0.758444995456639	0.148790255806919	0.348	0.352	1	ATXN2L	c3
0.086416163238172	-0.148739480261101	0.332	0.395	1	KRAS	c3
0.298313954600487	-0.148677097740018	0.104	0.126	1	ATP6V1C1	c3
0.196838196600369	-0.14867706578301	0.232	0.276	1	UQCC2	c3
0.799482448602129	0.148648862751461	0.079	0.085	1	RAB21	c3
0.949999610336942	0.148580157238549	0.201	0.205	1	NEK7	c3
0.888928331957936	0.148562955179819	0.268	0.267	1	ISG20L2	c3
0.213388037631322	-0.14855107610348	0.128	0.159	1	NFYB	c3
0.331347644267724	-0.148519025536058	0.192	0.222	1	C12orf10	c3
0.965764592177049	0.148434208242811	0.018	0.019	1	TEF	c3
0.967939306649141	0.148426607253219	0.073	0.075	1	LRRC42	c3
0.0798998694273475	-0.148378244667803	0.198	0.255	1	PARP10	c3
0.0667671897784284	-0.148295861921927	0.052	0.085	1	RYK	c3
0.0491389559210779	-0.148285538317065	0.433	0.531	1	SIRPG	c3
0.558551772165682	0.148283917076542	0.299	0.335	1	UBQLN1	c3
0.81286205534306	0.148283489218225	0.125	0.122	1	GPR89B	c3
0.320158467118384	-0.148280287787598	0.052	0.069	1	OSBP	c3
0.180404705797829	-0.148193067402951	0.125	0.16	1	DEDD	c3
0.793022056353182	0.148000847267964	0.213	0.232	1	KANSL1	c3
0.101480125526961	-0.1479582249206	0.009	0.024	1	PTPRK	c3
0.189356598948842	-0.14794105958623	0.067	0.094	1	PIAS4	c3
0.35674971843463	-0.147901423841323	0.049	0.063	1	TBL2	c3
0.435095906876292	-0.147900728713062	0.034	0.044	1	ATAD3A	c3
0.0386920797166241	-0.147871861812023	0.503	0.602	1	DYNLRB1	c3
0.680631158883044	0.147821465633791	0.043	0.049	1	ESRRA	c3
0.527674047018121	0.147791691789595	0.046	0.056	1	PDIK1L	c3
0.0627968698504113	-0.147719156069543	0.034	0.061	1	IFT74	c3
0.960124875595546	0.14770063129194	0.098	0.099	1	ABRAXAS2	c3
0.847296434684376	0.147553161490324	0.009	0.01	1	PLEKHG5	c3
0.978278379869097	0.14752247522534	0.043	0.043	1	ERLIN2	c3
0.799858102369391	0.147500007283595	0.098	0.094	1	PANK4	c3
0.112561427796545	-0.147476473510361	0.223	0.273	1	MICAL1	c3
0.120808467248821	-0.147470776971502	0.335	0.39	1	PSMD7	c3
0.093802206264681	-0.147468100683705	0.387	0.451	1	MED10	c3
0.893822194834713	0.147383624505441	0.36	0.378	1	U2SURP	c3
0.263522304081532	-0.147223048488069	0.091	0.116	1	FAM168B	c3
0.144407963957653	-0.147190619237533	0.14	0.179	1	RXRB	c3
0.958737486220614	0.146983408322586	0.088	0.091	1	BCDIN3D	c3
0.627962510761143	-0.146964657925266	0.009	0.012	1	LMLN	c3
0.116785690752484	-0.146964332604339	0.082	0.117	1	KIAA0232	c3
0.38088396941072	-0.146887102098329	0.064	0.079	1	NFRKB	c3
0.951313000337953	-0.146805658126183	0.018	0.018	1	DCUN1D2	c3
0.214377963172944	-0.146746411076027	0.079	0.105	1	RAD1	c3
0.515569019329477	0.146716640954011	0.116	0.134	1	ANKRD36B	c3
0.220348466767501	-0.146624790719298	0.104	0.133	1	NDUFA7	c3
0.859941797609711	0.14643996298533	0.107	0.112	1	COMMD3	c3
0.828146663383667	0.146427939408986	0.195	0.208	1	FOXN2	c3
0.197809688556331	-0.146363140183024	0.174	0.214	1	TAF10	c3
0.248282358263217	-0.146194832536081	0.137	0.168	1	SUZ12	c3
0.628618796374037	-0.146140231372498	0.009	0.012	1	YPEL4	c3
0.0730090884122489	-0.146125325984831	0.113	0.159	1	IMPA1	c3
0.0725444576594083	-0.146102886402623	0.235	0.307	1	PSMD11	c3
0.352363784219828	0.145925051902661	0.497	0.499	1	RAD21	c3
0.380754724992138	-0.145871001740733	0.095	0.114	1	BLVRA	c3
0.580058482833293	0.145749009129354	0.012	0.017	1	ZNF823	c3
0.131779156277802	-0.145738718314051	0.015	0.031	1	CENPL	c3
0.787062727548202	0.145674375073405	0.195	0.19	1	CAB39	c3
0.253524198955161	-0.145590724973062	0.125	0.155	1	IQCB1	c3
0.0513245655823335	-0.145550677146786	0.037	0.068	1	UEVLD	c3
0.0134063017165429	-0.145540760855327	0.588	0.715	1	DDX24	c3
0.00794075067494505	-0.145514736262162	0.802	0.876	1	EDF1	c3
0.297219149781766	-0.145480871658885	0.027	0.041	1	SNTA1	c3
0.904018169417215	0.145454825514303	0.162	0.171	1	LINC01934	c3
0.439000436551544	-0.145339673824179	0.018	0.026	1	STX1A	c3
0.099102740470715	-0.145327613049455	0.332	0.394	1	NUTF2	c3
0.786377512606384	0.14520001202997	0.128	0.137	1	ADPRHL2	c3
0.746083753499819	0.14515426888601	0.213	0.211	1	B4GALT1	c3
0.0217800101823108	-0.145152085185165	0.585	0.686	1	PSMB1	c3
0.719472485203783	0.145079029070752	0.116	0.129	1	KIF21B	c3
0.891851468156196	0.145069074499978	0.104	0.101	1	BOD1	c3
0.796270213883858	0.145067995107973	0.277	0.301	1	HPS1	c3
0.879643658622088	0.145067939925597	0.229	0.246	1	VTI1B	c3
0.0336169156518925	-0.145039064933893	0.345	0.429	1	ARHGEF3	c3
0.184240419039414	0.144876961718845	0.683	0.665	1	C11orf58	c3
0.0278532676064637	0.144861925824604	0.973	0.982	1	PTPRC	c3
0.830932435922003	0.144811694141305	0.07	0.075	1	ZNHIT6	c3
0.128693112922893	-0.144738130804273	0.143	0.184	1	AC026979.2	c3
0.763597216016378	0.144734204257697	0.101	0.107	1	USP37	c3
0.0960810729378804	-0.14472017166119	0.131	0.177	1	NUP54	c3
0.700420655711817	0.144559243443675	0.061	0.068	1	FBXO11	c3
0.950716369540569	0.144357614485416	0.018	0.018	1	FOXJ1	c3
0.65886654021828	0.144317868983435	0.027	0.023	1	IFT172	c3
0.283731811226117	-0.144303350534791	0.171	0.202	1	PDE6D	c3
0.941770409418653	0.144291281434219	0.018	0.018	1	MICAL3	c3
0.122198942213149	-0.144271453194836	0.241	0.302	1	FDPS	c3
0.789683147657908	0.144236377318312	0.244	0.266	1	U2AF2	c3
0.387625963793963	-0.144196657309453	0.043	0.055	1	DUSP18	c3
0.198050233012908	-0.14415494345164	0.122	0.153	1	INTS14	c3
0.0792635266160551	-0.144061430623514	0.598	0.698	1	RBM8A	c3
0.462505599901096	0.143980913776004	0.479	0.491	1	LSM14A	c3
0.300251129425186	-0.143892410171595	0.168	0.197	1	SLAMF6	c3
0.977791002481323	0.143847074309345	0.393	0.424	1	DDX46	c3
5.94499420324786e-05	-0.143797506463966	0.988	0.999	0.787355032278146	CD3E	c3
0.751598621999806	-0.143771631435182	0.012	0.015	1	IKZF4	c3
0.0639095142356267	0.143673885171217	0.774	0.813	1	ZFAS1	c3
0.969461553142547	0.143659590451956	0.174	0.181	1	GNB5	c3
0.856841766428695	0.143637470115292	0.012	0.014	1	UBAC2-AS1	c3
0.75877105695459	0.143591849526894	0.515	0.544	1	SH3KBP1	c3
0.685882294808084	0.14354307223849	0.177	0.17	1	KAT6A	c3
0.216251545068133	-0.143534677221135	0.095	0.122	1	CCNB1IP1	c3
0.362634508156957	-0.143331148432247	0.067	0.083	1	GTPBP3	c3
0.0101177722580218	0.143330079271391	0.997	0.995	1	RPL41	c3
0.532160453310837	0.143238915061089	0.537	0.57	1	FAM49B	c3
0.81979218113371	0.143221003534935	0.085	0.082	1	PPIL1	c3
0.575611777040389	-0.143096332855029	0.079	0.089	1	IPO9	c3
0.058957047733102	-0.143057694175132	0.317	0.381	1	GSDMD	c3
0.856977539837595	0.14281263633479	0.052	0.055	1	ZER1	c3
0.968827829895173	0.142743860066979	0.03	0.03	1	CEP76	c3
2.72848763479156e-05	0.142594203408803	1	0.999	0.361360902351794	RPL17	c3
0.845283790215537	0.142524212362416	0.079	0.084	1	IFIT5	c3
0.415841534097027	0.142410326554474	0.128	0.152	1	UBR1	c3
0.68470250072929	-0.142387205238702	0.015	0.019	1	TRBV7-7	c3
0.38097835788652	-0.142319490281154	0.101	0.12	1	MED17	c3
0.8245039685625	0.142290707095148	0.143	0.151	1	MCM3AP	c3
0.946147628224701	0.142274035201775	0.268	0.283	1	FBXL5	c3
0.28855837405686	0.142247452138375	0.433	0.421	1	SNRPD1	c3
0.716120001556279	0.142228942724102	0.134	0.127	1	POLM	c3
0.749336976902613	0.142200007973003	0.049	0.045	1	KIF1C	c3
0.808087860884798	0.142195111428042	0.024	0.027	1	ZSCAN2	c3
0.906700265078888	0.14205198225649	0.143	0.143	1	EXOC5	c3
0.523260840797413	0.1419950205652	0.155	0.179	1	ANKRD49	c3
0.935490992329458	0.141994735777565	0.186	0.189	1	USE1	c3
0.163982514324526	-0.141974857775647	0.037	0.057	1	SMCR8	c3
0.621006184362792	-0.141967354735375	0.101	0.111	1	CPQ	c3
0.0732235966773454	-0.141959830662591	0.753	0.802	1	COX7A2	c3
0.118084677189556	-0.141920120143248	0.146	0.194	1	PARP4	c3
0.584327731209016	0.141835220705059	0.046	0.054	1	CLOCK	c3
0.622420452207694	-0.141815374188892	0.03	0.036	1	OSGIN2	c3
0.0163813283299241	-0.141804145695443	0.912	0.964	1	MIF	c3
0.681037492022771	0.141791985611162	0.107	0.118	1	RTL8A	c3
0.319277236146684	-0.141780736993003	0.067	0.085	1	SNRNP48	c3
0.704406952502002	0.141758683387386	0.091	0.101	1	EXOC3	c3
0.381016444947366	-0.141739845454421	0.274	0.305	1	SPAG7	c3
0.125399082983284	-0.14156049173417	0.146	0.188	1	POP4	c3
0.226233143159193	-0.141556737824118	0.058	0.079	1	IFIH1	c3
0.357338239736862	-0.141479396999027	0.149	0.174	1	PARP15	c3
0.215073747528277	-0.141390296181808	0.174	0.21	1	MRPL22	c3
0.181639011084178	-0.14120828473129	0.259	0.31	1	NEMF	c3
0.349028147358084	0.141157566385036	0.238	0.268	1	XRN1	c3
0.466031456082472	0.141143581682055	0.085	0.102	1	PPFIA1	c3
0.574029898262095	-0.141083695803396	0.012	0.017	1	ABL1	c3
0.644813744234287	0.141065966527919	0.076	0.068	1	UBE2D4	c3
0.603935853063192	-0.141061602392662	0.027	0.033	1	NFIA	c3
0.0744503109108543	-0.140957110837172	0.149	0.201	1	COMMD4	c3
0.158536370277992	-0.14090222616268	0.14	0.178	1	BABAM1	c3
0.928607716261958	0.140776074939549	0.134	0.134	1	POLK	c3
0.808456297165079	0.140770026587615	0.055	0.059	1	DDX47	c3
0.13348695969296	-0.140769749090029	0.11	0.148	1	POLR3D	c3
0.636943573272134	0.140598965714804	0.119	0.132	1	INO80D	c3
0.0945466840312633	-0.140438406506227	0.61	0.699	1	HLA-F	c3
0.553129756912856	0.140414494507228	0.317	0.357	1	PTPN2	c3
0.421859812975225	0.140231060706086	0.021	0.03	1	ATXN7L2	c3
0.896197150106947	0.140217565627976	0.195	0.208	1	RAF1	c3
0.865334413400161	0.140129929323581	0.354	0.363	1	HNRNPH1	c3
0.927614160064958	0.139786245449667	0.149	0.156	1	MTM1	c3
0.433514358449426	-0.139744855315632	0.024	0.033	1	EOGT	c3
0.726190967910783	0.139650842652171	0.137	0.151	1	SIDT1	c3
0.659213691770968	0.139650726663807	0.22	0.211	1	NOLC1	c3
0.44700664711663	-0.139603361847869	0.076	0.091	1	RBM12	c3
0.206846032943764	-0.139509071035918	0.162	0.198	1	MEI1	c3
0.404374932200541	-0.139446638191485	0.046	0.058	1	TMEM8A	c3
0.464939163750093	-0.139424896632127	0.152	0.168	1	DNAJA3	c3
0.153939007246286	-0.139306766775034	0.143	0.182	1	PCNX4	c3
0.233069135404748	-0.139281463432136	0.189	0.226	1	CAMK2G	c3
0.890423718105888	0.139276938769774	0.305	0.315	1	TRAPPC5	c3
0.320685533781795	-0.139239649523742	0.012	0.021	1	ZNF440	c3
0.958598985811417	0.139033580238946	0.253	0.256	1	NFKB2	c3
0.583418353787183	-0.138987387876633	0.021	0.017	1	HTRA1	c3
0.697127846682706	0.138961594988291	0.137	0.151	1	GTF3C2	c3
0.078855352592262	-0.138801365250736	0.134	0.184	1	ALKBH6	c3
0.0827709423492459	-0.138742156618543	0.415	0.487	1	PUF60	c3
0.876977489688757	0.138696188985218	0.04	0.042	1	LARP1B	c3
0.0486231771991557	-0.138634182056258	0.128	0.181	1	SLC4A1AP	c3
0.0968172117739385	-0.138549251863826	0.262	0.323	1	HNRNPD	c3
0.12656707750008	-0.138485615793431	0.021	0.04	1	JAKMIP2	c3
0.0390241901031444	-0.138368753051883	0.421	0.506	1	SNRPF	c3
0.63885367270526	0.13836501156632	0.198	0.221	1	KIAA0040	c3
0.105232159700807	-0.138317980313874	0.113	0.154	1	AKAP11	c3
0.120726362505579	-0.138236718512341	0.192	0.241	1	PIGT	c3
0.78852597302387	0.138203742905315	0.088	0.096	1	CROCC	c3
0.0433451192971685	-0.138112062297312	0.101	0.15	1	NABP2	c3
0.792430778228929	0.138039119643125	0.024	0.022	1	ZNF684	c3
0.385156043856666	-0.137951831885321	0.018	0.027	1	AC244090.1	c3
0.819325148251977	0.137873032327557	0.201	0.217	1	NT5C3A	c3
0.848267531893041	0.137821027921022	0.104	0.101	1	RNF219	c3
0.0962997470474224	-0.137760268700965	0.177	0.228	1	ARMC8	c3
0.231257059081786	-0.137740390370006	0.506	0.549	1	G3BP2	c3
0.809312629475199	0.137730618627816	0.155	0.166	1	AFTPH	c3
0.118107271203045	-0.137682162307101	0.223	0.278	1	S1PR4	c3
0.139027612207107	-0.137566227067561	0.11	0.147	1	TTC37	c3
0.145278724262427	-0.137555269717981	0.796	0.835	1	STK17A	c3
0.0876782715126895	-0.137545881356604	0.11	0.152	1	CANT1	c3
0.699160459338155	0.137534762709868	0.116	0.128	1	RAB33A	c3
0.385380558895073	-0.13743986288313	0.061	0.076	1	ZDHHC17	c3
0.0957535867935317	0.137412477425654	0.131	0.174	1	REV3L	c3
0.275066597759962	0.137323113204743	0.04	0.056	1	ZNF12	c3
0.124366358309062	-0.137283628613639	0.024	0.044	1	C1RL-AS1	c3
0.775506954836159	0.13727477996383	0.076	0.082	1	CNEP1R1	c3
0.486137594690978	-0.137198011212666	0.024	0.032	1	CHAC2	c3
0.0655435679524061	-0.137038897512306	0.293	0.367	1	CAPRIN1	c3
0.237541036567013	-0.136948246486257	0.137	0.17	1	ZNF410	c3
0.476201915705021	-0.136931176268554	0.043	0.053	1	AREL1	c3
0.275599532140259	-0.136824556207571	0.015	0.026	1	NETO2	c3
0.775786561849272	0.136817587484803	0.134	0.146	1	C8orf76	c3
0.23190808526585	-0.13680537118786	0.18	0.214	1	SMIM20	c3
0.245143934761446	-0.136746882925449	0.064	0.085	1	ZNF350	c3
0.0364268007413664	-0.136677016706176	0.625	0.708	1	HNRNPA3	c3
0.927091814186399	0.136615862409148	0.14	0.146	1	TBC1D9B	c3
0.46963025339029	0.136578084812793	0.296	0.35	1	CNOT2	c3
0.0509154767934014	-0.136504848177106	0.204	0.265	1	HACD4	c3
0.263106850551329	-0.136472094258093	0.134	0.163	1	BAG5	c3
0.945944345714568	0.136458079202185	0.018	0.018	1	ZDHHC8	c3
0.0329370880458097	-0.136452868264766	0.308	0.401	1	PAFAH1B1	c3
0.458827725702731	0.136337931861629	0.073	0.087	1	EIF4EBP1	c3
0.795065617936761	0.136222196225213	0.043	0.047	1	UBXN6	c3
0.439811573994807	-0.136098552738993	0.034	0.044	1	AP5B1	c3
0.695009087347228	-0.136061623650151	0.037	0.042	1	ASPH	c3
0.0302307788502559	-0.136059830208552	0.47	0.565	1	BANF1	c3
0.242947842926547	-0.136026005989659	0.155	0.187	1	MBOAT7	c3
0.202992880767356	-0.135995322492538	0.268	0.315	1	SF3A3	c3
0.822518301853221	0.13594591542908	0.296	0.297	1	CEBPZ	c3
0.0335209673370397	-0.135919575984089	0.174	0.239	1	CHD4	c3
0.599967703522548	-0.135795326532851	0.04	0.047	1	ZNF230	c3
0.170051945963018	-0.135786308009568	0.537	0.606	1	THRAP3	c3
0.24387554877639	-0.135768939455107	0.061	0.082	1	SARM1	c3
0.604212454669301	-0.135700007637009	0.015	0.02	1	ZNF417	c3
0.783587657290115	0.135691897116175	0.326	0.33	1	DDX50	c3
0.219145845185705	-0.135676548708573	0.162	0.198	1	DESI1	c3
0.0860441076146765	-0.135501258060328	0.229	0.291	1	SLC25A11	c3
0.604959010976415	0.135481824025727	0.226	0.217	1	ZFAND1	c3
0.0686529672445388	-0.135386002731492	0.177	0.237	1	PSMD14	c3
0.765302461214993	0.135290348340178	0.165	0.178	1	GLT8D1	c3
0.698554390921851	0.135229040159982	0.034	0.039	1	SLC16A6	c3
0.790892883351134	0.134946312822281	0.287	0.291	1	SLIRP	c3
0.508223007904516	0.134867008213038	0.012	0.018	1	CTPS2	c3
0.103175566733799	-0.13486047736283	0.588	0.655	1	SNRPG	c3
0.20594763381679	-0.134845622766107	0.162	0.195	1	RTL8C	c3
0.710565394945501	0.134836845170846	0.482	0.507	1	HNRNPH3	c3
0.701289921611134	0.134831555050175	0.345	0.347	1	ADSL	c3
0.731334028480805	0.134693419747797	0.18	0.174	1	GNPAT	c3
0.289929223572021	0.134670718592348	0.067	0.088	1	TIMM21	c3
0.654739434881001	0.134647364594254	0.253	0.285	1	CTSA	c3
0.412943089391366	-0.134643428916843	0.137	0.157	1	AL118516.1	c3
0.864300836275226	0.134591264203646	0.445	0.47	1	GRB2	c3
0.0750522917122726	-0.134508337362384	0.427	0.488	1	PTPN7	c3
0.172885925787479	-0.134498291103617	0.143	0.181	1	ABHD3	c3
0.845468174745577	0.134471564167736	0.043	0.046	1	RAD18	c3
0.224080219687309	-0.13440151044444	0.079	0.102	1	NCAPD2	c3
0.118309996240596	-0.134308428427562	0.421	0.483	1	RAB5IF	c3
0.299315170005294	-0.134295821033462	0.671	0.729	1	SLC25A5	c3
0.883762565867333	0.134285999868464	0.57	0.645	1	IKZF1	c3
0.854877856282453	0.134239948032838	0.101	0.099	1	NOTCH2	c3
0.107881429000726	-0.134193798699011	0.643	0.714	1	SERBP1	c3
0.529544519604971	-0.134121819103951	0.034	0.042	1	SLC25A19	c3
0.285455234438436	0.134028773535412	0.021	0.033	1	GRAMD4	c3
0.289093327074075	-0.134019983847749	0.201	0.233	1	RAB22A	c3
0.0231843468686416	-0.133997490491478	0.418	0.499	1	CREM	c3
0.747996958664005	0.133974596791641	0.104	0.112	1	KBTBD4	c3
0.264732893311335	-0.133962071147756	0.052	0.07	1	TTC27	c3
0.925939856022127	0.133889979269447	0.326	0.342	1	USP16	c3
0.822372587345966	0.13387816673687	0.436	0.444	1	GPBP1	c3
0.896908155290576	0.133845101528642	0.128	0.133	1	BMS1	c3
0.511486949468552	0.133798443791245	0.354	0.354	1	GSPT1	c3
0.94018016762692	0.13370577776818	0.235	0.247	1	COPS8	c3
0.502733953350104	-0.133652827714399	0.107	0.122	1	HIBADH	c3
0.803675658402496	0.133634513771811	0.378	0.385	1	STMP1	c3
0.100695707522111	-0.133594981358091	0.095	0.134	1	CNOT10	c3
0.874481133513667	0.13356151883217	0.104	0.108	1	ABCB8	c3
0.411937401436084	0.133473765988912	0.674	0.704	1	SELENOH	c3
0.932251569323571	0.133435862784929	0.229	0.243	1	ZDHHC12	c3
0.893394701380021	0.133421274372029	0.046	0.048	1	TRBV7-9	c3
0.323100338770188	-0.133416758402543	0.04	0.054	1	KLHL2	c3
0.318786068266125	-0.133396792917662	0.104	0.125	1	ZDHHC7	c3
0.461447606610738	0.133383098382518	0.067	0.081	1	RBFA	c3
0.968314766484951	0.133350375641746	0.015	0.016	1	DNAJC27-AS1	c3
0.49241923322989	0.133283931211748	0.585	0.662	1	CYCS	c3
0.00936809688814798	-0.133265308329932	0.774	0.865	1	SEPT1	c3
0.065092678347717	-0.133206823555075	0.137	0.191	1	GIMAP8	c3
0.100253318050873	-0.133120404975584	0.29	0.349	1	WBP11	c3
0.958459271566913	0.133086577921535	0.28	0.293	1	RBBP7	c3
0.196398903942397	-0.133058095047098	0.36	0.408	1	PSMG2	c3
0.0875379141663131	-0.133055911386557	0.07	0.105	1	NT5C2	c3
0.0383544388033893	-0.133028155204581	0.381	0.473	1	TMED9	c3
0.111477871751887	-0.132954480450292	0.454	0.524	1	RNH1	c3
0.978974467532278	0.132942359140447	0.076	0.076	1	RNF185	c3
0.98469861151032	0.132833639927455	0.369	0.385	1	PRRC2B	c3
0.42220771079075	0.13272547680438	0.021	0.03	1	ATRN	c3
0.0773890594470729	0.132693676573778	0.003	0.016	1	DKK3	c3
0.176078135194299	0.132575964224315	0.338	0.407	1	CD55	c3
0.984053760515295	0.132568167900022	0.284	0.302	1	STARD3	c3
0.767961424496452	0.132548798407325	0.287	0.313	1	ALDH9A1	c3
0.276147661591383	-0.132458740881306	0.171	0.201	1	SLC4A7	c3
0.971282277767945	0.132453332181225	0.027	0.027	1	NBPF3	c3
0.195125712862102	-0.132444588408789	0.265	0.322	1	GID8	c3
0.0352275650044102	-0.132426463263179	0.363	0.456	1	RER1	c3
0.961062510794483	-0.132415291286562	0.012	0.012	1	ADAMTS4	c3
0.284653111855352	-0.132385312180883	0.226	0.262	1	AKR7A2	c3
0.9544894907725	0.132219326357383	0.034	0.034	1	ST20-MTHFS	c3
0.800073349121662	0.132191795612678	0.159	0.171	1	LGALS8	c3
0.0731226819120802	-0.13211014561859	0.137	0.188	1	TSN	c3
0.87141374595236	0.132085794844929	0.128	0.127	1	KAT5	c3
0.354278472145801	-0.132037295471579	0.119	0.142	1	TMEM60	c3
0.372323321379856	-0.132031823611299	0.061	0.077	1	EIF1AD	c3
0.9302756856537	0.131749571285224	0.439	0.459	1	CSNK1A1	c3
0.126425915945784	-0.131726804090947	0.03	0.052	1	KIAA2013	c3
0.205527127026652	0.131664241024802	0.787	0.809	1	UBE2D2	c3
0.233529521146078	-0.13165579401169	0.177	0.213	1	ECHDC2	c3
0.506606381546894	0.131633547323577	0.159	0.178	1	UBAP2L	c3
0.899631803428603	0.131602695970241	0.21	0.224	1	DDA1	c3
0.672034749411683	0.131576816395963	0.201	0.196	1	OXCT1	c3
0.938389744676921	0.131492023226196	0.091	0.096	1	ATG14	c3
0.574575147032096	0.131385137964831	0.101	0.116	1	ZNF592	c3
0.0448626311200634	-0.131373195700786	0.18	0.246	1	DEDD2	c3
0.021550360552063	-0.131324248423921	0.564	0.673	1	SHISA5	c3
0.0801801655566105	-0.131240084707612	0.262	0.318	1	CEP350	c3
0.0600990968119725	-0.131231181123933	0.171	0.227	1	PNKP	c3
0.0901914156382434	-0.131166482837207	0.101	0.142	1	SCRN2	c3
0.911112778425637	0.131119699148696	0.357	0.38	1	TRA2B	c3
0.272490274802102	-0.130958060585488	0.03	0.045	1	GIN1	c3
0.168408239743075	-0.130942464723129	0.107	0.14	1	PRRC1	c3
0.138079983952708	-0.130896846281224	0.61	0.672	1	TERF2IP	c3
0.339832182958582	-0.130886328945653	0.006	0.012	1	KLHL17	c3
0.401291797503082	-0.130823301645705	0.085	0.103	1	MAPK6	c3
0.818513455581156	0.130806188290024	0.14	0.138	1	ANKRD36	c3
0.965153675180554	0.130797646327883	0.067	0.067	1	IRS2	c3
0.774441121462773	0.130654702102299	0.152	0.165	1	PPP1R15B	c3
0.334510981256506	-0.130610574234973	0.073	0.092	1	SPRTN	c3
0.47770097806107	0.13058181325058	0.162	0.187	1	ARL14EP	c3
0.0669370222704363	-0.13057131451037	0.14	0.191	1	DDHD1	c3
0.612409488478132	-0.13056883643607	0.098	0.108	1	PCGF1	c3
0.184450045897477	-0.130511439522997	0.372	0.424	1	DBNL	c3
0.93906192373452	0.130479619174975	0.122	0.123	1	YRDC	c3
0.34386665436319	0.13038392600137	0.159	0.191	1	BOD1L1	c3
0.977210099053985	0.130349969985313	0.256	0.263	1	UBE2V2	c3
0.810276353175486	-0.130320504332772	0.037	0.04	1	NPM3	c3
0.921617374409781	0.130300564722937	0.113	0.117	1	PDS5B	c3
0.713821592108908	0.130293651407108	0.598	0.644	1	ELF1	c3
1	0.130270318617871	0.32	0.34	1	PITHD1	c3
0.137041627668296	-0.130183361917309	0.341	0.403	1	CFLAR	c3
0.811726088143291	0.130165928506388	0.064	0.069	1	NRIP1	c3
0.829409749846111	0.130163661629239	0.152	0.149	1	KANSL2	c3
0.774295329937405	0.130135745344631	0.015	0.018	1	VPS54	c3
0.525694644457544	-0.130079727193659	0.125	0.138	1	PES1	c3
0.900337926759791	0.130043242789942	0.149	0.15	1	FNDC3A	c3
0.294064690702196	-0.12990470204242	0.058	0.076	1	NAA80	c3
0.31608130489701	-0.129881931519176	0.07	0.089	1	ENG	c3
0.624192471900279	0.129864904120538	0.052	0.06	1	TMEM234	c3
0.578273761264562	-0.129820317563456	0.067	0.077	1	TRMT61A	c3
0.0972822789024501	-0.129760968172852	0.055	0.084	1	ANKIB1	c3
0.319948761679327	-0.12969972108692	0.146	0.172	1	MKL1	c3
0.837081741393087	0.129651802782633	0.085	0.089	1	ANKRD46	c3
0.48281898640116	-0.129606365945749	0.064	0.076	1	CDK8	c3
0.0864304204648355	0.129590676553744	0.942	0.96	1	CCNI	c3
0.917871301424924	0.129582496120817	0.012	0.011	1	AC023055.1	c3
0.0921196106990998	-0.129570498137021	0.168	0.219	1	MRPL37	c3
0.16170392075574	-0.129540052567721	0.207	0.252	1	ZBTB8OS	c3
0.837644570649961	0.129492332776328	0.171	0.182	1	EHMT1	c3
0.0532488807605704	-0.129482375815439	0.198	0.26	1	CLIP1	c3
0.784946360847441	0.12942876177706	0.085	0.092	1	HERC5	c3
0.177368845966001	-0.12941679178272	0.299	0.341	1	DR1	c3
0.0561157914289359	-0.129355459845031	0.457	0.555	1	PPP2R5C	c3
0.0583133721777605	-0.12933935487626	0.32	0.389	1	PRMT1	c3
0.580865597751518	0.129325256704206	0.14	0.158	1	MGA	c3
0.633093126983028	0.129315213969092	0.256	0.287	1	BIRC6	c3
0.960316941322438	0.12920804977217	0.213	0.221	1	BORCS5	c3
0.211655121093815	-0.129118180871243	0.134	0.168	1	ESCO1	c3
0.872872923896802	0.129092107034355	0.018	0.02	1	ARL6	c3
0.118420512943106	-0.129070647810282	0.354	0.419	1	BTN3A2	c3
0.423738960152075	-0.129045505821141	0.095	0.11	1	ADNP	c3
0.0354292402250159	-0.129017691097578	0.39	0.481	1	AKNA	c3
0.348435092162736	-0.128888090214433	0.546	0.587	1	NOP10	c3
0.750382180999906	0.128842841135574	0.098	0.093	1	PEX26	c3
0.811260472183585	0.128799563334738	0.268	0.294	1	RPL7L1	c3
0.218652549555	-0.128639169170941	0.213	0.254	1	NBR1	c3
0.558242703883993	0.128627947141108	0.491	0.506	1	TBRG1	c3
0.837228871070901	0.128625097808879	0.131	0.139	1	IREB2	c3
0.120545863567034	-0.128596877488301	0.256	0.31	1	RSU1	c3
0.244059278096004	-0.128590438211669	0.604	0.672	1	ARHGAP15	c3
0.0810467753378563	-0.128548296768951	0.308	0.379	1	NUDC	c3
0.26022649674965	-0.128541727338006	0.134	0.164	1	TMEM101	c3
0.11419258120303	0.128510428980275	0.726	0.747	1	CD247	c3
0.107244033120812	-0.128461918288293	0.171	0.221	1	CUL4A	c3
0.154691274439027	0.128433348398294	0.095	0.128	1	MSMO1	c3
0.175145431145014	-0.128198474894591	0.027	0.045	1	HVCN1	c3
0.980722575541036	0.128193346680356	0.125	0.126	1	LMBR1L	c3
0.948758564574861	0.128191108575123	0.256	0.266	1	FUBP1	c3
0.967333233948222	0.128179129176305	0.305	0.323	1	MRPL18	c3
0.696229849764917	0.128091761989344	0.034	0.039	1	TTLL3	c3
0.736766058113917	0.128037436585693	0.162	0.174	1	MX1	c3
0.358431376567344	-0.128012937778743	0.095	0.114	1	PHKB	c3
0.582437925694172	0.127948551617034	0.143	0.161	1	DPP8	c3
0.726030673746783	0.127942813457187	0.061	0.068	1	KMT2B	c3
0.871538229367854	0.127924931974664	0.116	0.113	1	CREBBP	c3
0.40641894876161	-0.127668162273392	0.034	0.045	1	MEX3C	c3
0.890687884916844	0.127605293894785	0.064	0.062	1	GOLGA8A	c3
0.366907090579402	-0.127529900575832	0.055	0.07	1	MTAP	c3
0.181040428341576	-0.127516743226287	0.174	0.215	1	TIMM17A	c3
0.11056039982026	-0.127512377394003	0.21	0.262	1	ISCA2	c3
0.463628240101426	-0.127455685489595	0.009	0.015	1	FSCN1	c3
0.0921222467888191	-0.12745187982804	0.204	0.259	1	BTG3	c3
0.883184249591015	0.127385839762462	0.201	0.215	1	RAMMET	c3
0.600300334177279	-0.127309890513156	0.04	0.047	1	TOP3A	c3
0.21554624037052	-0.127243051815237	0.253	0.299	1	PRKCQ	c3
0.762596862685197	-0.127210326203167	0.058	0.062	1	ERF	c3
0.470239080489225	-0.127187397521277	0.061	0.073	1	CSPP1	c3
0.617184541238859	0.12718298468694	0.335	0.33	1	TSPAN14	c3
0.343740559191915	-0.127147931119107	0.131	0.156	1	MMGT1	c3
0.0303119929469883	-0.127096682540009	0.082	0.131	1	GALNT2	c3
0.181696631344966	0.127094325884348	0.451	0.424	1	PTBP1	c3
0.156839381157791	-0.127079495063922	0.104	0.137	1	TRIM26	c3
0.0267560210412511	-0.127004282693233	0.152	0.219	1	COMMD2	c3
0.723024207446583	0.126999018176701	0.082	0.089	1	NAA25	c3
0.613244100591413	0.126965696603045	0.168	0.186	1	STX12	c3
0.14008621390935	-0.126949273474004	0.091	0.125	1	CSE1L	c3
0.958305560306932	0.126916932144033	0.494	0.506	1	SCAND1	c3
0.071480895929468	-0.126905408447919	0.378	0.455	1	RAB2A	c3
0.535787643403925	0.12689951255975	0.113	0.128	1	HIBCH	c3
0.30105975993912	-0.126823802745544	0.052	0.07	1	ZNF701	c3
0.0255729035478796	-0.126752958959775	0.939	0.971	1	HNRNPA2B1	c3
0.928347185673109	0.126652240726652	0.296	0.305	1	SVIP	c3
0.768816431415533	0.126579615161072	0.329	0.36	1	PPP1CB	c3
0.25319921682048	-0.126570291076493	0.134	0.163	1	GCH1	c3
0.543187636897039	0.126508528855958	0.061	0.072	1	LMBRD2	c3
0.071347057823087	-0.126505254509057	0.384	0.464	1	MAGOH	c3
0.404784679464924	0.126406987081203	0.131	0.154	1	NOP2	c3
0.728687255075528	-0.12635582774666	0.009	0.011	1	PPP2R3B	c3
0.181576556797343	-0.126309359007474	0.287	0.337	1	SNRPA	c3
0.0940810508241065	-0.126298914834996	0.601	0.683	1	REX1BD	c3
0.958525611669175	0.12624695747358	0.046	0.047	1	PM20D2	c3
0.889945834798316	0.126133714579275	0.073	0.071	1	B4GALT4	c3
0.068979152733703	-0.126049823627721	0.238	0.306	1	FLII	c3
0.804364412433286	0.126013517540159	0.027	0.03	1	MAFK	c3
0.157292354533825	-0.125942796398119	0.113	0.149	1	EMC8	c3
0.537196270523861	-0.125876252488563	0.024	0.031	1	WDR81	c3
0.00544306057784133	-0.125820631309129	0.96	0.984	1	RPL36AL	c3
0.866718330171194	0.125815289796016	0.14	0.146	1	CCNT2	c3
0.813384953306218	0.125800782640494	0.314	0.34	1	SDHA	c3
0.114351932927993	-0.125586303909154	0.189	0.242	1	SPTY2D1	c3
0.219943088557556	-0.125582184089018	0.034	0.051	1	PDCD2L	c3
0.415233634939508	0.12555083159367	0.113	0.136	1	DDX1	c3
0.435868476612198	-0.125516225358068	0.024	0.033	1	CDYL	c3
0.787585068612444	0.125471497003617	0.116	0.124	1	DPH7	c3
0.892258758007303	0.125381080319237	0.082	0.081	1	ZNF383	c3
0.219940910075683	-0.125292568621862	0.274	0.322	1	HIKESHI	c3
0.12473288652242	-0.125217967680739	0.146	0.188	1	BTN3A3	c3
0.251356787459618	-0.125152366950408	0.073	0.096	1	SLC2A1	c3
0.041399628907878	-0.125033998961365	0.335	0.42	1	AC243960.1	c3
0.0607357360515579	-0.124946233447954	0.756	0.789	1	STK17B	c3
0.483629891211306	-0.124699389693689	0.095	0.108	1	AMDHD2	c3
0.652285912313113	0.1246540519888	0.07	0.079	1	GXYLT1	c3
0.820103964204252	0.124629563218269	0.04	0.043	1	ATN1	c3
0.877146914735993	0.124546273099432	0.052	0.054	1	GABPB2	c3
0.251352874942041	-0.124541280552239	0.113	0.142	1	RWDD4	c3
0.505214407179249	-0.124342891947644	0.012	0.018	1	AC104532.1	c3
0.0443056671483562	-0.124319968348257	0.058	0.097	1	WASL	c3
0.962356778844792	0.124193372089867	0.119	0.124	1	PHACTR4	c3
0.711932077073939	0.124122455773518	0.04	0.035	1	RGPD2	c3
0.109671674939293	-0.124075395783069	0.241	0.293	1	NDUFS3	c3
0.203753307307353	-0.12406863343397	0.049	0.07	1	KCTD17	c3
0.475018774340754	-0.123975232783338	0.034	0.043	1	GTF2E1	c3
0.125030915901167	-0.123962634384678	0.128	0.17	1	CSTF2T	c3
0.331437761460164	-0.123910738354214	0.159	0.186	1	TRNAU1AP	c3
0.174894356533774	-0.123817048715103	0.226	0.273	1	DERL2	c3
0.167173973291823	0.123726372017623	0.845	0.855	1	LEPROTL1	c3
0.587657657711881	0.123683416114998	0.305	0.35	1	SYS1	c3
0.82808878579097	0.123552027932355	0.088	0.084	1	SREBF1	c3
0.50261707845133	-0.123492308814163	0.079	0.093	1	RNF25	c3
0.019783079487422	-0.123481869959931	0.948	0.981	1	MT-ND4	c3
0.0719583592815828	-0.123367593384187	0.159	0.209	1	UBE2K	c3
0.340316539146691	-0.123322671895572	0.006	0.012	1	ADAM22	c3
0.663805349696929	-0.123255464868587	0.165	0.174	1	SPTBN1	c3
0.0193952345182589	-0.123234188004843	0.826	0.89	1	GABARAP	c3
0.196202007247972	-0.123139502122908	0.085	0.112	1	WDR59	c3
0.0525083964407515	-0.123109820609785	0.796	0.846	1	HCLS1	c3
0.65785769096347	0.123078754965677	0.195	0.216	1	DIDO1	c3
0.0397654123880589	-0.12306812420252	0.155	0.22	1	KAT7	c3
0.283290995983821	0.123064070890663	0.918	0.929	1	CNBP	c3
0.326578609551985	-0.123049754346997	0.271	0.311	1	RNF5	c3
0.102708633577977	-0.122935219408705	0.131	0.175	1	ATXN1	c3
0.857140103410993	0.122845127700544	0.22	0.235	1	SMS	c3
0.742653920027732	0.122811435732659	0.18	0.194	1	SPART	c3
0.596992739923594	-0.122784299001495	0.055	0.063	1	ZC3H7B	c3
0.0338325156664248	-0.122768024379611	0.509	0.613	1	SRRM1	c3
0.210199097190991	-0.122744044753115	0.052	0.073	1	GALNT7	c3
0.49793305447778	0.12274326492277	0.567	0.607	1	HSPD1	c3
0.631910269297087	-0.122581489758934	0.091	0.101	1	DTWD1	c3
0.999629987647991	0.122567329261765	0.47	0.481	1	TAF1D	c3
0.205598979040227	-0.122554552811992	0.085	0.113	1	IFNAR2	c3
0.201196180625929	-0.122447641298964	0.122	0.153	1	TRMT2A	c3
0.489202596795288	0.122336873886555	0.707	0.726	1	SFPQ	c3
0.171221418915578	-0.122222846787717	0.177	0.221	1	PPP2R5E	c3
0.233525260535365	-0.12210290504846	0.085	0.111	1	ELP3	c3
0.33211880816321	0.122025467763999	0.058	0.075	1	LRCH1	c3
0.273105564432196	-0.121998328889937	0.128	0.158	1	GLB1	c3
0.640975809403986	0.121988059814434	0.143	0.161	1	KDM5B	c3
0.741019039197267	-0.121959239515316	0.03	0.034	1	ACAD10	c3
0.752112596638859	0.121945067338712	0.238	0.26	1	MECP2	c3
0.0171948492201122	-0.121871491180106	0.677	0.768	1	RNASEK	c3
0.710084132435025	0.121782400021881	0.201	0.198	1	ANAPC15	c3
0.403547531994649	-0.121610958977433	0.07	0.086	1	PEMT	c3
0.419254153818002	-0.12158764067272	0.107	0.125	1	ACSS1	c3
0.417857027310454	-0.1215599376884	0.07	0.085	1	SNX27	c3
0.363841336354015	-0.121463997847831	0.034	0.046	1	ANKRD42	c3
0.840798176720544	0.121407454597346	0.119	0.117	1	MSRA	c3
0.629693419740353	0.12136489419387	0.03	0.036	1	MTHFD2L	c3
0.263859420243666	-0.121343946685484	0.201	0.236	1	RIOK3	c3
0.155599133656034	0.121290210892893	0.689	0.68	1	TOMM20	c3
0.678633683452395	0.120924078065343	0.027	0.032	1	ZNF528	c3
0.0842165222392176	-0.120732523399091	0.207	0.262	1	UBLCP1	c3
0.131185066128429	-0.120619191476166	0.515	0.598	1	SELENOF	c3
0.144142355000653	-0.120562226924538	0.076	0.107	1	RBM4B	c3
0.733213016417784	0.12050893319547	0.07	0.077	1	TBC1D7	c3
0.863557543693597	0.120473593004744	0.159	0.168	1	BET1	c3
0.188528771714855	-0.120378821593965	0.049	0.07	1	STRN3	c3
0.0455883064896862	-0.120358868460378	0.18	0.241	1	STIM1	c3
0.967527958373579	0.120288033167442	0.046	0.047	1	ATPAF2	c3
0.821785428821887	0.120222672678165	0.015	0.014	1	ZNF280B	c3
0.999722786233187	0.120076965122541	0.088	0.089	1	PITRM1	c3
0.71890513651279	-0.120041478783725	0.015	0.012	1	SHPK	c3
0.815270643204929	0.12000557717858	0.027	0.03	1	PCAT1	c3
0.332285735640459	0.119991730727081	0.095	0.117	1	FAM160B1	c3
0.203356326923017	-0.1199878382071	0.122	0.154	1	DTX3L	c3
0.360372108534575	0.119845814194338	0.037	0.05	1	ATG4A	c3
0.143587605456909	-0.119706623447537	0.226	0.28	1	NAA20	c3
0.297520842503594	-0.119686685023206	0.131	0.158	1	NIPSNAP2	c3
0.197025693248233	-0.119663219386232	0.332	0.387	1	MEA1	c3
0.683430049607678	0.119598846451535	0.436	0.458	1	MAPK1IP1L	c3
0.94645467122099	0.119576149303922	0.277	0.286	1	MRPS5	c3
0.325295627787221	-0.119451000859609	0.052	0.069	1	BPNT1	c3
0.942982116400361	0.119442604551805	0.253	0.259	1	DDX27	c3
0.268502638278382	-0.119424013744827	0.122	0.149	1	TSPAN31	c3
0.24130433438448	0.119389174532651	0.043	0.06	1	GEM	c3
0.62256336458438	0.119355572559287	0.058	0.067	1	PPAT	c3
0.250309420760794	-0.119351818509459	0.576	0.632	1	CLEC2D	c3
0.190655388373471	-0.119199609972969	0.22	0.265	1	SMIM19	c3
0.726388835516349	0.119160460296881	0.024	0.028	1	ALG14	c3
0.656258537763052	-0.11909071496539	0.024	0.029	1	NUDT8	c3
0.11784125578217	-0.119072363082181	0.11	0.15	1	CPT1A	c3
0.450375709587979	0.118999501285777	0.085	0.102	1	TRAK2	c3
0.478990739809653	0.118948690536728	0.015	0.022	1	CDK20	c3
0.537192037018079	0.118836397021052	0.189	0.216	1	TRAPPC2B	c3
0.503364297787785	-0.11877258230787	0.079	0.092	1	RNF8	c3
0.292740242212203	0.118717681492492	0.677	0.69	1	ATP5IF1	c3
0.480882625338478	-0.118710552764008	0.152	0.171	1	MAPKAP1	c3
0.949197085524212	0.118706318973466	0.043	0.044	1	DAG1	c3
0.67848392197488	0.118691905744027	0.14	0.13	1	ATF6	c3
0.464317852095994	-0.118646104236193	0.128	0.145	1	LRIF1	c3
0.639704466825138	0.118618412363511	0.204	0.227	1	ASXL1	c3
0.942260489894341	0.118604384593583	0.567	0.576	1	TC2N	c3
0.616646481356632	0.118475702998588	0.235	0.261	1	TIA1	c3
0.152451655573443	-0.118425515626343	0.229	0.28	1	NRDC	c3
0.841440171716273	0.118388827206166	0.448	0.455	1	RBM4	c3
0.757139093612951	0.11834351383366	0.098	0.106	1	IFFO1	c3
0.364896209265499	0.118256582258814	0.695	0.733	1	ARL6IP4	c3
0.0362844479704483	-0.118226416530305	0.027	0.057	1	TSPOAP1	c3
0.322632977857269	-0.118172763280316	0.122	0.144	1	ELK1	c3
0.660177685417717	0.118167553405025	0.024	0.029	1	HIC2	c3
0.241591225145623	0.117909761956877	0.015	0.027	1	RALGPS1	c3
0.305141230444693	0.117905547068261	0.101	0.126	1	PSMG1	c3
0.17593532290488	0.117899476809597	0.314	0.376	1	RSBN1L	c3
0.192162423706303	-0.117822470877646	0.107	0.137	1	STK40	c3
0.481075505375767	0.117803810857326	0.095	0.11	1	PIK3CG	c3
0.695424362954977	0.117770565574935	0.095	0.104	1	BTD	c3
0.18294411892267	-0.117661108695553	0.21	0.258	1	SDAD1	c3
0.448093669457367	-0.117620580443084	0.11	0.126	1	NAALADL1	c3
0.805691728627822	0.117446384642448	0.024	0.027	1	WIZ	c3
0.19360998327034	-0.117389864483589	0.466	0.521	1	SSB	c3
0.47374653141594	0.117338976333454	0.134	0.155	1	TRPM7	c3
0.159518872197454	-0.117288626879514	0.128	0.168	1	APIP	c3
0.176541087116464	-0.11725271135836	0.134	0.171	1	TIMM50	c3
0.560998112160217	0.117222484651637	0.091	0.105	1	SEC22A	c3
0.365863273659809	-0.11715114263067	0.125	0.147	1	AP4B1	c3
0.0594243503301627	-0.117130673734803	0.354	0.43	1	RABGAP1L	c3
6.15408610199804e-05	0.117120608130388	0.997	1	0.81504716334862	RPL7A	c3
0.954070068322482	0.117073230980317	0.155	0.159	1	RCE1	c3
0.446996238464931	0.117032259687064	0.595	0.615	1	RNF149	c3
0.899920314205179	0.117004916952997	0.183	0.194	1	MBTPS1	c3
0.607228084455352	0.116954073671876	0.024	0.03	1	AC107959.1	c3
0.0242127089323578	-0.116915517456285	0.454	0.559	1	DOCK8	c3
0.235224028475103	-0.11688510428377	0.098	0.123	1	GLMN	c3
0.0944882331587175	-0.116842264549129	0.47	0.557	1	UBE2V1	c3
0.290360897864911	-0.116648469420308	0.247	0.283	1	E2F4	c3
0.212317428582951	-0.116641708419298	0.201	0.239	1	ARAF	c3
0.338404184423268	-0.11658782992307	0.192	0.22	1	C15orf61	c3
0.573800408912694	0.116582302288493	0.061	0.072	1	PTER	c3
0.31709245145104	-0.116176220918661	0.274	0.316	1	ORAI1	c3
0.197186161613181	-0.116154213941347	0.207	0.254	1	RPS6KB2	c3
0.807336042708566	0.116119167023215	0.137	0.145	1	TBC1D14	c3
0.212010876106621	-0.116028805333111	0.497	0.553	1	AIP	c3
0.260960209295339	-0.116005955777507	0.192	0.23	1	NUTM2A-AS1	c3
0.21502752629657	-0.115974559643166	0.095	0.123	1	BOP1	c3
0.15937257514263	-0.115880270542336	0.409	0.479	1	SIVA1	c3
0.844177988844634	0.115875797924455	0.515	0.561	1	NME3	c3
0.573705808408652	-0.115835102435139	0.03	0.037	1	PMEPA1	c3
0.858779256521131	0.115831380309662	0.454	0.494	1	NAP1L4	c3
0.487351667558848	-0.11581226433294	0.006	0.01	1	TRAV34	c3
0.303076046631624	-0.115720210042374	0.104	0.128	1	PCNA	c3
0.191273711191307	-0.115703125558937	0.067	0.092	1	ZBTB17	c3
0.680935220970903	0.115699286835033	0.171	0.188	1	CCNQ	c3
0.915220924353694	0.115694042479065	0.119	0.124	1	NUBP1	c3
0.133940880389825	-0.115677771822843	0.131	0.172	1	NCSTN	c3
0.167747902301737	-0.11567429770973	0.122	0.157	1	HIST1H1C	c3
0.201557345751977	-0.115627720750825	0.268	0.317	1	CERK	c3
0.231002124961799	-0.115616967463839	0.076	0.102	1	KHNYN	c3
0.456737869976312	0.115605585929445	0.668	0.694	1	SNU13	c3
0.57303613004656	-0.115563870969615	0.034	0.041	1	P2RX7	c3
0.373261357202274	-0.115548243986351	0.165	0.188	1	FMC1	c3
0.207568913069505	0.115483789710119	0.704	0.742	1	NDUFB11	c3
0.636921905368894	0.115472528848038	0.32	0.352	1	MRPL3	c3
0.0912309554377793	-0.115356035954531	0.445	0.53	1	SDHD	c3
0.0865590874740406	-0.115338714235757	0.409	0.481	1	SNX17	c3
0.0288361639995956	-0.115315618559787	0.146	0.205	1	UBE2D1	c3
0.985202652916415	0.115292535403162	0.122	0.123	1	ZNF414	c3
0.269715619837747	-0.115199921730184	0.061	0.081	1	COQ9	c3
0.00116805568832799	0.115176071551142	0.994	1	1	RPS24	c3
0.837620572093378	0.115148826396298	0.052	0.055	1	GEMIN5	c3
0.225517658021439	-0.115090007822683	0.03	0.047	1	ZNF614	c3
0.0348448734683307	-0.115080663999688	0.802	0.855	1	RAN	c3
0.826712694644148	0.115007356301035	0.345	0.351	1	NUDT21	c3
0.276264441635406	0.114996725223672	0.152	0.186	1	TMEM87B	c3
0.479073840550636	0.114952886085986	0.759	0.766	1	ACAP1	c3
0.529317706420196	0.114770162582007	0.021	0.028	1	RNASEH1-AS1	c3
0.686106007995718	0.114769854275576	0.067	0.075	1	ACADSB	c3
0.640738341937374	0.11471153197666	0.143	0.158	1	PYROXD1	c3
0.19623770346233	-0.114634490705771	0.396	0.447	1	WASF2	c3
0.955084485189893	0.114575193730926	0.305	0.328	1	CASP8	c3
0.789232866479537	0.114538584826226	0.268	0.29	1	SHARPIN	c3
0.23831280278806	-0.114508680384892	0.07	0.093	1	COG2	c3
0.767826168985279	0.114508258901698	0.07	0.077	1	RNF121	c3
4.72092814823911e-05	-0.114470630263994	0.957	0.986	0.625239723952788	SRGN	c3
0.139422856639904	-0.114340192831197	0.183	0.228	1	CCNK	c3
0.234690079281785	-0.114244443930397	0.128	0.159	1	ZMPSTE24	c3
0.167660075756975	-0.11419019752038	0.177	0.221	1	NRBF2	c3
0.764420728639648	0.114169432256517	0.561	0.604	1	NDUFB9	c3
0.109051179241389	-0.114100959813811	0.067	0.099	1	HMGCL	c3
0.255932268822796	-0.114072565968459	0.146	0.179	1	GGA2	c3
0.245907133074572	-0.114045675695686	0.021	0.034	1	GSTZ1	c3
0.761011194174672	0.114012441529377	0.095	0.102	1	FAHD2B	c3
0.237786870508029	-0.113965544140048	0.229	0.271	1	CDC73	c3
0.0501827692226879	-0.113930059165603	0.701	0.753	1	HIST1H4C	c3
0.110454320933705	-0.113870135085223	0.247	0.309	1	VPS36	c3
0.707061836971512	0.113746479175552	0.207	0.228	1	USP11	c3
0.528165691300246	-0.113741530523735	0.186	0.204	1	NFAT5	c3
0.13884204962006	-0.113571937905453	0.259	0.315	1	PYHIN1	c3
0.359346041721688	-0.113386703024791	0.098	0.118	1	BRCC3	c3
0.228607707172322	-0.113341904686789	0.235	0.285	1	RRAGA	c3
0.389682250930786	-0.113329450664024	0.146	0.17	1	GIGYF2	c3
0.483697635614942	-0.113322230040322	0.098	0.111	1	NR2C2AP	c3
0.669873155275931	0.113254585029338	0.046	0.052	1	JHY	c3
0.809023982918943	0.113098019291239	0.04	0.036	1	UBXN8	c3
0.44170563852255	0.113072736508522	0.076	0.093	1	TTC31	c3
0.229943226739103	-0.11305023272697	0.143	0.176	1	EDEM3	c3
0.839792851236344	0.112976594843975	0.244	0.261	1	BAG1	c3
0.413904476588962	-0.112796945277842	0.021	0.03	1	FAM214B	c3
0.321365334387863	-0.11260603701219	0.171	0.201	1	MRPL17	c3
0.483652234438823	0.112590875689124	0.067	0.08	1	CEP192	c3
0.202524757068267	-0.112550154750513	0.119	0.151	1	CD2AP	c3
0.915405666832292	0.112466263450599	0.101	0.1	1	SUGP2	c3
0.592651943606456	0.112439997210403	0.372	0.363	1	NDUFA11	c3
0.874429081869736	0.112342170900759	0.146	0.153	1	PTCD3	c3
0.500935828784681	0.112300650110716	0.024	0.032	1	TECPR2	c3
0.051362469427692	-0.112294359492401	0.11	0.158	1	GPR132	c3
0.0841491976707091	-0.112151374781166	0.613	0.706	1	NME2	c3
0.194272586771283	-0.112134204907849	0.052	0.074	1	PURB	c3
0.747102245296463	0.112130506855571	0.21	0.229	1	BLCAP	c3
0.648991514654256	0.112037360169254	0.366	0.414	1	GGNBP2	c3
0.265534861006858	0.111974580132447	0.076	0.101	1	SLC39A9	c3
0.152587305218394	-0.111910604747351	0.119	0.154	1	UBA5	c3
0.843435741504187	0.111755751589771	0.119	0.126	1	EDEM1	c3
0.4057912664523	-0.11171470011086	0.006	0.011	1	PDE1B	c3
0.682666436924457	0.111605864860567	0.159	0.173	1	SFT2D2	c3
0.596797793587634	0.111605715593798	0.113	0.127	1	NTAN1	c3
0.67769400286643	0.111578353696125	0.549	0.584	1	PRMT2	c3
0.2601959524473	-0.11150199477553	0.058	0.078	1	RASGRF2	c3
0.769498154474599	0.1114869409769	0.512	0.541	1	CD47	c3
0.0664037835998453	-0.111414201354915	0.567	0.662	1	FLT3LG	c3
0.0624744111736209	-0.111313003007331	0.381	0.467	1	RSF1	c3
0.629275375609792	0.111266594218669	0.009	0.012	1	POLR2J2	c3
0.183229076942745	-0.111262419124128	0.207	0.254	1	NPEPPS	c3
0.11628701232915	-0.111226136386934	0.378	0.436	1	NDUFB1	c3
0.229297519696263	-0.111186370952159	0.229	0.268	1	PYCR2	c3
0.94394185808143	0.111175298572361	0.262	0.281	1	CCSER2	c3
0.14814053783894	-0.111111030524962	0.082	0.113	1	POC1B	c3
0.394733172311076	-0.111089054646613	0.207	0.234	1	VPS26B	c3
0.223010436226967	-0.111014763925381	0.284	0.332	1	PRKCSH	c3
0.0709437124777728	-0.110989655302694	0.768	0.828	1	HNRNPF	c3
0.747873822474961	0.110816405137962	0.113	0.123	1	ATG13	c3
0.213018339516611	-0.110691066111471	0.155	0.191	1	PLPBP	c3
0.627789216127679	0.110674628593902	0.125	0.14	1	WASHC2C	c3
0.966060416390682	-0.110663012788318	0.012	0.012	1	TRBV24-1	c3
0.790932393320418	0.110635866977962	0.079	0.085	1	MTG2	c3
0.794423935444044	-0.110625918493223	0.04	0.043	1	IFT22	c3
0.656834832302257	-0.110619633750217	0.043	0.049	1	APBB3	c3
0.779272383867197	0.110524542470861	0.137	0.149	1	RHNO1	c3
0.080223253722959	-0.110434096868167	0.091	0.13	1	KDM5C	c3
0.965560383305527	0.110391510657588	0.03	0.031	1	HNRNPUL2-BSCL2	c3
0.906977850508302	0.110365146720751	0.113	0.111	1	ABHD12	c3
0.117640955062691	-0.110363419439929	0.107	0.144	1	HCFC1	c3
0.225828780903421	-0.110253377213681	0.088	0.116	1	MRPL35	c3
0.626650822122182	-0.110241757910695	0.009	0.012	1	ASF1B	c3
0.0548056900245546	-0.110235595198024	0.476	0.575	1	TAF7	c3
0.0616072314145942	-0.110180178747115	0.223	0.284	1	MTIF3	c3
0.276068519993577	-0.110121649560211	0.235	0.278	1	NAAA	c3
0.390295034812387	-0.110057199714646	0.098	0.116	1	B3GALT6	c3
0.459553476074846	-0.110018443421218	0.354	0.378	1	CHIC2	c3
0.11196945969125	-0.109991996178671	0.128	0.173	1	LUC7L	c3
0.198441790214387	-0.109989969423011	0.235	0.273	1	NORAD	c3
0.87230645848259	0.109988489629555	0.018	0.02	1	YOD1	c3
0.433412278108979	0.109980968744531	0.232	0.273	1	BLOC1S4	c3
0.838633930392937	0.109898821371526	0.113	0.119	1	SDE2	c3
0.314495541556439	0.109893289669352	0.152	0.185	1	MRPS10	c3
0.903241250518566	0.109877408072576	0.149	0.155	1	CRCP	c3
0.631248086772765	-0.109796352801463	0.018	0.023	1	MTMR8	c3
0.680786640036523	0.109794827101421	0.232	0.252	1	NELFE	c3
0.330777932965745	-0.109735056174282	0.049	0.065	1	NCK1-DT	c3
0.627906758338289	0.109548219545884	0.122	0.135	1	KIN	c3
0.38421528901812	-0.109441552999301	0.03	0.042	1	SLC12A2	c3
0.733572665090737	0.109422322174525	0.22	0.238	1	USP47	c3
0.120320453911533	-0.10937952147774	0.168	0.209	1	HEXA	c3
0.408109271073522	-0.10923525722681	0.119	0.14	1	GTPBP8	c3
0.670795886937146	0.109115448080046	0.229	0.249	1	TDG	c3
0.141584673466093	-0.109113336622166	0.067	0.096	1	PUDP	c3
0.651691672288923	0.108957155192327	0.04	0.046	1	PPP1R3F	c3
0.239843329060017	-0.108929260297444	0.064	0.085	1	EIF2AK4	c3
0.233365825774355	0.108911148977293	0.015	0.027	1	MED18	c3
0.715505663824804	0.108824252622198	0.302	0.306	1	ACIN1	c3
0.632987518177832	0.108821725587064	0.076	0.085	1	AIG1	c3
0.879137266112516	0.108819588000131	0.323	0.344	1	FAAP20	c3
0.819859293315842	0.108799208649467	0.113	0.109	1	NBAS	c3
0.346943381395306	-0.108725099078096	0.232	0.265	1	PRPF31	c3
0.552882898345121	-0.108647688535149	0.027	0.034	1	AC016065.1	c3
0.545661387226601	0.108631938793156	0.07	0.082	1	DAPK3	c3
0.386087790940545	0.108616707768066	0.573	0.574	1	MATR3.1	c3
0.715498253308512	0.108615717181451	0.466	0.487	1	ILF2	c3
0.94846308941965	0.108466439029511	0.067	0.069	1	CLEC16A	c3
0.87005863605936	0.108364441556397	0.247	0.25	1	NUP210	c3
0.819882379581475	0.108321233639673	0.162	0.172	1	TOMM40	c3
0.638963738418875	0.10831662067636	0.125	0.139	1	ENTPD4	c3
0.192320183306219	-0.108307767461319	0.384	0.447	1	OPTN	c3
0.302907845777174	-0.10827595641254	0.326	0.373	1	KCNAB2	c3
0.0391868635055496	-0.108238522004169	0.314	0.396	1	FBXO7	c3
0.017300871482492	-0.107928700559166	0.375	0.468	1	DYNLT1	c3
0.578411382505256	-0.107877022214845	0.012	0.017	1	NADK2	c3
0.255890560905105	-0.107750950096849	0.165	0.197	1	PDHA1	c3
0.718987521240868	-0.107725598278063	0.149	0.142	1	TRAV8-2	c3
0.316902181494742	-0.107713999797551	0.076	0.095	1	AC087239.1	c3
0.683415351088625	0.107677890006501	0.54	0.546	1	RBM25	c3
0.701393566854723	0.107670235735244	0.177	0.166	1	TFDP1	c3
0.657999221522092	-0.107663521494132	0.024	0.029	1	AC092683.1	c3
0.587743026660447	0.107642290396643	0.107	0.119	1	STRN	c3
0.931944024300927	0.107590731808449	0.107	0.109	1	AP2A2	c3
0.504101878296114	-0.107572859204782	0.04	0.049	1	G6PC3	c3
0.462942245421802	0.107557873812802	0.061	0.075	1	TBC1D13	c3
0.581046738615601	-0.107545828482606	0.107	0.119	1	VEZT	c3
0.920334242814108	0.107512709669178	0.378	0.415	1	RAB11A	c3
0.626980097415143	0.107511059154457	0.067	0.076	1	DUS1L	c3
0.959472656182193	0.10744108439083	0.024	0.024	1	RMI1	c3
0.629487678292813	0.107431102333762	0.055	0.063	1	ANKAR	c3
0.524504762690851	-0.10743094676916	0.079	0.092	1	ASH2L	c3
0.675929752632533	-0.107368176530168	0.055	0.061	1	GOLGA1	c3
0.318539232618382	0.10733284627758	0.061	0.079	1	STRADA	c3
0.294389523214596	-0.107324315583109	0.07	0.091	1	PITPNM1	c3
0.402224293392329	0.107214089930923	0.085	0.103	1	SIK1	c3
0.10632370140513	-0.107183050644939	0.36	0.442	1	DGUOK	c3
0.933762065434687	0.107096436443134	0.055	0.054	1	RPAP1	c3
0.939964588347029	0.107032739453545	0.11	0.113	1	PIK3C3	c3
0.109067479546318	-0.106905492254172	0.168	0.215	1	GNA13	c3
0.225986781905324	-0.106867049822842	0.36	0.413	1	TKT	c3
0.782371504633771	0.106780257812093	0.159	0.172	1	ATP6V1B2	c3
0.961322102395446	0.106758901663204	0.125	0.127	1	FAM208B	c3
0.277856703965732	-0.106670456688816	0.268	0.308	1	GNPTG	c3
0.0811444898006917	-0.106646249823395	0.381	0.463	1	TMCO1	c3
0.787148237317118	-0.106645695692884	0.021	0.024	1	POLE	c3
0.106679428650818	-0.106641224364693	0.128	0.175	1	CRLS1	c3
0.96284052209559	0.106414068744868	0.018	0.019	1	NCEH1	c3
0.660261416897449	0.106406331541967	0.238	0.257	1	KRR1	c3
0.32531778879496	-0.106386389735814	0.177	0.209	1	POLR3K	c3
0.950172219642898	0.106366036458595	0.207	0.208	1	USP48	c3
0.23026218948317	0.10635831465154	0.146	0.184	1	ATG4B	c3
0.735723314567478	-0.106212043755433	0.027	0.031	1	CSNK1E	c3
0.735876587508916	-0.10619682525788	0.079	0.085	1	PDHX	c3
0.328511116072702	0.106081107371321	0.027	0.04	1	ZNF571	c3
0.540503242191899	0.105879888371541	0.119	0.136	1	ATG4D	c3
0.75147227094659	0.105847171003326	0.03	0.034	1	CNOT6	c3
0.749527185574872	0.105787576197969	0.07	0.065	1	NRROS	c3
0.478284945079365	-0.105708948350833	0.061	0.073	1	PDPR	c3
0.8685093292742	0.105707626574822	0.488	0.503	1	NCF1	c3
0.515591255285967	0.105637326515116	0.195	0.221	1	ATAD1	c3
0.794006688646652	0.105585204432293	0.064	0.069	1	HCCS	c3
0.681402793716691	-0.105519092827115	0.015	0.019	1	DOLK	c3
0.740768815171765	0.10545340865887	0.247	0.264	1	ECHDC1	c3
0.555161523190165	0.105448593724391	0.034	0.042	1	AC019205.1	c3
0.0433422487759754	-0.105404862614126	0.195	0.264	1	ATF1	c3
0.001780485706515	0.105283805399177	0.985	0.999	1	RPSA	c3
0.0867493894923338	-0.105242410572907	0.927	0.971	1	ATP5MG	c3
0.970417879086708	0.105230462702037	0.47	0.496	1	ZC3HAV1	c3
0.574530694259873	0.105179648620342	0.076	0.089	1	PMS2	c3
0.55855703967331	0.105131492098798	0.14	0.157	1	SEC14L1	c3
0.432111579528543	-0.104919937165985	0.098	0.114	1	RASSF2	c3
0.544000912000941	-0.104915878174226	0.192	0.209	1	TMEM71	c3
0.858799144009247	0.104905825717983	0.354	0.393	1	YTHDF2	c3
0.507256982330931	0.104860643863056	0.345	0.336	1	ZMAT2	c3
0.615413967200158	0.104829347498715	0.061	0.071	1	MRPL12	c3
0.236145617658969	-0.104786347608322	0.006	0.015	1	MOK	c3
0.561935165090017	0.104709994327378	0.784	0.816	1	ATP6V0E1	c3
0.0767949547569641	-0.104688803256871	0.049	0.079	1	HDAC8	c3
0.901028007390692	0.104653624348654	0.049	0.051	1	CEP44	c3
0.0749776433982651	-0.104597924013208	0.134	0.182	1	XPNPEP1	c3
0.159248776104703	-0.104539360251179	0.152	0.194	1	MRPS23	c3
0.476663010400834	0.104533614029279	0.101	0.118	1	WDR5	c3
0.616171167132974	0.104530801401469	0.165	0.184	1	NIPA2	c3
0.65875684205826	0.104524424147552	0.095	0.104	1	SMARCAD1	c3
0.817213333453489	0.104480860856723	0.07	0.074	1	LZTR1	c3
0.163535207497718	-0.104463106882731	0.091	0.123	1	VPS13D	c3
0.766307784308953	-0.104380440322419	0.052	0.056	1	ZNF605	c3
0.53001232825555	0.10435813103373	0.159	0.181	1	MED16	c3
0.344415067652731	-0.104342585470469	0.104	0.126	1	LNPK	c3
0.368423898525455	-0.104278999356322	0.061	0.076	1	TRAPPC13	c3
0.753403668955128	0.104230419399593	0.384	0.426	1	PARP1	c3
0.687132209773663	-0.104104776581531	0.082	0.089	1	NHEJ1	c3
0.329555793945582	0.104076927784398	0.061	0.079	1	TRAV16	c3
0.239898211414399	0.104060108826152	0.18	0.215	1	USP34	c3
0.627925548032617	0.103706226078039	0.043	0.05	1	TMEM79	c3
0.908596082782546	0.103676052474703	0.101	0.105	1	C2orf69	c3
0.567550459930751	0.103611133922303	0.027	0.034	1	PQLC2	c3
0.566760477699712	-0.103597160419378	0.034	0.041	1	GDF11	c3
0.699428909684932	-0.103576391015201	0.018	0.022	1	LRFN3	c3
0.493150805250368	-0.103344815112852	0.027	0.035	1	RBBP9	c3
0.988316108953984	-0.103270151434315	0.027	0.027	1	RNLS	c3
0.560703801327482	0.10319995351728	0.055	0.066	1	METTL25	c3
0.0809275684072808	-0.103183396015384	0.515	0.607	1	RCSD1	c3
0.306873177066167	0.103068733487225	0.146	0.177	1	CKAP2	c3
0.69152251348373	0.103064755871194	0.152	0.169	1	ECSIT	c3
0.951377396672688	0.103054312385036	0.052	0.053	1	AC009779.3	c3
0.64355251082292	0.102988430421396	0.244	0.267	1	SNAP23	c3
0.998550198757219	0.102953831589557	0.064	0.065	1	SLC39A3	c3
0.405955552027692	-0.102897062242076	0.037	0.048	1	ZFP82	c3
0.842043764610149	0.102892934173416	0.512	0.547	1	C8orf59	c3
0.767922684813688	0.102821941781927	0.393	0.421	1	MIER1	c3
0.713040912329276	-0.102794112430454	0.067	0.073	1	KDM4B	c3
0.354626934664254	-0.102721574937731	0.058	0.074	1	RFX1	c3
0.127766972361963	-0.102714617536676	0.122	0.163	1	ARID2	c3
0.926927888925274	0.102693657579767	0.168	0.176	1	DNAJC9	c3
0.217444105630953	-0.102657939890755	0.131	0.164	1	GMDS	c3
0.604724360886311	-0.102641481129584	0.015	0.02	1	AC034236.2	c3
0.572847450530655	0.102620366756027	0.079	0.092	1	FBXO38	c3
0.621286458118183	0.102574813744533	0.14	0.157	1	TRAPPC12	c3
0.399666435672247	-0.10249850008914	0.402	0.442	1	MRPL54	c3
0.310293071998794	-0.102308742648273	0.064	0.082	1	CYP51A1	c3
0.666506361328825	0.102231634535067	0.073	0.082	1	CCDC127	c3
0.809251503860456	0.102194009793451	0.53	0.543	1	VDAC2	c3
0.138653262137253	-0.102150201309584	0.162	0.205	1	SRPRB	c3
0.196566354393327	-0.102134301091711	0.189	0.229	1	NUDT1	c3
0.656019802683815	0.102132367426463	0.034	0.04	1	CHIC1	c3
0.374679198575356	0.102064336796297	0.14	0.164	1	PTEN	c3
0.375761909313025	0.101981474239962	0.448	0.516	1	SNX6	c3
0.363615735781328	0.101865886834163	0.055	0.071	1	KLHL21	c3
0.806504063133467	0.10183621402862	0.515	0.545	1	HNRNPM	c3
0.28838574090646	-0.101710571651404	0.701	0.778	1	TRMT112	c3
0.539614903700991	0.101691989368963	0.024	0.019	1	AC132192.2	c3
0.195325882620032	-0.101673660781057	0.07	0.095	1	ZDHHC5	c3
0.439689637123777	-0.101640520061254	0.442	0.48	1	UBAC2	c3
0.37598293088732	-0.101601360697827	0.088	0.107	1	SHLD2	c3
0.680753604750887	0.101597936768374	0.213	0.231	1	CLK4	c3
0.575323950223226	0.101529927842008	0.101	0.113	1	SMYD3	c3
0.0743918498556032	-0.101503372623449	0.421	0.522	1	DOK2	c3
0.921866763227556	0.101464200082002	0.241	0.252	1	MRPS18B	c3
0.124107361635334	-0.101440747838587	0.244	0.298	1	BDP1	c3
0.234452565675557	0.101364796161144	0.204	0.249	1	ZNF146	c3
0.471230361383135	-0.101322920376002	0.04	0.05	1	RBM43	c3
0.72718522715999	0.101280095925169	0.119	0.128	1	ULK3	c3
0.470302514510527	0.101267216317919	0.082	0.097	1	PAFAH1B2	c3
0.232586566557175	0.10117404685453	0.198	0.249	1	FASTK	c3
0.271188449101443	-0.101166148039483	0.091	0.114	1	BRAP	c3
0.422138965311562	-0.101117389729111	0.061	0.075	1	CDKAL1	c3
0.205672831481344	-0.101088064387649	0.177	0.219	1	ASXL2	c3
0.791010301483051	0.101032089868639	0.143	0.152	1	AARSD1	c3
0.681879727348719	0.100978255704535	0.14	0.155	1	AP3M1	c3
0.233966669558985	-0.100915303777293	0.018	0.031	1	FAM219A	c3
0.748119799558369	0.100900064544084	0.183	0.197	1	GOSR1	c3
0.123077954457634	-0.100808068579906	0.384	0.462	1	ATP6V0B	c3
0.490679583073056	0.100750251333134	0.024	0.032	1	KCNK5	c3
0.718262010347868	-0.100660231945391	0.046	0.051	1	GEMIN2	c3
0.436315174178254	-0.100558640543593	0.073	0.088	1	FAM160A2	c3
0.897883256804206	0.100517051874794	0.04	0.042	1	VNN2	c3
0.824364570675376	0.100432081055113	0.433	0.45	1	TCF25	c3
0.483218767993578	-0.100388697164328	0.07	0.083	1	PLCD1	c3
0.370956046018033	0.100387111735228	0.091	0.113	1	FAR1	c3
0.200833398288523	-0.1002447070695	0.21	0.254	1	FBXL3	c3
0.222396718274659	-0.100102357800707	0.037	0.054	1	MARCH8	c3
0.436487554702961	-0.100076770255655	0.146	0.166	1	LRRC47	c3
0.274968405140158	-0.100055590794785	0.04	0.056	1	SGSM2	c3
0.7324036242775	0.100015311568673	0.183	0.2	1	MLLT10	c3
0.0928053002316823	-0.100010832758697	0.732	0.789	1	ATP5F1D	c3
0.879779707332407	0.100005237333346	0.171	0.178	1	GAPVD1	c3
