p_val	avg_log2FC	pct.1	pct.2	p_val_adj	gene	seurat_clusters
1.76157965286252e-198	4.99911405708723	0.867	0.033	2.33303609225112e-194	CD8B	c2
2.07566089800866e-197	5.14876637811607	0.916	0.088	2.74900529332267e-193	CD8A	c2
1.00601341222883e-190	7.26957507954896	0.771	0.009	1.33236416315586e-186	KLRD1	c2
1.49730000064131e-174	4.1751387199277	0.961	0.201	1.98302412084935e-170	NKG7	c2
8.64645191240038e-148	2.90505952295328	1	0.548	1.14513609127831e-143	CCL5	c2
2.08990303645509e-133	7.03367728553182	0.569	0.006	2.76786758148113e-129	CD160	c2
3.15897789379532e-127	6.57277752966919	0.578	0.018	4.18375032254252e-123	LINC02446	c2
2.07480742445905e-125	6.59587006080152	0.569	0.016	2.74787495295356e-121	XCL2	c2
6.92390608864183e-110	6.1884526673548	0.539	0.024	9.17002122379724e-106	XCL1	c2
1.38041425022939e-107	3.13677630542546	0.786	0.177	1.82822063300381e-103	ITGAE	c2
2.64866289425467e-104	3.12227978679628	0.696	0.097	3.50788913715088e-100	CCL4	c2
6.22626437794893e-101	4.40688035547603	0.717	0.152	8.24606454215556e-97	GZMA	c2
2.69507721255655e-98	6.50882784280182	0.467	0.016	3.56936026030989e-94	GZMB	c2
1.12286560580385e-91	5.01992783110421	0.443	0.015	1.48712320832662e-87	CD244	c2
7.6316958146497e-89	3.19677420486525	0.642	0.11	1.01074179369221e-84	AOAH	c2
6.22382042771101e-82	3.75713922315244	0.491	0.044	8.24282777446046e-78	DUSP4	c2
2.75971373699379e-81	1.57113046964018	0.988	0.87	3.65496487327458e-77	CD7	c2
3.97573902144939e-80	3.98994319539463	0.512	0.061	5.26546876000758e-76	HLA-DRB1	c2
1.62001305851311e-79	7.02137319466243	0.37	0.008	2.14554529469476e-75	ZNF683	c2
2.49735076484503e-79	-0.591153779801206	1	0.998	3.30749135296075e-75	RPL30	c2
6.76391479216769e-78	4.2703192610504	0.416	0.023	8.95812875074689e-74	PECAM1	c2
3.59071915082012e-77	2.34072513350461	0.807	0.276	4.75554844334617e-73	HOPX	c2
6.79737382457182e-75	-3.98575489505162	0.066	0.685	9.00244189326292e-71	CD40LG	c2
6.92848124594916e-75	10.2284182712344	0.322	0	9.17608056213507e-71	KLRC3	c2
1.15972625080261e-74	1.72481775343493	0.949	0.527	1.53594144656298e-70	CST7	c2
1.1256357880293e-73	-0.520859239270113	1	0.998	1.49079203766601e-69	EEF1A1	c2
5.20471445334788e-73	6.50407761450795	0.331	0.004	6.89312382201393e-69	CRTAM	c2
1.08298981583674e-72	-0.56115984831342	1	0.999	1.43431171209418e-68	RPS27A	c2
1.3515681591609e-72	2.94235071737324	0.599	0.125	1.7900168699927e-68	HLA-DPA1	c2
2.98174078794553e-72	3.36055130799071	0.503	0.07	3.94901749955506e-68	HLA-DPB1	c2
5.9235434088521e-72	2.35933613956849	0.762	0.242	7.84514089068372e-68	PRF1	c2
2.71140090376188e-71	4.04172260914216	0.449	0.047	3.59097935694224e-67	CLIC3	c2
5.71908114237477e-70	2.80971300332341	0.545	0.088	7.57435106496115e-66	GABARAPL1	c2
8.34656847705606e-70	-0.578357089111366	1	0.999	1.1054195291013e-65	RPL32	c2
2.32979553209021e-68	-0.569406041668585	1	1	3.08558120270028e-64	RPS3A	c2
2.68365438260941e-68	4.29651707655138	0.367	0.02	3.5542318643279e-64	GPR34	c2
1.85472801678429e-67	-0.551735277841447	1	0.999	2.45640178542911e-63	RPL10	c2
1.37145654450145e-65	5.73731576007849	0.298	0.003	1.81635704753771e-61	KLRK1	c2
3.04641970939817e-65	-1.92609942777974	0.515	0.914	4.03467826312693e-61	LTB	c2
1.11501568695794e-64	3.94991078065023	0.367	0.024	1.47672677580709e-60	DAPK2	c2
1.62911007697727e-63	-0.62732961377391	1	0.998	2.1575933859487e-59	RPS8	c2
3.54949877735291e-62	3.05420738127972	0.515	0.096	4.70095618072619e-58	FASLG	c2
9.31414139833755e-62	4.54137519011581	0.31	0.01	1.23356488679583e-57	ENTPD1	c2
1.56198903543022e-61	2.45618776698841	0.614	0.153	2.06869827852379e-57	LAG3	c2
3.42807125252078e-61	2.00410794899617	0.584	0.12	4.54013756683852e-57	TIGIT	c2
1.84257189689374e-60	-0.582038658445339	1	0.998	2.44030222024608e-56	RPL34	c2
6.01547544742982e-60	8.1649485494408	0.265	0.001	7.96689568257606e-56	KLRC2	c2
1.13114220960885e-59	-4.55169499302064	0.039	0.571	1.49808474240596e-55	CD4	c2
1.15396866566621e-59	-0.494200856741327	1	0.999	1.52831610080832e-55	RPL11	c2
1.78517119259451e-59	1.59318297755528	0.97	0.839	2.36428072747216e-55	COTL1	c2
2.06952331214988e-59	-0.553235791792937	0.997	0.998	2.74087667461131e-55	RPS14	c2
4.33840368256394e-59	-0.568765299009213	1	1	5.74578183718768e-55	RPS12	c2
9.61121161359166e-59	3.86843955031029	0.322	0.019	1.27290886610408e-54	HLA-DRA	c2
5.30575828177526e-58	4.13025101016918	0.313	0.016	7.02694626838316e-54	CD248	c2
7.73971698574346e-58	1.91686045831494	0.762	0.324	1.02504811759186e-53	PTPN22	c2
1.95736649986943e-57	-2.52960661327749	0.214	0.722	2.59233619242707e-53	GPR183	c2
2.93224367799632e-57	1.73151889932143	0.801	0.358	3.88346352713833e-53	ABI3	c2
3.80769592375207e-56	-1.03180878341543	0.91	0.973	5.04291248141724e-52	FXYD5	c2
4.3994755867965e-56	-0.51859138199945	0.997	0.998	5.82666546715328e-52	RPS25	c2
2.06930077135475e-55	-1.57428987288074	0.557	0.935	2.74058194158223e-51	IL7R	c2
1.04051442419482e-54	-0.64246642341717	0.997	0.997	1.37805730340362e-50	RPL9	c2
2.57006418758382e-54	-0.753652083716236	0.985	0.996	3.40379301003602e-50	EEF1B2	c2
5.17701796544692e-54	-0.480046650148422	0.997	0.998	6.8564425934379e-50	RPS23	c2
6.92919459571592e-54	2.10187402103278	0.684	0.237	9.17702532256617e-50	ITGA1	c2
1.569015679595e-53	-0.540222877481473	1	0.997	2.07800436605562e-49	RPL3	c2
1.74314858164562e-53	0.929762088884191	1	0.977	2.30862598153145e-49	PTPRCAP	c2
4.22168995695724e-53	1.99510412369801	0.684	0.249	5.59120617899417e-49	ITM2C	c2
8.93768575593728e-52	-0.500514312833094	0.997	0.999	1.18370710151633e-47	RPS13	c2
2.90735005552299e-51	6.14686572934117	0.241	0.004	3.85049441353465e-47	FCRL6	c2
6.39399330723109e-51	4.05148391240037	0.262	0.009	8.46820473609685e-47	ZEB2	c2
2.05329777798623e-50	-0.434598159555174	1	0.998	2.71938757716496e-46	RPL19	c2
5.05933117983399e-50	-1.29528890705593	0.94	0.978	6.70057821457214e-46	JUNB	c2
1.22117595444017e-49	10.1672660271148	0.217	0	1.61732543406057e-45	KIR2DL4	c2
1.2751009896023e-49	-0.414302611208604	1	1	1.68874375062928e-45	RPS3	c2
1.40432859048063e-49	0.846700533846958	1	0.984	1.85989278523255e-45	SH3BGRL3	c2
3.62160363034116e-49	2.36181676435318	0.539	0.153	4.79645184802383e-45	TMIGD2	c2
8.04098556213268e-49	4.17554884153968	0.259	0.011	1.06494812784885e-44	TNIP3	c2
6.21712227409304e-48	1.81490130731876	0.762	0.349	8.23395673980883e-44	LINC01871	c2
2.11398939724482e-47	4.92171133772325	0.241	0.008	2.79976755771104e-43	DBN1	c2
4.28343789947435e-47	1.33152057005113	0.895	0.622	5.67298515406382e-43	ALOX5AP	c2
8.0668237666343e-47	5.41389637783201	0.223	0.004	1.06837013965305e-42	JAKMIP1	c2
1.12582834691809e-46	2.47938729400213	0.467	0.104	1.49104706265832e-42	PTMS	c2
1.92002901608944e-46	-0.4470964686223	1	0.999	2.54288642890885e-42	TPT1	c2
5.56970919528196e-46	0.499519102432563	1	1	7.37652285823142e-42	TMSB4X	c2
9.34692162487122e-45	2.09935786923938	0.485	0.115	1.23790629999794e-40	IFNG	c2
1.24161222984391e-44	-0.470913252894071	0.997	0.998	1.64439123720528e-40	RPS28	c2
2.68772863643595e-44	2.62136388591007	0.383	0.065	3.55962780609578e-40	PLA2G16	c2
3.71102571998981e-44	-0.482385191031268	1	0.999	4.9148824635545e-40	RPS6	c2
6.5521599101143e-44	-0.467793075647076	0.997	0.998	8.67768058495537e-40	RPL35A	c2
8.02592761372203e-44	2.5405499300223	0.392	0.073	1.06295385316134e-39	CD38	c2
9.99554418351841e-44	1.74734811136792	0.593	0.186	1.32380987166518e-39	ASB2	c2
1.08685602700468e-43	1.97522994410365	0.569	0.181	1.439432122165e-39	SLA2	c2
1.40004539244946e-43	1.84906475882841	0.602	0.199	1.85422011776007e-39	MATK	c2
2.28423659945325e-43	4.31850302776835	0.208	0.004	3.02524295231589e-39	HLA-DQA1	c2
5.11130196675425e-43	-0.461321266921405	1	0.999	6.76940832476933e-39	RPL39	c2
6.6330941535862e-43	4.12280710211873	0.25	0.017	8.78486989700956e-39	GZMH	c2
1.06751517411439e-42	-0.393685572422059	1	0.999	1.4138170965971e-38	RPL13	c2
1.2714019161875e-42	2.12905947615791	0.515	0.144	1.68384469779872e-38	SPRY1	c2
1.62661727025971e-42	0.891144856841564	0.997	0.989	2.15429191273196e-38	GAPDH	c2
2.02522451969191e-42	2.02713295286118	0.675	0.317	2.68220735387996e-38	CTSW	c2
1.74342772000283e-41	0.887960575427231	0.985	0.871	2.30899567237174e-37	LSP1	c2
3.6626726334478e-41	2.04313116605413	0.572	0.192	4.85084363573827e-37	LDLRAD4	c2
5.52104979824791e-41	4.94901660787764	0.217	0.009	7.31207835279953e-37	GNLY	c2
6.4877375571759e-41	0.792692208735919	0.973	0.86	8.59235962072376e-37	HCST	c2
1.12628342524443e-40	0.969434364677973	1	0.975	1.49164976839372e-36	CD52	c2
1.31088358230245e-40	3.32224041760893	0.304	0.041	1.73613421640136e-36	TRGC2	c2
1.31406653512652e-40	2.4697061127528	0.44	0.104	1.74034971912156e-36	TRG-AS1	c2
1.42058694795689e-40	6.28412297259977	0.187	0.002	1.8814253538741e-36	AKAP5	c2
1.17559083710214e-39	2.23541496833736	0.455	0.122	1.55695250465808e-35	C12orf75	c2
2.53898073129349e-39	3.94270048323574	0.211	0.009	3.36262608052509e-35	HLA-DRB5	c2
1.60997435071488e-38	-0.601757823431831	0.988	0.994	2.13225003008678e-34	EEF1G	c2
2.46471308481626e-38	5.1824545730936	0.19	0.005	3.26426600953065e-34	LAYN	c2
4.1320539483702e-38	3.09488980085821	0.259	0.027	5.4724922492215e-34	HLA-DQB1	c2
4.24443996761314e-38	2.11712092754287	0.467	0.132	5.62133629310685e-34	ACP5	c2
5.72225361111061e-38	2.41556500658176	0.181	0.003	7.57855268255489e-34	PLCG2	c2
5.9587865062668e-38	5.49795803737648	0.184	0.004	7.89181684889975e-34	ATP8B4	c2
6.99616614678813e-38	-0.344195644156746	1	0.998	9.2657224448062e-34	RPS15A	c2
8.31002183410961e-38	2.66019172302667	0.364	0.075	1.10057929170948e-33	TESC	c2
2.82891677354606e-37	-0.402864585403197	1	0.999	3.7466173748844e-33	RPL18	c2
6.49160280793047e-37	2.73706367120244	0.295	0.044	8.59747875882312e-33	CD9	c2
9.27372164881469e-37	4.5228647577081	0.184	0.005	1.22821169516902e-32	CD8B2	c2
1.3224245977333e-36	-0.503830153668741	0.997	0.998	1.75141913723798e-32	RPL22	c2
6.37505690366141e-36	-0.484693084969048	0.997	0.998	8.44312536320918e-32	RPL21	c2
1.04643060094698e-35	1.46969797109793	0.669	0.3	1.38589268789418e-31	GYG1	c2
1.08898624566141e-35	1.90176036699743	0.449	0.119	1.44225338375397e-31	BCAS4	c2
1.78198691403651e-35	1.37340060448531	0.738	0.375	2.36006346894995e-31	CD63	c2
1.90120580999033e-35	7.39723324083017	0.16	0.001	2.5179569747512e-31	AC068775.1	c2
2.64351650434471e-35	0.725172148542676	0.985	0.951	3.50107325835413e-31	EVL	c2
1.47119537710906e-34	-0.448605019418404	0.997	0.999	1.94845115744323e-30	RPL5	c2
3.55431713035893e-34	5.13047690760081	0.175	0.006	4.70733760744737e-30	NMUR1	c2
4.1825860056352e-34	0.711288150913636	0.97	0.932	5.53941690586325e-30	ARPC2	c2
5.54924468550014e-34	-0.985551476499535	0.928	0.973	7.34941966147638e-30	DUSP1	c2
1.61357425771669e-33	1.52547328738959	0.605	0.242	2.13701774691999e-29	CCDC69	c2
4.33831914373871e-33	4.80931463678133	0.163	0.004	5.74566987396755e-29	CCL3	c2
5.74795167939493e-33	1.11580512234994	0.846	0.558	7.61258720419065e-29	CLEC2B	c2
6.42983227382986e-33	3.99980300151923	0.175	0.007	8.51566986346026e-29	SLAMF8	c2
8.33733586543357e-33	0.727524340032379	0.961	0.859	1.10419676201802e-28	CLIC1	c2
8.57077464345189e-33	5.69288587972152	0.157	0.003	1.13511339377877e-28	KLRC4	c2
2.56959786980253e-32	-0.431855951029022	1	0.998	3.40317541876647e-28	RPL10A	c2
3.56695403909189e-32	-0.368803349721591	1	1	4.72407392937329e-28	RPLP1	c2
4.8688607558067e-32	4.68895264102584	0.19	0.014	6.4483191849904e-28	TRGV9	c2
6.6456742486733e-32	-0.436181588674698	0.997	0.996	8.80153097494293e-28	RPS5	c2
9.63309762481198e-32	-0.434988082123126	0.997	0.998	1.2758074494301e-27	RPS21	c2
2.54036480375476e-31	1.09530771192943	0.952	0.844	3.3644591460928e-27	RARRES3	c2
5.64247806938868e-31	-0.443102832315398	0.991	0.998	7.47289795509837e-27	RPL36	c2
4.08523149853624e-30	2.16755952244711	0.331	0.074	5.41048059666139e-26	SLAMF7	c2
4.97674183384983e-30	2.33899675352952	0.268	0.045	6.59119688475072e-26	CD101	c2
9.04102956253921e-30	-0.378004351065514	1	0.998	1.19739395526269e-25	RPS16	c2
1.49825177258364e-29	-0.369092809934697	1	0.999	1.98428464760977e-25	RPS27	c2
2.96925446867698e-29	5.54233551465293	0.133	0.001	3.93248061831579e-25	SCUBE1	c2
4.15925559265672e-29	-1.9562389728037	0.217	0.552	5.50851810691456e-25	AQP3	c2
4.17915286432451e-29	2.34144491903392	0.268	0.047	5.53487005351138e-25	AC022706.1	c2
4.43449791996233e-29	5.21130106269293	0.145	0.004	5.8730490451981e-25	FES	c2
4.77435334381766e-29	0.794007533653774	0.94	0.785	6.32315356855211e-25	STK17A	c2
8.24724696962222e-29	4.07695954999817	0.163	0.009	1.09226538865677e-24	TOGARAM2	c2
9.5051296780526e-29	-0.366433038752946	0.997	0.998	1.25885937456129e-24	RPL14	c2
1.15709098317411e-28	1.13309781006717	0.768	0.49	1.5324512981158e-24	ARHGAP9	c2
1.22542125547105e-28	0.965188085915746	0.858	0.587	1.62294791074586e-24	FYN	c2
2.18718428485421e-28	4.18125203663262	0.154	0.007	2.89670686686091e-24	CDCA7	c2
2.91963759783424e-28	-0.315706988144595	1	0.999	3.86676803457166e-24	FAU	c2
3.74603317720166e-28	4.60914919030099	0.145	0.005	4.96124633988587e-24	AC103702.2	c2
4.78895162811288e-28	2.71740257668468	0.199	0.022	6.34248753627269e-24	SYT11	c2
5.02236450824876e-28	3.6844124185341	0.163	0.01	6.65161955472465e-24	NUGGC	c2
7.68189072918328e-28	1.57473624040261	0.639	0.321	1.01738960817303e-23	MAP3K8	c2
1.54426615804953e-27	1.43873581558825	0.566	0.25	2.0452260997208e-23	APOBEC3G	c2
2.12710155833436e-27	1.30470578076681	0.596	0.265	2.81713330385802e-23	RAB27A	c2
2.51667993172152e-27	1.21012755189189	0.657	0.33	3.33309090157198e-23	RUNX3	c2
2.64767908329768e-27	6.48130225607383	0.123	0.001	3.50658617791945e-23	ADGRG1	c2
2.67905707863955e-27	2.14001822705379	0.277	0.055	3.54814319495022e-23	HLA-DMA	c2
4.59709207822095e-27	-0.411607927704765	0.997	0.995	6.08838874839582e-23	RPSA	c2
4.79914959930069e-27	4.20663279408826	0.136	0.004	6.35599372931383e-23	MYO1E	c2
5.67414892786712e-27	1.80622242750164	0.383	0.114	7.51484284006721e-23	MIR4435-2HG	c2
6.98106703455544e-27	0.858734668385946	0.907	0.702	9.24572518056522e-23	CD96	c2
7.73410303433784e-27	0.523189785441151	0.985	0.951	1.0243046058677e-22	CYBA	c2
9.11974995054551e-27	0.946600678208549	0.837	0.613	1.20781968345025e-22	PPP1R18	c2
1.13168152392713e-26	1.76035433180057	0.527	0.222	1.49879901028908e-22	CXCR6	c2
1.54076115744614e-26	-4.30497491220132	0.039	0.333	2.04058407692167e-22	CCR7	c2
1.85481093461605e-26	0.945314030488712	0.822	0.629	2.4565116018055e-22	ZYX	c2
1.89672173493645e-26	3.48968722293357	0.169	0.015	2.51201826574983e-22	LIMK1	c2
2.29277394202358e-26	1.02261182721674	0.804	0.511	3.03654980881603e-22	PRKCH	c2
2.97224989342489e-26	-0.346825629713362	0.997	0.998	3.93644775885192e-22	RPL8	c2
5.26714701515532e-26	-0.317867706325676	0.997	0.998	6.9758095068717e-22	RPLP2	c2
7.60207236067367e-26	1.78794368408084	0.395	0.126	1.00681846344762e-21	PTTG1	c2
8.65457712158921e-26	0.602319263207272	0.97	0.893	1.14621219398328e-21	ARPC3	c2
8.91535548192274e-26	1.47358228149434	0.548	0.251	1.18074968002585e-21	GBP5	c2
9.15792162683909e-26	0.999438782354521	0.792	0.486	1.21287514025857e-21	ID2	c2
1.09938665447125e-25	-0.319264860989215	0.997	0.999	1.45602768518172e-21	RPL29	c2
1.10276304590037e-25	6.95895986456657	0.12	0.002	1.46049937799045e-21	KLRC1	c2
1.51152912186284e-25	2.34329244561298	0.238	0.043	2.00186916899514e-21	CHN2	c2
3.66800788934609e-25	2.16060358492826	0.292	0.07	4.85790964864996e-21	FABP5	c2
4.42333643008161e-25	0.505247499340287	0.997	0.987	5.85826676800009e-21	CFL1	c2
4.52376078989919e-25	0.665502966416566	0.988	0.971	5.99126879014249e-21	CD3D	c2
5.43744999459526e-25	3.95053144828517	0.142	0.008	7.20135877284196e-21	PIK3AP1	c2
5.66408652048946e-25	1.29411609658585	0.684	0.41	7.50151618773624e-21	IDH2	c2
5.78886499373053e-25	1.9756384438031	0.37	0.118	7.66677279769672e-21	CARS	c2
8.12527113496718e-25	-0.514389464737167	0.985	0.981	1.07611090911505e-20	RPL38	c2
1.0425002419522e-24	3.5972775775462	0.151	0.011	1.38068732044149e-20	GPR82	c2
1.07335252972726e-24	1.13104635588398	0.702	0.382	1.42154809037078e-20	IL2RB	c2
1.60263995441525e-24	2.38132730225619	0.316	0.09	2.12253635562756e-20	TRGV10	c2
1.82320984979819e-24	0.467719281565918	0.997	1	2.41465912507273e-20	PFN1	c2
2.48417303069407e-24	0.952520207693506	0.813	0.564	3.29003876185122e-20	GZMM	c2
3.89506081554597e-24	3.26822260536655	0.202	0.032	5.15861854410908e-20	HAVCR2	c2
3.92125151752597e-24	0.860489933505657	0.907	0.648	5.19330550981139e-20	PAXX	c2
4.16391354118055e-24	-1.66153426392316	0.199	0.502	5.51468709393952e-20	ICAM2	c2
6.17284776516825e-24	0.978131706667883	0.747	0.427	8.17531958018884e-20	STOM	c2
6.2141305894251e-24	-0.399329436260698	1	0.998	8.22999455263461e-20	RPLP0	c2
6.59617040058068e-24	1.34106197335268	0.467	0.172	8.73596807852906e-20	DENND1B	c2
8.42650503641274e-24	-0.337921227367892	0.997	0.999	1.1160063270225e-19	RPS18	c2
1.43665989467439e-23	-2.79314794298611	0.081	0.364	1.90271236450676e-19	MAL	c2
1.49156060538613e-23	-0.339849320862436	0.997	1	1.97542286577339e-19	RPL17	c2
2.80944380909449e-23	-0.309024851467279	0.997	0.998	3.72082738076474e-19	RPL6	c2
3.30410066000831e-23	-0.369979654048985	1	0.995	4.375950914115e-19	RPS9	c2
3.34855594437777e-23	1.1780656580995	0.663	0.359	4.43482749273392e-19	CBLB	c2
6.24029497965701e-23	2.64730444693023	0.19	0.028	8.26464667105774e-19	GPR55	c2
7.47643965990455e-23	1.50706025917123	0.38	0.124	9.90179668557759e-19	ATP8A1	c2
8.0213645602871e-23	-0.319085487545689	0.997	0.998	1.06234952236442e-18	RPL37	c2
8.11548694860328e-23	2.94664334614251	0.169	0.021	1.07481509147302e-18	SCCPDH	c2
9.17985147280249e-23	0.882412107951092	0.813	0.561	1.21577952905796e-18	GSTP1	c2
1.09242482996396e-22	-0.317983867945214	0.997	0.999	1.44680744480427e-18	RPL23A	c2
1.12485575252371e-22	0.68952875180108	0.898	0.712	1.48975895864241e-18	SEPT7	c2
1.34489460577491e-22	-1.97535888837299	0.175	0.446	1.78117841588829e-18	CD28	c2
1.43201745237252e-22	1.32618277661517	0.599	0.308	1.89656391392217e-18	CYTOR	c2
1.45702240205019e-22	0.485051983106737	0.988	0.975	1.92968046927528e-18	RAC2	c2
1.48663665964633e-22	1.87195411845351	0.292	0.077	1.96890159203561e-18	GPR68	c2
1.76407486958165e-22	0.453557359152085	1	1	2.33634075727394e-18	ACTB	c2
2.3036557049493e-22	3.5590795752415	0.166	0.021	3.05096161563485e-18	TRGV8	c2
2.35017587082286e-22	1.58141981119364	0.358	0.117	3.11257292331779e-18	RAB37	c2
2.59849319315416e-22	-4.69337287824488	0.015	0.261	3.44144438501337e-18	FBLN7	c2
2.66348566645056e-22	0.57360778311497	0.97	0.878	3.52752041664712e-18	LCK	c2
2.89795714457577e-22	1.05109974680663	0.801	0.55	3.83805444227615e-18	RGS1	c2
3.24526338787731e-22	0.798414041404975	0.858	0.664	4.29802683090471e-18	GYPC	c2
3.41441032770757e-22	3.78725679808189	0.139	0.011	4.5220450380159e-18	TRDC	c2
3.4794852312074e-22	0.724742500316921	0.898	0.71	4.60823024021107e-18	SLC9A3R1	c2
3.76387300011004e-22	1.12564690995244	0.633	0.319	4.98487340134574e-18	NUCB2	c2
3.90594916897607e-22	3.38470650354266	0.142	0.013	5.1730390793919e-18	YBX3	c2
4.99488947874286e-22	-3.30190372424125	0.042	0.303	6.61523162564704e-18	TNFRSF4	c2
8.87318993920007e-22	-0.351471514945684	0.994	0.997	1.17516527554766e-17	RPL24	c2
1.03248106422558e-21	2.28541462542655	0.187	0.029	1.36741792146036e-17	P2RY11	c2
1.05043539814068e-21	-1.67045830074789	0.25	0.521	1.39119664129751e-17	INPP4B	c2
1.31876091230453e-21	1.88997312668892	0.262	0.064	1.74656695225612e-17	CMIP	c2
1.72730236327337e-21	-1.1288479602323	0.422	0.671	2.28763924991926e-17	ITGB2	c2
2.25168342656896e-21	-0.668214407168248	0.855	0.943	2.98212953014793e-17	LDHB	c2
2.28717568338526e-21	1.63768055622512	0.292	0.079	3.02913547507544e-17	MPST	c2
3.90300921817247e-21	-1.58108521849811	0.313	0.563	5.16914540854762e-17	ICOS	c2
5.88711528456174e-21	1.10750513212635	0.62	0.331	7.79689548287357e-17	JAML	c2
6.61856053219872e-21	1.80902735414306	0.325	0.101	8.76562156884398e-17	FAM3C	c2
9.35492903908745e-21	-0.305335741656011	1	0.999	1.23896680193674e-16	RPL12	c2
1.02139192293416e-20	0.712295746423347	0.907	0.801	1.352731462734e-16	CD3G	c2
1.31069165662157e-20	-0.30428558200889	1	0.998	1.7358800300296e-16	RPL18A	c2
1.93729909934558e-20	2.4865592933893	0.169	0.025	2.56575892717328e-16	MZB1	c2
3.44766332885142e-20	0.850621675816972	0.786	0.531	4.56608531273083e-16	GNG2	c2
3.69616683273104e-20	-0.389067367152354	0.988	0.995	4.89520335326899e-16	RPS29	c2
4.12353164409467e-20	0.704461138337026	0.873	0.726	5.46120530943898e-16	PPP1CA	c2
4.37742882160822e-20	4.09305073068959	0.111	0.006	5.79746673133792e-16	SLC27A2	c2
4.99174426054417e-20	-0.770131485790665	0.636	0.837	6.6110660986647e-16	SPOCK2	c2
6.18191014023992e-20	5.13475648913555	0.09	0.001	8.18732178973375e-16	LYN	c2
8.16296375846831e-20	-0.468578028831134	0.958	0.97	1.08110292017154e-15	TOMM7	c2
9.22719010483702e-20	1.06846276044211	0.566	0.271	1.22204905748461e-15	CHST12	c2
1.02977912072513e-19	-0.300588153643909	1	1	1.36383946748836e-15	RPS2	c2
1.0656704411345e-19	3.39258296390623	0.123	0.01	1.41137393223853e-15	FSD1	c2
1.06919669349217e-19	2.39384020384595	0.208	0.044	1.41604410086103e-15	PLPP1	c2
1.13620309451876e-19	1.13722802393236	0.482	0.213	1.50478737838064e-15	GPR171	c2
1.21202949287974e-19	-0.739007972857087	0.873	0.968	1.60521186036993e-15	FOS	c2
1.37022318794486e-19	4.60087629616968	0.093	0.002	1.81472359011417e-15	DOCK5	c2
1.44530766601044e-19	3.94897459571806	0.151	0.021	1.91416547286422e-15	TRGV4	c2
1.63787189579194e-19	0.796040121999073	0.801	0.563	2.16919753878684e-15	CTSC	c2
1.81078433299063e-19	-0.331389020284223	0.994	0.996	2.39820277061279e-15	RPL35	c2
2.56280677312093e-19	1.0244264371512	0.642	0.346	3.39418129032136e-15	CXCR3	c2
2.70680566998973e-19	2.5425576808677	0.154	0.022	3.58489342933439e-15	GEM	c2
2.84958479331251e-19	1.01560963371241	0.633	0.352	3.77399010026308e-15	LSM2	c2
3.73392803470803e-19	1.05549321571767	0.551	0.286	4.94521428916732e-15	IKZF3	c2
4.24306671753156e-19	0.807860202150968	0.837	0.661	5.6195175606988e-15	FKBP1A	c2
4.27925966142018e-19	1.12938313815538	0.533	0.25	5.66745149558489e-15	RASSF1	c2
4.65007099016373e-19	0.446096054787311	0.97	0.945	6.15855401937284e-15	RHOA	c2
5.20192503020049e-19	-1.4968993449984	0.238	0.512	6.88942950999753e-15	TCF7	c2
6.26418537041645e-19	1.1582759317025	0.542	0.262	8.29628710457954e-15	PLEKHF1	c2
6.75215186166469e-19	1.74164885244034	0.223	0.051	8.94254992558871e-15	FBXO6	c2
7.07681746555764e-19	-0.830495558073662	0.657	0.804	9.37253705138455e-15	CD44	c2
7.31795200829045e-19	1.67666338215074	0.286	0.087	9.69189563977987e-15	IL21R	c2
7.44284508347008e-19	2.95644751162994	0.123	0.011	9.85730402854777e-15	SEMA7A	c2
7.74227094650876e-19	1.16499446823571	0.494	0.232	1.02538636415562e-14	TPST2	c2
8.38620545054974e-19	-0.251970622452324	1	0.999	1.11066904987081e-14	RPL26	c2
8.45463181515367e-19	1.42833498899526	0.343	0.122	1.11973143759895e-14	ABCB1	c2
9.77827919589572e-19	1.33245369133446	0.907	0.863	1.29503529670443e-14	CD74	c2
1.13523670602182e-18	0.422475994132497	0.994	0.975	1.5035074934553e-14	PTPRC	c2
1.67510655069804e-18	1.38935230699837	0.304	0.096	2.21851111574448e-14	DZIP3	c2
1.70754738767676e-18	0.983327367325215	0.572	0.289	2.2614757602391e-14	ACTN4	c2
2.06113901606189e-18	-0.218336490716239	1	0.999	2.72977251287236e-14	RPL28	c2
2.11401828462222e-18	-2.16542240447223	0.108	0.352	2.79980581615367e-14	PLAC8	c2
2.12337594467386e-18	0.774950169097363	0.747	0.461	2.81219910112607e-14	MBP	c2
2.55887094726465e-18	0.594056757262739	0.88	0.763	3.3889686825573e-14	CAP1	c2
2.93462614504917e-18	2.19825329779295	0.193	0.041	3.88661886650312e-14	BCL2L11	c2
5.5815530861759e-18	0.458450886679533	0.997	0.979	7.39220890733136e-14	CORO1A	c2
9.6165495375267e-18	-1.18637013357556	0.452	0.632	1.27361582075004e-13	PBXIP1	c2
1.05009698436121e-17	6.97366192295416	0.075	0	1.39074844608798e-13	ADRB1	c2
1.15173921746816e-17	-0.785063138295512	0.729	0.831	1.52536341961484e-13	S100A11	c2
1.16802770864006e-17	-0.906808355307588	0.678	0.851	1.5469358973229e-13	CXCR4	c2
1.21617099204035e-17	0.63495900156743	1	0.997	1.61069686185825e-13	ACTG1	c2
1.26784858108816e-17	0.808066030478005	0.756	0.534	1.67913866079316e-13	DBI	c2
1.28854294694789e-17	-0.24090772517683	1	0.999	1.70654627893778e-13	RPL7A	c2
1.40486966061192e-17	3.36325769285544	0.096	0.005	1.86060937851443e-13	CXXC5	c2
1.43712064195369e-17	1.97926720404898	0.19	0.041	1.90332257820346e-13	DENND6B	c2
1.4559546683857e-17	1.94526091475069	0.202	0.046	1.92826636281002e-13	ITPK1	c2
1.48669906614453e-17	-0.862461631356957	0.81	0.875	1.96898424320181e-13	SLC2A3	c2
1.61193918612233e-17	0.657140589341371	0.886	0.744	2.13485225810041e-13	STK17B	c2
1.76613156349966e-17	0.914719385251792	0.66	0.399	2.33906464269894e-13	ITGB7	c2
2.40677982500419e-17	0.852763628781695	0.711	0.465	3.18753920023555e-13	THEMIS	c2
3.21181785951846e-17	0.404370736170655	0.991	0.96	4.25373157314625e-13	OAZ1	c2
3.23509839615272e-17	1.62199205621603	0.208	0.049	4.28456431586466e-13	PTPRJ	c2
3.66702191452453e-17	1.21300452272887	0.44	0.196	4.85660382359629e-13	NEDD9	c2
4.00581270936313e-17	0.510508283577355	0.967	0.908	5.30529835228054e-13	HMGB1	c2
4.37697248059046e-17	0.610838668068005	0.925	0.77	5.79686235329401e-13	TPI1	c2
4.89419722514718e-17	0.717794310236114	0.816	0.62	6.48187480498493e-13	PSMB8	c2
5.31554499861293e-17	1.3163841687409	0.283	0.09	7.03990779616297e-13	HSH2D	c2
6.13557297746309e-17	1.41820529901049	0.34	0.13	8.12595285135211e-13	FAM173A	c2
6.87220559443179e-17	1.24317652257928	0.331	0.12	9.10154908926546e-13	GPR18	c2
7.48114068885266e-17	0.714541582995529	0.786	0.592	9.90802272831646e-13	C9orf16	c2
7.74839378772822e-17	0.326060196605048	1	0.996	1.02619727324673e-12	HLA-C	c2
9.54345085678882e-17	1.45322323080725	0.25	0.073	1.26393463147311e-12	GALNT2	c2
1.03179921499195e-16	1.68214799001014	0.223	0.06	1.36651488033534e-12	CLECL1	c2
1.69057769542241e-16	0.821523596846297	0.687	0.434	2.23900109981745e-12	PRDX6	c2
1.83082148664361e-16	0.727099303679731	0.84	0.662	2.4247399769108e-12	CKLF	c2
3.16405534596631e-16	1.2381578201119	0.413	0.181	4.19047490019778e-12	CDIP1	c2
3.20176677929082e-16	1.19909641426875	0.392	0.169	4.24041992249276e-12	B3GNT2	c2
4.89728987147369e-16	1.59658142814366	0.208	0.053	6.48597070577976e-12	PLXDC1	c2
4.93402134893321e-16	7.35560245698532	0.072	0.001	6.53461787452714e-12	FCER1G	c2
7.08546837046118e-16	1.23882023141663	0.349	0.137	9.38399430983878e-12	TRIB2	c2
8.01375161754156e-16	1.0568194329175	0.554	0.307	1.0613412642272e-11	GBP2	c2
8.65724252531236e-16	0.710749980332148	0.768	0.554	1.14656520005237e-11	PRDX5	c2
1.09217793748295e-15	-1.15466404746596	0.602	0.76	1.44648046040242e-11	NFKBIA	c2
1.14248770601056e-15	1.45836000368734	0.286	0.097	1.51311071784039e-11	S100PBP	c2
1.15942816053337e-15	1.51168899296903	0.304	0.114	1.5355466558104e-11	AUTS2	c2
1.27065614011785e-15	1.13487744126683	0.386	0.162	1.68285699197208e-11	RPS6KA1	c2
1.34880955554072e-15	2.41292797399405	0.133	0.021	1.78636337535813e-11	KIAA1671	c2
1.37054472568869e-15	0.640574147358099	0.87	0.676	1.8151494347021e-11	OSTF1	c2
1.46822621019043e-15	1.15555502810175	0.458	0.214	1.9445187927762e-11	TNFRSF1A	c2
1.47486063023106e-15	0.27740715378966	1	0.995	1.95330541867802e-11	CD3E	c2
1.47675617373293e-15	-0.363031756614943	0.985	0.985	1.9558158764919e-11	RPL7	c2
1.4836159101641e-15	-1.54534595302076	0.223	0.438	1.96490091142133e-11	TMEM173	c2
1.56386773639386e-15	1.15837031082318	0.392	0.17	2.07118643008002e-11	DUSP23	c2
1.73955883258256e-15	1.20080797095265	0.395	0.173	2.30387171787234e-11	PPP1R16B	c2
1.82174071588491e-15	-0.870914687094312	0.714	0.801	2.41271340411797e-11	ANXA1	c2
2.00357319210692e-15	1.76720171455545	0.358	0.163	2.6535323356264e-11	TNFSF9	c2
2.62994518789629e-15	0.662781129760308	0.825	0.611	3.48309940684984e-11	CLDND1	c2
2.72787205198204e-15	0.420210234788186	0.982	0.884	3.61279374564501e-11	CD99	c2
3.26290268309384e-15	-2.67274768084876	0.057	0.254	4.32138831348948e-11	DPP4	c2
3.31444211044036e-15	1.43682429695591	0.31	0.118	4.38964713106721e-11	RIN3	c2
3.3975219841355e-15	3.45065218623155	0.117	0.017	4.49967811578905e-11	LAT2	c2
3.40670565637819e-15	0.821977833659899	0.62	0.355	4.51184097130727e-11	SH3BP1	c2
3.78415298242405e-15	1.06895519483286	0.458	0.224	5.01173220992241e-11	PTPN4	c2
4.44535872699387e-15	1.08728361286501	0.485	0.245	5.88743309803068e-11	ADAM8	c2
4.48109557441921e-15	6.57255804851159	0.063	0	5.9347629787608e-11	STYK1	c2
4.48109557441921e-15	6.52207964966349	0.063	0	5.9347629787608e-11	NCR1	c2
4.94135664658109e-15	1.08612722485502	0.524	0.292	6.54433274273199e-11	IFI27L2	c2
5.6892651752956e-15	1.06074292695818	0.449	0.218	7.53486279816149e-11	NIN	c2
5.94850069249059e-15	0.559716309371945	0.898	0.767	7.87819431713454e-11	PSMB9	c2
5.9722032359741e-15	1.02791393436687	0.614	0.393	7.9095859657241e-11	CAPG	c2
6.3322600190086e-15	0.956387062610285	0.515	0.266	8.38644516917498e-11	AC116366.3	c2
7.07213882980655e-15	0.792626465339784	0.636	0.37	9.3663406661958e-11	SSBP4	c2
8.22799912120012e-15	-2.36581049066042	0.093	0.298	1.08971620361174e-10	LEF1	c2
9.31063146791599e-15	0.748914045714786	0.636	0.367	1.23310003161079e-10	TENT5C	c2
9.56833386726202e-15	0.846294554486327	0.675	0.444	1.26723013738018e-10	VASP	c2
9.96980397917725e-15	-1.50040634035209	0.229	0.428	1.32040083900223e-10	CTSB	c2
1.09156590243922e-14	1.54767641036859	0.253	0.084	1.4456698811905e-10	ST6GALNAC4	c2
1.19744955375229e-14	0.508941461009722	0.925	0.782	1.58590218898953e-10	LCP2	c2
1.56343980084871e-14	1.39645365570394	0.28	0.101	2.07061967224403e-10	HIC1	c2
1.82741089098192e-14	-3.41397458436269	0.036	0.216	2.42022298401645e-10	TNFSF13B	c2
1.94417146628977e-14	0.185356953643899	1	1	2.57486068995417e-10	B2M	c2
2.02991466290683e-14	7.81675729552076	0.06	0	2.6884189795538e-10	SH2D1B	c2
2.06989645535788e-14	0.827223908314777	0.608	0.348	2.74137086547598e-10	LASP1	c2
2.18327529395468e-14	0.541730030902156	0.895	0.749	2.89152979931358e-10	GUK1	c2
2.33448786034265e-14	2.46437735375361	0.13	0.023	3.0917957222378e-10	ABCA2	c2
2.49314865163835e-14	1.1578177012234	0.361	0.156	3.30192607422983e-10	INSIG1	c2
2.68583368527768e-14	2.03840268041334	0.154	0.033	3.55711813278176e-10	MYL6B	c2
3.07186694051378e-14	-0.392216227584284	0.979	0.967	4.06838057601646e-10	RPL27A	c2
3.84204772671987e-14	0.900779702136765	0.548	0.295	5.08840800926779e-10	FDFT1	c2
3.89695325303757e-14	1.08948103177471	0.41	0.194	5.16112488832296e-10	ABHD17A	c2
4.08412531014069e-14	1.12236068458329	0.355	0.149	5.40901556075033e-10	NLRC3	c2
4.2060301204282e-14	0.716912165675085	0.816	0.679	5.5704662914951e-10	SLC25A5	c2
4.32392386708392e-14	-0.399417110427807	0.967	0.985	5.72660476956595e-10	IFITM1	c2
5.34868811558794e-14	-0.348859931986543	0.994	0.996	7.08380254028466e-10	RPL41	c2
6.20661988760617e-14	3.29463400287785	0.075	0.004	8.22004737914562e-10	TTC24	c2
6.50491167039792e-14	0.6451333623418	0.795	0.59	8.61510501627501e-10	CCDC85B	c2
6.97376917887237e-14	2.7564516699458	0.114	0.018	9.23605990049857e-10	CCRL2	c2
7.10274566393495e-14	1.22855172017554	0.202	0.057	9.40687635731545e-10	IRF4	c2
7.22659614865366e-14	2.09041247203668	0.133	0.025	9.5709039392769e-10	IKZF2	c2
7.39184048548155e-14	1.17326606299946	0.289	0.107	9.78975353897177e-10	ARHGAP18	c2
8.48591366712606e-14	2.29607849579405	0.13	0.024	1.12387440607418e-09	GFOD1	c2
8.77540679025992e-14	-4.91828065702227	0.006	0.161	1.16221487530202e-09	IFNGR2	c2
9.98012747028806e-14	4.33228608705825	0.066	0.002	1.32176808216495e-09	BEND4	c2
1.05013321478561e-13	1.28535954454093	0.271	0.098	1.39079642966206e-09	HIST3H2A	c2
1.12354660001407e-13	-0.304395318677178	0.991	0.99	1.48802511705863e-09	RPL27	c2
1.13922818160073e-13	1.70619600538805	0.175	0.045	1.50879380371201e-09	HAGHL	c2
1.15374620609487e-13	0.83136518769943	0.669	0.426	1.52802147535205e-09	SURF4	c2
1.18448421952613e-13	3.3475221411446	0.084	0.007	1.56873090034041e-09	PDE7B	c2
1.26449447024704e-13	3.06547531702646	0.093	0.01	1.67469647639518e-09	PLEK	c2
1.40487279798333e-13	0.589777991036468	0.849	0.668	1.86061353364913e-09	DRAP1	c2
1.41167610798138e-13	-1.82274650696453	0.148	0.343	1.86962383741053e-09	RASGRP2	c2
1.50753221143691e-13	2.27188056546593	0.123	0.022	1.99657566082705e-09	LINC00539	c2
1.60660393598287e-13	1.7115565236778	0.187	0.052	2.12778625281572e-09	GNGT2	c2
1.78498189688566e-13	2.33316656986697	0.13	0.025	2.36403002423536e-09	SQLE	c2
1.81183486895286e-13	4.49082313972404	0.105	0.016	2.39959410044116e-09	TRDV1	c2
2.4141954077498e-13	0.940690680089351	0.575	0.342	3.19736039802383e-09	GRAP2	c2
2.50272216363483e-13	2.00709333357285	0.148	0.033	3.31460523351797e-09	MCOLN2	c2
2.52008737802741e-13	0.817256424488021	0.593	0.349	3.3376037234595e-09	CALCOCO2	c2
2.81431783145957e-13	-1.1792353997053	0.364	0.534	3.72728253598505e-09	SOCS3	c2
2.84244001690175e-13	0.611647215435697	0.765	0.556	3.76452755838468e-09	GNAS	c2
3.01279712270781e-13	1.03469794433902	0.38	0.172	3.99014850931423e-09	NAA50	c2
3.01751206370442e-13	2.04085858627335	0.151	0.036	3.99639297717013e-09	TTC38	c2
3.29214927560547e-13	1.55643647765293	0.214	0.067	4.36012250061189e-09	GSTM4	c2
3.3865911704404e-13	1.49199393253699	0.181	0.049	4.48520134613126e-09	SSH1	c2
3.62276708912816e-13	-4.61063011891202	0.012	0.164	4.79799273284134e-09	IL6R	c2
3.6317351664969e-13	0.650246041747388	0.75	0.562	4.80987005450849e-09	RNF213	c2
4.15189230893986e-13	6.40548068125493	0.054	0	5.49876617395995e-09	WWTR1	c2
4.15189984571701e-13	6.8813646798203	0.054	0	5.49877615566761e-09	VCAM1	c2
4.16712883388838e-13	0.789967863880775	0.575	0.329	5.51894542760177e-09	PIN1	c2
4.49275876093818e-13	1.0930491161551	0.295	0.115	5.95020970298653e-09	SEL1L3	c2
4.52296018383508e-13	-1.50680376665559	0.151	0.344	5.99020846747118e-09	SORL1	c2
4.61838801575082e-13	3.32901801117664	0.084	0.008	6.11659308806039e-09	TRGC1	c2
4.72604294456838e-13	2.41885385452129	0.117	0.021	6.25917127578637e-09	HLA-DMB	c2
4.83231738092551e-13	1.1059211760901	0.343	0.149	6.39992113929775e-09	PREX1	c2
5.01686144590684e-13	-0.516501078264156	0.867	0.892	6.64433129895902e-09	RPL36A	c2
5.20630019421046e-13	1.02539694090487	0.437	0.222	6.89522397721234e-09	RAB24	c2
5.53947917009293e-13	1.08435692641162	0.373	0.17	7.33648621287108e-09	USP11	c2
5.56411782076539e-13	2.82647159942082	0.093	0.011	7.36911764182169e-09	KIFC3	c2
5.57291378263012e-13	-0.60060575799761	0.828	0.93	7.38076701371533e-09	TSC22D3	c2
6.02914012046063e-13	0.759250591430544	0.651	0.436	7.98499317553806e-09	FKBP11	c2
6.14442303954208e-13	0.830051125030404	0.44	0.219	8.13767387356954e-09	GPR15	c2
6.2458299909504e-13	0.685116113184439	0.789	0.59	8.27197724001471e-09	DYNLL1	c2
6.31873361953553e-13	2.80209263458157	0.087	0.009	8.36853080571285e-09	SLC2A8	c2
6.35229796969785e-13	1.13282534625414	0.355	0.159	8.41298343106784e-09	MAD2L2	c2
6.71180119302832e-13	1.30905023119608	0.178	0.048	8.88910950004671e-09	MIAT	c2
6.73565570768316e-13	0.814927150753512	0.672	0.448	8.92070241925558e-09	SIRPG	c2
6.7370872745671e-13	1.11816876387456	0.416	0.211	8.92259838643667e-09	ADA	c2
6.79955030466946e-13	1.48201288618279	0.217	0.071	9.00532442350423e-09	IL12RB2	c2
6.84795846580054e-13	-0.271194654982175	0.997	0.998	9.06943619210623e-09	NACA	c2
6.98573786280188e-13	0.877554256148141	0.428	0.21	9.25191122549481e-09	SERPINB9	c2
7.18892420350442e-13	0.655160036923432	0.78	0.555	9.52101121512125e-09	SASH3	c2
7.94643255932513e-13	-0.326552714361009	0.994	0.994	1.05242552815702e-08	SARAF	c2
8.13394478205044e-13	0.716529822468284	0.693	0.473	1.07725964693476e-08	SYTL3	c2
8.8533067620966e-13	0.541808023040025	0.825	0.675	1.17253194757207e-08	TBC1D10C	c2
9.34183599176757e-13	1.44279966162561	0.262	0.099	1.2372327587497e-08	SLC16A3	c2
9.9608130425106e-13	0.646051428820864	0.762	0.554	1.3192100793501e-08	COX5A	c2
1.0037946274277e-12	4.75179081271152	0.057	0.001	1.32942560456525e-08	AL122035.1	c2
1.02073094486494e-12	0.308237063259003	1	0.999	1.35185606337913e-08	HLA-A	c2
1.03533088762243e-12	-1.53330137722637	0.169	0.359	1.37119222756714e-08	TESPA1	c2
1.06590529317891e-12	1.39417718576066	0.232	0.08	1.41168497028615e-08	SLC7A5	c2
1.11894223151909e-12	0.980299063289501	0.506	0.285	1.48192709142389e-08	RHOC	c2
1.13673052032164e-12	1.00225088883473	0.328	0.141	1.50548590111398e-08	ZCRB1	c2
1.25556862481685e-12	0.531976053608425	0.825	0.682	1.66287508670744e-08	WIPF1	c2
1.43102148806864e-12	1.51417144695786	0.184	0.053	1.8952448587981e-08	SFMBT2	c2
1.65543666839906e-12	0.755969562650693	0.5	0.265	2.19246032362772e-08	TINF2	c2
1.70238366932456e-12	0.973386105853813	0.343	0.149	2.25463693165344e-08	MRPL28	c2
1.74185624748335e-12	1.2296469808736	0.262	0.1	2.30691441416695e-08	TYK2	c2
1.85437168681763e-12	0.423251532939023	0.949	0.889	2.45592986202127e-08	PSME1	c2
1.87517260362006e-12	6.93323828480415	0.051	0	2.48347859623441e-08	AC243829.4	c2
2.00971223008792e-12	3.8388678250414	0.06	0.002	2.66166287752844e-08	PIK3R3	c2
2.11053249403119e-12	1.40853154979411	0.22	0.075	2.79518923509491e-08	PRKAR1B	c2
2.28302046216384e-12	1.29020941010746	0.214	0.07	3.02363230008979e-08	WDR26	c2
2.28674252693403e-12	1.25482639850995	0.313	0.135	3.02856180267143e-08	SPNS3	c2
2.34625895047071e-12	-0.196875291834257	1	1	3.10738535400341e-08	RPS15	c2
2.47617734201901e-12	0.914003493669564	0.599	0.421	3.27944927176998e-08	HMGA1	c2
2.57184732035004e-12	0.920285201240468	0.241	0.085	3.4061545910716e-08	TOX	c2
2.79312052196074e-12	1.07948177371289	0.298	0.121	3.6992088192848e-08	G6PD	c2
2.79388693323244e-12	0.929633705299157	0.455	0.239	3.70022385437304e-08	MYO1F	c2
2.8461813264873e-12	1.10766651637549	0.298	0.124	3.76948254879978e-08	CKAP2	c2
2.92840702259426e-12	1.09323556465937	0.289	0.115	3.87838226072384e-08	PPP6R2	c2
3.00708580797649e-12	0.855436747460496	0.518	0.3	3.98258444408407e-08	MIEN1	c2
3.01292893090028e-12	4.08979714039731	0.063	0.003	3.99032307608433e-08	PCLAF	c2
3.15963568074405e-12	0.898697091822018	0.449	0.228	4.18462149557742e-08	CHST11	c2
3.17364908920932e-12	3.81934789521785	0.063	0.003	4.20318085374883e-08	GOLIM4	c2
3.35614605150512e-12	1.06369644266111	0.271	0.106	4.44487983061338e-08	FAM118A	c2
3.48837643569932e-12	0.628019362384465	0.747	0.496	4.62000575144018e-08	NDUFB10	c2
3.6959213505097e-12	1.70284632006438	0.163	0.044	4.89487823661505e-08	FAM126A	c2
3.76005167459623e-12	-0.968400513170663	0.479	0.633	4.97981243783525e-08	AHNAK	c2
4.2599361450247e-12	0.349752188981307	0.994	0.977	5.64185943047071e-08	MYL6	c2
4.60362388510077e-12	-2.26194867414197	0.066	0.233	6.09703947342746e-08	SPART	c2
4.64106866937625e-12	-0.474457052764492	0.883	0.903	6.1466313457219e-08	NOP53	c2
5.30647174502235e-12	0.718172162423104	0.75	0.526	7.0278911791076e-08	TRAC	c2
6.11909262839756e-12	0.784374059048104	0.584	0.366	8.10412627704972e-08	TSEN54	c2
6.49760689674647e-12	-0.914490165920395	0.413	0.582	8.60543057405103e-08	MCUB	c2
6.96265393028569e-12	0.983655987818134	0.337	0.147	9.22133886527037e-08	IP6K2	c2
7.03204251468327e-12	-1.01010453331682	0.506	0.603	9.31323710644653e-08	NOSIP	c2
8.32481837947148e-12	1.72519858207688	0.148	0.038	1.1025389461772e-07	OASL	c2
8.92065532960627e-12	1.35320896128725	0.223	0.079	1.18145159185305e-07	UBASH3B	c2
8.96514994877687e-12	0.477285438071406	0.949	0.902	1.18734445921601e-07	SRP14	c2
9.1313622173301e-12	-1.88901721302668	0.145	0.319	1.2093576120632e-07	CCR6	c2
1.00142921725654e-11	0.750831518214973	0.596	0.367	1.32629285533456e-07	MOB1A	c2
1.05345715190861e-11	-1.56849848019582	0.111	0.29	1.39519865198776e-07	SSBP2	c2
1.07313012255552e-11	2.43944282293999	0.087	0.011	1.42125353431253e-07	SMPD3	c2
1.09863082787909e-11	0.917507282163452	0.358	0.169	1.45502666844307e-07	MYO9B	c2
1.17073683362104e-11	1.36680140481201	0.211	0.072	1.5505238624477e-07	MAN1A1	c2
1.19159769643521e-11	-0.37267164894816	0.937	0.941	1.57815198915879e-07	RPS20	c2
1.21714287096731e-11	4.54337891488226	0.06	0.003	1.61198401830911e-07	PDLIM1	c2
1.21915152211676e-11	0.577730526318233	0.723	0.492	1.61464427589144e-07	ENSA	c2
1.23660055715511e-11	1.3380683988127	0.214	0.074	1.63775377789623e-07	DUSP10	c2
1.25367235337252e-11	-3.26353680295654	0.027	0.175	1.66036366480656e-07	SELL	c2
1.31770225456327e-11	2.12609265219049	0.13	0.03	1.74516486594359e-07	IRF8	c2
1.36178631538943e-11	0.331275648294659	0.967	0.922	1.80354979610176e-07	MYL12B	c2
1.4134345067255e-11	3.66316203531701	0.06	0.003	1.87195266070725e-07	HES6	c2
1.62741377897969e-11	0.33025656303847	0.991	0.972	2.1553468088807e-07	IL32	c2
1.62900861988657e-11	1.94181783773715	0.133	0.031	2.15745901617777e-07	TRGV7	c2
1.89035366421538e-11	7.8401539748728	0.051	0.001	2.50358439288685e-07	TRDV2	c2
1.94569511698899e-11	5.29628732697906	0.051	0.001	2.57687861294021e-07	ADAM28	c2
1.99931212201444e-11	1.11812765410215	0.337	0.16	2.64788897439592e-07	NBL1	c2
2.21577908004969e-11	2.73891454742551	0.181	0.063	2.93457781361781e-07	TRGV2	c2
2.25383482470328e-11	1.09177599689544	0.268	0.109	2.98497884183702e-07	MT1F	c2
2.30717088090516e-11	3.52965890850262	0.066	0.005	3.05561711467079e-07	ADGRG5	c2
2.36035650894027e-11	0.520938262573406	0.846	0.678	3.12605616044049e-07	APBB1IP	c2
2.38453392421206e-11	1.66110920315818	0.172	0.052	3.15807672922645e-07	PDLIM7	c2
2.39237965660918e-11	0.397284749187458	0.937	0.924	3.16846761721319e-07	ARPC1B	c2
2.42009307489486e-11	1.13571059569458	0.199	0.066	3.20517126839075e-07	TOX2	c2
2.44953885342254e-11	-1.95377043967985	0.09	0.258	3.24416925747281e-07	SPINT2	c2
2.50125195653837e-11	0.649969944597132	0.717	0.507	3.31265809123942e-07	LPXN	c2
2.58007357169039e-11	0.999706255114092	0.31	0.137	3.41704943834675e-07	TERF1	c2
2.70557426175077e-11	0.582980808313926	0.798	0.642	3.58326255226272e-07	CELF2	c2
2.83185640340812e-11	0.494036986960574	0.837	0.716	3.75051062067371e-07	UQCRH	c2
2.95686604995722e-11	1.18958909844159	0.274	0.114	3.91607339656334e-07	BAK1	c2
3.071543169805e-11	1.64727355423542	0.136	0.033	4.06795177408974e-07	CNBD2	c2
3.32456370296234e-11	0.350367768363226	0.964	0.911	4.40305216820332e-07	UBB	c2
3.36893491567203e-11	0.622019157394509	0.729	0.522	4.46181740231603e-07	POLD4	c2
3.46358582267043e-11	0.784551112840366	0.473	0.254	4.58717306354471e-07	SFT2D1	c2
3.65884446885717e-11	-0.604472541142291	0.675	0.788	4.84577361455444e-07	EMP3	c2
3.76988398149516e-11	4.03293467573145	0.054	0.002	4.99283434509218e-07	ZBTB32	c2
3.85086885584738e-11	1.25911639882194	0.184	0.059	5.10009071268427e-07	PHTF1	c2
4.03111502336506e-11	0.750394701830333	0.605	0.387	5.33880873694468e-07	ANXA5	c2
4.22913382196984e-11	0.965980822418975	0.28	0.114	5.60106483381685e-07	DTX2	c2
4.62222083754675e-11	0.336641558469505	0.997	0.985	6.12166927724691e-07	FTL	c2
4.73337891179985e-11	1.0519968991138	0.247	0.097	6.26888703078772e-07	ATP6V0A2	c2
4.79016619694467e-11	0.883044108586922	0.358	0.166	6.34409611123352e-07	PREB	c2
4.80347972024198e-11	0.688412878287605	0.657	0.48	6.36172854148848e-07	AKAP13	c2
5.28080650846879e-11	0.938690606852342	0.367	0.178	6.99390013981607e-07	CDV3	c2
6.11858529241503e-11	1.09438781544497	0.304	0.139	8.10345436127447e-07	GNPTAB	c2
6.52439551527867e-11	0.928369443983637	0.428	0.226	8.64090942043507e-07	PSD4	c2
7.17177227370864e-11	0.787471628618476	0.473	0.259	9.49829519929973e-07	MYO1G	c2
7.55319179394346e-11	0.793261651588985	0.386	0.189	1.00034472118987e-06	GFI1	c2
7.65462565486852e-11	0.813556669276528	0.509	0.301	1.01377862173079e-06	GNAI2	c2
8.10020750604738e-11	0.597718803151545	0.623	0.388	1.07279148210092e-06	TRABD	c2
8.31523066334278e-11	-0.474384255870648	0.883	0.933	1.10126914905312e-06	IFITM2	c2
8.44082895076246e-11	0.56029090873764	0.774	0.608	1.11790338623898e-06	ZAP70	c2
8.94902489503855e-11	0.20429865594481	1	0.999	1.18520885709891e-06	MT-CO1	c2
9.10900177391639e-11	4.55047516109672	0.048	0.001	1.20639619493749e-06	MKI67	c2
9.16110583183974e-11	0.761478740179574	0.364	0.169	1.21329685636886e-06	ARHGEF7	c2
9.21416246614608e-11	3.98262715437628	0.048	0.001	1.22032367701639e-06	HMOX1	c2
9.55122339660775e-11	1.90650154767975	0.127	0.031	1.26496402664673e-06	LDLR	c2
1.02150730969264e-10	-0.468660145761898	0.834	0.862	1.35288428095693e-06	SERP1	c2
1.04735235066865e-10	0.726407463862168	0.569	0.356	1.38711345322556e-06	PHYKPL	c2
1.12540401361304e-10	-0.405992464631114	0.997	0.995	1.49048507562911e-06	BTG1	c2
1.14412307822765e-10	0.720175567503471	0.569	0.35	1.51527660480471e-06	LGALS1	c2
1.30313796759114e-10	1.24064142491492	0.217	0.08	1.7258759242777e-06	MVD	c2
1.30927769310967e-10	2.65839298839183	0.075	0.009	1.73400737675444e-06	SPECC1	c2
1.35147127077929e-10	-2.26737013098636	0.139	0.303	1.78988855102009e-06	KLF2	c2
1.44319719660348e-10	0.693259970967431	0.681	0.464	1.91137036718165e-06	REL	c2
1.44656613031985e-10	-0.720540117511768	0.575	0.669	1.91583218299561e-06	TNFAIP8	c2
1.45114846437904e-10	1.0757735477204	0.307	0.141	1.9219010262236e-06	AGTRAP	c2
1.46948011053658e-10	1.37000038367765	0.169	0.053	1.94617945839465e-06	AC090152.1	c2
1.66187258755982e-10	0.879207818555227	0.334	0.155	2.20098405496423e-06	AK3	c2
1.68452205540796e-10	2.17498536473153	0.105	0.022	2.2309810101823e-06	IGHV1-3	c2
1.72191628724506e-10	6.12226436066082	0.042	0	2.28050593082736e-06	CRACR2B	c2
1.72497845293386e-10	3.75353978423522	0.051	0.002	2.28456146306561e-06	FHL2	c2
1.88685668322703e-10	-0.268738427380439	0.988	0.987	2.49895299126588e-06	PFDN5	c2
1.99209902738458e-10	-1.54502960688982	0.148	0.31	2.63833595186813e-06	THEM4	c2
2.08796221938867e-10	1.17890514825146	0.259	0.112	2.76529716335835e-06	PLEKHA2	c2
2.09359531505515e-10	0.665081185802765	0.566	0.351	2.77275763525904e-06	POLR2G	c2
2.16443079930822e-10	2.05564963504294	0.09	0.016	2.86657215060381e-06	TRIOBP	c2
2.32998211817806e-10	-0.200239283896757	1	0.998	3.08582831731503e-06	RPS24	c2
2.71259704829383e-10	0.711891416063612	0.494	0.277	3.59256353076035e-06	C11orf98	c2
2.73245013133164e-10	2.30384333195576	0.087	0.015	3.61885695393562e-06	ANKRD35	c2
3.00023860995736e-10	1.48955790464885	0.256	0.112	3.97351601502752e-06	TRGV3	c2
3.04793533612723e-10	0.591867886023636	0.78	0.629	4.03668555916691e-06	WDR1	c2
3.06541306385807e-10	0.648036873482486	0.617	0.397	4.05983306177362e-06	ROCK1	c2
3.07910613877706e-10	0.835157614846679	0.425	0.231	4.07796817019633e-06	ASNA1	c2
3.08894693001537e-10	4.813808751463	0.057	0.004	4.09100131411235e-06	TNFRSF9	c2
3.2540350414898e-10	-1.48623992264378	0.175	0.332	4.30964400894909e-06	ADI1	c2
3.43460098388052e-10	-0.401488252392074	0.572	0.763	4.54878554305136e-06	KLRB1	c2
3.48296415189658e-10	0.738971605882995	0.476	0.272	4.61283772277184e-06	MPG	c2
3.5549088668355e-10	-3.2327242013582	0.027	0.155	4.70812130323694e-06	FHL1	c2
3.57991134665776e-10	1.53712619586857	0.127	0.032	4.74123458751354e-06	IDH1	c2
3.72432464349331e-10	0.438574108970069	0.846	0.665	4.93249555784254e-06	MSN	c2
3.72848317401586e-10	1.48158664280168	0.163	0.052	4.9380031156666e-06	ATP10D	c2
3.80472223354573e-10	0.798269012939719	0.389	0.199	5.03897412610797e-06	NUDT22	c2
3.80783070439313e-10	0.879711979986934	0.422	0.232	5.04309098489826e-06	FIBP	c2
3.85840552350113e-10	0.346415440547294	0.949	0.901	5.1100722753249e-06	SUMO2	c2
3.92895609584448e-10	-0.465469195917499	0.816	0.852	5.20350945333642e-06	RPS10	c2
4.10360060028629e-10	2.05157530922757	0.096	0.019	5.43480863501916e-06	MYO6	c2
4.12752094167538e-10	-0.224740278641323	1	0.997	5.46648873515488e-06	MT-CYB	c2
4.17874514419363e-10	-0.815536228378814	0.494	0.603	5.53433006897004e-06	NDFIP1	c2
4.67744656567948e-10	0.689736046472358	0.422	0.216	6.1948102315859e-06	TIPRL	c2
4.69804941672033e-10	0.593911921615419	0.684	0.457	6.22209664750441e-06	RAB1B	c2
5.06462841945756e-10	0.798917987734602	0.398	0.208	6.70759387872959e-06	SMIM29	c2
5.41080791013288e-10	0.859745508681329	0.337	0.164	7.16607399617998e-06	TRPT1	c2
5.43565687735784e-10	2.47582655435916	0.145	0.044	7.19898396837273e-06	TRGV5	c2
5.45226248143385e-10	0.826121082229263	0.349	0.177	7.22097643041099e-06	DCP2	c2
5.75476629630665e-10	1.37177631138289	0.145	0.043	7.62161248282852e-06	ZMIZ1	c2
5.94171280195934e-10	0.830307946238852	0.419	0.233	7.86920443491495e-06	PDE3B	c2
5.95039944937711e-10	0.586447155760397	0.681	0.478	7.88070903075504e-06	EMB	c2
6.21591683810666e-10	-1.91886630972981	0.093	0.246	8.23236026038846e-06	KLRG1	c2
6.24212053161717e-10	0.249547339773151	1	0.993	8.26706443207378e-06	ARHGDIB	c2
6.38820008038559e-10	0.698638354306685	0.373	0.186	8.46053218646267e-06	RASGRP1	c2
6.88426157850944e-10	4.41266913025692	0.048	0.002	9.11751603457791e-06	IQSEC3	c2
6.91301734608651e-10	0.919447648189535	0.247	0.101	9.15560017315697e-06	SMCO4	c2
7.07870061296561e-10	-2.57675565026354	0.042	0.176	9.37503109181166e-06	APP	c2
7.45592772962623e-10	2.63599752022994	0.048	0.002	9.87463068511698e-06	CIITA	c2
7.76645463098017e-10	6.35630799693779	0.039	0	1.02858925132701e-05	KLRC4-KLRK1	c2
7.76645463098017e-10	6.29544182402926	0.039	0	1.02858925132701e-05	SYNGR1	c2
7.89450682571554e-10	0.726532116802024	0.596	0.404	1.04554848399777e-05	RGL4	c2
8.42849238136501e-10	0.871789997948959	0.392	0.211	1.11626953098798e-05	H2AFJ	c2
1.03719013382873e-09	1.53153468213517	0.139	0.041	1.37365461324278e-05	HIP1	c2
1.05443635743217e-09	1.86066799153021	0.13	0.037	1.39649551178317e-05	REC8	c2
1.06436619567001e-09	-1.12478812036679	0.298	0.439	1.40964658954536e-05	FOXP1	c2
1.13621795048564e-09	0.414063588934618	0.913	0.816	1.50480705362318e-05	PGK1	c2
1.15891536268598e-09	0.718046052479941	0.678	0.512	1.53486750634131e-05	TAP1	c2
1.18429020631446e-09	0.55253876516347	0.575	0.364	1.56847394924287e-05	GPR174	c2
1.25460147705022e-09	0.640045159827793	0.491	0.274	1.66159419620531e-05	NT5C	c2
1.27471991743815e-09	0.483773853880734	0.828	0.649	1.68823905865508e-05	PGAM1	c2
1.30176589316518e-09	0.677097073239878	0.608	0.394	1.72405874890797e-05	PPP1R12A	c2
1.3049817686628e-09	0.77370631213144	0.247	0.103	1.72831785441702e-05	CD84	c2
1.47442060204503e-09	0.459481187677259	0.913	0.787	1.95272264534844e-05	TRBC2	c2
1.50928149288356e-09	-0.21431089199088	0.994	0.999	1.99889240917498e-05	UBA52	c2
1.51879472217181e-09	0.89683236310294	0.331	0.165	2.01149173004435e-05	ASXL2	c2
1.52998671745117e-09	1.92351803152972	0.108	0.026	2.02631440859233e-05	CCR9	c2
1.56158946071972e-09	0.977312652162524	0.334	0.169	2.0681690817772e-05	B4GALT1	c2
1.56236389064107e-09	0.827705561168037	0.337	0.166	2.06919473676504e-05	GRHPR	c2
1.57362337539336e-09	0.682806596983285	0.419	0.224	2.08410679837097e-05	ERLEC1	c2
1.57873282219082e-09	1.11672901218279	0.196	0.074	2.09087374970952e-05	CHI3L2	c2
1.59726268852693e-09	1.0301633925083	0.268	0.121	2.11541470468506e-05	CPD	c2
1.62028608173022e-09	0.829377668625063	0.404	0.225	2.14590688664351e-05	APOBEC3C	c2
1.66379897423738e-09	2.77188407425593	0.069	0.009	2.20353536147998e-05	ARHGEF12	c2
1.67545638878549e-09	0.791985296098551	0.419	0.236	2.21897444130751e-05	ATP2B4	c2
1.73083609168616e-09	-2.36201822611751	0.045	0.176	2.29231931982915e-05	MAF	c2
1.73096649215852e-09	2.05093223528836	0.087	0.017	2.29249202221474e-05	JAKMIP2	c2
1.75143126074323e-09	3.03853565467217	0.06	0.006	2.31959556172833e-05	FKBP1B	c2
1.77673754795593e-09	0.589004869459772	0.551	0.348	2.35311120851283e-05	RPS19BP1	c2
1.80613253253762e-09	2.25936413228835	0.072	0.01	2.39204192609282e-05	PLOD1	c2
1.82457811627886e-09	4.18771081658209	0.042	0.001	2.41647125719972e-05	TTYH3	c2
1.84061650286824e-09	0.678437847545328	0.488	0.284	2.4377124963987e-05	RNASEH2B	c2
1.87896122449589e-09	1.05043907657893	0.214	0.084	2.48849624572236e-05	DGKD	c2
1.89185146961001e-09	0.624927253603631	0.307	0.145	2.5055680863515e-05	CKS2	c2
1.94778193502543e-09	0.50204732186359	0.723	0.507	2.57964239474769e-05	CBX3	c2
1.9973017407379e-09	2.19948161897629	0.063	0.007	2.64522642543327e-05	MSC	c2
2.11857731184432e-09	1.04145528766827	0.235	0.098	2.80584379180662e-05	CHFR	c2
2.13705854192315e-09	1.30952138341441	0.148	0.046	2.83032033292302e-05	MCTP2	c2
2.21014170486914e-09	0.690612035019252	0.581	0.38	2.92711167392869e-05	GPR65	c2
2.2111073921064e-09	1.30535247103414	0.16	0.053	2.92839063010572e-05	SNX18	c2
2.21761231233978e-09	0.721203058401161	0.389	0.202	2.9370057464628e-05	LSM1	c2
2.25482133771244e-09	0.99038872071597	0.292	0.138	2.98628537966636e-05	TBCD	c2
2.31233882327562e-09	1.56442927890877	0.136	0.041	3.06246153754623e-05	GCNT1	c2
2.33365660888193e-09	1.13091595221612	0.343	0.181	3.09069481280323e-05	TNFSF14	c2
2.38553163997408e-09	-0.315409351096683	1	1	3.15939810398168e-05	MALAT1	c2
2.38919666237686e-09	0.472080659649893	0.861	0.75	3.16425205965191e-05	RGS10	c2
2.40622361358717e-09	0.614073738775842	0.636	0.441	3.18680255383485e-05	UBE2L3	c2
2.53539011890815e-09	-4.66161975733971	0.006	0.111	3.35787067348195e-05	CYSLTR1	c2
2.7124640534337e-09	1.0772292306226	0.25	0.11	3.59238739236759e-05	MSH3	c2
2.77929260160152e-09	0.989021696724856	0.247	0.106	3.68089512156105e-05	CASP7	c2
2.83668558315134e-09	0.418321581459021	0.901	0.797	3.75690638632564e-05	CAPZB	c2
3.08864821173886e-09	-2.29839933304052	0.054	0.187	4.09060569162694e-05	C1orf162	c2
3.18257476575524e-09	1.19833160595025	0.166	0.056	4.21500201976624e-05	TPMT	c2
3.18414040394889e-09	1.51153836930772	0.127	0.036	4.21707555098991e-05	PLCXD2	c2
3.1946813317907e-09	0.969384846458966	0.31	0.152	4.23103595582361e-05	MMP25-AS1	c2
3.20329049471518e-09	0.813208850269335	0.352	0.181	4.24243793120078e-05	AKTIP	c2
3.21887242469547e-09	-1.30410641202401	0.181	0.336	4.26307463926668e-05	LDLRAP1	c2
3.39276877762869e-09	0.606344120237083	0.566	0.375	4.49338296909144e-05	PRKACB	c2
3.45703207872444e-09	0.956947556648059	0.208	0.08	4.57849328506265e-05	DFFA	c2
3.46109822494926e-09	0.776701804226809	0.467	0.276	4.5838784891228e-05	NR4A3	c2
3.50442168336573e-09	5.49400022930129	0.036	0	4.64125607744957e-05	AMZ1	c2
3.63402125224525e-09	0.875307427083917	0.343	0.173	4.8128977464736e-05	GLRX3	c2
3.69482256272262e-09	1.29151745347057	0.196	0.075	4.89342300206984e-05	IVD	c2
3.70866455887745e-09	1.33375108070152	0.16	0.054	4.9117553417773e-05	IL9R	c2
3.71144533175951e-09	0.593770104614413	0.639	0.426	4.91543819738229e-05	JPT1	c2
3.84561351833363e-09	2.28484119811272	0.078	0.014	5.09313054368106e-05	SLCO4A1	c2
3.89759013680909e-09	0.62218422349748	0.56	0.344	5.16196837718996e-05	MLF2	c2
4.3173629253774e-09	0.849132282099117	0.331	0.165	5.71791545836983e-05	TBX21	c2
4.31762092846896e-09	0.607656722131734	0.711	0.517	5.71825715766429e-05	PTPN6	c2
4.34364583438553e-09	1.9158670375092	0.09	0.019	5.7527245430602e-05	PLAGL1	c2
4.37352025230081e-09	0.608842694884402	0.503	0.29	5.7922902221472e-05	DERL1	c2
4.42037876354144e-09	1.33244032117088	0.163	0.056	5.85434963443428e-05	GSE1	c2
4.43409495494966e-09	0.401114633781565	0.877	0.765	5.87251535833533e-05	ATP5F1B	c2
4.47661528562902e-09	3.81115445328984	0.048	0.003	5.92882928428707e-05	PIF1	c2
4.50029215659897e-09	1.1865425993416	0.169	0.06	5.96018693219967e-05	USP30-AS1	c2
4.6086092931221e-09	0.258268990463214	0.988	0.984	6.10364214781092e-05	SERF2	c2
4.70347716891165e-09	0.88868327615429	0.322	0.159	6.22928516250659e-05	MRPL36	c2
4.77975799075935e-09	0.490313334061347	0.777	0.566	6.33031148296168e-05	BUB3	c2
4.87030337152136e-09	0.881893662315307	0.404	0.231	6.45022978524289e-05	RBPJ	c2
5.09202664098131e-09	0.588047204172517	0.702	0.534	6.74388008331564e-05	ATP5F1C	c2
5.41614699832845e-09	1.12479934789359	0.235	0.102	7.1731450845862e-05	SMC4	c2
5.46900872064159e-09	1.00782744514694	0.265	0.122	7.24315514961772e-05	MBD5	c2
5.47399152666706e-09	0.783055622570543	0.401	0.212	7.24975437791786e-05	IFI35	c2
5.48907054329835e-09	-0.478227224046316	1	0.999	7.26972502754434e-05	FTH1	c2
5.51293529171473e-09	1.43825501832235	0.154	0.052	7.30133150034699e-05	MGLL	c2
5.58447140815418e-09	0.825384110318045	0.265	0.118	7.3960739329594e-05	CASP3	c2
5.59590213229732e-09	-0.683891350869111	0.843	0.886	7.41121278401457e-05	DNAJB1	c2
5.6010962570694e-09	0.635989080958769	0.473	0.276	7.41809188286271e-05	MAPK1	c2
5.67865164397212e-09	0.889047901730203	0.304	0.147	7.52080623727667e-05	UBN1	c2
5.70741482247712e-09	1.04567958034497	0.202	0.079	7.5589001908887e-05	CCR5	c2
5.8708268127875e-09	-1.62320396193531	0.148	0.285	7.77532303085576e-05	TNFRSF25	c2
5.95750967961479e-09	1.27206226965172	0.166	0.059	7.89012581968182e-05	WDR41	c2
5.97937875207733e-09	0.943597319805937	0.283	0.134	7.91908921925122e-05	PRR5	c2
6.01379107930647e-09	-1.907663314326	0.12	0.259	7.96466490543348e-05	CMTM8	c2
6.29873608801469e-09	1.11897530071009	0.166	0.059	8.34204607496665e-05	SLC27A3	c2
6.35138132426789e-09	0.6014042361779	0.666	0.455	8.4117694258604e-05	PARP8	c2
6.59652032599294e-09	0.57632950879721	0.617	0.422	8.73643151974504e-05	PTPN7	c2
6.71786682443142e-09	-0.161047331860426	1	0.998	8.89714282227697e-05	RPS7	c2
6.74210327909912e-09	0.462768813696082	0.711	0.535	8.92924158283888e-05	CSK	c2
6.74502228570562e-09	-4.06230219045727	0.009	0.112	8.93310751518852e-05	ADAM23	c2
6.7984193967354e-09	1.15161560958375	0.226	0.098	9.00382664903637e-05	DDAH2	c2
6.8616097435426e-09	0.509729869266941	0.738	0.51	9.08751594434782e-05	ARRB2	c2
6.91744561200814e-09	0.837244885846251	0.274	0.126	9.16146496854358e-05	ATP6V1D	c2
7.01342372945099e-09	0.659316271534674	0.533	0.336	9.28857838728489e-05	CFLAR	c2
7.1140770769271e-09	0.834314235010345	0.298	0.143	9.42188368068226e-05	ZNF791	c2
7.18049777890977e-09	0.549929336509267	0.747	0.573	9.5098512583881e-05	CLEC2D	c2
7.33138237294527e-09	0.558230268530061	0.708	0.519	9.70968281472872e-05	NCOR1	c2
7.39755965347827e-09	0.450001360454848	0.849	0.713	9.79732800506662e-05	JAK1	c2
7.52045130467614e-09	-2.36262523097571	0.108	0.241	9.96008570791308e-05	PASK	c2
7.90363144501279e-09	4.70020448947397	0.039	0.001	0.000104675694857749	LILRB1	c2
8.13108366670726e-09	0.672559921163334	0.485	0.28	0.000107688072081871	TCIRG1	c2
8.40601901121722e-09	0.998801835357399	0.22	0.092	0.000111329315784561	ZDHHC20	c2
8.4810760876375e-09	0.544662895273875	0.678	0.486	0.000112323371704671	PRKAR1A	c2
8.48226966872476e-09	0.758833292385597	0.401	0.22	0.000112339179492591	USP20	c2
8.54180851601449e-09	0.581816998858823	0.663	0.427	0.000113127711986096	PPP4C	c2
8.61351738861917e-09	0.705805469196569	0.413	0.23	0.000114077424294872	MAP2K2	c2
8.91810576330594e-09	0.841248401172547	0.325	0.166	0.000118111392729224	PPP5C	c2
8.96002699015675e-09	0.531483686781764	0.687	0.498	0.000118666597457636	GADD45B	c2
9.05343105554165e-09	0.391953851250324	0.931	0.84	0.000119903640899594	LCP1	c2
9.16641566629258e-09	-0.26275627245061	0.985	0.992	0.000121400009084379	RPL4	c2
9.22506422673911e-09	-0.862563512353867	0.506	0.595	0.000122176750618933	FCMR	c2
9.4693261000315e-09	0.46381095971541	0.72	0.486	0.000125411754868817	BAX	c2
9.66202270279158e-09	1.88169585493088	0.099	0.024	0.000127963828675772	AP001816.1	c2
9.68437299473316e-09	2.31729158193576	0.087	0.019	0.000128259835942246	RBBP8	c2
9.69033131274298e-09	1.065274163693	0.193	0.075	0.000128338747905968	SPON2	c2
9.69403424606215e-09	0.762036096641087	0.373	0.204	0.000128387789554847	HERC1	c2
9.71479631636512e-09	1.10216808520904	0.178	0.066	0.00012866276241394	ST3GAL5	c2
9.77105888664298e-09	0.834010362754696	0.325	0.166	0.0001294079038947	SIRT2	c2
9.87494591389082e-09	1.05197724670594	0.247	0.112	0.00013078378368357	HENMT1	c2
9.97256372034406e-09	0.459208595906985	0.819	0.644	0.000132076633912237	TRAPPC1	c2
1.03036168736927e-08	0.707933035784186	0.443	0.252	0.000136461101875187	HELZ	c2
1.04769815796871e-08	1.11970019537904	0.187	0.072	0.000138757144041375	MCM6	c2
1.05006401240981e-08	0.489457793016405	0.771	0.581	0.000139070477803555	RABAC1	c2
1.05527110788034e-08	0.71090438515575	0.395	0.216	0.000139760105527672	GTF2I	c2
1.0589193297357e-08	1.25864348977649	0.151	0.051	0.000140243276030196	PARP3	c2
1.07059691343305e-08	-3.93096686743621	0.009	0.11	0.000141789855215073	ACTN1	c2
1.1035158858866e-08	-2.37309454121941	0.042	0.162	0.000146149643926821	SLC40A1	c2
1.11581978168018e-08	0.809399411034532	0.31	0.155	0.000147779171885723	STARD3NL	c2
1.13303463137947e-08	0.465347798791659	0.786	0.626	0.000150059106579898	ATP5MF	c2
1.15822513521767e-08	0.336266773887218	0.928	0.864	0.000153395336908228	ALDOA	c2
1.17871443703998e-08	1.1189025815166	0.223	0.098	0.000156108940041575	MVB12B	c2
1.18030083193232e-08	0.628887892266287	0.515	0.32	0.000156319042181116	TADA3	c2
1.18745458287029e-08	0.698400381260621	0.319	0.157	0.000157266484955341	PARP14	c2
1.20513245818192e-08	0.556345742271638	0.608	0.405	0.000159607742761614	AKNA	c2
1.28271738894721e-08	1.5075814202808	0.166	0.062	0.000169883090992168	CAPN12	c2
1.28839241473346e-08	-0.47868543724211	0.461	0.627	0.000170634691407299	CD27	c2
1.32515487311402e-08	0.732621229996813	0.401	0.229	0.000175503511395221	WBP1	c2
1.3793743413264e-08	3.99705883175932	0.042	0.002	0.000182684337765269	LINC01358	c2
1.39382855295948e-08	3.85886408888166	0.042	0.002	0.000184598653553953	NFIL3	c2
1.42469901561697e-08	0.453091029879932	0.828	0.699	0.000188687137628311	PARK7	c2
1.46616148589687e-08	0.680275154529692	0.413	0.226	0.000194178427192182	MAP4	c2
1.50040919576684e-08	2.02459886177524	0.084	0.018	0.000198714193887361	UCK2	c2
1.51677574922591e-08	0.529295830283396	0.636	0.457	0.000200881780227479	SCAND1	c2
1.5583628659087e-08	0.973247791543053	0.193	0.076	0.000206389577960948	PDZD8	c2
1.57677514221216e-08	1.23423942349286	0.175	0.066	0.000208828099834578	SMURF2	c2
1.58266522104118e-08	6.33337069369946	0.033	0	0.000209608181874693	SPRY2	c2
1.65548532516316e-08	0.691967295873001	0.38	0.206	0.000219252476464608	MTHFD2	c2
1.7240333233721e-08	0.543628057624426	0.729	0.538	0.000228330973347401	RNF167	c2
1.79971986275598e-08	-3.55549190290958	0.006	0.102	0.000238354898623402	SCML1	c2
1.83260755070097e-08	0.524198582277784	0.669	0.467	0.000242710544014836	PTP4A2	c2
1.94258776702907e-08	0.478327481772476	0.756	0.651	0.00025727632386533	PSMB10	c2
1.96752420777295e-08	1.40932584469105	0.154	0.055	0.000260578906077449	KIF20B	c2
2.09168683226816e-08	1.28073883206792	0.133	0.042	0.000277023004065596	CHRNB1	c2
2.23444394737889e-08	0.494178261276415	0.792	0.644	0.000295929756390861	NME2	c2
2.25058755736347e-08	0.436544337316957	0.738	0.548	0.000298067816097217	CSNK2B	c2
2.26739532013969e-08	1.85481838691553	0.096	0.024	0.000300293836199301	MIR181A1HG	c2
2.29838549194353e-08	3.63008537904402	0.057	0.007	0.000304398174553001	TYROBP	c2
2.37219414139986e-08	1.25435787290581	0.232	0.108	0.000314173392086998	NDFIP2	c2
2.37704986713848e-08	0.895171438530998	0.199	0.08	0.00031481648440382	NHLRC3	c2
2.44283936600783e-08	0.414449264279893	0.91	0.842	0.000323529645634076	SUB1	c2
2.5731184583918e-08	0.639706453121698	0.452	0.265	0.00034078380862941	PTK2B	c2
2.60654240111728e-08	1.5549143244518	0.099	0.025	0.000345210475603972	FANCA	c2
2.60900201582786e-08	0.55150239081288	0.63	0.434	0.000345536226976242	TWF2	c2
2.69807488574932e-08	0.754592804411023	0.38	0.211	0.00035733303786864	NARF	c2
2.82323645003346e-08	2.23019832348335	0.057	0.007	0.000373909435442432	PTPRK	c2
2.8311098616566e-08	0.840880002619262	0.268	0.129	0.0003749521900778	CD151	c2
2.84986814964872e-08	0.538009794166681	0.654	0.479	0.000377436537739476	PSMD8	c2
2.86977551833974e-08	1.23369422762138	0.193	0.079	0.000380073069648915	FUT8	c2
2.94191756036262e-08	1.73289010483937	0.078	0.016	0.000389627561694426	STARD4	c2
3.11148034378893e-08	0.584485318192558	0.53	0.331	0.000412084456731407	SP140	c2
3.13916022871596e-08	0.559950032526351	0.675	0.512	0.000415750380691142	GPI	c2
3.15173617912387e-08	-2.2220201309573	0.036	0.152	0.000417415939563165	CCR2	c2
3.41242982280108e-08	0.729030772366177	0.373	0.203	0.000451942205731774	PFKFB3	c2
3.42956970511635e-08	0.689818887215993	0.355	0.19	0.000454212211745609	CUEDC2	c2
3.53485516704037e-08	0.859638379191131	0.28	0.136	0.000468156218322827	SKA2	c2
3.53932307393896e-08	4.41618546097	0.036	0.001	0.000468747947912475	DPY19L2	c2
3.60354342859207e-08	0.365042984663834	0.886	0.797	0.000477253291682734	ACTR3	c2
3.61974875904343e-08	4.16123682085789	0.036	0.001	0.000479399525647711	SETBP1	c2
3.62495272709574e-08	0.482920044364473	0.572	0.344	0.00048008873917656	TMEM160	c2
3.66062348616386e-08	3.67189998473813	0.036	0.001	0.000484812974507542	NRSN2-AS1	c2
3.73713013728084e-08	0.534369860344581	0.605	0.399	0.000494945515381474	NAPA	c2
3.80563691033183e-08	0.951437439518587	0.238	0.109	0.000504018552404348	GALNT6	c2
3.95183363124071e-08	-1.18786646876043	0.232	0.374	0.000523380846121519	TIMP1	c2
3.95219709989959e-08	0.897612686083747	0.256	0.121	0.000523428983910702	TRAF7	c2
3.9878095435353e-08	0.545629924924872	0.627	0.418	0.000528145495945815	CYFIP2	c2
4.03485543088779e-08	0.601786236738716	0.524	0.342	0.000534376253266779	MAP4K1	c2
4.11377063257006e-08	1.10067803431878	0.148	0.051	0.000544827782577579	GTDC1	c2
4.13609077819502e-08	0.468945117011245	0.714	0.582	0.000547783862664148	SEM1	c2
4.45520667233387e-08	0.697632538397875	0.358	0.192	0.000590047571683898	ST8SIA4	c2
4.46055912685901e-08	0.374933632544068	0.895	0.812	0.000590756450761207	HCLS1	c2
4.49275769155375e-08	0.639297146762834	0.304	0.15	0.000595020828669378	TRAFD1	c2
4.53192872974055e-08	-1.58468021196924	0.127	0.26	0.000600208640966839	AP3M2	c2
4.62791909866397e-08	0.702873271334835	0.355	0.19	0.000612921605427056	ACADM	c2
4.6496899895802e-08	0.556994229457812	0.605	0.406	0.000615804942220002	NDUFS8	c2
4.67893143012983e-08	-2.33738961858654	0.036	0.147	0.000619677678606395	LINC02273	c2
4.73482628726738e-08	1.07554157316994	0.136	0.045	0.000627080393485692	RABEP2	c2
4.81158055439298e-08	0.855368945777835	0.268	0.129	0.000637245728623807	TOR3A	c2
4.83643204593021e-08	0.977833024972566	0.202	0.086	0.000640537060162997	BOP1	c2
4.8502135412923e-08	1.26567660438706	0.169	0.066	0.000642362281408753	PILRB	c2
5.17232342183317e-08	1.84604961081634	0.081	0.018	0.000685022513987585	SLC25A15	c2
5.2119306227746e-08	0.677015717633857	0.37	0.202	0.000690268091680268	MRPS12	c2
5.38347907028179e-08	0.634788821793461	0.47	0.283	0.00071298796806812	TSPAN14	c2
5.55868764375154e-08	-0.786392186183142	0.398	0.518	0.000736192591538454	TRAT1	c2
5.68124420151223e-08	-0.815276472213739	0.398	0.521	0.00075242398204828	VSIR	c2
5.73699646530848e-08	0.631311108950469	0.554	0.376	0.000759807811865455	TLN1	c2
5.75251675199617e-08	0.686251201689081	0.431	0.253	0.000761863318634373	VPS37B	c2
5.9350501376015e-08	-1.55958073450101	0.12	0.25	0.000786038040223943	SERINC5	c2
5.93867483603627e-08	0.568621617893894	0.645	0.458	0.000786518095284644	FGFR1OP2	c2
5.96526212034053e-08	0.743774769442325	0.337	0.179	0.0007900393152179	UBL7	c2
6.01245928753727e-08	0.881048153069498	0.241	0.11	0.000796290108041436	MPHOSPH9	c2
6.03066182983932e-08	1.49971196550374	0.114	0.034	0.000798700852743919	RUNDC1	c2
6.31027562255201e-08	1.16992394276556	0.145	0.051	0.000835732903450789	TRERF1	c2
6.39354478158843e-08	0.64681526554725	0.38	0.21	0.000846761070873571	OVCA2	c2
6.39457734614399e-08	-5.10528279717487	0.003	0.089	0.00084689782372331	CXCR5	c2
6.46587113551545e-08	0.742467446936518	0.346	0.186	0.000856339973187667	ATP1B3	c2
6.67771002491593e-08	0.719335723877563	0.395	0.223	0.000884395915699866	TMEM165	c2
6.70916797555244e-08	0.833295415680773	0.256	0.123	0.000888562206682166	PLSCR1	c2
6.88092131837845e-08	0.426248084796712	0.861	0.725	0.000911309219406042	PSME2	c2
7.15797969809105e-08	6.22201061112553	0.03	0	0.000948002831215179	KRT86	c2
7.15797969809105e-08	5.57304842436886	0.03	0	0.000948002831215179	PDGFD	c2
7.1843746041241e-08	0.673821068480475	0.319	0.164	0.000951498572570195	PPP6R1	c2
7.32573834168559e-08	0.803519785570742	0.361	0.204	0.000970220785972839	FOSL2	c2
7.37161724312437e-08	0.70912803883355	0.337	0.18	0.000976296987679392	RTCA	c2
7.68216533496081e-08	-2.38062220487782	0.057	0.17	0.00101742597696221	ELK3	c2
7.83150695895916e-08	-1.85946299279115	0.066	0.186	0.00103720478164455	LGALS3BP	c2
7.93337816255655e-08	0.658215893107105	0.346	0.185	0.00105069660384899	SLFN12L	c2
8.2016633043531e-08	1.08743421194268	0.178	0.072	0.00108622828802852	OTULIN	c2
8.25429573851178e-08	1.13058320357243	0.172	0.068	0.0010931989276085	PXK	c2
8.35328777425165e-08	0.516278122977275	0.524	0.324	0.00110630943282189	HSD17B11	c2
8.444502608762e-08	1.00660146758627	0.256	0.129	0.00111838992550444	PEX11B	c2
8.65738037237467e-08	0.67465491462598	0.425	0.255	0.0011465834565173	BAZ1B	c2
8.85620674993972e-08	1.26809413742129	0.154	0.057	0.00117291602196202	EXOSC4	c2
8.93848320323038e-08	0.447947034576655	0.741	0.56	0.00118381271543583	IL2RG	c2
9.00052761345413e-08	0.521424153807497	0.678	0.503	0.00119202987712586	UBE2L6	c2
9.18507162787114e-08	3.57024113481352	0.045	0.004	0.00121647088639525	REG4	c2
9.21196117357711e-08	0.56960058971744	0.515	0.327	0.00122003213782855	PSMD4	c2
9.23471223854116e-08	1.39196789397996	0.105	0.03	0.00122304528887239	CDKN2A	c2
9.48933087113215e-08	2.18089443073229	0.057	0.008	0.00125676698057274	OTUB2	c2
9.78227701426218e-08	2.39601434342117	0.057	0.008	0.00129556476776888	PIK3R6	c2
9.84665433745982e-08	0.67255260922507	0.422	0.241	0.00130409090045318	ARHGAP25	c2
9.86540770186839e-08	0.618111173023781	0.422	0.247	0.00130657459603545	COMMD8	c2
1.01218498359076e-07	0.702259873121424	0.367	0.204	0.0013405377922676	CD2BP2	c2
1.06328842696113e-07	-0.201566175665648	0.997	0.994	0.00140821919266733	RPL13A	c2
1.07402065713885e-07	2.71681146801021	0.051	0.006	0.00142243295831469	PHGDH	c2
1.08281396199364e-07	0.708392381527826	0.352	0.201	0.00143407881126438	CARHSP1	c2
1.0877342224663e-07	-0.380394327028212	0.687	0.829	0.00144059520423436	TXNIP	c2
1.09418571865669e-07	-3.4387028366738	0.018	0.113	0.00144913956578892	PIP4P2	c2
1.09721563169899e-07	0.489875535572424	0.705	0.53	0.00145315238262214	DEK	c2
1.11044197669036e-07	0.647014089231227	0.455	0.273	0.00147066935392871	RNF166	c2
1.11725064520036e-07	0.575190253472953	0.548	0.364	0.00147968675450335	PPP2CA	c2
1.12756847344815e-07	0.787828382835753	0.265	0.132	0.00149335168623473	HDAC10	c2
1.12841436980155e-07	0.830631941361621	0.214	0.094	0.00149447199136517	RAB33A	c2
1.13989553434364e-07	0.668586811789189	0.307	0.161	0.00150967764568472	HEXA	c2
1.1464028026509e-07	0.667731180192195	0.599	0.457	0.00151829587183086	TPM4	c2
1.1527342497072e-07	0.541196659619606	0.479	0.295	0.00152668124031222	SNX5	c2
1.15605099733002e-07	0.640733151321353	0.446	0.26	0.00153107394086387	RBM42	c2
1.17450471873958e-07	0.643133456774749	0.518	0.334	0.0015555140494987	FLNA	c2
1.19227954274811e-07	0.415349909922424	0.768	0.59	0.0015790550264156	WDR83OS	c2
1.23797322259034e-07	0.453621362448449	0.738	0.56	0.00163957173599865	RALY	c2
1.24741323596307e-07	-2.85883612014715	0.021	0.118	0.00165207408970949	ANK3	c2
1.25118145929937e-07	0.813726961438713	0.202	0.087	0.00165706472469608	GAB3	c2
1.25754062005413e-07	1.36765302374424	0.148	0.055	0.00166548679719969	PDE4A	c2
1.26371095479865e-07	-3.07537392881437	0.021	0.118	0.00167365878853533	FAAH2	c2
1.27373830410834e-07	0.762057202363715	0.383	0.227	0.00168693900996108	MRPL10	c2
1.31198446429299e-07	1.21500450528932	0.184	0.078	0.00173759222450963	ISYNA1	c2
1.3206102563146e-07	0.634589715042312	0.289	0.146	0.00174901622346306	NFATC2IP	c2
1.33633508690193e-07	0.484378920688407	0.675	0.492	0.00176984218909291	PSMA5	c2
1.3831847702781e-07	0.853566164667091	0.229	0.106	0.00183188990975632	NABP2	c2
1.40165403661263e-07	0.752451100847906	0.268	0.132	0.00185635060608977	GAK	c2
1.41107238955354e-07	0.632952250136915	0.413	0.239	0.00186882427272471	MCRIP1	c2
1.42353604464923e-07	1.00078495710083	0.22	0.102	0.00188533113753344	ATF3	c2
1.45715066065533e-07	0.582040540917845	0.605	0.419	0.00192985033497192	RAB5IF	c2
1.46208802967018e-07	-0.856746470383595	0.431	0.538	0.00193638938649519	CORO1B	c2
1.46385067874236e-07	-0.404087852160946	0.994	0.983	0.00193872383892638	ZFP36L2	c2
1.4731067639145e-07	0.730845258262089	0.337	0.18	0.00195098259812837	PTRHD1	c2
1.49005401834387e-07	-0.581769082276917	0.476	0.608	0.00197342754189463	TC2N	c2
1.53335329418814e-07	0.417867614143217	0.723	0.55	0.00203077310282277	TCEA1	c2
1.55126879225812e-07	0.585352640688527	0.491	0.305	0.00205450038846665	SLC25A39	c2
1.57087938520727e-07	0.737649282245209	0.301	0.156	0.00208047265776851	RALGDS	c2
1.58905838237517e-07	0.497610850162478	0.654	0.452	0.00210454892161767	AP2M1	c2
1.61043589071939e-07	4.11080664978975	0.033	0.001	0.00213286129366876	KLHL4	c2
1.61103447810075e-07	0.827116578878326	0.334	0.187	0.00213365406279664	ZBTB7A	c2
1.62387847992491e-07	0.588062787420401	0.476	0.294	0.00215066465881255	PSMA4	c2
1.64896757013757e-07	0.710190675531493	0.325	0.172	0.0021838926498902	UROS	c2
1.65859642243108e-07	0.696236529439032	0.488	0.319	0.00219664510186772	ISG15	c2
1.68053223701051e-07	0.650232631036165	0.383	0.218	0.00222569689469672	PRELID3B	c2
1.68987200190693e-07	1.82887645058512	0.096	0.027	0.00223806647932554	CA10	c2
1.69878954057112e-07	0.423041436249119	0.84	0.746	0.00224987686753239	COX8A	c2
1.71676712407656e-07	1.88879194273213	0.084	0.021	0.002273686379127	MXRA7	c2
1.74061215569021e-07	0.52441567211638	0.922	0.852	0.00230526673899612	NR4A2	c2
1.78060417115145e-07	1.05693808148369	0.208	0.094	0.00235823216427298	GBP3	c2
1.78594864917521e-07	0.524742284656665	0.431	0.247	0.00236531039096764	SEPHS2	c2
1.86941346626576e-07	0.763872709841824	0.286	0.145	0.00247585119472237	NFU1	c2
1.93233479787642e-07	0.898861881426221	0.226	0.106	0.00255918420630754	MUS81	c2
1.9935093352938e-07	0.323331661219135	0.904	0.82	0.00264020376366311	SEPT1	c2
2.00470857778179e-07	0.794206668678966	0.265	0.13	0.00265503604041421	POLG	c2
2.01897091805175e-07	-0.609446261797853	0.467	0.598	0.00267392508386774	CD5	c2
2.11761883752748e-07	0.913137529085306	0.172	0.069	0.0028045743884214	MEF2D	c2
2.13620843274023e-07	-0.427690387163417	0.657	0.752	0.00282919444832116	TUBA1B	c2
2.13872424964516e-07	0.625537826717335	0.491	0.307	0.00283252639623005	PYCARD	c2
2.14039921870972e-07	0.489258092320096	0.614	0.42	0.00283474472525915	UBAC2	c2
2.16805641775852e-07	-0.374222514732118	0.979	0.964	0.00287137391967939	RPS26	c2
2.18220649929716e-07	0.547085165243875	0.605	0.405	0.00289011428766916	PIK3R1	c2
2.20606826574397e-07	0.799335142705124	0.289	0.148	0.00292171681115131	CCDC186	c2
2.2416789611728e-07	0.45266440595981	0.774	0.666	0.00296887961617725	ARPC5	c2
2.26810389136319e-07	1.59668975133194	0.081	0.02	0.00300387679372141	VAV3	c2
2.27509527305683e-07	1.87902842597363	0.087	0.023	0.00301313617963646	METRNL	c2
2.33553999159062e-07	0.541346480101872	0.548	0.358	0.00309318916486262	ARHGEF3	c2
2.36710950734191e-07	-3.28819138753527	0.027	0.122	0.00313499983152363	TTC39C-AS1	c2
2.40046432308313e-07	0.436860691112216	0.596	0.392	0.0031791749494913	DYNLT1	c2
2.44534126896613e-07	0.661281119635268	0.446	0.266	0.00323860997661874	UBE2A	c2
2.45584044598718e-07	0.653415385523062	0.307	0.163	0.00325251508666542	TYMP	c2
2.47797196595912e-07	0.589821424976992	0.425	0.247	0.00328182607171626	ARIH2	c2
2.49035166007609e-07	2.22703554872931	0.06	0.01	0.00329822173860478	SAP30	c2
2.49101659197078e-07	0.495544774648901	0.527	0.333	0.0032991023744061	PSTPIP1	c2
2.49944417152633e-07	0.565813832810386	0.62	0.449	0.00331026386076947	AC016831.7	c2
2.54305081208872e-07	0.85834589320912	0.226	0.107	0.0033680164955303	SMC6	c2
2.55088318034928e-07	0.720253384777983	0.283	0.143	0.00337838968405458	TMEM120A	c2
2.56414639354832e-07	0.579082072446773	0.509	0.327	0.00339595548361539	ADRM1	c2
2.59556348034956e-07	0.517287455616597	0.648	0.451	0.00343756427337496	HSPA9	c2
2.60613737836213e-07	2.14616296133447	0.06	0.01	0.0034515683439028	FLVCR1-DT	c2
2.60941287658953e-07	0.774785045819085	0.238	0.114	0.00345590641375518	GPR132	c2
2.64434359608219e-07	3.15270553443035	0.036	0.002	0.00350216865865126	ABTB2	c2
2.69008782940111e-07	1.68071943114372	0.081	0.02	0.00356275232125883	F8	c2
2.69777792847235e-07	0.478786908984401	0.729	0.579	0.00357293708846878	EID1	c2
2.8700712895003e-07	0.830271448700737	0.196	0.085	0.0038011224158142	MON1B	c2
2.8718222049496e-07	0.517815863356727	0.62	0.441	0.00380344132823524	MRPL41	c2
2.89882694037845e-07	0.208447823133928	1	1	0.00383920639983722	HLA-B	c2
2.9121793280598e-07	0.566072246592601	0.596	0.434	0.00385689030208239	PSMB6	c2
2.9890336816041e-07	0.559630746238248	0.455	0.278	0.00395867620791646	DCAF7	c2
3.01435020547324e-07	0.691053548539821	0.247	0.121	0.00399220541212876	SAMD9L	c2
3.04430764292076e-07	0.556127312949768	0.684	0.509	0.00403188104228426	CDK2AP2	c2
3.09382681424422e-07	0.436246379850298	0.702	0.52	0.00409746423278504	RASAL3	c2
3.09778196756413e-07	0.405223831327078	0.858	0.708	0.00410270243784193	SKAP1	c2
3.10109423460724e-07	0.456990655106835	0.611	0.403	0.00410708920431383	NDUFV1	c2
3.16130426588708e-07	1.56273473737056	0.099	0.029	0.00418683136974085	NTHL1	c2
3.19441388979706e-07	-0.185447326545158	1	0.998	0.00423068175564723	RPS4X	c2
3.24423028811163e-07	0.240816029958997	0.985	0.964	0.00429665859357505	H3F3A	c2
3.24447691834853e-07	5.77850351842434	0.027	0	0.00429698523066079	B3GNT7	c2
3.24447691834853e-07	5.31525352890138	0.027	0	0.00429698523066079	PXDN	c2
3.25473045956749e-07	0.502045731492374	0.66	0.49	0.00431056502065118	CHCHD10	c2
3.26903095954642e-07	0.758694090632064	0.277	0.144	0.00432950460282328	DDHD1	c2
3.34413331067945e-07	1.44913273149249	0.105	0.032	0.00442897015666387	FAIM	c2
3.4230379924932e-07	0.747973541846071	0.253	0.122	0.004533471517258	RFX5	c2
3.43689324827035e-07	3.22126537289555	0.039	0.003	0.00455182141800925	CLNK	c2
3.45558949967239e-07	2.24285845469878	0.054	0.008	0.00457658273336611	AL592295.4	c2
3.49327140736687e-07	0.470962533121782	0.732	0.566	0.00462648865191668	UBXN4	c2
3.49987867240985e-07	0.753695293620462	0.367	0.209	0.00463523931373961	YIPF3	c2
3.54316333141402e-07	0.741385944917193	0.367	0.219	0.00469256551612473	HINT2	c2
3.54646825835822e-07	2.44426211996777	0.054	0.008	0.00469694256136963	CHST10	c2
3.57328268795709e-07	0.295386446412001	0.934	0.913	0.00473245559193037	YBX1	c2
3.61675404333738e-07	0.90793591034929	0.232	0.114	0.00479002905499602	DUSP22	c2
3.73696485967076e-07	0.614511040603103	0.428	0.257	0.00494923626014795	NDUFS2	c2
3.76379598336607e-07	1.38093046728465	0.117	0.04	0.00498477140037002	PDE6B	c2
3.84139185109867e-07	1.06434468236991	0.175	0.074	0.00508753936759507	SLC12A6	c2
3.84690799632428e-07	0.665662110552294	0.271	0.136	0.00509484495033188	VTI1A	c2
3.86070670616557e-07	1.52952274435728	0.139	0.053	0.00511311996164568	ZSCAN26	c2
3.88027878738532e-07	1.0039200864377	0.169	0.07	0.00513904122601312	TATDN3	c2
4.02805431315235e-07	0.65497934228965	0.355	0.199	0.00533475513233897	UBA3	c2
4.02919410592113e-07	2.91849205927256	0.042	0.004	0.00533626467388195	AHRR	c2
4.06466169524573e-07	2.06762346749915	0.066	0.014	0.00538323794918344	NECTIN3	c2
4.07543891676934e-07	1.76355652882878	0.051	0.007	0.00539751130136931	MIR3142HG	c2
4.10860590467019e-07	0.921283119159655	0.229	0.111	0.0054414376601452	ITCH	c2
4.16255663729941e-07	1.31372137236956	0.117	0.04	0.00551289001043934	ZNF827	c2
4.2240606298814e-07	0.880064554433808	0.123	0.042	0.00559434589821493	SLC1A4	c2
4.26376753452125e-07	1.83636940267258	0.066	0.014	0.00564693372271995	LRRC2	c2
4.292916312663e-07	0.5411981544856	0.404	0.234	0.00568553836449088	HSPB11	c2
4.31221005085315e-07	0.766882513936293	0.148	0.055	0.00571109099134991	FURIN	c2
4.47435126657364e-07	0.959670561415583	0.163	0.066	0.00592583081745013	DDX60	c2
4.52033784590941e-07	0.607695551928108	0.569	0.397	0.00598673544312242	CASP4	c2
4.52127135002175e-07	0.88715928985166	0.205	0.094	0.00598797177596881	APOBR	c2
4.61960738516088e-07	-0.437506035489845	0.72	0.803	0.00611820802090707	GIMAP4	c2
4.64306143769269e-07	0.603318732204927	0.443	0.28	0.0061492705680802	VAMP5	c2
4.64960376429262e-07	0.900705109422283	0.184	0.079	0.00615793522542915	MFSD6	c2
4.66932072423231e-07	0.599778585056928	0.295	0.15	0.00618404836717327	COMMD4	c2
4.75819595428844e-07	0.815589751399931	0.295	0.161	0.0063017547218596	FAM13B	c2
4.88254675732431e-07	1.98102769692425	0.093	0.027	0.00646644492540032	AC004817.3	c2
5.07094355043343e-07	0.627177761358751	0.31	0.168	0.00671595763819403	THUMPD3-AS1	c2
5.13148635174901e-07	0.641137938916058	0.325	0.18	0.00679614052425639	NOB1	c2
5.23517806705805e-07	0.427881712085164	0.666	0.478	0.00693346983201168	POMP	c2
5.25782374743088e-07	0.753453702594263	0.334	0.19	0.00696346177109746	VPS26B	c2
5.28356523906791e-07	0.384013160869042	0.819	0.644	0.00699755380262154	RHOH	c2
5.58281590549361e-07	1.63189673887325	0.087	0.024	0.00739388138523574	MT1E	c2
5.60079433579705e-07	1.0923068670573	0.145	0.055	0.00741769201832962	HMGCR	c2
5.68554890687871e-07	1.52132741313595	0.087	0.024	0.00752994097227016	HVCN1	c2
5.70602178970048e-07	0.443617045105054	0.837	0.726	0.00755705525827932	MYH9	c2
5.7148109445967e-07	0.541356396686624	0.53	0.354	0.00756869561502386	TNFRSF1B	c2
5.74883373936908e-07	0.662666136774402	0.389	0.22	0.0076137554044204	COMMD7	c2
5.81541864006249e-07	1.36898219247627	0.09	0.025	0.00770194044689876	TRPM2	c2
5.82804064142577e-07	0.494135137325683	0.581	0.394	0.0077186570255043	SS18L2	c2
5.88943325096595e-07	0.571621408959661	0.47	0.295	0.00779996539757931	BPTF	c2
5.99440582315118e-07	-0.198445336167519	0.997	0.993	0.00793899107218143	RPL37A	c2
5.99451445902882e-07	0.971628943646243	0.202	0.092	0.00793913494953777	HIPK1	c2
6.03286160119896e-07	-1.22130289003677	0.211	0.323	0.00798992190462791	IFNGR1	c2
6.25468038433926e-07	0.666405982041307	0.497	0.339	0.00828369870101892	KRAS	c2
6.30332966743421e-07	0.771075701199851	0.25	0.124	0.00834812981154987	TMEM189	c2
6.37458451834977e-07	-0.498457420423572	0.696	0.813	0.00844249973610243	FOSB	c2
6.38062451623963e-07	0.583316075761849	0.56	0.383	0.00845049910930776	MAPRE2	c2
6.38895304374611e-07	2.1439200835282	0.069	0.016	0.00846152941113735	TRGV5P	c2
6.39220592025277e-07	0.711462077647148	0.286	0.152	0.00846583752078277	YARS	c2
6.43694512518772e-07	-0.385454043681974	0.762	0.814	0.00852509012379862	HNRNPA0	c2
6.43788428507656e-07	0.713406158205826	0.28	0.149	0.0085263339471554	GBP4	c2
6.59686110849258e-07	1.01145192587598	0.163	0.068	0.00873688285208758	AC127521.1	c2
6.60306738557232e-07	1.13077007151153	0.12	0.042	0.00874510244545198	USP28	c2
6.60424645209505e-07	0.789029990395907	0.229	0.11	0.00874666400115469	OSBPL3	c2
6.83960194298999e-07	-0.432290068449416	0.801	0.834	0.00905836881329594	SF1	c2
6.85091542515203e-07	4.83953576307346	0.03	0.001	0.00907335238907135	BFSP2-AS1	c2
6.89865027620411e-07	-0.225556076887008	0.982	0.99	0.00913657242580472	MT-ND1	c2
6.93614987225869e-07	0.956427190816483	0.172	0.073	0.0091862368908194	AUH	c2
6.98777925067487e-07	0.499945468870939	0.605	0.415	0.0092546148395938	EVI2A	c2
6.99538473798742e-07	-2.22062921787288	0.051	0.153	0.00926468754699054	ITGB2-AS1	c2
7.1362058163934e-07	-0.490003201164275	0.614	0.677	0.00945119098323141	TMEM123	c2
7.14790665316066e-07	0.650222943341406	0.247	0.12	0.00946668757144598	MPPE1	c2
7.2561169955796e-07	0.739208069404083	0.247	0.123	0.00961000134894562	SNX14	c2
7.26597585704701e-07	0.885198124213344	0.193	0.088	0.00962305842507306	RMND5A	c2
7.27224055683277e-07	0.534721205768652	0.506	0.33	0.00963135539346933	FBXO7	c2
7.34177107527619e-07	0.61165920321205	0.319	0.175	0.00972344161209579	RAMMET	c2
7.4079296768642e-07	0.92773900998601	0.211	0.099	0.00981106206403895	WARS	c2
7.44534842680414e-07	0.40037516770088	0.708	0.531	0.0098606194564594	TBCB	c2
7.66282835374467e-07	0.403181066674877	0.729	0.545	0.0101486498716994	BSG	c2
7.68238017179157e-07	1.5895859347997	0.096	0.029	0.0101745442995208	FASN	c2
7.69938825492486e-07	1.10316475005898	0.181	0.08	0.0101970698048225	NUDT14	c2
7.82126711189738e-07	0.674410915358534	0.22	0.103	0.0103584861629969	ACBD5	c2
7.92277645821933e-07	0.680455925427589	0.316	0.172	0.0104929251412657	AP3D1	c2
8.02895640081119e-07	1.07823477792694	0.139	0.053	0.0106335498572343	TBC1D7	c2
8.1338832122528e-07	0.842532252533715	0.199	0.091	0.0107725149263076	TGDS	c2
8.1514974133373e-07	0.482206554644617	0.62	0.44	0.0107958431742239	UQCRFS1	c2
8.20888852918704e-07	0.782484738162854	0.256	0.131	0.0108718519680553	CLSTN3	c2
8.25901660119201e-07	0.725540142616365	0.265	0.138	0.0109382415866187	BCAP29	c2
8.3807495227966e-07	-1.773288139022	0.048	0.149	0.0110994646679918	ANTXR2	c2
8.5094392567071e-07	1.58981634629655	0.069	0.016	0.0112699013515829	FANCL	c2
8.52736786896118e-07	0.543447834594209	0.437	0.265	0.0112936460056522	WAPL	c2
8.80704916478044e-07	0.443994599754082	0.774	0.604	0.0116640559138352	EZR	c2
8.90294847768897e-07	-4.94177717674612	0.003	0.075	0.0117910649638513	CTSL	c2
8.92806279577287e-07	0.282205516285822	0.979	0.96	0.0118243263667216	PPDPF	c2
9.03942610203966e-07	2.33216672618595	0.102	0.034	0.0119718159295413	TRBV27	c2
9.50266613164036e-07	0.889819630591519	0.199	0.092	0.0125853310247445	WDR13	c2
9.52200003621559e-07	0.812037049018249	0.22	0.103	0.0126109368479639	PGM2	c2
9.58550312372152e-07	0.565293187551731	0.437	0.26	0.0126950403370568	BLOC1S1	c2
9.62856921359966e-07	0.734392194582241	0.304	0.166	0.0127520770664914	TUT7	c2
9.70557685449792e-07	0.884623577410782	0.19	0.085	0.012854065986097	FAM45A	c2
9.72760969237467e-07	0.634790351940489	0.217	0.102	0.012883246276581	ZNF580	c2
9.73316703800197e-07	0.570451832014635	0.286	0.15	0.0128906064251298	LMO4	c2
9.82304424519991e-07	1.02542036663715	0.148	0.059	0.0130096397983428	C1orf216	c2
1.01526534129655e-06	0.950496241363513	0.172	0.074	0.0134461741801316	MAP1LC3A	c2
1.02782781565329e-06	0.456907316407369	0.711	0.531	0.0136125515905121	DYNLRB1	c2
1.0317194037923e-06	-0.547824597022319	0.593	0.696	0.0136640917838252	RGCC	c2
1.05412614023603e-06	0.92506847890355	0.175	0.077	0.013960846601286	ACOT7	c2
1.06393945387787e-06	0.725072258345234	0.265	0.135	0.0140908141271585	LINC01934	c2
1.08220661757349e-06	0.760650299999553	0.268	0.14	0.0143327444431434	CCDC25	c2
1.08386120955011e-06	0.619907177375531	0.304	0.166	0.0143546578592817	FRG1	c2
1.08565885133831e-06	0.525128510825197	0.401	0.237	0.0143784658271246	BIRC6	c2
1.09182339028946e-06	1.63582578871824	0.087	0.025	0.0144601089809936	VNN2	c2
1.09215900769003e-06	0.265268887331835	0.973	0.955	0.0144645538978468	ATP5MG	c2
1.10890302199961e-06	3.52180592291619	0.033	0.002	0.0146863116233629	DRAXIN	c2
1.12196940008697e-06	0.597029685924964	0.446	0.28	0.0148593627347518	MRPS36	c2
1.12618912242907e-06	-1.06815794435556	0.22	0.334	0.0149152487374506	CERK	c2
1.12773404569579e-06	0.84172617484303	0.253	0.133	0.014935709701195	PPP2R2B	c2
1.1305638144758e-06	0.611422158842456	0.455	0.288	0.0149731871589175	MAGED2	c2
1.13775866256197e-06	0.481945014501036	0.578	0.381	0.0150684757269708	HERPUD2	c2
1.14093737062131e-06	0.44042619193169	0.72	0.552	0.0151105745365086	COX7A2L	c2
1.15788281833568e-06	0.843007890451063	0.181	0.079	0.0153350000460378	RAD9A	c2
1.16974166171323e-06	0.880154639783214	0.259	0.136	0.01549205856773	COMMD5	c2
1.17079905909695e-06	0.490558480602958	0.554	0.353	0.01550606273868	UQCRC1	c2
1.19590355168531e-06	0.526617083211167	0.431	0.269	0.0158385466385202	PIK3CD	c2
1.19683294565326e-06	0.777232975378127	0.488	0.328	0.0158508555322318	LITAF	c2
1.21010351162442e-06	-0.261622463777233	0.964	0.959	0.0160266109079539	HINT1	c2
1.21975410508409e-06	0.972393578379759	0.172	0.075	0.0161544233677336	CTDNEP1	c2
1.22554024198156e-06	2.11230572488833	0.051	0.008	0.0162310549648038	HEXIM2	c2
1.23165505973285e-06	0.745956672524504	0.241	0.119	0.0163120396111019	WDR18	c2
1.2441949574444e-06	0.67772079894172	0.235	0.116	0.0164781180163936	DGLUCY	c2
1.25695540936583e-06	1.03365379909251	0.145	0.057	0.0166471174416411	KATNB1	c2
1.27637007590549e-06	0.660796663265524	0.37	0.224	0.0169042452852923	CD58	c2
1.29244199622483e-06	0.742460279858256	0.265	0.139	0.0171171017980016	ABHD3	c2
1.29475920640148e-06	0.585447924487494	0.328	0.183	0.0171477909295812	NAA60	c2
1.30106764414409e-06	1.0421485274197	0.19	0.089	0.0172313398790443	LPCAT1	c2
1.32256734158371e-06	0.926321378149073	0.268	0.148	0.0175160818719347	RAB3GAP1	c2
1.34207564713235e-06	0.405750750813875	0.834	0.698	0.0177744498706209	BRK1	c2
1.36556048090659e-06	0.891163910981316	0.133	0.05	0.0180854830091268	HDAC8	c2
1.37396725840926e-06	0.499877391614133	0.705	0.58	0.0181968223703722	PRELID1	c2
1.39159839601256e-06	0.655380978072065	0.328	0.185	0.0184303291567903	ZBTB1	c2
1.42235907947309e-06	0.631354582154673	0.346	0.204	0.0188377236485416	ZBTB8OS	c2
1.4372116763659e-06	0.502091139602933	0.506	0.33	0.01903443144179	STXBP2	c2
1.44196724135222e-06	0.4309790850527	0.651	0.481	0.0190974141444688	CAPZA1	c2
1.46336198230627e-06	1.50784181589543	0.105	0.036	0.0193807660936642	CDK5	c2
1.47506511987402e-06	0.632523981219473	0.337	0.195	0.0195357624476115	IFI6	c2
1.47531188629079e-06	5.42731578357891	0.024	0	0.0195390306220352	AL445471.1	c2
1.47531188629079e-06	5.3162560017735	0.024	0	0.0195390306220352	KIF23	c2
1.47531188629079e-06	4.99348354525792	0.024	0	0.0195390306220352	LINC01410	c2
1.47531188629079e-06	4.92296032605993	0.024	0	0.0195390306220352	HLA-DOA	c2
1.47754535606007e-06	0.607768898184614	0.328	0.182	0.0195686106956596	RANGRF	c2
1.48021269884043e-06	0.757884101322887	0.262	0.139	0.0196039369834427	EML2	c2
1.49822995091708e-06	-0.947829512562523	0.241	0.359	0.0198425574699458	KCNA3	c2
1.52555249460352e-06	0.978071936667393	0.187	0.087	0.020204417238529	ZFPL1	c2
1.53573410397373e-06	0.663387288759707	0.355	0.213	0.0203392624730281	IST1	c2
1.56066255591713e-06	2.82736423404984	0.039	0.004	0.0206694148905665	ZNF80	c2
1.5781622481459e-06	0.600786164865877	0.28	0.15	0.0209011808144444	FAM129A	c2
1.58644892046159e-06	0.384631231655589	0.699	0.526	0.0210109295025933	C9orf78	c2
1.5942949125115e-06	1.03545294075746	0.19	0.088	0.0211148418213023	ERO1B	c2
1.59586291758223e-06	0.520584401879697	0.443	0.276	0.0211356084804591	PSMB4	c2
1.60008551410178e-06	0.798854735947855	0.196	0.091	0.021191532548764	DDX49	c2
1.62371330700667e-06	0.771124530560157	0.202	0.095	0.0215044590379963	FAM53B	c2
1.62642106950174e-06	-0.948513729664769	0.226	0.347	0.0215403206444811	SELENOM	c2
1.63117315548678e-06	0.408567447704368	0.94	0.897	0.0216032572712669	ZFP36L1	c2
1.65265529388748e-06	0.666314707567908	0.325	0.187	0.0218877667122457	PPM1M	c2
1.66211262988941e-06	0.527632640567285	0.627	0.449	0.0220130196702554	SYNGR2	c2
1.67288952372377e-06	0.601301671312692	0.551	0.376	0.0221557488521976	RANBP2	c2
1.67323744811508e-06	0.517962870892745	0.512	0.335	0.0221603567628361	GLIPR2	c2
1.72479499690081e-06	1.0118057575123	0.142	0.056	0.0228431849389543	CLASP1	c2
1.7284476795171e-06	0.40915360471676	0.705	0.536	0.0228915610675244	REEP5	c2
1.76463998732478e-06	-2.34817557272506	0.03	0.118	0.0233708919921294	TRABD2A	c2
1.77422255445387e-06	0.713114220907262	0.331	0.191	0.023497803511187	CTSD	c2
1.77734511891427e-06	-4.12493212098175	0.003	0.072	0.0235391587549006	CCR4	c2
1.80061923805594e-06	0.659036882744028	0.22	0.107	0.0238474011888129	ARSA	c2
1.84448532070863e-06	1.17213891297983	0.099	0.032	0.0244283635874651	TSPOAP1	c2
1.85261180796861e-06	-0.211426654002192	0.994	0.994	0.0245359907847363	MT-ND3	c2
1.85599041670651e-06	0.489697564874227	0.617	0.434	0.024580737078861	IQGAP1	c2
1.86015593076759e-06	0.656320423024631	0.217	0.106	0.024635905147086	GLCCI1	c2
1.86819835293199e-06	1.23952216129468	0.09	0.027	0.0247424189862313	SRGAP3	c2
1.86844089071574e-06	0.41570461547289	0.602	0.419	0.0247456311566392	SCP2	c2
1.87899225539533e-06	0.71337512958326	0.304	0.175	0.0248853734304558	FAM53C	c2
1.89412511985602e-06	0.844868131658376	0.148	0.06	0.0250857930873731	SYNJ1	c2
1.90559134691291e-06	0.638043074581562	0.289	0.154	0.0252376517985146	CRELD2	c2
1.92572691364581e-06	0.842822461360649	0.193	0.091	0.0255043272443252	TOP2B	c2
1.94348953870226e-06	0.491902300928544	0.542	0.368	0.0257395754505727	ARPC5L	c2
1.94786428640742e-06	0.598745227246765	0.298	0.16	0.0257975146091799	JOSD2	c2
1.98132642795951e-06	0.531526276778122	0.413	0.252	0.0262406872118958	VPS36	c2
2.01296482913605e-06	1.43469690315758	0.069	0.017	0.0266597061970779	KCNK5	c2
2.02025324350779e-06	0.524707841858076	0.651	0.487	0.0267562339570172	EIF5	c2
2.03621511425907e-06	0.343899548486192	0.819	0.737	0.0269676329732471	ATP5MC3	c2
2.06679542650508e-06	0.60691282590371	0.265	0.137	0.0273726386286333	GOLGA2	c2
2.11621570331376e-06	-0.309173093265281	0.901	0.903	0.0280271607746875	CD48	c2
2.20071343761396e-06	0.730654170641216	0.187	0.085	0.0291462487677593	CSNK1G2	c2
2.23685771815029e-06	0.966989716251853	0.142	0.057	0.0296249436191824	DAPK3	c2
2.23857181460956e-06	0.340921088914464	0.72	0.56	0.029647645112689	BRD2	c2
2.31063227791553e-06	0.654660634749197	0.256	0.133	0.0306020138887133	GPR137B	c2
2.32066796105558e-06	-0.220825637474852	0.979	0.983	0.0307349264762201	RPL31	c2
2.33781078081203e-06	0.694421879961898	0.226	0.114	0.0309619659810746	U2AF1	c2
2.34404141981995e-06	0.556245889419321	0.434	0.272	0.0310444845640954	DAXX	c2
2.34515405639014e-06	0.557295554479814	0.265	0.137	0.0310592203228311	XPNPEP1	c2
2.35655379914373e-06	0.558443688317728	0.25	0.125	0.0312101985158595	C1orf122	c2
2.36848996417499e-06	1.07041347521249	0.151	0.064	0.0313682810855335	NCOA1	c2
2.37894016314048e-06	0.467510647943619	0.506	0.329	0.0315066835206325	SRP19	c2
2.37953443996455e-06	0.582540021700207	0.443	0.281	0.0315145541228905	SUCLG1	c2
2.40978496909972e-06	1.70362751785036	0.066	0.016	0.0319151921307568	ZSCAN9	c2
2.46486244665225e-06	0.494537718716566	0.389	0.238	0.0326446382434624	HDLBP	c2
2.49701585186744e-06	0.454044781974373	0.62	0.444	0.0330704779421323	RAB5C	c2
2.49758706598104e-06	0.893684234158337	0.184	0.086	0.0330780431018529	FAM160B1	c2
2.52664086306592e-06	0.624784169071918	0.244	0.126	0.0334628315904451	KDM5B	c2
2.53039343676521e-06	-1.74121681236939	0.051	0.148	0.0335125306765185	PTP4A3	c2
2.54916238911661e-06	1.03895439559278	0.114	0.041	0.0337611066814604	TRIB3	c2
2.55324895808003e-06	-1.95113454927545	0.054	0.152	0.033815229200812	LINC00402	c2
2.56275693528651e-06	0.540185969824994	0.407	0.253	0.0339411528509345	RTF1	c2
2.57097823650109e-06	0.4822445161835	0.569	0.385	0.0340500357642205	RER1	c2
2.61615111221748e-06	0.513893304687353	0.28	0.146	0.0346483053302083	TRIP12	c2
2.68198435962973e-06	0.445461978743936	0.581	0.392	0.0355202008589361	MRPS34	c2
2.68339141422728e-06	0.508193461746619	0.59	0.415	0.0355388358900261	ITGAL	c2
2.6931389805229e-06	0.840680097011832	0.202	0.096	0.0356679326580453	KIF13B	c2
2.69486751273494e-06	0.635585902928413	0.28	0.149	0.0356908253386615	ZCCHC17	c2
2.7160162428032e-06	0.691934084167986	0.274	0.147	0.0359709191196856	UBALD2	c2
2.73850389401888e-06	0.515669225906631	0.443	0.269	0.036268745572386	CDC123	c2
2.7484224771151e-06	0.444829792483091	0.636	0.464	0.0364001072869123	ARHGAP30	c2
2.76607482973146e-06	1.22200213018111	0.105	0.037	0.0366338950449635	NCOA6	c2
2.78298682392547e-06	0.825696446277171	0.123	0.046	0.036857877496069	DYRK1B	c2
2.81125779372932e-06	-0.556662528591015	0.855	0.874	0.0372322982201512	BTG2	c2
2.86988741720818e-06	0.62338789153851	0.277	0.148	0.0380087889535051	C15orf40	c2
2.88501946839711e-06	0.494801433689539	0.657	0.495	0.0382091978394513	SF3B5	c2
2.90931092285274e-06	0.501686609573382	0.31	0.172	0.0385309138622617	RB1CC1	c2
2.93036577229136e-06	1.64364255559224	0.09	0.028	0.0388097642882268	RHBDD3	c2
2.93384096434552e-06	0.536989399439401	0.265	0.138	0.0388557897317921	PDZD11	c2
2.93679651651095e-06	1.51724972302179	0.078	0.022	0.038894933064671	EFHC1	c2
2.95070159874696e-06	0.496539410957642	0.473	0.301	0.0390790919738047	GTF3C6	c2
2.9548071798033e-06	0.680760973957691	0.304	0.169	0.0391334662893149	TAF10	c2
2.95765383651239e-06	1.10997187542125	0.117	0.044	0.0391711674107701	ASAP1	c2
3.00254512561231e-06	0.372154638218245	0.669	0.485	0.0397657076436094	ANKRD44	c2
3.0126599192738e-06	1.80423162567297	0.063	0.015	0.0398996679708622	SUSD1	c2
3.0547814808563e-06	0.545451119945286	0.316	0.171	0.0404575259324608	MCRS1	c2
3.0634807346945e-06	0.780705120054157	0.217	0.107	0.040572738850294	WDFY1	c2
3.08382743985882e-06	0.431115806896506	0.681	0.49	0.0408422106134903	TSC22D4	c2
3.11379953563993e-06	4.50112307098722	0.027	0.001	0.0412391610500152	AC104958.1	c2
3.1180610906383e-06	0.677672610113639	0.283	0.156	0.0412956010844137	FAM192A	c2
3.14217890834561e-06	0.547058180381828	0.608	0.441	0.0416150174621292	SYNRG	c2
3.15618116118853e-06	2.19832933982927	0.051	0.009	0.041800463298781	INO80B	c2
3.16533599770138e-06	3.90759801736597	0.027	0.001	0.0419217099535571	LBX2-AS1	c2
3.17307541542657e-06	0.661676261075812	0.268	0.142	0.0420242108019095	IMPDH1	c2
3.1826959030424e-06	4.03534560898581	0.027	0.001	0.0421516245398935	KIR2DL3	c2
3.2725594909115e-06	0.562377340460238	0.367	0.218	0.0433417778976319	TSG101	c2
3.33119688569386e-06	-0.45252392173718	0.949	0.885	0.0441183715541294	S100A4	c2
3.33731212759607e-06	-1.4187244277188	0.087	0.194	0.0441993618178823	DHRS3	c2
3.34390059611954e-06	0.713767900095493	0.262	0.14	0.0442866194950071	STK16	c2
3.36000871309059e-06	0.487900741505011	0.334	0.187	0.0444999553961718	ATG5	c2
3.51361193165789e-06	-1.2786110559316	0.151	0.268	0.0465342764228771	LINC00861	c2
3.53359603175375e-06	1.20756524553575	0.117	0.045	0.0467989458445467	IER5L	c2
3.54151798493954e-06	0.572462880608181	0.154	0.065	0.0469038641925392	HIST1H2BK	c2
3.57564010681073e-06	0.922555689743915	0.202	0.1	0.0473557775746013	B3GALT4	c2
3.60623398673578e-06	0.427354202615505	0.645	0.468	0.0477609629203287	RNF7	c2
3.60808412876217e-06	1.56789637534618	0.087	0.027	0.0477854662013262	ABHD4	c2
3.61280987418235e-06	-0.183723912370724	0.994	0.998	0.0478480539736711	MT-ATP6	c2
3.63607293120764e-06	0.622253100451903	0.274	0.147	0.048156149900914	NMRAL1	c2
3.76554952887333e-06	0.669502188789064	0.277	0.15	0.0498709379603984	MIDN	c2
3.81435707790963e-06	0.763321340400095	0.208	0.102	0.0505173451398351	VRK2	c2
3.85751579805791e-06	0.433047788037689	0.485	0.301	0.051088939229479	COQ10B	c2
3.97407246853866e-06	0.726462222277568	0.334	0.201	0.052632615773326	JMJD6	c2
4.01632983578049e-06	0.571873748439227	0.307	0.173	0.0531922723450768	AP2A1	c2
4.05267467883879e-06	2.30139313723886	0.048	0.008	0.0536736234465409	YPEL1	c2
4.07133247170858e-06	1.23560297299457	0.102	0.036	0.0539207272553085	HIVEP3	c2
4.07343278978439e-06	1.13020142136758	0.111	0.041	0.0539485438679044	FRAT2	c2
4.10816421278032e-06	1.04700149361224	0.108	0.039	0.0544085268340625	KCTD9	c2
4.12787213272975e-06	0.371306144736261	0.512	0.328	0.0546695385258727	GOLGA7	c2
4.16537383398421e-06	1.07839371975621	0.117	0.044	0.0551662110572869	CASS4	c2
4.19798551051369e-06	0.710871190581611	0.229	0.116	0.0555981201012433	TANGO2	c2
4.22025890902788e-06	0.639565560771705	0.265	0.141	0.0558931089911652	STAMBP	c2
4.24555068938199e-06	0.748523302308703	0.178	0.082	0.0562280733301751	IFNAR2	c2
4.38916814036663e-06	1.73478738487448	0.06	0.014	0.0581301428510157	SLC25A35	c2
4.4203902353185e-06	1.22437579978282	0.117	0.045	0.0585436482765582	AKT1	c2
4.4420973283535e-06	1.77022773975222	0.06	0.014	0.0588311370167138	SYNGR3	c2
4.46239913387778e-06	0.383900471880906	0.605	0.435	0.0591000141290773	CREM	c2
4.51840307333228e-06	0.603631798480675	0.277	0.15	0.0598417303032128	VHL	c2
4.56507258219595e-06	0.814653266497819	0.229	0.118	0.0604598212786031	PTPA	c2
4.59576258401724e-06	0.565698190642352	0.419	0.264	0.0608662796627243	SELENOS	c2
4.70930154617813e-06	0.674972866973129	0.25	0.132	0.0623699896775831	MNAT1	c2
4.72854560747615e-06	-0.727812673797895	0.545	0.588	0.0626248580254141	TTC39C	c2
4.74566630057461e-06	0.528828020283238	0.428	0.278	0.0628516044848101	CMC2	c2
4.91921403394478e-06	0.511895053767621	0.44	0.279	0.0651500706655647	KDM5A	c2
4.94037324556956e-06	2.24077163851537	0.045	0.007	0.0654303032643232	BRSK1	c2
5.01837394026835e-06	0.543717205555553	0.373	0.229	0.0664633444649141	BRWD1	c2
5.03584441785866e-06	0.449819163253458	0.449	0.28	0.0666947234701201	PPP1R7	c2
5.05640512225799e-06	0.802981069259648	0.199	0.098	0.0669670294391849	TMEM154	c2
5.0779748686271e-06	0.847812308316584	0.175	0.082	0.0672526991600973	TFRC	c2
5.13787248148933e-06	0.574053216770953	0.292	0.163	0.0680459831448446	SNRNP27	c2
5.15481957675073e-06	-2.91434902865279	0.015	0.089	0.0682704304744867	IL23R	c2
5.18891245134674e-06	0.504221610145775	0.358	0.212	0.0687219565056362	HACD4	c2
5.19480423078673e-06	0.72491378734304	0.178	0.082	0.0687999872325395	UBE2H	c2
5.23427351267475e-06	1.15084118700666	0.142	0.061	0.0693227184018644	ACTA2	c2
5.27506143985384e-06	0.643052041999971	0.241	0.126	0.0698629137094243	SLMAP	c2
5.33691932484073e-06	1.05124363654427	0.139	0.059	0.0706821595381906	TIGAR	c2
5.43101344322133e-06	0.723962782781575	0.184	0.088	0.0719283420420233	FCHSD1	c2
5.45246220055573e-06	0.572866961991001	0.196	0.094	0.0722124093841602	KDM5C	c2
5.47752998611414e-06	0.918389425722985	0.123	0.048	0.0725444071360957	ATG2A	c2
5.49063065094409e-06	2.32489641396089	0.042	0.006	0.0727179123411035	NUSAP1	c2
5.49203179789337e-06	0.713089993822963	0.256	0.137	0.0727364691312997	F2R	c2
5.49851877102601e-06	1.43672945744574	0.084	0.026	0.0728223826034684	GZF1	c2
5.51150406260949e-06	2.43701236572698	0.042	0.006	0.0729943598052001	CDYL2	c2
5.580441447976e-06	1.4933946508244	0.066	0.017	0.0739073665369941	C15orf53	c2
5.58080385077084e-06	0.593313056983673	0.277	0.148	0.0739121661996089	PCBD1	c2
5.59851227390743e-06	3.24103663154929	0.033	0.003	0.07414669655563	C1orf21	c2
5.66496209213351e-06	0.713159258660499	0.428	0.284	0.0750267579482163	SDF2L1	c2
5.67395770481833e-06	0.857558003611099	0.265	0.149	0.0751458958426139	USB1	c2
5.74512810947649e-06	0.559154355335107	0.25	0.131	0.0760884766819067	LUC7L	c2
5.75077055571653e-06	0.447341891703528	0.533	0.358	0.0761632052399097	ATF7IP	c2
5.88367535559275e-06	2.72378694183999	0.033	0.003	0.0779233964094704	ZNF777	c2
5.88820615619159e-06	0.817810392883717	0.211	0.108	0.0779834023326014	IL18RAP	c2
5.94820020064363e-06	0.585693064206314	0.286	0.159	0.0787779634573242	CCDC28A	c2
6.09042687001053e-06	-1.17199984697962	0.09	0.194	0.0806616134664194	P2RY8	c2
6.11210924970444e-06	0.544447092934265	0.464	0.309	0.0809487749030856	ZNF800	c2
6.1217856916994e-06	0.786209811500464	0.16	0.07	0.0810769297008668	HGH1	c2
6.13785377545731e-06	0.666265232353179	0.253	0.136	0.0812897354021566	VAMP7	c2
6.14881804672135e-06	2.51468609519079	0.039	0.005	0.0814349462107776	MAPK12	c2
6.15668367828396e-06	0.463535336047585	0.572	0.388	0.0815391186351928	LAMTOR1	c2
6.19088925724576e-06	1.0585935595988	0.12	0.047	0.0819921373229628	MTRF1L	c2
6.20151995535302e-06	0.764798985279328	0.205	0.101	0.0821329302886954	LARP4	c2
6.23128697196655e-06	0.543576282412683	0.416	0.259	0.082527164656725	DNAJC4	c2
6.28588210630965e-06	-2.34875257189495	0.033	0.114	0.083250222615965	LDOC1	c2
6.36534061121855e-06	0.604724694889308	0.271	0.147	0.0843025710549785	NIPA2	c2
6.48522474382669e-06	0.957887682028684	0.172	0.082	0.0858903165072407	MAU2	c2
6.53590734973722e-06	0.45022924028106	0.283	0.154	0.0865615569399197	CREBZF	c2
6.54521647525071e-06	0.782290672592048	0.145	0.061	0.0866848469982204	ASCC1	c2
6.57485083171714e-06	0.473237177588665	0.584	0.431	0.0870773244152618	ATRX	c2
6.64180995470502e-06	0.490433645829602	0.395	0.24	0.0879641310401132	NDUFS3	c2
6.73911145566305e-06	5.19515471072389	0.021	0	0.0892527921188015	PLXNA4	c2
6.73911145566305e-06	5.12236936549775	0.021	0	0.0892527921188015	IFITM10	c2
6.73911145566305e-06	4.97989123537888	0.021	0	0.0892527921188015	HOXB7	c2
6.73911145566305e-06	4.65831835623967	0.021	0	0.0892527921188015	AL590399.1	c2
6.85498319890367e-06	0.447556408474177	0.44	0.263	0.0907873974862802	APMAP	c2
6.86586379377748e-06	0.497665464384862	0.428	0.266	0.0909315000847889	BUD31	c2
6.876773141128e-06	0.703875910951152	0.22	0.112	0.0910759834810993	RNF6	c2
6.88314500247298e-06	0.438555376112297	0.452	0.281	0.0911603724127522	PARVG	c2
6.90621465388373e-06	0.616940511569335	0.364	0.225	0.0914659068760361	PRDM1	c2
6.91208414433423e-06	1.39969881918567	0.087	0.028	0.0915436424075625	CTSZ	c2
6.91424043508638e-06	0.509817270025983	0.313	0.176	0.0915722003222841	KLF13	c2
7.03547734583631e-06	0.50915130422352	0.364	0.213	0.0931778619682561	PSENEN	c2
7.0403373457043e-06	0.553913245571192	0.401	0.252	0.0932422278065077	SMARCB1	c2
7.08763653963039e-06	1.44180371381958	0.063	0.016	0.0938686583308649	INCENP	c2
7.14098057016693e-06	0.392780462394506	0.53	0.343	0.0945751466712908	TOP1	c2
7.23549421232809e-06	0.965056165384656	0.157	0.07	0.0958268853480732	CTNNA1	c2
7.31262371480736e-06	0.373394471897963	0.828	0.713	0.0968483884789086	PDCD4	c2
7.36704870815674e-06	0.712145830031259	0.199	0.097	0.0975691930908279	MEMO1	c2
7.39030204379682e-06	0.514700171174351	0.404	0.246	0.0978771602680451	UFD1	c2
7.43374133010672e-06	1.21336584026382	0.087	0.028	0.0984524701759334	GFPT2	c2
7.46785885742253e-06	-2.1648715457326	0.03	0.111	0.098904322707704	S1PR1	c2
7.49224948531213e-06	1.17550248426131	0.13	0.053	0.0992273521834738	POMC	c2
7.51190906501326e-06	0.667786754186263	0.334	0.196	0.0994877236570356	ACSL5	c2
7.53356584196113e-06	0.680677542608475	0.229	0.119	0.0997745460109332	NUPL2	c2
7.56216833186357e-06	0.707623623968936	0.226	0.118	0.100153357387201	PSMA2	c2
7.56715468406992e-06	1.1115674989059	0.142	0.062	0.100219396635822	CCDC50	c2
7.61238937813088e-06	0.857260129428745	0.163	0.074	0.100818484923965	MUM1	c2
7.67301044776364e-06	1.0079801056379	0.114	0.044	0.101621350370182	BARD1	c2
7.73561635772117e-06	-0.745495724967324	0.539	0.615	0.102450503041659	DDIT4	c2
7.76220483700827e-06	0.863060199951588	0.151	0.067	0.102802640861338	METTL4	c2
7.81616266020159e-06	0.417468944856405	0.485	0.32	0.10351725827171	SUPT4H1	c2
7.82292291121298e-06	0.422989384495979	0.515	0.336	0.103606791036105	LAMTOR5	c2
8.04556210071891e-06	0.384923047435895	0.756	0.595	0.106555424461921	SH3BGRL	c2
8.15928217949753e-06	0.120567425749555	1	0.999	0.108061533185265	MT-CO2	c2
8.20281019277659e-06	0.488332500985568	0.401	0.251	0.108638018193133	PTPRA	c2
8.2644744909873e-06	1.06428442561995	0.217	0.117	0.109454700158636	YES1	c2
8.31776063211144e-06	0.857703352661382	0.16	0.072	0.110160421811684	UBR7	c2
8.34460370310955e-06	0.47176511390513	0.364	0.222	0.110515931443983	MAZ	c2
8.38569228968524e-06	0.423520367847338	0.533	0.372	0.111060108684591	PRPF40A	c2
8.44152231104242e-06	0.300878737623566	0.762	0.587	0.111799521487446	ELF1	c2
8.56233833847956e-06	0.758436628790391	0.211	0.107	0.113399608954823	RRAS2	c2
8.586142828485e-06	0.718278308997445	0.202	0.1	0.113714875620455	PCYT1A	c2
8.69747563677522e-06	0.815225003334232	0.214	0.111	0.115189367333451	CYB5R4	c2
8.72231255427795e-06	0.64627865078084	0.334	0.203	0.115518307468857	TRIM69	c2
8.72954038487218e-06	0.654337986272267	0.271	0.15	0.115614032857247	RGS3	c2
8.73118093778653e-06	0.582147920681605	0.313	0.186	0.115635760340045	RFTN1	c2
8.73509475901576e-06	0.634790408782675	0.193	0.094	0.115687594988405	ATF7	c2
8.78841834090239e-06	-1.52248652157675	0.066	0.161	0.116393812506911	NSG1	c2
8.91730423817417e-06	0.55667959657339	0.37	0.229	0.118100777330379	MED15	c2
9.03682161578079e-06	0.389071873701874	0.645	0.483	0.119683665479401	PSMA1	c2
9.04312218571261e-06	0.375424430946693	0.62	0.443	0.119767110227578	SPN	c2
9.12005163967134e-06	0.401142376772764	0.642	0.48	0.120785963915807	RBX1	c2
9.24182201453091e-06	0.521871610429905	0.349	0.207	0.122398690760447	UBA1	c2
9.25578596426676e-06	0.594349886018919	0.398	0.248	0.122583629310749	NFATC3	c2
9.27269331148432e-06	1.30618426973944	0.09	0.03	0.122807550217298	BBS4	c2
9.28804587739009e-06	0.556963703667392	0.328	0.193	0.123010879600154	ADD1	c2
9.41170812906204e-06	0.756155834967909	0.196	0.097	0.124648662461298	ZBP1	c2
9.43378816099262e-06	0.534216710140883	0.247	0.132	0.124941090404186	TSEN34	c2
9.44491452704677e-06	0.668899596310113	0.184	0.088	0.125088447996207	ALG12	c2
9.45858524202674e-06	0.745904633333106	0.184	0.088	0.125269502945402	TCHP	c2
9.52244670898425e-06	0.435007963971505	0.515	0.359	0.126115284213787	COPZ1	c2
9.66793160148224e-06	-3.89747360920116	0.009	0.074	0.128042086130031	TSHZ2	c2
9.6790852611615e-06	0.994419508187851	0.145	0.064	0.128189805198823	MED13	c2
9.75389563952785e-06	0.34401050869699	0.807	0.657	0.129180593849907	SERBP1	c2
9.8228151360493e-06	0.412753600226655	0.521	0.34	0.130093363661837	TMEM14C	c2
9.96506204424271e-06	0.7659732614579	0.37	0.246	0.13197728171395	LYAR	c2
9.96929668788275e-06	0.971736873956651	0.145	0.064	0.132033365334319	SHMT1	c2
1.00267374424706e-05	1.34012540522336	0.078	0.024	0.13279411068808	BMPR1A	c2
1.00880461960594e-05	0.579308361859873	0.22	0.114	0.133606083820611	IGF2R	c2
1.03011958627888e-05	0.711504851292807	0.229	0.121	0.136429038006775	ABCG1	c2
1.04058138432479e-05	0.587854174866211	0.343	0.205	0.137814598539975	CYTH4	c2
1.04185537318776e-05	0.727261708332286	0.181	0.087	0.137983325624986	C18orf21	c2
1.06183404926382e-05	0.539375736418837	0.325	0.192	0.140629301484501	MAN1A2	c2
1.06824858808684e-05	0.491313947396041	0.494	0.333	0.141478843006221	RAB8B	c2
1.08954756473472e-05	2.05234591082868	0.057	0.014	0.144299679473467	PRR5L	c2
1.09175555366298e-05	0.654345615645759	0.271	0.152	0.144592105527125	GGA1	c2
1.09497158075241e-05	0.498795366738933	0.44	0.282	0.145018036154849	CYC1	c2
1.11963711269032e-05	1.99368022515767	0.048	0.009	0.148284739204706	CCR1	c2
1.12581648487421e-05	-3.59948739342129	0.006	0.068	0.14910313525674	KCNQ1	c2
1.13472724297793e-05	0.699853001794523	0.223	0.117	0.150283276059997	IKBIP	c2
1.13850305824981e-05	0.46358983390142	0.488	0.338	0.150783345034605	RBCK1	c2
1.13975898919614e-05	0.623916819662646	0.238	0.125	0.150949680529137	AGFG2	c2
1.14143552615825e-05	0.694251699504648	0.214	0.111	0.151171721084399	LGALS9	c2
1.14605739029948e-05	0.584158988475676	0.226	0.118	0.151783840771264	UBR1	c2
1.17205643801465e-05	1.84162965281639	0.057	0.014	0.15522715465066	HELLS	c2
1.17269517803209e-05	0.704721123992192	0.172	0.08	0.15531174937857	ABR	c2
1.1889756097986e-05	0.894300734770985	0.148	0.066	0.157467929761727	PSME4	c2
1.18907595289722e-05	0.858916571765067	0.175	0.086	0.157481219201708	ELMO2	c2
1.19018819482635e-05	-1.60573542459826	0.054	0.143	0.157628524522801	HYI	c2
1.21043692508086e-05	-5.31488670044323	0	0.055	0.160310266357708	COLQ	c2
1.23839432677094e-05	0.604575028926314	0.268	0.149	0.164012944637543	NCBP2-AS2	c2
1.28853517616861e-05	0.585858448133403	0.31	0.183	0.170653598731771	SREK1	c2
1.29388370191149e-05	1.59019045649821	0.057	0.014	0.171361957481158	AL355001.2	c2
1.30202788387257e-05	0.700357334976695	0.211	0.11	0.172440572940083	R3HDM1	c2
1.30576919359731e-05	0.44006436038225	0.373	0.223	0.172936072000028	STARD7	c2
1.32257901033987e-05	1.01780000718211	0.102	0.038	0.175162364129412	GMNN	c2
1.32441419172519e-05	0.505453014827708	0.44	0.292	0.175405415552085	ETFB	c2
1.32566338624103e-05	0.450845155730528	0.53	0.357	0.175570858873762	STK10	c2
1.3334390849749e-05	0.549284517802258	0.425	0.274	0.176600672414076	ARPC4	c2
1.33749543048149e-05	1.65235382878324	0.063	0.017	0.177137894812968	CD70	c2
1.33836595341335e-05	-1.57510135912338	0.069	0.161	0.177253186870064	PLCB1	c2
1.33890772982547e-05	0.484971131223179	0.506	0.347	0.177324939738086	RAB14	c2
1.34343480165308e-05	0.45020469361295	0.801	0.714	0.177924505130934	CNN2	c2
1.34912890639548e-05	0.750939772607174	0.166	0.077	0.178678632363018	ELP4	c2
1.34944037939796e-05	0.938226560397463	0.148	0.066	0.178719883847465	BACH1	c2
1.35480528371002e-05	1.26464935126997	0.102	0.039	0.179430411774555	OSBPL7	c2
1.37191284546663e-05	0.359746903975111	0.777	0.623	0.1816961372536	UBE2I	c2
1.37796924648312e-05	0.563903435302403	0.383	0.235	0.182498247004225	IRF7	c2
1.39896286890551e-05	4.55502487879017	0.024	0.001	0.185278642357845	DPF3	c2
1.40654177021615e-05	3.90088105104814	0.024	0.001	0.186282392047427	PTGIS	c2
1.40865699293977e-05	1.27692450027488	0.087	0.029	0.186562532144943	KATNAL1	c2
1.41487010188239e-05	0.39914245650432	0.75	0.621	0.187385396293304	PNISR	c2
1.41507441471174e-05	0.822072123733514	0.16	0.074	0.187412455484422	NT5C2	c2
1.42181721442567e-05	3.93915369266331	0.024	0.001	0.188305471878536	DYSF	c2
1.43677683516001e-05	0.799357724959487	0.16	0.074	0.190286724048592	MXD4	c2
1.4399521572107e-05	0.349962679105416	0.286	0.156	0.190707263700985	DPH3	c2
1.44133518495414e-05	0.525086181807973	0.31	0.176	0.190890431895327	ZNF511	c2
1.44527604963379e-05	0.576512947224589	0.274	0.156	0.191412360013499	KPNA3	c2
1.45001199927861e-05	0.675528106763856	0.22	0.114	0.192039589184459	CIZ1	c2
1.45306032762648e-05	0.492921936965601	0.602	0.443	0.192443309790851	NAP1L4	c2
1.46119533472461e-05	0.96803905708674	0.172	0.084	0.193520710130928	MRPL1	c2
1.4669845908702e-05	1.01885756592536	0.127	0.053	0.19428743921485	CEP78	c2
1.48538559128218e-05	-3.07754891655756	0.012	0.077	0.196724467709412	BEX5	c2
1.49414440284629e-05	0.647761932871153	0.193	0.095	0.197884484712962	SLC25A26	c2
1.49867002294724e-05	0.311851696051966	0.777	0.641	0.198483857839132	GNG5	c2
1.51157876537456e-05	0.823944763230976	0.181	0.09	0.200193491686207	OPA1	c2
1.51899993742162e-05	0.820657800745716	0.19	0.096	0.201176351712119	TMEM200A	c2
1.52834222815408e-05	1.5103417556376	0.069	0.02	0.202413644696727	NPM2	c2
1.53006008050587e-05	0.556525793859383	0.319	0.191	0.202641157062197	NMI	c2
1.53412176257265e-05	0.736258863718723	0.193	0.097	0.203179086235122	SBF1	c2
1.54148154811984e-05	0.64725375338851	0.229	0.122	0.204153816232992	RBM18	c2
1.55190937786329e-05	0.525803099650057	0.37	0.232	0.205534878004214	ABTB1	c2
1.55411878344595e-05	1.10981284921923	0.148	0.069	0.205827491679582	EIF5A2	c2
1.56863532561814e-05	0.434333525598267	0.566	0.38	0.207750062524867	TMEM9B	c2
1.56884480659289e-05	0.59034836170454	0.319	0.196	0.207777806185163	TNIP2	c2
1.56958531159534e-05	0.545163186314296	0.307	0.181	0.207875878667687	CHMP1A	c2
1.57615098876465e-05	0.4888147299718	0.377	0.227	0.20874543695199	MPC1	c2
1.60580438541514e-05	0.476985611739887	0.352	0.21	0.212672732804381	MCTS1	c2
1.6226975456265e-05	0.527423402976117	0.413	0.259	0.214910062942773	URM1	c2
1.62476649584e-05	0.428553278841346	0.654	0.495	0.21518407470905	BIN1	c2
1.63808431467194e-05	0.531211589185829	0.437	0.282	0.216947886635151	RAD23B	c2
1.68079961398741e-05	0.530010394469308	0.383	0.239	0.222605100876493	FAM96A	c2
1.68160932817509e-05	0.555070892333189	0.235	0.125	0.222712339423509	SEPT11	c2
1.68830407291373e-05	0.619894434237048	0.286	0.165	0.223598991416695	KIF22	c2
1.69054349996081e-05	0.62252112093163	0.328	0.2	0.22389558113481	YIF1A	c2
1.70043555180093e-05	0.442644335535311	0.542	0.395	0.225205684480516	VDAC1	c2
1.72886370910794e-05	0.549476306209827	0.238	0.127	0.228970709634256	NADSYN1	c2
1.73148182753407e-05	0.415174455603548	0.663	0.503	0.229317453238612	TAX1BP1	c2
1.75271233187159e-05	0.282379359676961	0.84	0.751	0.232129221233073	ATP5F1D	c2
1.76976504825676e-05	0.401044641419884	0.59	0.418	0.234387682991125	CLTA	c2
1.7737699634554e-05	-0.635787781569912	0.277	0.399	0.234918093960034	ARL4A	c2
1.77563060622774e-05	2.02613033342002	0.042	0.007	0.235164517488802	GLIDR	c2
1.80711192375345e-05	0.573157669216194	0.289	0.166	0.239333903181907	DCUN1D5	c2
1.82855296701077e-05	-2.81152449612096	0.021	0.091	0.242173554950906	IL4I1	c2
1.83788414597646e-05	0.353461317752039	0.747	0.61	0.243409376293123	SHISA5	c2
1.84096458509459e-05	0.576009714894421	0.407	0.264	0.243817349649928	ITGB1BP1	c2
1.84810392920518e-05	0.397140653625169	0.648	0.489	0.244762884383934	HMOX2	c2
1.85896519003641e-05	0.451830325738438	0.343	0.205	0.246201349768422	PARP10	c2
1.88738850768984e-05	0.836076188444748	0.145	0.065	0.249965733958443	PTPRN2	c2
1.91196229665312e-05	0.530252842364032	0.262	0.145	0.253220286568739	DELE1	c2
1.92546369583362e-05	3.67290185693865	0.027	0.002	0.255008411876205	FAM81A	c2
1.92629053621659e-05	0.897026127502135	0.199	0.103	0.255117918616525	KIF21A	c2
1.94098834179905e-05	0.482946302589067	0.47	0.317	0.257064495987867	IAH1	c2
1.95128222704417e-05	0.339004288179046	0.684	0.554	0.258427818149729	SRSF3	c2
1.95208027769928e-05	0.391579717725332	0.636	0.474	0.258533511978492	SET	c2
1.97232764475611e-05	1.09729808186223	0.084	0.028	0.261215073271499	TAOK2	c2
1.97765142884578e-05	0.211823486097324	0.982	0.953	0.261920155236335	PCBP1	c2
1.97805546962297e-05	0.429418170905281	0.596	0.435	0.261973666396867	AURKAIP1	c2
1.98931336045554e-05	0.497094225864603	0.425	0.277	0.263464661458732	NUDT5	c2
1.99202148642008e-05	0.343829252896349	0.861	0.743	0.263823325661476	LY6E	c2
1.99604562906147e-05	0.809319146997765	0.154	0.071	0.264356283112901	UBALD1	c2
2.01171673039168e-05	0.298173492157351	0.849	0.771	0.266431763773074	ELOB	c2
2.01877070936791e-05	0.772168478936746	0.145	0.065	0.267365992748685	ZBTB17	c2
2.02355807411258e-05	0.519507537364033	0.383	0.246	0.26800003133547	DNTTIP2	c2
2.02858786986949e-05	0.508873079232078	0.292	0.171	0.268666177485515	TUBGCP2	c2
2.04134976941468e-05	0.300627769831894	0.729	0.578	0.270356363461281	GLIPR1	c2
2.04248224038941e-05	0.486914156219277	0.398	0.257	0.270506347917174	PIH1D1	c2
2.04578738002827e-05	0.556186255331909	0.268	0.15	0.270944080610944	ARHGAP1	c2
2.04728084865432e-05	0.819989099808115	0.142	0.064	0.271141875595778	RAB21	c2
2.04788894642315e-05	0.345796304688894	0.777	0.655	0.271222412064283	ATP5IF1	c2
2.05049678416397e-05	0.59550018546568	0.322	0.191	0.271567794094676	PWP1	c2
2.05059745144249e-05	0.985363561048128	0.102	0.039	0.271581126469044	MSRB1	c2
2.09254396189932e-05	0.821487455771164	0.099	0.037	0.277136522313946	APOBEC3H	c2
2.09570207898035e-05	-1.68079418065195	0.054	0.139	0.277554783340158	PXN	c2
2.09826431616631e-05	0.372015001715515	0.367	0.224	0.277894126033066	SYAP1	c2
2.10189622636687e-05	0.482519299324709	0.331	0.196	0.278375136220028	TSTA3	c2
2.11532797649851e-05	0.723575878157779	0.16	0.075	0.280154037207463	UGGT1	c2
2.11997007770577e-05	0.37447035197667	0.515	0.364	0.280768837091352	BTN3A2	c2
2.14842620562964e-05	4.4422823630723	0.03	0.003	0.284537566673589	TRDV3	c2
2.1586870786974e-05	0.459605533642946	0.31	0.182	0.285896516702684	OXLD1	c2
2.1598895472629e-05	0.689950352937803	0.286	0.169	0.286055771639499	NFAT5	c2
2.17478669153206e-05	0.477815481313912	0.548	0.385	0.288028749426506	PSMB2	c2
2.19624282425574e-05	0.717800768993262	0.286	0.164	0.29087039964443	GUSB	c2
2.19864651748954e-05	0.495877596848024	0.367	0.228	0.291188744776314	POLR2A	c2
2.23890925108136e-05	0.306618007804976	0.822	0.719	0.296521141213216	SPCS1	c2
2.24593814419551e-05	0.818474490902132	0.178	0.089	0.297452047817253	ASB1	c2
2.25882049145507e-05	0.526319486382411	0.337	0.206	0.29915818588831	SPPL2A	c2
2.26973648828055e-05	2.06682200197268	0.036	0.005	0.300603900507875	AC009133.1	c2
2.27724922501887e-05	0.266215656272157	0.904	0.866	0.3015988873615	TPM3	c2
2.27954532156446e-05	0.59969200089949	0.256	0.143	0.301902982387997	GFER	c2
2.28513361001309e-05	3.08939182954866	0.03	0.003	0.302643095310133	PINLYP	c2
2.29172775568461e-05	0.735304746500134	0.223	0.121	0.30351642396287	UBR2	c2
2.29944953995944e-05	1.36423415189561	0.09	0.032	0.304539097072229	INPPL1	c2
2.3053262929366e-05	2.96625750637281	0.03	0.003	0.305317414236523	JAG2	c2
2.30556727322956e-05	0.594401890804133	0.301	0.178	0.305349329666522	SLC25A1	c2
2.30928130023425e-05	0.628452650084846	0.199	0.102	0.305841215403025	BTAF1	c2
2.3159445408742e-05	0.607233330213444	0.208	0.109	0.306723694993379	HCFC1	c2
2.33355591202796e-05	0.531771727224234	0.301	0.175	0.309056144988983	BCL2L1	c2
2.3709778011462e-05	1.5798836319689	0.087	0.031	0.314012299983803	HPGD	c2
2.38283330323351e-05	0.834799994199893	0.157	0.074	0.315582442680246	RAD17	c2
2.38374329445528e-05	1.1249422730742	0.096	0.036	0.315702961917658	SPATA33	c2
2.38991088849004e-05	0.455617934191233	0.572	0.416	0.316519798071621	POLR2E	c2
2.39169077208122e-05	0.535973458653316	0.364	0.227	0.316755525854436	PEF1	c2
2.39530635684647e-05	0.564959358230951	0.292	0.17	0.317234373900747	MIS18BP1	c2
2.39901849420125e-05	0.461458160493952	0.322	0.191	0.317726009372013	METTL17	c2
2.40968051993445e-05	0.859615882923698	0.145	0.066	0.319138088060119	NUDT18	c2
2.4316801099427e-05	1.2228398640201	0.072	0.022	0.322051713760811	DVL3	c2
2.43892232299796e-05	0.472714932303152	0.355	0.218	0.32301087245785	PDHB	c2
2.47404327854073e-05	1.20650059122932	0.105	0.042	0.327662291809935	AMMECR1L	c2
2.49028348218944e-05	-3.53966712853087	0.012	0.074	0.32981314438117	LINC01891	c2
2.54307596079567e-05	1.03910620241341	0.139	0.063	0.336804980247778	MTHFD1	c2
2.54404948472045e-05	0.378935694049356	0.711	0.544	0.336933913756376	ECH1	c2
2.54671145205791e-05	0.472764629735488	0.506	0.343	0.337286464710549	DNAJC15	c2
2.55294517162217e-05	0.612741789719313	0.226	0.123	0.338112058529641	SLC25A20	c2
2.55826048560666e-05	0.771721983869912	0.199	0.103	0.338816018713746	TGFBR1	c2
2.56322089496178e-05	0.555217868314495	0.34	0.21	0.339472975328738	BIRC2	c2
2.60281622000029e-05	0.436388491459329	0.352	0.215	0.344716980176839	PSMC6	c2
2.60583195093213e-05	0.879441863337667	0.16	0.076	0.345116383581452	TP53INP1	c2
2.61128228144115e-05	0.612860930339062	0.355	0.228	0.345838225354066	ERICH1	c2
2.61590852255371e-05	0.641775934760447	0.238	0.131	0.346450924727014	PPP1R21	c2
2.61925388087448e-05	0.39667000427215	0.506	0.343	0.346893983983016	CAPN2	c2
2.64413509832776e-05	0.293470047670248	0.852	0.76	0.350189252422528	COX5B	c2
2.64576350379717e-05	0.527512747017533	0.292	0.169	0.350404918442897	MRPL27	c2
2.65324225715697e-05	0.92701816724071	0.108	0.043	0.351395404537869	APAF1	c2
2.66015071314231e-05	0.870918524659567	0.139	0.062	0.352310360448568	ARMC6	c2
2.67046338742786e-05	0.365237378414422	0.446	0.277	0.353676171030946	BNIP3L	c2
2.71766493458051e-05	0.317534428572982	0.509	0.325	0.359927543935843	TANK	c2
2.74781856413553e-05	0.710606511024543	0.202	0.104	0.363921090634109	DYNC1LI2	c2
2.74844586159261e-05	0.494493777157554	0.37	0.235	0.364004169909325	ZNF22	c2
2.75037548089091e-05	0.395938323124065	0.849	0.704	0.364259728689192	CD247	c2
2.85224155064331e-05	0.976533753009832	0.175	0.09	0.3777508709672	MCM5	c2
2.87842692935863e-05	0.565301635114559	0.491	0.35	0.381218862524257	MFSD10	c2
2.91216697193722e-05	1.41457942231881	0.069	0.021	0.385687393763365	CNOT6	c2
2.92006093288097e-05	0.490365694473413	0.364	0.232	0.386732869950756	NUDT4	c2
2.92764757644959e-05	0.593884710741281	0.322	0.199	0.387737645024984	CHMP4B	c2
2.9397427014929e-05	0.636872379988143	0.253	0.142	0.38933952338572	GGA2	c2
3.00008427023474e-05	0.40987263740842	0.518	0.357	0.397331160749889	MMADHC	c2
3.09145864257803e-05	0.759903621943932	0.096	0.036	0.409432782623035	FOCAD	c2
3.09851018300495e-05	4.94111707137835	0.018	0	0.410366688637176	BCAR3	c2
3.09851018300495e-05	4.54250375615243	0.018	0	0.410366688637176	TBX1	c2
3.11601905715542e-05	0.451566159918032	0.313	0.183	0.412685563929664	PEX16	c2
3.12738806661959e-05	0.431685700364935	0.346	0.206	0.414191275543098	EIF2AK1	c2
3.12897599124413e-05	0.390428000162345	0.717	0.548	0.414401580280372	FAM96B	c2
3.13280212619313e-05	0.36938231697451	0.506	0.332	0.414908313593018	PAFAH1B1	c2
3.1556097916208e-05	0.427794171739585	0.901	0.818	0.417928960802259	HMGN2	c2
3.16782028978006e-05	-0.998659692831751	0.241	0.344	0.419546119178471	NFKB1	c2
3.18705326497806e-05	0.779025157740491	0.151	0.069	0.422093334413694	KCTD18	c2
3.23669149915787e-05	0.722552387232953	0.142	0.065	0.428667422148468	ENG	c2
3.28491747005794e-05	0.532409212349259	0.361	0.226	0.435054469734473	TTC1	c2
3.29124258546536e-05	-0.695930065824232	0.38	0.461	0.435892168019033	DGKA	c2
3.31480839825544e-05	-0.832675890043852	0.268	0.364	0.439013224264951	SATB1	c2
3.32579125114326e-05	0.266716229222783	0.931	0.908	0.440467793301414	FYB1	c2
3.3414983739387e-05	0.67241657904014	0.13	0.056	0.442548044644441	SESN2	c2
3.36914134616392e-05	0.729521531019722	0.533	0.422	0.446209079885949	TRBC1	c2
3.41978221746345e-05	1.52712357795105	0.072	0.023	0.452915956880859	BYSL	c2
3.42608413995948e-05	0.898484752326214	0.117	0.049	0.453750583496233	ACOX1	c2
3.43052206323311e-05	1.13240567066785	0.096	0.037	0.454338342054593	ACY1	c2
3.43060618045761e-05	-1.44735302508783	0.072	0.16	0.454349482539806	RERE	c2
3.44363587901339e-05	0.850981039383993	0.202	0.108	0.456075135816533	MEF2A	c2
3.45066779126592e-05	0.394526000001912	0.419	0.262	0.457006442275258	UBE2G1	c2
3.46786729745145e-05	0.494509867961171	0.271	0.153	0.45928434487447	BOD1L1	c2
3.56637886926952e-05	0.635446829124098	0.202	0.106	0.472331217446055	ATE1	c2
3.56849408076772e-05	0.573272190648347	0.389	0.254	0.472611356056877	SRRT	c2
3.57217055799016e-05	0.649240766794194	0.16	0.076	0.473098268700216	NISCH	c2
3.5758809748081e-05	0.842862825781971	0.148	0.07	0.473589676303584	SH3BP2	c2
3.69079082465825e-05	0.467948473351271	0.395	0.251	0.488808336817738	SDHB	c2
3.75554863585211e-05	0.299056559050639	0.795	0.642	0.497384861332253	SCML4	c2
3.7795578406718e-05	1.66747717259919	0.06	0.017	0.500564640418573	NUDT8	c2
3.80493400815849e-05	0.344108582279726	0.783	0.642	0.50392546004051	PRRC2C	c2
3.80917132179038e-05	1.65311949976356	0.06	0.017	0.504486649857918	IQCE	c2
3.82447265656094e-05	0.395496289439771	0.554	0.404	0.506513158634931	KDELR1	c2
3.82501137084818e-05	0.404677573706673	0.705	0.561	0.506584505955133	SH2D2A	c2
3.90401532119337e-05	0.445866432335551	0.491	0.326	0.51704778913885	PSMD13	c2
3.92569895733125e-05	0.50940243233924	0.205	0.106	0.51991956990895	SCRN2	c2
3.92958796977329e-05	0.509998520498131	0.259	0.147	0.520434630716774	FEZ2	c2
3.98766026084681e-05	0.748623883445514	0.154	0.073	0.528125724946552	HSCB	c2
4.0099716315898e-05	0.411806296174167	0.581	0.435	0.531080642887753	SEC11A	c2
4.01681502586121e-05	0.489786563164999	0.434	0.276	0.531986982025059	EIF6	c2
4.03320345922664e-05	0.519399174885753	0.271	0.155	0.534157466139976	GATAD2B	c2
4.03770481182588e-05	0.463461673818569	0.545	0.4	0.53475362527822	HM13	c2
4.1124243489889e-05	1.40275317010809	0.081	0.028	0.54464948078009	TLDC1	c2
4.11830449472637e-05	0.485238489564553	0.422	0.278	0.54542824728156	CCDC115	c2
4.12363402053764e-05	0.508995360460159	0.265	0.149	0.546134089680005	GNB5	c2
4.1592925096326e-05	0.778448478391089	0.202	0.108	0.550856699975741	SLK	c2
4.23418271181806e-05	0.502513187377167	0.623	0.48	0.560775158353184	ODC1	c2
4.27133689619735e-05	0.723045450384264	0.196	0.103	0.565695858532377	GLE1	c2
4.27413175902436e-05	0.444279382576592	0.389	0.243	0.566066010165187	PPM1B	c2
4.27664253630206e-05	0.779169184228273	0.169	0.085	0.566398537507845	NIPSNAP3A	c2
4.28196099191046e-05	0.368972935389188	0.566	0.403	0.567102913768621	RSF1	c2
4.29616476430793e-05	-2.09734599191512	0.039	0.113	0.568984061384943	ARHGAP5	c2
4.32792339852138e-05	0.980612861227651	0.072	0.023	0.573190174900172	CHSY1	c2
4.33115993060185e-05	0.922536880902574	0.142	0.066	0.573618821208909	AHI1	c2
4.41349883668914e-05	0.685480710226707	0.093	0.034	0.58452378593111	ZNF738	c2
4.4177174820147e-05	0.792364379890062	0.16	0.077	0.585082503318027	PRKCZ	c2
4.42878760576257e-05	0.297436729356293	0.633	0.463	0.586548630507195	ITGA4	c2
4.44346072578682e-05	0.527917834177256	0.244	0.136	0.588491938523206	ATXN1	c2
4.44575012451612e-05	2.18974546899243	0.042	0.008	0.588795146490914	FCRLB	c2
4.46356740921111e-05	0.742132951139055	0.226	0.127	0.591154867675919	MTX1	c2
4.50764245611262e-05	0.53036885004484	0.41	0.269	0.596992166887556	DNM2	c2
4.51415344489904e-05	0.58823396079351	0.217	0.117	0.597854482242429	SLC50A1	c2
4.51750496610239e-05	0.46763332601508	0.241	0.132	0.598298357710601	AP1S1	c2
4.52410727609404e-05	1.1206814983096	0.09	0.033	0.599172767645895	ACOX3	c2
4.55562114199282e-05	0.47448420402939	0.277	0.157	0.603346464045529	EIF3J	c2
4.62783065001244e-05	0.756809716175761	0.151	0.072	0.612909891287648	TAB1	c2
4.65168044064559e-05	-2.97753169052188	0.015	0.076	0.616068557559102	TIAM1	c2
4.65461260935017e-05	1.66049017043844	0.042	0.008	0.616456893982336	LINC00996	c2
4.6658205448287e-05	0.501726609037836	0.319	0.194	0.617941272957114	UPF3A	c2
4.6977010422536e-05	0.500161330353773	0.28	0.165	0.622163526036067	APOL3	c2
4.70117282407188e-05	0.450945907096434	0.343	0.21	0.62262332882008	NUTM2B-AS1	c2
4.71851120669887e-05	0.377919599251501	0.614	0.444	0.624919624215198	NUCKS1	c2
4.85372622173219e-05	0.380098775240765	0.274	0.156	0.642827500806211	SH2D3C	c2
4.88508892464518e-05	0.337038464654023	0.34	0.204	0.646981177180008	GTF2E2	c2
4.89133140957689e-05	0.456005702594884	0.289	0.171	0.647807931884363	GMPS	c2
4.89479737800852e-05	0.551524407600218	0.232	0.126	0.648266964743449	GMEB1	c2
4.90697036151855e-05	0.343612527232123	0.786	0.662	0.649879154679517	ARHGEF1	c2
4.92366945823789e-05	0.556217924781866	0.22	0.118	0.652090783049026	MRPS2	c2
4.92565222005295e-05	0.760139382133648	0.123	0.054	0.652353380023812	MAST3	c2
4.93988320364169e-05	0.945428516183821	0.202	0.11	0.654238131490305	RHOB	c2
4.94356796520943e-05	0.174748711593343	0.991	0.974	0.654726141312337	ATP5F1E	c2
4.9483452687531e-05	0.729564753893959	0.178	0.092	0.655358847393661	FHOD1	c2
4.97451191980594e-05	0.511243793784682	0.377	0.24	0.658824358659098	SLC25A11	c2
4.99120547541429e-05	0.454152455226272	0.259	0.147	0.661035253163869	ARID1B	c2
5.0021979990598e-05	0.488914505692663	0.476	0.329	0.66249110299548	MGAT1	c2
5.01251423862055e-05	0.523714795365157	0.274	0.16	0.663857385762906	NLRC5	c2
5.04565536420728e-05	0.500924602980033	0.398	0.259	0.668246596435612	CTSS	c2
5.05380679419315e-05	0.49099281248302	0.41	0.269	0.669326171822941	ACIN1	c2
5.05596983397244e-05	0.693895355253311	0.184	0.095	0.669612644811309	PARVB	c2
5.05607650238527e-05	1.87451692209361	0.057	0.016	0.669626771975905	AC137767.1	c2
5.08982417386738e-05	0.678011013526757	0.277	0.165	0.674096313586996	COA5	c2
5.09208821755199e-05	0.581807708971097	0.244	0.138	0.674396163532586	APBA3	c2
5.09318279254065e-05	0.464123382726427	0.355	0.223	0.674541129044084	CALHM2	c2
5.09956587966342e-05	0.3977073778721	0.702	0.589	0.675386505102624	RHOF	c2
5.1295640216118e-05	1.26178072313558	0.075	0.025	0.679359459022267	ADAT3	c2
5.14340303647561e-05	1.36525523065946	0.057	0.016	0.68119229815083	TRAK1	c2
5.16111874497798e-05	0.413119608155217	0.346	0.211	0.683538566584884	PFDN1	c2
5.24911522605687e-05	0.46270429694434	0.355	0.222	0.695192820538972	GPAA1	c2
5.27147369086696e-05	0.51609187352176	0.202	0.107	0.698153975618421	TBK1	c2
5.30828081984816e-05	0.41129093882203	0.645	0.525	0.703028711780691	GDI2	c2
5.33021094656897e-05	0.465429986765756	0.241	0.132	0.705933137763594	MYNN	c2
5.34590714205537e-05	2.56632369744445	0.039	0.007	0.708011941893813	IL26	c2
5.37066927372254e-05	1.36218721905003	0.069	0.022	0.711291438611814	TPRG1	c2
5.37367344776882e-05	1.02965816351025	0.117	0.051	0.711689311422503	ABHD15	c2
5.43033783698123e-05	0.622400830387513	0.211	0.114	0.719193943129794	SRSF6	c2
5.44133971325557e-05	0.506619897195666	0.202	0.107	0.720651031623568	GGCT	c2
5.4537032290682e-05	0.673242081962312	0.217	0.121	0.722288455657792	KPNA2	c2
5.47488732185067e-05	2.17348566361848	0.039	0.007	0.725094076905903	TST	c2
5.48743098422439e-05	-1.42124174087846	0.117	0.205	0.726755359550678	ADAM19	c2
5.51759190351841e-05	-0.299002560452095	0.834	0.835	0.730749871701979	EIF4B	c2
5.54438030740297e-05	0.764544869041346	0.193	0.104	0.734297727912449	PPIF	c2
5.64669010651265e-05	-0.948232722448496	0.265	0.352	0.747847637706535	ERN1	c2
5.6511493232543e-05	0.402715903649733	0.352	0.212	0.7484382163718	ZNF148	c2
5.67037232715783e-05	1.45376276691017	0.063	0.019	0.750984111008783	CBX8	c2
5.72532511319671e-05	0.223683451008371	0.961	0.969	0.758262057991772	LAPTM5	c2
5.72876695533667e-05	0.413773337645582	0.223	0.119	0.758717895564789	ELP6	c2
5.75062065385829e-05	1.46866957109957	0.057	0.016	0.761612199396992	SNX8	c2
5.77876664284123e-05	-2.14756381028316	0.03	0.099	0.765339854177893	LYPD3	c2
5.86070274491649e-05	0.374229951888079	0.557	0.401	0.77619147153674	PET100	c2
5.86518323170938e-05	0.419256682736156	0.542	0.39	0.77678486720759	PPM1G	c2
5.87440779624737e-05	0.402936594950878	0.386	0.246	0.778006568535002	BECN1	c2
5.88634971887473e-05	0.463677532744109	0.41	0.279	0.779588156767769	TXN2	c2
5.90159958096908e-05	0.34917825757949	0.554	0.383	0.781607848503544	SEPT2	c2
5.91601486100188e-05	-0.861037829314376	0.253	0.35	0.783517008191088	CD82	c2
5.91601543493719e-05	0.829907284990899	0.142	0.067	0.783517084203081	FAM104B	c2
5.92535396486624e-05	0.372912144338519	0.44	0.287	0.784753879106885	ATF6B	c2
5.99175654011834e-05	0.947983720130767	0.151	0.073	0.793548236173273	HMGCS1	c2
6.01454197455671e-05	0.304240623778573	0.581	0.414	0.79656593911029	TNIP1	c2
6.04954275182229e-05	0.545348717668343	0.214	0.116	0.801201442051344	CANT1	c2
6.05125628991823e-05	1.75695092798053	0.048	0.011	0.801428383036771	CENPF	c2
6.06254135010093e-05	0.492712957277811	0.443	0.304	0.802922976407367	PDCD10	c2
6.08573597337179e-05	0.404962714825001	0.62	0.473	0.80599487231336	CMTM3	c2
6.11007986396276e-05	0.490561931653727	0.401	0.268	0.809218977183227	ETHE1	c2
6.12135123770782e-05	-0.92343249450742	0.413	0.461	0.810711757922023	LGALS3	c2
6.12473144619644e-05	0.163975281311324	0.997	0.993	0.811159432734256	HLA-E	c2
6.14000366429343e-05	0.72720149682964	0.151	0.073	0.813182085299022	FBXL12	c2
6.17258413568819e-05	0.733986625464087	0.145	0.068	0.817497042930544	RAPGEF1	c2
6.32054990065688e-05	0.340487560998597	0.738	0.609	0.837093628842997	COX7B	c2
6.32204902253696e-05	1.70306840740576	0.048	0.011	0.837292172544795	PAQR4	c2
6.32555395402559e-05	0.442242290218344	0.437	0.292	0.837756365671149	PDCD6IP	c2
6.34919488810969e-05	3.22003565969254	0.021	0.001	0.840887370981247	PPFIA3	c2
6.37262900263642e-05	0.693676314132619	0.265	0.158	0.843990985109167	ETF1	c2
6.37300046303238e-05	-1.475196593724	0.042	0.117	0.844040181324009	SGK1	c2
6.38428724880471e-05	0.44305658816574	0.217	0.116	0.845535003231695	CCDC137	c2
6.43513783948023e-05	0.647390525202417	0.226	0.127	0.852269655460761	COP1	c2
6.45233395361972e-05	0.452716084888603	0.241	0.136	0.854547108817396	YTHDC2	c2
6.46319561222142e-05	0.337706910035012	0.476	0.317	0.855985626882605	SLBP	c2
6.48797664059088e-05	0.397475829484949	0.482	0.327	0.859267626279856	DIAPH1	c2
6.54690130938029e-05	1.57750182701843	0.048	0.011	0.867071609414325	CD72	c2
6.5630619267753e-05	0.711911367700641	0.184	0.097	0.86921192158212	KDM2B	c2
6.56583979922694e-05	0.445238635285392	0.542	0.372	0.869579823009616	DDX46	c2
6.70196348136058e-05	2.19344418047209	0.036	0.006	0.887608043471396	C16orf86	c2
6.717433892678e-05	0.435280325482907	0.292	0.175	0.889656944746274	CHCHD1	c2
6.73757102251365e-05	0.501723865069855	0.199	0.106	0.892323906221708	HSD17B7	c2
6.73880874567906e-05	1.257201189134	0.081	0.029	0.892487830277734	SASS6	c2
6.7738278506015e-05	-0.396588372689363	0.795	0.812	0.897125760533662	GIMAP7	c2
6.84544789556397e-05	0.514122012099886	0.346	0.22	0.906611119288493	DCAF5	c2
6.84879956684404e-05	0.620227662480864	0.196	0.106	0.907055014632824	TRIM26	c2
6.85342326617757e-05	0.582814608833765	0.304	0.187	0.907667377372558	DCAF11	c2
6.86029384408701e-05	0.37745478284885	0.358	0.227	0.908577316710884	XRN1	c2
6.86385005301009e-05	0.970760849390275	0.163	0.083	0.909048301020656	LANCL1	c2
6.89537525750561e-05	0.507229236664547	0.235	0.131	0.913223499104043	PLAA	c2
6.94666464891042e-05	0.425935942659161	0.38	0.236	0.920016266101696	SRA1	c2
6.95985200680053e-05	-3.30018359673091	0.006	0.059	0.921762799780662	FXYD1	c2
6.96113959657855e-05	0.303816189994197	0.428	0.28	0.921933328170864	KMT2A	c2
6.96943258499523e-05	0.694861833907111	0.244	0.143	0.923031651556768	TFDP1	c2
6.9789220082402e-05	1.49936095648483	0.048	0.011	0.924288430771332	SLC35E4	c2
6.99356142572576e-05	0.20901144657663	0.877	0.807	0.926227275223119	MBNL1	c2
7.03836755926938e-05	1.72488920199626	0.06	0.018	0.932161399549637	TGFBR3L	c2
7.10354828274244e-05	-4.96433837876937	0	0.046	0.940793934566408	IL17RE	c2
7.10486680249575e-05	0.662097363273467	0.25	0.147	0.940968559322538	TM7SF3	c2
7.15503604482774e-05	0.605714657146161	0.214	0.117	0.947612973776986	RBM48	c2
7.23029492706073e-05	1.10805165631167	0.072	0.024	0.957580260139923	ZNF296	c2
7.24420994490571e-05	0.419097013428355	0.503	0.35	0.959423165103312	MAPRE1	c2
7.36627418727785e-05	0.420394964067083	0.542	0.4	0.975589353363079	RAB11B	c2
7.37853110789777e-05	2.76135503149762	0.033	0.005	0.97721265992998	ADAMTS4	c2
7.46964673315367e-05	0.486172621929111	0.343	0.216	0.989280013338873	ZNF394	c2
7.54070350249456e-05	0.508948905426402	0.395	0.258	0.99869077187038	KXD1	c2
7.54870833376545e-05	0.513248185242674	0.247	0.139	0.999750931723896	TOLLIP	c2
0.017820811319206	-6.35465778187177	0	0.017	1	TRBV24-1	c2
0.000230250282115992	-5.4800462583955	0	0.04	1	FOXP3	c2
0.000105148422959284	-5.11145532173016	0	0.044	1	ANKRD55	c2
0.000143820028685361	5.06726827408965	0.015	0	1	TNS3	c2
0.00473931194085163	5.05285226569476	0.018	0.003	1	TRBV13	c2
0.000230250227814803	-5.03063190259417	0	0.04	1	SLC4A10	c2
0.00439063458105637	-4.97487155099621	0	0.024	1	CD200	c2
0.00435019303058376	-4.72955195661421	0.024	0.064	1	TRBV18	c2
0.000677140362304187	4.52959920512876	0.012	0	1	LINC01366	c2
0.000677140362304187	4.42503964242131	0.012	0	1	ASIC1	c2
0.00242678143110573	-4.4068167337261	0	0.027	1	TGFBI	c2
0.000677140362304187	4.34258040642739	0.012	0	1	BEND3	c2
0.000677140362304187	4.34084303185046	0.012	0	1	NCR2	c2
0.00295612093924791	-4.28520465610533	0	0.026	1	EEPD1	c2
0.000677140362304187	4.26975138779982	0.012	0	1	AL359504.2	c2
0.000143820028685361	4.25478576954669	0.015	0	1	KIF7	c2
0.000276082869115735	4.1996978180982	0.018	0.001	1	CDK1	c2
0.000677140362304187	4.19642293438836	0.012	0	1	MYL9	c2
0.000677140362304187	4.11572146877291	0.012	0	1	MELK	c2
0.0019927638504058	-4.10331743354477	0	0.028	1	UBE2E2	c2
0.000677140362304187	4.05806730016721	0.012	0	1	AC011893.1	c2
0.000677140362304187	4.0557607395987	0.012	0	1	TRIO	c2
8.33109943615689e-05	4.04164934345867	0.024	0.002	1	FCGR3A	c2
0.00091133151138212	-3.98097083603117	0.003	0.039	1	ADTRP	c2
0.000677140362304187	3.97835091960084	0.012	0	1	ZDHHC23	c2
0.00653185971762639	-3.97729808349109	0	0.022	1	ESPN	c2
0.000677140362304187	3.97412997256567	0.012	0	1	PAQR6	c2
0.00535404611341382	-3.94617389462944	0	0.023	1	ANK1	c2
0.000677140362304187	3.93299171330021	0.012	0	1	AC008083.2	c2
0.000677140362304187	3.92948585213585	0.012	0	1	BIRC5	c2
0.000677140362304187	3.92200161861384	0.012	0	1	ETV1	c2
0.000677140362304187	3.90150954941989	0.012	0	1	MPIG6B	c2
0.00797295283699633	-3.89196031275197	0	0.021	1	KIT	c2
0.000677140362304187	3.85844114739201	0.012	0	1	FOXM1	c2
0.00200832650536439	-3.84372549008411	0.003	0.034	1	IGFBP4	c2
0.00653185971762639	-3.79693872345256	0	0.022	1	ZFYVE9	c2
0.00797295283699633	-3.79302693959138	0	0.021	1	AC004585.1	c2
0.0450897864572356	-3.78501418569897	0.009	0.028	1	IL22	c2
0.0218386514093541	-3.72682227998276	0	0.016	1	SGPP2	c2
0.0405041534516194	-3.71995940689678	0	0.013	1	TMEM45B	c2
0.00122547242363425	3.71418314842965	0.015	0.001	1	CREB3L3	c2
0.000677140362304187	3.70787363338031	0.012	0	1	AURKB	c2
0.000677140362304187	3.69574971844057	0.012	0	1	NT5DC2	c2
0.00797295283699633	-3.65269525112816	0	0.021	1	MTUS1	c2
0.00145481716157363	-3.61417958578724	0.006	0.042	1	TCEA3	c2
0.017820811319206	-3.60269811047111	0	0.017	1	ZNF502	c2
0.00831746957380768	-3.59091835552684	0.006	0.032	1	PTPN13	c2
0.0145569362279064	-3.57099065155775	0	0.018	1	ZNF365	c2
0.0218386514093541	-3.50346504377384	0	0.016	1	LINC01281	c2
0.00027897727008358	3.49150844616489	0.018	0.001	1	CENPE	c2
0.202755808374372	-3.47432487687075	0.003	0.01	1	TRAV40	c2
0.000277526533533985	3.46339766708742	0.018	0.001	1	AC120193.1	c2
0.0267936282604435	-3.46205222707704	0	0.015	1	F5	c2
0.00542908865111164	3.44414364139281	0.012	0.001	1	SLC12A5	c2
0.00124428158679412	3.43467016931546	0.015	0.001	1	VGF	c2
0.00542908865111164	3.40412450759273	0.012	0.001	1	INAVA	c2
8.21471158053754e-05	3.36361246065422	0.024	0.002	1	KIF11	c2
0.0329172897447943	-3.34182683869779	0	0.014	1	AC233976.1	c2
0.0218386514093541	-3.34111744449835	0	0.016	1	HSF5	c2
0.0175052646814514	-3.32375876485557	0.003	0.023	1	ADGRE1	c2
0.000267368328711341	-3.32310656902496	0.006	0.051	1	HRH2	c2
0.0267936282604435	-3.31444469567599	0	0.015	1	PLEK2	c2
0.0499316511030094	-3.3007213083298	0	0.011	1	CPM	c2
0.0145569362279064	-3.29812684663884	0	0.018	1	ZNF667-AS1	c2
0.00791429940726124	-3.29667027660839	0.003	0.027	1	LTK	c2
0.0118579784211362	-3.29019443063902	0.003	0.025	1	RTKN2	c2
0.000280435110774845	3.28629965895642	0.018	0.001	1	LINC02086	c2
0.000277526533533985	3.28445592303934	0.018	0.001	1	BUB1B	c2
0.0499316511030094	-3.26117545011191	0	0.011	1	AC009041.1	c2
0.00545572057373547	3.25389431506734	0.012	0.001	1	RAB23	c2
0.0218386514093541	-3.24564447557506	0	0.016	1	PLEKHG3	c2
0.0405041534516194	-3.24028096266003	0	0.013	1	FAM201A	c2
0.00545572057373547	3.23637689677962	0.012	0.001	1	AC023509.2	c2
0.000314840671978687	3.23007194722028	0.027	0.004	1	S100B	c2
0.000143042942034453	-3.21971194387331	0.012	0.065	1	MDS2	c2
0.0329172897447943	-3.21050927745748	0	0.014	1	ZFR2	c2
0.000928622626274241	-3.19843297278806	0.003	0.039	1	EEF1AKMT3	c2
0.000318149774679146	-3.19789655227131	0.006	0.05	1	GNA15	c2
0.0218386514093541	-3.18595437821392	0	0.016	1	NECTIN2	c2
0.000993714393372315	-3.18198038723836	0.006	0.044	1	STAP1	c2
0.000322558857607622	-3.14450452895157	0.006	0.05	1	AFF3	c2
0.0499316511030094	-3.14173028009742	0	0.011	1	LINC01336	c2
0.00139514149024131	3.1125100929415	0.018	0.002	1	LINC00672	c2
0.0267936282604435	-3.11032926007748	0	0.015	1	STX17-AS1	c2
0.00124428158679412	3.10106765222095	0.015	0.001	1	HOXC4	c2
0.0329172897447943	-3.08609930909721	0	0.014	1	AC027031.2	c2
0.00548247036983834	3.08214099697704	0.012	0.001	1	AC017002.1	c2
0.00545572057373547	3.06274808247598	0.012	0.001	1	AC092535.4	c2
0.0329172897447943	-3.05447581241265	0	0.014	1	IGF1R	c2
0.0329172897447943	-3.05384439270455	0	0.014	1	TKTL1	c2
0.0499316511030094	-3.04947996998474	0	0.011	1	HLF	c2
0.00363896023942407	-3.03856613516919	0.003	0.031	1	ACVR1C	c2
0.204490374856665	3.03021535940726	0.018	0.009	1	TRBV7-4	c2
0.00465672825268091	-3.02765250138423	0.006	0.036	1	TSPAN15	c2
0.000824169545993409	-3.02291159977477	0.012	0.055	1	ATXN7L1	c2
0.00548247036983834	3.01934781953836	0.012	0.001	1	SEC14L6	c2
0.0117619158410208	-3.01240645758878	0.003	0.025	1	EMP1	c2
0.0616879453257211	-3.01154404784482	0	0.01	1	CXADR	c2
0.164147053628271	-3.00455888813033	0.003	0.011	1	IFI27	c2
0.00542908865111164	3.0030935578127	0.012	0.001	1	SLC11A1	c2
0.0585991756760602	-2.98781994172243	0.003	0.017	1	IFIT1	c2
0.00548247036983834	2.9860760118573	0.012	0.001	1	ARC	c2
0.0329172897447943	-2.98522518844561	0	0.014	1	MEOX1	c2
0.0616879453257211	-2.97474615911864	0	0.01	1	GCNT4	c2
0.0405041534516194	-2.97377010938237	0	0.013	1	GPR160	c2
0.0499316511030094	-2.97332305322095	0	0.011	1	RNASE4	c2
0.00545572057373547	2.96255145380372	0.012	0.001	1	DERL3	c2
0.000344403072702886	2.96025271936119	0.021	0.002	1	ZFP69B	c2
0.0219402971121502	-2.95852014582231	0.006	0.027	1	SVIL	c2
0.825110440519355	-2.95399320164602	0.018	0.02	1	IL17A	c2
0.055883166102665	-2.94577007218248	0.033	0.06	1	CSF2	c2
0.000347543276154294	2.93538719321688	0.021	0.002	1	REEP2	c2
0.00318542713777306	-2.93322772088485	0.006	0.038	1	ZNF844	c2
0.00695840406949984	-2.9312518572326	0.006	0.033	1	TNFRSF10D	c2
0.0329172897447943	-2.92733676753432	0	0.014	1	LINC01725	c2
0.00027483850495042	-2.92670737658263	0.006	0.051	1	CSGALNACT1	c2
0.0405041534516194	-2.92179724985905	0	0.013	1	STON1	c2
0.0390890171280121	-2.8942915468583	0.003	0.019	1	IQCN	c2
0.00550933849326889	2.88531884679348	0.012	0.001	1	AL683807.1	c2
0.0036464696978285	-2.88104022625599	0.003	0.031	1	OR4D1	c2
0.00131388609304061	2.87382344830341	0.021	0.003	1	CCDC189	c2
0.00125061031185181	2.87153303143367	0.015	0.001	1	AC006033.2	c2
0.0499316511030094	-2.86949393720009	0	0.011	1	GPR146	c2
0.00557532314229736	2.86800766709407	0.015	0.002	1	AL451074.2	c2
0.385087347597661	-2.86006329736691	0.006	0.011	1	TRBV23-1	c2
0.00559047686730392	-2.85028034126643	0.009	0.04	1	PLCL1	c2
0.00804475098663282	-2.84945056077767	0.003	0.027	1	COL5A3	c2
0.00559838762480245	2.84340533196294	0.015	0.002	1	AL158071.3	c2
0.00559838762480245	2.83608545330526	0.015	0.002	1	AC097382.2	c2
0.00550933849326889	2.83066574291085	0.012	0.001	1	FOXD2	c2
0.010332545516564	-2.82520193599253	0.006	0.031	1	CEACAM1	c2
0.0616879453257211	-2.82397220552882	0	0.01	1	GPRC5D-AS1	c2
0.000349123402078294	2.81132497865568	0.021	0.002	1	FAM92A	c2
0.0478395690363848	-2.80264877500351	0.003	0.018	1	WDR19	c2
0.0109539675625236	-2.79850485977886	0.012	0.041	1	AC103724.3	c2
0.00555234443446477	2.7948503733615	0.015	0.002	1	DMKN	c2
0.0616879453257211	-2.79132785712032	0	0.01	1	EHD3	c2
0.00557532314229736	2.79056059470814	0.015	0.002	1	SLC17A9	c2
0.0216323034002111	2.78735741198719	0.012	0.002	1	FGR	c2
0.0616879453257211	-2.7871780084295	0	0.01	1	KCNC4	c2
0.0158133969705023	-2.78631549049769	0.012	0.039	1	KLF5	c2
0.000281900087749119	2.78173074269073	0.018	0.001	1	CLEC12A	c2
0.0319632120099338	-2.77728117521884	0.003	0.02	1	RHOD	c2
0.0390890171280121	-2.77600806236599	0.003	0.019	1	DBNDD1	c2
0.00676442311271486	-2.76333778183942	0.009	0.039	1	VCL	c2
0.00141349713605595	2.76155175530346	0.018	0.002	1	AC011447.3	c2
0.000319666700807828	2.76006251476751	0.027	0.004	1	CNNM4	c2
0.0616879453257211	-2.75233769024532	0	0.01	1	AL133415.1	c2
0.00141349713605595	2.7484632454618	0.018	0.002	1	AC087164.1	c2
0.00125061031185181	2.74326913841454	0.015	0.001	1	ZNF572	c2
0.00125061031185181	2.74182302981111	0.015	0.001	1	HOMER2	c2
0.0405041534516194	-2.74012187568266	0	0.013	1	ACVR2A	c2
8.60876063306936e-05	2.73686776783751	0.024	0.002	1	FGD4	c2
0.0477448246673353	-2.73140547243415	0.003	0.018	1	FRY	c2
0.00383832386419674	2.72881257358253	0.021	0.004	1	ITGA2	c2
0.0320912783304502	-2.7243108344999	0.003	0.02	1	PTK2	c2
0.0616879453257211	-2.72065590354663	0	0.01	1	IQCC	c2
0.00125061031185181	2.7065112458362	0.015	0.001	1	PRTFDC1	c2
0.00990553726628451	-2.70387340753375	0.003	0.026	1	AP003716.1	c2
0.0214130291601575	-2.69832132771026	0.003	0.022	1	RAB3D	c2
8.52854928613929e-05	2.69772848223546	0.024	0.002	1	AL645568.1	c2
0.0616879453257211	-2.69177851814377	0	0.01	1	LINC01136	c2
0.0584837280347977	-2.68699203716762	0.003	0.017	1	PRSS16	c2
0.00185129634849743	-2.67697784780901	0.009	0.046	1	NEO1	c2
0.00550933849326889	2.67015728184729	0.012	0.001	1	MYO7A	c2
0.0478395690363848	-2.65379553930628	0.003	0.018	1	LGMN	c2
0.00550933849326889	2.65076718617292	0.012	0.001	1	NCAPG	c2
8.59336757198637e-05	2.6455362609893	0.03	0.004	1	CLIP2	c2
0.0616879453257211	-2.64548448506537	0	0.01	1	A2M-AS1	c2
0.000350576371449822	2.64323184676418	0.024	0.003	1	AL049869.3	c2
8.7651746611544e-05	2.64321725654882	0.03	0.004	1	LINC02100	c2
0.00141349713605595	2.63244663039561	0.018	0.002	1	AC116366.2	c2
0.000353465457795851	2.60960265961526	0.024	0.003	1	AP001157.1	c2
0.0032461422226613	-2.60898451233504	0.006	0.038	1	PCAT1	c2
9.33126412270723e-05	2.58139834458577	0.027	0.003	1	SUMO4	c2
0.0319632120099338	-2.57430594714472	0.003	0.02	1	SCRN1	c2
9.21284019695846e-05	2.57038461482939	0.027	0.003	1	TOP2A	c2
0.000350710245735883	2.56970825682051	0.021	0.002	1	BX088651.4	c2
0.00393585682428221	-2.56785040140819	0.009	0.042	1	FBP1	c2
0.164147053628271	-2.56003052551715	0.003	0.011	1	SIAH3	c2
0.00559838762480245	2.55081620676424	0.015	0.002	1	TBX19	c2
0.00231464996281169	-2.54471831727909	0.006	0.04	1	SUSD4	c2
0.00553632539928434	2.54136300429765	0.012	0.001	1	STIL	c2
0.0216323034002111	2.52980799141804	0.012	0.002	1	AL391069.2	c2
0.000456732900596315	-2.5233328480044	0.015	0.064	1	CFH	c2
0.00143207521313119	2.5082309852981	0.018	0.002	1	C18orf54	c2
0.00569150887941718	2.50730980644952	0.015	0.002	1	SPNS2	c2
0.262291477580019	-2.50559955478976	0.009	0.018	1	TRAV10	c2
0.0217152805940293	2.50534700588542	0.012	0.002	1	RAD51AP1	c2
0.00133987405813471	2.5047418325769	0.021	0.003	1	GIPR	c2
0.133145030849709	-2.50251584949845	0.003	0.013	1	IL1R2	c2
0.0104274425081743	-2.49594142152032	0.006	0.031	1	SLC22A17	c2
0.00144458536865727	2.49428927399119	0.018	0.002	1	DBH-AS1	c2
0.0016361474314191	-2.48302976586515	0.015	0.056	1	EHD4	c2
0.0216323034002111	2.47696138787728	0.012	0.002	1	AC073335.2	c2
0.00553632539928434	2.45517005301387	0.012	0.001	1	C1orf53	c2
0.0124183235334205	-2.45243466187814	0.039	0.077	1	TRAV8-6	c2
0.0218820663786659	2.444170461336	0.012	0.002	1	HIST1H4I	c2
0.00133463883100015	2.44391485515644	0.021	0.003	1	KNL1	c2
0.00107586160034354	2.43648721832976	0.045	0.015	1	FXYD2	c2
0.00102227159276099	-2.43420288534195	0.018	0.064	1	LY96	c2
0.0218922519921762	-2.43411259633475	0.003	0.022	1	NBPF9	c2
0.00124899741427898	-2.43131200856957	0.012	0.053	1	CFP	c2
0.0392449645782307	-2.42716627565409	0.003	0.019	1	ZNF223	c2
0.0152221094461878	-2.40895327353361	0.006	0.029	1	TCEANC	c2
0.0128532184917442	2.39947533634661	0.018	0.004	1	AC018797.2	c2
0.00553632539928434	2.39118045634179	0.012	0.001	1	TMEM44	c2
0.057209601046735	-2.38635990268821	0.006	0.022	1	AC009041.2	c2
0.0717077717601487	-2.3622574120629	0.003	0.016	1	ST6GALNAC1	c2
0.0880193026459665	-2.35937679558059	0.003	0.015	1	TLR5	c2
0.133145030849709	-2.35207617431527	0.003	0.013	1	NAP1L3	c2
0.00179034456858805	-2.34475142362425	0.036	0.086	1	TBC1D4	c2
0.0718485228356481	-2.33593267508814	0.003	0.016	1	FAM169A	c2
0.0331565534508937	-2.3351155722194	0.024	0.051	1	TRAV8-3	c2
0.00934143750499449	-2.31656199458263	0.012	0.042	1	AGPAT4	c2
0.164147053628271	-2.31511666669606	0.003	0.011	1	ZSCAN22	c2
0.00489961277903855	2.30989778955086	0.018	0.003	1	AFMID	c2
0.00136100498711476	2.30962467542457	0.021	0.003	1	AL355922.2	c2
0.203518339478773	-2.30908996755195	0.003	0.01	1	HACD1	c2
0.0206902393081293	-2.3040599821556	0.009	0.032	1	MID2	c2
0.0130581024554848	2.30234716602168	0.018	0.004	1	SLC43A2	c2
0.00704160824874578	2.29934099225491	0.024	0.006	1	KLHL23	c2
0.000271812070858547	2.29564177899303	0.03	0.005	1	PPT2	c2
0.0171107563485241	2.2938043721085	0.015	0.003	1	CD109	c2
0.00393115132579608	2.28584476342547	0.021	0.004	1	ACTL10	c2
0.00144458536865727	2.2856660019259	0.018	0.002	1	NCAPH	c2
0.107974322773566	-2.28441496853288	0.009	0.023	1	CARMIL1	c2
0.0731254934637446	-2.28386631089781	0.003	0.016	1	TRBV6-4	c2
0.00117917703027509	2.28297223046292	0.024	0.004	1	GRAMD1C	c2
0.00114556158848836	2.27277178742008	0.024	0.004	1	METTL7A	c2
0.0150579571988882	-2.27228295462038	0.006	0.029	1	PAIP2B	c2
0.108177702143594	-2.26886629308357	0.003	0.014	1	LINC01644	c2
0.00569150887941718	2.26113193886403	0.015	0.002	1	C1R	c2
0.000319666700807828	2.25514641516892	0.027	0.004	1	RAB11FIP3	c2
0.00553632539928434	2.2465532166772	0.012	0.001	1	E2F5	c2
0.133145030849709	-2.24146036509235	0.003	0.013	1	ZNF610	c2
0.00067542119256738	-2.23437852663409	0.021	0.071	1	TBXAS1	c2
0.00418625959253563	-2.23116704845151	0.015	0.051	1	LINC00239	c2
0.000783985530501188	-2.22375142030842	0.024	0.074	1	RORC	c2
0.108177702143594	-2.22357121711591	0.003	0.014	1	SCOC-AS1	c2
0.0172870265537524	2.22123518590721	0.015	0.003	1	AL590560.2	c2
0.038254358006275	-2.22008236889344	0.012	0.033	1	AC139720.1	c2
0.00495412644707911	2.19791712988972	0.018	0.003	1	BORCS8-MEF2B	c2
0.0883628816766952	-2.19766929102964	0.003	0.015	1	SEMA6C	c2
0.0721307039572624	-2.19136820565574	0.003	0.016	1	SGSM1	c2
0.00022835001146957	2.18944980958995	0.033	0.006	1	MMP23B	c2
0.180800953457404	-2.18819578948845	0.006	0.016	1	TPM2	c2
0.00116225699995268	2.18402018814014	0.024	0.004	1	CDT1	c2
0.00175218953128165	-2.17521030038552	0.003	0.036	1	AP002884.1	c2
0.00495412644707911	2.16855187618758	0.018	0.003	1	TMSB15B.1	c2
0.00569150887941718	2.16543019265066	0.015	0.002	1	NANOS3	c2
0.0011677860054572	-2.16018870071327	0.036	0.09	1	CCL20	c2
0.00036524594210949	2.15589791867781	0.024	0.003	1	RDH10	c2
0.0129232680671161	-2.15501585412199	0.006	0.03	1	COL6A1	c2
0.012298923023299	-2.13873460250833	0.003	0.025	1	RAB11FIP5	c2
0.202755808374372	-2.12677732510672	0.003	0.01	1	IL1R1	c2
0.0284966459001804	2.12300161619551	0.018	0.005	1	SCD	c2
9.61557984617903e-05	2.12030347927706	0.096	0.041	1	TRAV19	c2
0.000355511346741017	2.11611738225309	0.021	0.002	1	MAP3K20	c2
0.108177702143594	-2.11297382722348	0.003	0.014	1	ADAM12	c2
0.0217985346708589	2.09751767151447	0.012	0.002	1	SOX12	c2
0.00116646584330099	2.09645982176409	0.024	0.004	1	RND1	c2
0.00018842176169429	2.0936743624746	0.06	0.02	1	TRAV1-2	c2
0.164147053628271	-2.0911877766265	0.003	0.011	1	LINC02295	c2
0.0256099173823224	-2.08991353978976	0.009	0.031	1	OVCH1-AS1	c2
0.00493589457748005	2.08303722047562	0.018	0.003	1	LRRC63	c2
0.00452688159225871	-2.0822100204262	0.012	0.046	1	PTPRM	c2
0.000117590206038006	-2.0819675716908	0.03	0.095	1	AC012645.3	c2
0.0303744224480431	-2.08059916244402	0.009	0.03	1	ACSS2	c2
0.00033077958755881	2.07988110047136	0.027	0.004	1	PDE1B	c2
0.00013878983126856	2.07908215781089	0.039	0.008	1	LINC00092	c2
0.0881909572593405	-2.07505140867878	0.003	0.015	1	CES4A	c2
0.0481247507040528	-2.07490925639313	0.003	0.018	1	PARS2	c2
0.0217985346708589	2.07004170830867	0.012	0.002	1	AC026401.3	c2
0.123595952319049	-2.06719205553574	0.006	0.018	1	AC090204.1	c2
0.0570755053598124	2.0641482777992	0.012	0.003	1	PSMC3IP	c2
0.00136100498711476	2.0628932280926	0.021	0.003	1	CENPS	c2
0.0845449553523612	-2.05685946675863	0.006	0.02	1	SAMD12	c2
0.0309624498518928	-2.05273392030646	0.009	0.03	1	LTB4R	c2
0.00511522078374594	-2.04989133156289	0.009	0.041	1	CKAP4	c2
0.00398510647457844	2.04843169789713	0.021	0.004	1	FAM72A	c2
0.0567254236755496	2.04239519346377	0.012	0.003	1	ALDH4A1	c2
0.000355511346741017	2.04183193997955	0.021	0.002	1	ARHGEF4	c2
0.000256665729220168	-2.04124631048482	0.021	0.077	1	RMND5B	c2
0.0549894589435982	2.03869216159465	0.018	0.006	1	AC098613.1	c2
0.000226802098303461	2.03544342811436	0.033	0.006	1	SPINDOC	c2
0.00314767652202764	-2.02917044410286	0.015	0.053	1	FXYD7	c2
0.000211725609336449	-2.02839348868653	0.024	0.083	1	DPEP2	c2
0.0369381266021453	-2.02659956365351	0.009	0.029	1	MPZL2	c2
0.0328160682409172	-2.02491009665937	0.006	0.025	1	ZNF208	c2
0.0218820663786659	2.02450743376866	0.012	0.002	1	ZNF853	c2
0.164771581378875	-2.02336194949158	0.003	0.011	1	POU2AF1	c2
0.00285829313895711	2.02303711889608	0.042	0.015	1	TRBV4-1	c2
0.00332029896844935	-2.01925192892372	0.021	0.062	1	AC005842.1	c2
0.0137309837490327	-2.01660849046947	0.012	0.04	1	ZNF439	c2
0.109439067722923	-2.01631822584646	0.003	0.014	1	LRP11	c2
0.0398740478374723	-2.00919154646517	0.003	0.019	1	PRDM8	c2
0.0124736958004862	-2.00889330881378	0.009	0.036	1	NR3C2	c2
0.0142348800077343	-2.00685940910919	0.015	0.044	1	TPBG	c2
0.0592959065616959	-2.00483583250241	0.003	0.017	1	AC090114.2	c2
0.133145030849709	-2.00474894553053	0.003	0.013	1	CACNA1I	c2
0.0113393541496223	-2.00359157007547	0.012	0.041	1	TLR1	c2
0.00125061031185181	1.99826133407991	0.015	0.001	1	AL158151.1	c2
0.0218820663786659	1.99213501342755	0.012	0.002	1	AL121658.1	c2
0.00137168533388795	1.98844132626216	0.021	0.003	1	AC147651.4	c2
0.00952175469402814	1.98755507965137	0.021	0.005	1	NRAV	c2
0.0885350761759993	-1.98654569876901	0.003	0.015	1	MATN2	c2
0.00553632539928434	1.97991963811107	0.012	0.001	1	TROAP	c2
0.0880193026459665	-1.97975598395538	0.003	0.015	1	ELOVL4	c2
0.00230345693362847	1.97830645199511	0.027	0.006	1	AC009948.1	c2
0.027956343184694	1.97677912259818	0.018	0.005	1	PPM1L	c2
0.133145030849709	-1.97458875024368	0.003	0.013	1	TMEM202-AS1	c2
0.179151408003695	-1.97358341610451	0.012	0.024	1	AC036176.1	c2
0.180237274228969	-1.96883773472398	0.006	0.016	1	FSBP	c2
0.202755808374372	-1.96856506128233	0.003	0.01	1	LOXL1	c2
0.0022598652108971	-1.96462775969991	0.021	0.064	1	SEC14L2	c2
0.00170823888091946	-1.95621223361438	0.03	0.079	1	TRAV8-4	c2
0.00378610188122938	1.95494420877013	0.048	0.019	1	KIR3DL2	c2
0.0544273351551266	-1.9549246635715	0.012	0.031	1	RAB20	c2
0.108387126984031	-1.95020623788621	0.003	0.014	1	AC092343.1	c2
0.0092600884225757	-1.94964941871599	0.021	0.055	1	IFI44L	c2
0.0129758047770013	1.94717005476553	0.018	0.004	1	RYR1	c2
0.0402382091231692	1.94427426886386	0.015	0.004	1	MEGF8	c2
0.00462793681645404	-1.9393896110586	0.021	0.06	1	GPRASP1	c2
0.131039655669284	1.93795741611606	0.015	0.006	1	DSCR9	c2
0.0130994241491536	1.93525158239349	0.018	0.004	1	AC009093.2	c2
0.0125390912125235	-1.93520112077874	0.018	0.049	1	METTL1	c2
0.0570755053598124	1.93165330342859	0.012	0.003	1	AL031848.2	c2
0.00230345693362847	1.93023699892892	0.027	0.006	1	IGFBP6	c2
0.114562051199149	1.9288632868168	0.012	0.004	1	AP001107.2	c2
0.0132240838920791	1.92858066930128	0.018	0.004	1	AC012640.2	c2
0.000231475630361686	1.92831703910411	0.033	0.006	1	SLC2A6	c2
0.0570755053598124	1.92509356161569	0.012	0.003	1	CERCAM	c2
0.00172306148362899	1.92416781834834	0.03	0.007	1	GPA33	c2
0.00690188198501714	1.92381534834774	0.024	0.006	1	GTPBP2	c2
0.00207038452312384	-1.91828051363233	0.027	0.073	1	GSTM3	c2
0.102063901679397	-1.91738044455986	0.006	0.019	1	TRIQK	c2
0.00313988794508861	1.91575224471255	0.024	0.005	1	MBNL1-AS1	c2
0.00495412644707911	1.91329663299867	0.018	0.003	1	HIRA	c2
0.0845449553523612	-1.91313891230483	0.006	0.02	1	PLB1	c2
0.00462251828147746	-1.91024950730633	0.015	0.051	1	EDARADD	c2
0.022049965685689	1.90975350775995	0.012	0.002	1	DGUOK-AS1	c2
0.0101294029739811	-1.9095117782803	0.003	0.026	1	AC010624.3	c2
0.004053495616954	1.90736537863517	0.021	0.004	1	MSC-AS1	c2
0.133145030849709	-1.9071271348415	0.003	0.013	1	TIMP2	c2
0.00050869060111364	-1.90461025424056	0.042	0.101	1	F11R	c2
0.00957886066732345	1.90274206744113	0.021	0.005	1	BUB1	c2
0.164147053628271	-1.9022462151794	0.003	0.011	1	THAP9	c2
0.203136813366683	-1.89224659305088	0.003	0.01	1	FGFR1	c2
0.00336552134177449	1.891935247836	0.036	0.011	1	ANKRD34A	c2
0.168820076831732	-1.88691668111757	0.048	0.068	1	TRAV9-2	c2
0.263654207901229	-1.8820026918783	0.006	0.014	1	MAP3K9	c2
0.133145030849709	-1.87925040995846	0.003	0.013	1	AC078785.1	c2
0.0173461361805732	1.87890433419569	0.015	0.003	1	AC106047.1	c2
0.00238874952932837	1.87412253061236	0.039	0.013	1	B4GALT5	c2
0.0329888911625966	-1.87383997277568	0.006	0.025	1	RPP25	c2
0.202755808374372	-1.87377729715362	0.003	0.01	1	FAAH	c2
0.0218820663786659	1.8735578707022	0.012	0.002	1	AL355338.1	c2
0.0898685866895473	1.87290252113557	0.018	0.007	1	ZFPM1	c2
0.0218820663786659	1.87182122730649	0.012	0.002	1	AL162586.1	c2
0.0574273824217372	1.87168855782738	0.012	0.003	1	TRO	c2
0.0288136239816894	-1.86741671222873	0.012	0.036	1	RALGPS2	c2
0.0447398953520035	-1.86613444807766	0.009	0.028	1	PLXND1	c2
0.10859687252666	-1.86581541853154	0.003	0.014	1	AC097103.2	c2
0.0401228823826712	1.86478171158447	0.015	0.004	1	AL117379.1	c2
0.022049965685689	1.86461592659569	0.012	0.002	1	SPHK1	c2
0.0403214107797824	-1.86387404898961	0.015	0.038	1	MIPEP	c2
0.0402382091231692	1.85958396993663	0.015	0.004	1	PCAT6	c2
0.12439740100252	-1.85698039186996	0.006	0.018	1	FAM174B	c2
0.10940113616215	-1.85607540514726	0.012	0.027	1	ZNF347	c2
0.000445843971779211	1.85528072442606	0.048	0.015	1	LINC02084	c2
0.0570755053598124	1.8530631942692	0.012	0.003	1	AL109955.1	c2
0.0217152805940293	1.85197124809495	0.012	0.002	1	RRM2	c2
0.0130994241491536	1.85135351229643	0.018	0.004	1	AC091057.6	c2
0.200849557812484	1.85066215705447	0.015	0.007	1	KTN1-AS1	c2
0.000147869320708125	-1.8485602913026	0.024	0.086	1	PDE9A	c2
0.0211867126668778	-1.84720594821595	0.015	0.042	1	NUAK2	c2
0.0174648873879884	1.84654271390965	0.015	0.003	1	ICAM4	c2
0.0229070144544936	-1.8412418167304	0.027	0.057	1	TMEM25	c2
0.0173461361805732	1.83459330488844	0.015	0.003	1	ZNF70	c2
0.263654207901229	-1.83382575401393	0.006	0.014	1	MAPT	c2
0.218051672642081	-1.82340494931168	0.006	0.015	1	ZNF133	c2
0.008890634653747	-1.82320023108786	0.009	0.038	1	H1F0	c2
0.203136813366683	-1.82255103362683	0.003	0.01	1	AL451085.1	c2
0.00130485551641688	-1.81923040608063	0.021	0.068	1	ZNF677	c2
0.0096075280089337	1.81240166030111	0.021	0.005	1	TK1	c2
0.178928265074376	-1.81006680584071	0.012	0.024	1	ZNF616	c2
9.08263477582086e-05	1.80889111838572	0.03	0.004	1	TYMS	c2
0.203518339478773	-1.80803734576692	0.003	0.01	1	ENPP2	c2
0.040353816872432	1.80769221403543	0.015	0.004	1	CABLES2	c2
0.000103078115711352	-1.80741210591771	0.03	0.096	1	FAM241B	c2
0.00044134864568904	1.80127071152104	0.036	0.008	1	STARD9	c2
0.421988635464276	-1.80012131989635	0.024	0.032	1	TRAV20	c2
0.00168780199447715	1.79997174065181	0.03	0.007	1	VANGL1	c2
0.040585877484104	1.79955710610679	0.015	0.004	1	WNT10B	c2
0.001192016101342	1.79322188572663	0.024	0.004	1	HIST1H2BH	c2
8.53439419572397e-05	1.79004437349637	0.045	0.01	1	ZNF81	c2
0.00981035022409013	1.78656358066143	0.021	0.005	1	BX255925.3	c2
0.00144458536865727	1.7857554105418	0.018	0.002	1	C22orf15	c2
0.000547738530453847	1.784195174109	0.033	0.007	1	ADCY3	c2
0.00531697179538415	1.78247315882606	0.078	0.041	1	TRAV14DV4	c2
0.0132240838920791	1.78223375723025	0.018	0.004	1	TPX2	c2
0.000486654668091865	1.78213824274034	0.042	0.011	1	CLDN7	c2
0.0731254934637446	-1.78144643388905	0.003	0.016	1	TLE2	c2
0.0100161208445449	1.78051493096736	0.027	0.008	1	FAM83D	c2
0.00260919690640372	-1.77843444277109	0.03	0.076	1	ZYG11B	c2
0.149391426734158	-1.77767174582777	0.006	0.017	1	C1orf198	c2
0.0285745615813513	1.77339221892203	0.018	0.005	1	AC008763.1	c2
0.028341363422785	1.77337678824389	0.018	0.005	1	P4HA2	c2
0.004053495616954	1.77310498968549	0.021	0.004	1	CASTOR3	c2
0.00118344245403856	1.77177599789339	0.024	0.004	1	CA13	c2
0.022049965685689	1.7715561497854	0.012	0.002	1	GRAPL	c2
0.10859687252666	-1.77069739937502	0.003	0.014	1	PNPLA7	c2
0.0407228308543589	-1.77062733151227	0.012	0.033	1	TRAV41	c2
0.0526872662185599	1.76940914988175	0.018	0.006	1	GPSM2	c2
0.000134116612611481	1.7692261146788	0.048	0.013	1	WDR34	c2
0.0149809863390308	-1.76662308247719	0.015	0.044	1	PCSK5	c2
0.133400628548125	-1.7622667082384	0.003	0.013	1	PLLP	c2
0.0710934366194183	-1.75874761999947	0.006	0.021	1	BBS10	c2
0.734089760183719	-1.75625359454712	0.012	0.015	1	TRBV14	c2
0.105631514874453	-1.75501433520256	0.006	0.019	1	RNF144B	c2
0.0590893391631527	-1.74904161021686	0.006	0.022	1	PFKM	c2
0.133656605795625	-1.74700819551717	0.003	0.013	1	SULT1B1	c2
0.0219658764667389	1.74679064862663	0.012	0.002	1	SERPINB9P1	c2
0.0897480233102716	-1.74380200307471	0.003	0.015	1	AC084018.2	c2
0.000187159179308428	1.74359042962178	0.051	0.015	1	SLC36A1	c2
0.149391426734158	-1.74240312427641	0.006	0.017	1	MEST	c2
0.207253755234047	-1.73965652477854	0.015	0.027	1	TRBV6-6	c2
0.000144824148897387	1.7395976945023	0.039	0.008	1	TSHZ3	c2
0.0131824145965218	1.73856847632572	0.018	0.004	1	SIGLEC10	c2
0.00710226462254111	1.73627968914634	0.024	0.006	1	C20orf96	c2
0.0537003208088876	1.73595303611844	0.018	0.006	1	ITPRIPL2	c2
0.0236334044377134	-1.7337802114323	0.012	0.037	1	LIMS2	c2
0.059999488983799	-1.73161814140918	0.003	0.017	1	PDGFB	c2
0.0451600399476682	-1.7313822881532	0.009	0.028	1	TPTEP2-CSNK1E	c2
0.102567609611619	-1.72883590998456	0.006	0.019	1	ATP6V0A1	c2
0.0151342958413557	-1.72732663059016	0.018	0.048	1	ZNF563	c2
0.181932237168975	-1.72428269708874	0.006	0.016	1	C8orf88	c2
0.0313099548510404	-1.71915806146647	0.009	0.03	1	F2RL1	c2
0.000113515012699334	-1.71120321904182	0.039	0.109	1	IFI44	c2
0.00116145177057419	-1.71052663636697	0.03	0.082	1	ERC1	c2
0.0146811726157643	-1.70731828480506	0.03	0.065	1	FHIT	c2
0.129518692457627	-1.70609429141762	0.009	0.022	1	LZTS1	c2
0.028263995945509	1.70450318792677	0.018	0.005	1	LINC00294	c2
0.00815987887641444	-1.7038749423384	0.021	0.056	1	ST8SIA1	c2
0.00036025092113436	1.701566555207	0.045	0.013	1	AC005332.7	c2
0.00371417790615392	1.70073817666944	0.03	0.008	1	NCAM1	c2
0.0763814501037902	-1.70050148107182	0.009	0.025	1	CCND1	c2
0.0407023313911297	1.69701371599476	0.015	0.004	1	MISP3	c2
0.116598944476309	1.69507422048983	0.012	0.004	1	C17orf100	c2
0.044670197908188	-1.69502279117933	0.009	0.028	1	CAMKK1	c2
0.149153969407758	-1.69201144275277	0.006	0.017	1	CENPP	c2
0.000510657088192669	1.69111098851	0.042	0.011	1	RHOQ	c2
0.259241782490605	-1.68931435923214	0.009	0.018	1	ZNF823	c2
0.00975201520256942	1.68592671753056	0.021	0.005	1	SGMS1-AS1	c2
0.00500918806332674	1.68339408552003	0.018	0.003	1	U91328.1	c2
0.00111979558000323	-1.68289366828785	0.027	0.078	1	NR1D1	c2
0.00716338968226654	1.68017224297339	0.024	0.006	1	ZNF367	c2
0.0108681497239398	-1.67997792691974	0.009	0.037	1	ZNF219	c2
0.00233185946250179	1.67993037030068	0.027	0.006	1	CD68	c2
0.218385279212506	-1.67853894132991	0.006	0.015	1	TMPO-AS1	c2
0.00407189534411171	-1.67743002218284	0.018	0.056	1	PIAS2	c2
0.00402256070077481	-1.67734748536933	0.027	0.069	1	PHLDA2	c2
0.202755808374372	-1.67305132136479	0.003	0.01	1	LINC00866	c2
0.0408190683961515	1.67302816441471	0.015	0.004	1	PRC1	c2
0.0174648873879884	1.67255029389984	0.015	0.003	1	NTRK1	c2
0.000780279646533465	1.67086100745162	0.03	0.006	1	AC245595.1	c2
0.0706172590454627	-1.67010535583058	0.006	0.021	1	B3GNT8	c2
0.00981035022409013	1.66970819613885	0.021	0.005	1	CALCB	c2
0.00014968752898321	1.66530194504123	0.039	0.008	1	ATP1A3	c2
0.000590262981330993	1.6613693878702	0.033	0.007	1	CRIM1	c2
0.0143686358356905	1.65948941898218	0.024	0.007	1	AC009133.3	c2
0.00553632539928434	1.65929610268167	0.012	0.001	1	DISP2	c2
0.0547295871752033	1.65922259127299	0.018	0.006	1	AC008610.1	c2
0.00100868737356784	1.65571194097058	0.042	0.013	1	SPOPL	c2
0.0408190683961515	1.65366222844337	0.015	0.004	1	FSIP1	c2
0.0201039875433548	1.65347008948182	0.021	0.006	1	FGD2	c2
0.485383027378398	-1.65168355723579	0.015	0.021	1	MASTL	c2
0.00018888305219796	1.65103381116439	0.036	0.007	1	AL353622.1	c2
0.203136813366683	-1.64934976909957	0.003	0.01	1	LINGO3	c2
0.109650421278287	-1.64782172971798	0.003	0.014	1	LONRF3	c2
0.00164893725016536	-1.64776882067065	0.024	0.071	1	ZMAT1	c2
0.0116635869903647	-1.6459102858611	0.018	0.05	1	SLC26A11	c2
0.109439067722923	-1.64559255991495	0.003	0.014	1	AC234582.1	c2
0.00367433881636402	-1.643352220977	0.027	0.07	1	BTBD11	c2
0.00736019585405125	1.64184192151322	0.03	0.009	1	AC090517.4	c2
0.00978114395693482	1.64079201679697	0.021	0.005	1	AC015813.1	c2
0.000470191369237738	-1.63874374109969	0.045	0.108	1	AC119396.1	c2
0.0123163555507471	1.62636638991321	0.03	0.01	1	RXRA	c2
0.00108936679410166	-1.62163096243614	0.036	0.09	1	ITGA5	c2
0.00130324102752172	-1.62135955410634	0.036	0.089	1	MSRB2	c2
0.115722533663831	1.62113036794829	0.012	0.004	1	CHEK1	c2
0.049618314159421	-1.62096947728805	0.006	0.023	1	ID1	c2
0.154515664007189	-1.61753752979741	0.009	0.021	1	NOS3	c2
0.0143319442447389	1.6164155750941	0.024	0.007	1	DNAJC3-DT	c2
0.00317019581769219	1.61585143855743	0.024	0.005	1	GSN	c2
0.0146229058749486	1.61183233258385	0.033	0.013	1	RHOBTB2	c2
0.0337468219509206	-1.60705992552321	0.006	0.025	1	CRIP2	c2
0.164771581378875	-1.60637089987446	0.003	0.011	1	AC100812.1	c2
0.109650421278287	-1.60543991969986	0.003	0.014	1	ZNF578	c2
0.196975662437658	1.60405917535985	0.012	0.005	1	DLL3	c2
0.0921967285262697	-1.60265684313217	0.009	0.024	1	TTLL11	c2
8.4624329485176e-05	-1.59522800083662	0.045	0.119	1	PLEKHB1	c2
0.0601174231179525	-1.5923831665624	0.003	0.017	1	AXIN2	c2
0.103580957271263	-1.59155040776918	0.006	0.019	1	ZNF467	c2
0.384546597521565	-1.58876361285489	0.006	0.011	1	AGAP6	c2
0.117186108994808	1.58825222862566	0.012	0.004	1	LRRC27	c2
0.109236424927629	-1.58686506820287	0.009	0.023	1	FAM156A	c2
0.00714296239401567	1.58305591065091	0.024	0.006	1	ZCCHC24	c2
9.6931991603714e-05	1.58284270465825	0.063	0.02	1	GPD2	c2
0.000722069548164154	1.58127397579087	0.039	0.01	1	BRCA2	c2
0.111595347251763	-1.58122575905507	0.012	0.027	1	MORC2	c2
0.713895166509843	-1.57519082100491	0.012	0.015	1	TANC2	c2
0.109439067722923	-1.57216109856922	0.003	0.014	1	AC105052.3	c2
0.0710934366194183	-1.5631004606276	0.006	0.021	1	AC018816.1	c2
0.0132240838920791	1.56121662449964	0.018	0.004	1	AC002091.2	c2
0.138445644974306	1.56033107868344	0.021	0.01	1	MAP1A	c2
0.124598395230861	-1.55938035614366	0.006	0.018	1	AC005520.2	c2
8.39062403896365e-05	-1.55531176428965	0.06	0.138	1	TMEM63A	c2
0.0537003208088876	1.55251859067844	0.018	0.006	1	HDGFL3	c2
0.0349673933574275	-1.55055755249999	0.015	0.039	1	SMYD5	c2
0.0949732111251228	-1.54991965838549	0.024	0.044	1	SLC31A2	c2
0.0414779831490909	-1.54939742220399	0.021	0.046	1	KRT18	c2
0.00272505716150249	-1.54715077065555	0.027	0.072	1	MXI1	c2
0.0577810615125679	1.54615322716722	0.012	0.003	1	ATP8B1	c2
0.0132240838920791	1.5460461714044	0.018	0.004	1	ECT2	c2
0.0990971191973163	-1.545669002411	0.021	0.04	1	ABL2	c2
0.156033876567467	-1.54515308737857	0.009	0.021	1	HAUS7	c2
0.0417353176523532	-1.54482439497717	0.012	0.033	1	EXD2	c2
0.000145968462196135	1.54427031342371	0.039	0.008	1	DHCR24	c2
0.0400817622013075	-1.54356050350655	0.036	0.066	1	GK	c2
0.772598436107853	-1.54218690878048	0.039	0.042	1	TRAV22	c2
0.185119750628997	-1.54062052900852	0.009	0.02	1	ZNF547	c2
0.264442017623935	-1.53980367673543	0.006	0.014	1	PPFIBP2	c2
0.0577810615125679	1.53860858132577	0.012	0.003	1	AC090912.1	c2
0.000605107496186199	1.53750106220794	0.033	0.007	1	PKN3	c2
0.197800544780915	1.53676844264012	0.012	0.005	1	FCGBP	c2
0.0134983728582814	-1.53616306897659	0.021	0.053	1	HOOK1	c2
0.000731936381103238	1.53583010571308	0.039	0.01	1	LRP5L	c2
0.00878822958024256	1.53537186125457	0.033	0.011	1	MYLK-AS1	c2
0.0575793674895211	-1.53172208169527	0.015	0.036	1	LINC02482	c2
0.110670202685225	-1.53075334483369	0.009	0.023	1	DOCK7	c2
0.13094446528034	-1.53035769713508	0.012	0.026	1	FBXO30	c2
0.00412294838666934	1.52999647595523	0.021	0.004	1	NRSN2	c2
0.260932997039833	-1.52627478867396	0.009	0.018	1	AC099778.1	c2
0.00499077301231638	1.52337083754988	0.018	0.003	1	DNMBP	c2
0.000986441450898469	1.52167453055813	0.027	0.005	1	NATD1	c2
0.0789342567752694	-1.52057998108267	0.009	0.025	1	TRAV6	c2
0.00705944050187762	1.51760644916098	0.03	0.009	1	ZBTB26	c2
0.290554654550768	1.51672989130969	0.015	0.008	1	ARPC1A	c2
0.00498478912516488	-1.51506615658405	0.042	0.088	1	MAP4K4	c2
0.815475804861778	-1.51499349317361	0.012	0.014	1	FSCN1	c2
0.259241782490605	-1.51456488938635	0.009	0.018	1	PROK2	c2
0.0909975006487369	1.5142909125454	0.018	0.007	1	TRIM7	c2
0.219723302184049	-1.51361574045586	0.006	0.015	1	SLC16A10	c2
0.000351171823725754	1.51329197162878	0.039	0.009	1	MAPK11	c2
0.0049912097542077	1.51271618594222	0.033	0.01	1	STBD1	c2
0.000344075119629658	1.51058770406854	0.039	0.009	1	PLD2	c2
0.0179978127890069	-1.51023278043557	0.027	0.06	1	FAM117B	c2
0.000267418067674268	1.50863251110926	0.054	0.017	1	PRDM15	c2
0.041986279220752	-1.50532244882158	0.036	0.065	1	BEX3	c2
0.00193082035366757	1.50339643790129	0.036	0.01	1	MIR9-3HG	c2
0.0546427152961212	-1.50310619179464	0.009	0.027	1	MPP5	c2
0.0203167244314089	1.50282634371146	0.021	0.006	1	MESP1	c2
0.000184930015833679	-1.50105305943974	0.036	0.102	1	CD79B	c2
0.00116625391416353	-1.50005229758553	0.03	0.082	1	INF2	c2
0.440898623890372	-1.49815309700386	0.009	0.015	1	TRBV10-1	c2
0.00726631478187051	1.49719618476581	0.024	0.006	1	FAM157C	c2
0.222587943749935	-1.49642659129372	0.036	0.051	1	Z93241.1	c2
0.00519134139775469	1.49572142275703	0.027	0.007	1	GCC2-AS1	c2
0.0407023313911297	1.49471771591576	0.015	0.004	1	NAPSA	c2
0.000505347609789682	-1.49384541499404	0.06	0.126	1	ITGA6	c2
0.0269222775304499	-1.49346653241108	0.069	0.109	1	CD83	c2
0.00182756902408118	1.49334544418316	0.03	0.007	1	AP005329.3	c2
0.000266193935207767	-1.49327072271823	0.063	0.135	1	FBLN5	c2
0.620808924047914	-1.49288886584766	0.012	0.016	1	STAP2	c2
0.00173113275301208	-1.490294860762	0.024	0.071	1	LST1	c2
0.0926048930557201	-1.4895259504632	0.009	0.024	1	AGMAT	c2
0.0087718514619024	-1.48879221668993	0.063	0.11	1	RIC3	c2
0.109192604729403	-1.48719868927956	0.024	0.043	1	PCBP3	c2
0.116306230088353	1.48370694647127	0.012	0.004	1	PHETA1	c2
0.0262161782803962	1.48222717432554	0.024	0.008	1	GSTA4	c2
0.000187654405624857	-1.48164075793229	0.051	0.122	1	CAMK1D	c2
0.223094074527404	1.48141342158915	0.006	0.015	1	IL21	c2
0.0672825988022339	1.48066024833039	0.024	0.01	1	LIPT2	c2
0.0433165410515019	1.47985992793559	0.024	0.009	1	AC002467.1	c2
0.00441380068209166	-1.47978841180055	0.021	0.061	1	PLAUR	c2
0.0372264504628566	-1.47832903751171	0.036	0.066	1	TPCN1	c2
0.320417979644865	-1.47785487166897	0.006	0.013	1	PRSS35	c2
0.0409360890226636	1.47476843994001	0.015	0.004	1	NT5M	c2
0.440049553589929	-1.47285024628627	0.018	0.025	1	AKAP2	c2
0.150105529694534	-1.47124018524902	0.006	0.017	1	HLA-G	c2
0.0576039962975249	1.47070971837934	0.012	0.003	1	ZNF587B	c2
0.000386716930038137	1.47052074796425	0.045	0.013	1	SLFN12	c2
0.0143319442447389	1.47003465209987	0.024	0.007	1	ASF1B	c2
0.181648925166763	-1.46945466449968	0.006	0.016	1	SHPK	c2
0.202189749162426	-1.46907882813944	0.015	0.027	1	CXorf57	c2
0.0482122294291662	-1.46865756477544	0.012	0.032	1	AMIGO1	c2
0.23763004795177	-1.46746156667007	0.015	0.026	1	FAM171A1	c2
0.000899166521444337	1.46661331970443	0.057	0.021	1	FBXO5	c2
0.0203167244314089	1.46339998847437	0.021	0.006	1	PIGZ	c2
0.0289668980671233	1.4627065437196	0.018	0.005	1	ARRDC3-AS1	c2
0.00726631478187051	1.46253707487064	0.024	0.006	1	ADAM22	c2
0.000266777863502393	1.46134801265083	0.054	0.017	1	ABAT	c2
0.182215876831517	-1.46048513032808	0.006	0.016	1	LINC01353	c2
0.000285752131246131	1.45877739593117	0.03	0.005	1	DPY19L3	c2
0.308241638375473	-1.45874677118213	0.009	0.017	1	LRRC8C-DT	c2
0.029527555337869	1.45701676452369	0.027	0.01	1	ZKSCAN7	c2
0.0446023224094608	-1.45629290591629	0.027	0.053	1	PGM3	c2
0.156469723634609	-1.45449759197539	0.009	0.021	1	CCNYL1	c2
0.0577577762298922	-1.45301686348385	0.012	0.031	1	ASB13	c2
8.53439419572397e-05	1.45162867794583	0.045	0.01	1	SLC14A1	c2
0.00386664675222268	1.45128455277975	0.03	0.008	1	AL445472.1	c2
0.000148222115433176	1.44680981153618	0.054	0.016	1	SLC7A4	c2
0.00271310005244792	1.44572970392829	0.033	0.009	1	EXTL2	c2
0.0178975989206031	1.44525279148681	0.027	0.009	1	ULBP2	c2
0.0816905824471048	-1.4451198232062	0.015	0.033	1	AC133644.2	c2
0.185626079201542	-1.44407707759277	0.009	0.02	1	NKD1	c2
0.219361505324331	-1.44346762763379	0.009	0.019	1	AC105020.6	c2
0.00640703049093321	-1.44278557452712	0.039	0.083	1	NFE2L3	c2
0.000673031166509206	1.44234840084812	0.051	0.017	1	SLC12A4	c2
0.0143828921633532	1.44079453090343	0.033	0.013	1	SWAP70	c2
0.0284966459001804	1.44051081483385	0.018	0.005	1	GINS2	c2
0.0215811621410026	1.44042727665736	0.03	0.011	1	KDELC1	c2
0.100928815327393	1.43995442568044	0.021	0.009	1	RSPH3	c2
0.000302387178703258	1.43843959595151	0.057	0.019	1	FGGY	c2
0.0790993412681838	1.43818534270469	0.015	0.005	1	CUBN	c2
0.0204238274168529	1.43766599058447	0.021	0.006	1	AC083949.1	c2
0.00274889639077168	1.43760732573069	0.033	0.009	1	DLGAP3	c2
0.000279480601705117	1.4362482470542	0.063	0.022	1	B3GALNT2	c2
0.0364844087636919	-1.43476493519461	0.03	0.059	1	FAM69A	c2
0.00222352890970371	1.43419359801556	0.045	0.016	1	NLRP2	c2
0.204282956149846	-1.43328963644865	0.003	0.01	1	ZNF582-AS1	c2
0.0101676003206138	1.43306741023408	0.027	0.008	1	HOMER1	c2
0.425762464274293	-1.43264528301357	0.015	0.022	1	ZC2HC1A	c2
0.000252826552374656	1.43181159978099	0.042	0.01	1	AF165147.1	c2
0.216336535807614	-1.43133081478831	0.012	0.023	1	ZBTB42	c2
0.319954006076999	-1.4298906768744	0.006	0.013	1	GDPD3	c2
0.116306230088353	1.42925157550647	0.012	0.004	1	SPATA6L	c2
0.0611146683504497	1.42785265389112	0.021	0.008	1	TOLLIP-AS1	c2
0.0790993412681838	1.42438962479613	0.015	0.005	1	GPR27	c2
0.00041260890020204	1.42416513864819	0.06	0.021	1	ZNF598	c2
0.0428699817737086	1.42190923634706	0.024	0.009	1	FIZ1	c2
0.00718386939303147	1.4192749803882	0.024	0.006	1	ZNF284	c2
0.00525107799680729	1.41885945744817	0.033	0.01	1	SFXN5	c2
0.15130148210036	-1.41754301570874	0.006	0.017	1	ZNF280B	c2
0.127030127240819	-1.41679995281441	0.006	0.018	1	CHEK2	c2
0.184614444482801	-1.41620791715698	0.009	0.02	1	PRDM10	c2
0.132968824190527	1.41519288826046	0.015	0.006	1	MALINC1	c2
0.00196086911435703	1.4147190968825	0.036	0.01	1	HIST1H2AE	c2
0.000147206946100804	1.41458556733689	0.048	0.013	1	TMEM53	c2
0.166026001738672	-1.41405702028063	0.003	0.011	1	AL354696.2	c2
0.0298351496593417	1.41394243000333	0.027	0.01	1	AC022182.1	c2
0.00100366379854741	1.41323470749707	0.042	0.013	1	DMTN	c2
0.202483125385828	-1.41100874663483	0.021	0.034	1	AMPD3	c2
0.0579585788995124	1.41074308354745	0.012	0.003	1	RECQL4	c2
0.0052634256354379	1.40837206184958	0.027	0.007	1	RASA4	c2
0.0412888578731646	1.40700653010042	0.015	0.004	1	AC108047.1	c2
0.141006855121737	1.40542150784121	0.018	0.008	1	MBLAC1	c2
0.221713256503176	-1.40522342063871	0.009	0.019	1	MAML3	c2
0.157125224624611	-1.40448526161154	0.009	0.021	1	TCTN1	c2
0.0013001621378961	1.40327471765504	0.045	0.015	1	C1orf61	c2
0.131376791863551	-1.40131019185833	0.009	0.022	1	PHLPP2	c2
0.15155587462626	-1.40069015944659	0.015	0.029	1	FAM161B	c2
0.0203702145215837	1.40034036288126	0.021	0.006	1	HIST1H2BF	c2
0.0133497913271152	1.39920394275414	0.018	0.004	1	DDTL	c2
0.0410533937946326	1.39590557241729	0.015	0.004	1	WDR63	c2
0.0205854052288031	1.39539023872186	0.021	0.006	1	HIST1H2BJ	c2
0.00313734947857767	-1.39499586057587	0.099	0.157	1	RASA3	c2
0.294498768025129	-1.39287822948551	0.012	0.021	1	EGLN3	c2
0.203518339478773	-1.3894664328318	0.003	0.01	1	VWA7	c2
0.0577810615125679	1.38804693358175	0.012	0.003	1	AC040970.1	c2
0.00730785503386027	1.38647964663604	0.024	0.006	1	CDKN3	c2
0.00182756902408118	1.38621998841422	0.03	0.007	1	FANCI	c2
0.00184878879765727	1.38586595552024	0.051	0.019	1	ZDHHC14	c2
0.000783173132612889	-1.3815964896582	0.063	0.127	1	FRMD4B	c2
0.14264352864382	1.38141930821011	0.021	0.01	1	TRAV1-1	c2
0.320417979644865	-1.38133818363449	0.006	0.013	1	LINC00891	c2
0.0909319082525335	-1.38001497412952	0.018	0.037	1	MVK	c2
0.120377981881289	-1.3786389520566	0.018	0.034	1	PIANP	c2
0.000122867854168805	1.37817505802084	0.075	0.027	1	FBXO2	c2
0.000845120827015639	-1.37805677522735	0.042	0.101	1	GPHN	c2
9.85401405960709e-05	1.37732006874387	0.063	0.02	1	DCLRE1A	c2
0.0482811729137026	-1.37498673326938	0.012	0.032	1	AL355816.2	c2
0.0105201631417357	1.37370777640448	0.036	0.014	1	GALNT3	c2
0.000266877783261072	1.37306971647112	0.042	0.01	1	AIFM2	c2
0.183638995849466	-1.37264461995151	0.006	0.016	1	THSD8	c2
0.000462552379965914	1.3708554911101	0.054	0.018	1	RAP2A	c2
0.133524034273959	1.36937314837193	0.015	0.006	1	AL049780.2	c2
0.0112185084186365	-1.36499485678206	0.03	0.068	1	PDE8A	c2
0.0492990922159689	-1.36235845583615	0.036	0.064	1	CDK5R1	c2
0.0129809889471281	-1.3616013373608	0.039	0.077	1	RHPN1	c2
0.0930145071877926	-1.35953426515694	0.009	0.024	1	AC124312.1	c2
0.219723302184049	-1.35439261611775	0.006	0.015	1	FTCDNL1	c2
9.69124061198379e-05	1.35404121985124	0.069	0.023	1	AP4E1	c2
0.00094416133904957	1.35309089811012	0.048	0.016	1	TMEM191B	c2
0.00624407065703565	-1.35255817495077	0.033	0.075	1	GNAQ	c2
0.369269171182854	-1.35124181780541	0.009	0.016	1	MCF2L2	c2
0.260933011613496	-1.34819283188657	0.009	0.018	1	LINC01004	c2
0.0288880618858366	1.34781712027046	0.018	0.005	1	CLIP3	c2
0.00723499027943255	1.3477988964511	0.03	0.009	1	C17orf58	c2
0.00430023565577297	1.34589777148605	0.039	0.014	1	ZCCHC18	c2
0.000703939845852014	1.34497468833151	0.06	0.022	1	FHL3	c2
0.0977285599235878	-1.34420661927714	0.03	0.051	1	PLAG1	c2
0.546304284157265	1.34376719060728	0.012	0.008	1	IRGQ	c2
0.0283978917671216	-1.34287515641585	0.048	0.083	1	IL2RA	c2
0.00724562422022533	1.34275426865252	0.024	0.006	1	KLHL17	c2
0.0303330303594322	1.33916895733176	0.027	0.01	1	FBXL18	c2
0.0288094104890378	1.33903696908386	0.018	0.005	1	ADCY9	c2
0.0872027114283176	-1.33785130210114	0.039	0.063	1	BICRA	c2
0.319027377722959	-1.33724723260061	0.006	0.013	1	TMEM268	c2
0.222599803579738	-1.33703332854583	0.009	0.019	1	CRB3	c2
0.022049965685689	1.33679192327659	0.012	0.002	1	DNA2	c2
0.00085617208244746	-1.33655489689785	0.066	0.131	1	CYB561	c2
0.00735041973430231	1.33597047789778	0.039	0.015	1	CARM1	c2
0.123103335565381	-1.33317776062839	0.027	0.046	1	NOTCH2NL	c2
0.000628290677215237	1.33006526484822	0.051	0.017	1	MTFR1	c2
0.0444043424158522	1.32749842449863	0.024	0.009	1	HYAL3	c2
0.000754085864120851	1.32709300793835	0.039	0.01	1	HIST1H2AM	c2
0.00024248280322011	1.32703089216881	0.069	0.025	1	FUK	c2
0.0641006934707597	1.3242111969368	0.021	0.008	1	METTL24	c2
8.34855714833701e-05	1.3212619283552	0.06	0.018	1	CSNK2A2	c2
0.173674973824793	-1.32049693425775	0.036	0.053	1	PLA2G6	c2
0.0300832047927071	1.32007028661475	0.027	0.01	1	FBXL19	c2
0.00280706883564944	1.32006116590492	0.033	0.009	1	NSMF	c2
0.266418636592959	-1.31982130131053	0.006	0.014	1	STXBP1	c2
0.555120487962194	-1.31981750813624	0.015	0.02	1	SEC31B	c2
0.152022529971596	-1.31963632677459	0.006	0.017	1	IMPA2	c2
0.0810703033407223	-1.31731123395751	0.015	0.033	1	MICU3	c2
0.184866969808239	-1.31638510819403	0.009	0.02	1	NOD2	c2
0.463608405270169	-1.31560268816601	0.006	0.01	1	SNHG4	c2
0.00209768495185041	-1.31553924846568	0.03	0.079	1	LINC00243	c2
0.182499844320413	-1.31507939976933	0.006	0.016	1	ZP3	c2
0.0986698600718055	1.31325472903207	0.024	0.011	1	GPAM	c2
0.000610426480599237	-1.31186395184603	0.16	0.227	1	NFATC1	c2
0.135718125046317	-1.31131516458216	0.003	0.013	1	ANKRD6	c2
0.072902600324284	-1.31117390511677	0.006	0.021	1	IRGM	c2
0.0233307315698619	1.30949985737141	0.033	0.014	1	STK3	c2
0.511672191100159	-1.30893234702888	0.009	0.014	1	ME1	c2
0.0443128202708305	1.30780065603874	0.024	0.009	1	AP005482.1	c2
0.0673918096792158	-1.30734982205818	0.021	0.043	1	FAM184A	c2
0.00454415755486789	1.30655133296935	0.039	0.014	1	NQO1	c2
0.0794846593691085	1.30602257934147	0.015	0.005	1	AC026304.1	c2
0.38562856223377	-1.30356944971314	0.006	0.011	1	DLK2	c2
0.00135003407233401	1.30255938483258	0.033	0.008	1	NOCT	c2
0.187917234051498	-1.30234765457316	0.009	0.02	1	NOXA1	c2
0.105654539609655	-1.29624646527285	0.021	0.04	1	KIAA1324	c2
0.136237322195876	-1.29384006209827	0.003	0.013	1	MIRLET7BHG	c2
0.151377497162149	-1.29370461029848	0.015	0.029	1	DCLRE1B	c2
0.204666047250523	-1.29237385252242	0.003	0.01	1	EPM2A	c2
0.0144792081969747	1.29203844522754	0.024	0.007	1	AC005037.1	c2
0.0544707404277916	1.29140908607791	0.018	0.006	1	COG8.1	c2
0.559538157468987	-1.28998898303648	0.015	0.02	1	ATP6V0E2-AS1	c2
0.187661635476377	-1.28868760614495	0.009	0.02	1	MAGI3	c2
0.00204311018442787	1.28762592227623	0.036	0.01	1	ZSWIM6	c2
0.0191645862489353	-1.28702736307841	0.039	0.075	1	PIK3CB	c2
0.00252055267055852	-1.28489988184011	0.063	0.12	1	GCSAM	c2
0.0106509079683303	1.27919625128254	0.036	0.014	1	NAIF1	c2
0.0547295871752033	1.27841133076755	0.018	0.006	1	FAM66B	c2
0.215033970148707	-1.27806721806437	0.012	0.023	1	OTUD1	c2
0.0493253024093934	-1.27677330652301	0.012	0.032	1	ROBO3	c2
0.0444427326855952	-1.27551763290966	0.057	0.089	1	SAP130	c2
0.0262161782803962	1.27536573664392	0.024	0.008	1	AL139089.1	c2
0.0731085722864842	-1.27526775431818	0.045	0.071	1	CTSH	c2
0.000159631994358199	-1.27480690343715	0.19	0.269	1	IL6ST	c2
0.156011376185193	-1.27461616146219	0.012	0.025	1	MORC4	c2
0.000441982741468824	1.27359623281315	0.06	0.021	1	ZFYVE26	c2
0.0704000920675502	1.27357399005099	0.033	0.017	1	AC025259.3	c2
0.012980909504117	-1.27293005350303	0.051	0.093	1	IL23A	c2
0.117186108994808	1.27212140338096	0.012	0.004	1	AC012306.2	c2
0.00614649441315362	-1.27195206052995	0.057	0.106	1	AC004832.6	c2
0.000174059468976707	1.26427422910306	0.072	0.026	1	PSTK	c2
0.56693862603135	-1.26389092416611	0.015	0.02	1	TRBV10-3	c2
0.0792876833027974	-1.26201202364641	0.009	0.025	1	TREX1	c2
0.0681689134646808	1.26184925181607	0.024	0.01	1	ZNF324B	c2
0.00364223639740043	1.25999737034384	0.036	0.011	1	ARHGAP11A	c2
0.186519728738088	-1.25836342602294	0.045	0.063	1	POLR3F	c2
0.0233590361914194	-1.25314581272824	0.051	0.088	1	PCYOX1	c2
0.166971520915893	-1.25226078846216	0.003	0.011	1	FNIP2	c2
0.0687124228342156	-1.25202243282667	0.039	0.065	1	ZNF749	c2
0.0421215115722496	-1.25049892492876	0.033	0.062	1	TTC9	c2
0.000600410581560905	1.24975330260214	0.069	0.027	1	SLC2A13	c2
8.47301315853475e-05	1.24970352645368	0.123	0.057	1	GZMK	c2
0.0633103486751329	1.24957286240156	0.021	0.008	1	TFR2	c2
0.133802311172841	1.24942332101363	0.015	0.006	1	AL117332.1	c2
0.0126679828717225	1.24860492341312	0.042	0.018	1	CFD	c2
0.000273010362766021	1.24772000694147	0.042	0.01	1	SLC4A8	c2
0.301044983807827	1.24756493303996	0.012	0.006	1	AL158071.4	c2
0.000680508637849231	-1.24654015513526	0.084	0.154	1	BACH2	c2
0.0174648873879884	1.24615043150316	0.015	0.003	1	EHHADH	c2
0.510524884545777	-1.24614480349639	0.009	0.014	1	LRRC37A2	c2
0.0376015365313331	1.24577590982974	0.021	0.007	1	AC008105.1	c2
0.1361178171112	-1.24538970721006	0.012	0.026	1	VIPR1	c2
0.285619225606207	1.24496878506666	0.015	0.008	1	GABBR1	c2
0.0410533937946326	1.24434273941374	0.015	0.004	1	TMPPE	c2
0.596992222850492	-1.2441949099283	0.009	0.013	1	ZNF837	c2
0.212336099181053	-1.24290720340501	0.021	0.034	1	QSER1	c2
0.000452820646823667	1.24280182705899	0.072	0.028	1	MLF1	c2
0.00192890606089874	1.24261112267997	0.042	0.014	1	LANCL2	c2
0.54288867715635	1.24029842931044	0.012	0.008	1	OLMALINC	c2
0.000207332076080958	1.24022989955019	0.057	0.018	1	FAM214B	c2
0.00762769068584506	1.2338175420355	0.039	0.015	1	METRN	c2
0.0980710359585895	-1.23110245753353	0.015	0.032	1	TRAV39	c2
0.158222348789988	-1.23093280706208	0.009	0.021	1	HTRA1	c2
0.0234757231876479	-1.22993686639226	0.018	0.046	1	FLNB	c2
0.120488721938384	-1.22905499776175	0.021	0.039	1	MED26	c2
0.104431478242856	-1.228864127467	0.006	0.019	1	CA2	c2
0.055119780133912	1.22802811537245	0.018	0.006	1	AC115618.1	c2
0.144907938089016	1.2261656976552	0.018	0.008	1	PHETA2	c2
0.117186108994808	1.22615933006082	0.012	0.004	1	AC092835.1	c2
0.00300063651484129	-1.22512421961333	0.133	0.196	1	CDKN1A	c2
0.00536586273996976	1.22509340982718	0.027	0.007	1	SLX1A	c2
0.000157898848694299	1.22499360176004	0.069	0.024	1	ZNF846	c2
0.0389069034643075	-1.22495172454777	0.009	0.029	1	MAMSTR	c2
0.198627951660886	1.2247033956741	0.012	0.005	1	AC087500.1	c2
0.116892237219212	1.22417990238036	0.012	0.004	1	ABHD1	c2
0.0104246025913368	1.22385142656636	0.027	0.008	1	C1QTNF6	c2
0.204161977492858	1.22312220865696	0.018	0.009	1	SBK1	c2
0.000369179096812666	1.22015167580636	0.057	0.019	1	AC107959.1	c2
0.0937004277683975	-1.21969238965942	0.009	0.024	1	SECTM1	c2
0.256150392186889	-1.2195486662905	0.024	0.037	1	TTC22	c2
0.000264467961133002	-1.21952076786485	0.105	0.184	1	NME4	c2
0.11488140580489	-1.21941141703572	0.03	0.05	1	PIK3CA	c2
0.000968629804350396	-1.2185623611498	0.081	0.148	1	TNFRSF10A	c2
0.0598533529791422	-1.21828592039529	0.066	0.096	1	SLC8B1	c2
0.0182216869114347	-1.21817191707456	0.051	0.09	1	KCNN4	c2
0.18479743463126	-1.21788336132064	0.012	0.024	1	CHAF1A	c2
0.00748790438516347	1.21760105992129	0.039	0.015	1	CLCN6	c2
0.000275797532681197	1.21748186269487	0.081	0.032	1	LLGL2	c2
0.116892237219212	1.2167260441478	0.012	0.004	1	APOA1	c2
0.00329047429397121	1.21672243705951	0.042	0.015	1	ZNF496	c2
0.0676612797874435	1.21649700958981	0.024	0.01	1	TTL	c2
0.280133010122489	-1.21632631934525	0.021	0.032	1	NMB	c2
0.000171672967302605	1.21619402441476	0.081	0.031	1	UBE2T	c2
0.000408980593959122	1.21471600700038	0.069	0.026	1	PRICKLE3	c2
0.0440392084762768	1.21397475423425	0.024	0.009	1	SLC30A4	c2
0.000347099976743591	1.21346101884231	0.039	0.009	1	VPS54	c2
0.173978725930787	-1.21301681918064	0.024	0.04	1	LYL1	c2
0.172298908299157	-1.21187565166022	0.024	0.04	1	AL355472.1	c2
0.0262764024532589	1.21177419740475	0.024	0.008	1	SLC30A1	c2
0.000852279190806178	1.21151192613852	0.054	0.019	1	EZH2	c2
0.00239459079784973	1.21060491757118	0.045	0.016	1	CACFD1	c2
0.325323351483913	-1.21051277890879	0.015	0.024	1	STARD5	c2
0.724855947349217	-1.20935708580417	0.015	0.018	1	ATP11A	c2
0.00326895504015313	1.20901000122621	0.042	0.015	1	ZNF282	c2
0.000377359471521835	1.20874020807861	0.066	0.024	1	C20orf194	c2
0.0694517093991542	1.20872391221122	0.024	0.01	1	ENO3	c2
0.0690648057707838	1.20843584088341	0.024	0.01	1	CTH	c2
0.204862356984776	1.20734998936279	0.015	0.007	1	ZNF470	c2
0.091376329561883	1.2057917526314	0.018	0.007	1	EVI5L	c2
0.0811958827113601	-1.20506534071902	0.018	0.038	1	B3GALT2	c2
0.071111098742356	-1.20446863608984	0.033	0.057	1	WDR86	c2
0.0105290113356609	1.20342051654818	0.027	0.008	1	DRAM1	c2
0.000230412869436356	1.20293961087364	0.078	0.03	1	CCDC102A	c2
0.000305861105735467	1.20093047110384	0.072	0.027	1	SRRD	c2
9.30057476005377e-05	1.19999967369613	0.069	0.023	1	PPARA	c2
0.0065361546550647	1.19996658496092	0.036	0.013	1	NCEH1	c2
0.201442976097341	-1.1993343863963	0.033	0.049	1	BDH1	c2
0.465492825117159	-1.19845720862713	0.006	0.01	1	S100Z	c2
0.0215367550385895	1.19770352387443	0.03	0.011	1	RHEBL1	c2
0.0546000358584306	1.19409929241149	0.018	0.006	1	AC005498.3	c2
0.00334849131817272	1.19356902532189	0.042	0.015	1	BMF	c2
0.0034188560569869	1.19293234014162	0.054	0.022	1	CTU1	c2
0.46360838263868	-1.19188317668682	0.006	0.01	1	RRAGD	c2
0.00166515026273746	1.19077964943546	0.06	0.024	1	ITGAV	c2
0.387421791462502	-1.18941670872459	0.018	0.026	1	ZBTB9	c2
0.0620524737546487	-1.18707037171948	0.024	0.047	1	POLI	c2
0.1359775322878	-1.18652606777609	0.003	0.013	1	SPATA6	c2
0.0147401330217421	1.18646682137667	0.024	0.007	1	TRIB1	c2
0.00933347060724942	1.18370036917484	0.033	0.011	1	CDC7	c2
0.0101766973555146	-1.18327850271457	0.045	0.088	1	MFHAS1	c2
0.0898824210358251	-1.18269944523513	0.021	0.041	1	POC1B-GALNT4	c2
0.350752550592089	-1.1814699159613	0.012	0.02	1	FOXJ1	c2
0.0134765538131219	1.18062024418138	0.018	0.004	1	AC092747.4	c2
0.310191676783176	-1.18051082433508	0.009	0.017	1	GAB2	c2
0.00104251546525161	1.17938943330141	0.057	0.021	1	AXIN1	c2
0.0412888578731646	1.17783485836039	0.015	0.004	1	AC025423.4	c2
0.0587810834568743	-1.17655545306149	0.012	0.031	1	MEGF6	c2
0.0546000358584306	1.17594047921673	0.018	0.006	1	PROB1	c2
0.0579585788995124	1.17574487699242	0.012	0.003	1	SERHL2	c2
0.0266402640476265	1.17542840717715	0.024	0.008	1	MOK	c2
0.00765907019582948	1.17539421345442	0.039	0.015	1	ZNF613	c2
0.000774760298086807	1.17303369884177	0.039	0.01	1	GDAP1	c2
0.0130021236775831	1.17221260887385	0.045	0.02	1	SCD5	c2
0.00272671771218862	1.17137311623999	0.039	0.013	1	YOD1	c2
0.320882392800256	-1.17108352588615	0.006	0.013	1	AL158835.1	c2
0.173405338993737	-1.17038087526718	0.03	0.047	1	CEP128	c2
0.0475892786168471	1.17005043072453	0.027	0.011	1	GSEC	c2
0.0587853917647789	-1.16967945247657	0.042	0.07	1	P2RX5	c2
0.00229230779342352	1.1689119088986	0.057	0.023	1	DARS2	c2
0.0577810615125679	1.168834654562	0.012	0.003	1	HOXB3	c2
0.113101460957894	-1.16765215655361	0.015	0.031	1	CFAP54	c2
0.314116137865405	-1.167559239919	0.009	0.017	1	GCAT	c2
0.000262368237968678	1.16695538889201	0.078	0.03	1	RUFY3	c2
0.000217003635577749	1.1662714752094	0.087	0.036	1	NECAB3	c2
0.00553632539928434	1.16602863662429	0.012	0.001	1	CADM1	c2
0.000345764540522578	1.16538986535557	0.078	0.031	1	TCF3	c2
0.000124253156785989	1.16455054440567	0.087	0.034	1	TARBP1	c2
0.198627951660886	1.16396553995554	0.012	0.005	1	AC084337.2	c2
0.00108958918847784	1.16388047607342	0.042	0.013	1	AC078846.1	c2
0.465492825117159	-1.1622333985536	0.006	0.01	1	TBCE.1	c2
0.602114820951398	-1.16012653607277	0.009	0.013	1	RBM11	c2
0.254293467509591	-1.15967864618378	0.012	0.022	1	C17orf107	c2
0.11748056048035	1.15922712448776	0.012	0.004	1	LINC02081	c2
0.0258094458200802	1.15831005224573	0.036	0.016	1	NPL	c2
0.189745606261115	1.15790145072257	0.024	0.014	1	CAMSAP1	c2
0.192172571656638	-1.15739297363066	0.018	0.031	1	KANTR	c2
0.116980261369897	-1.15592976609262	0.03	0.05	1	ENTPD1-AS1	c2
0.134639834109395	1.15554743877853	0.015	0.006	1	TRIM61	c2
0.000274576469147251	-1.15330366767884	0.066	0.141	1	KLF3	c2
0.000104530675932066	1.15226319218533	0.117	0.054	1	DUSP28	c2
0.0142175656081638	1.15197367096598	0.048	0.022	1	AC009403.1	c2
0.0195511984140079	-1.1519147137795	0.018	0.047	1	MSANTD2	c2
0.099088311771598	1.15117001901373	0.021	0.009	1	LINC00528	c2
0.013176245807528	1.14931330814337	0.03	0.01	1	BLK	c2
0.00020980045279531	1.14928166702234	0.057	0.018	1	ZNF408	c2
0.00929207097325361	1.14869281526804	0.033	0.011	1	SMKR1	c2
0.139066298895786	-1.14591307305275	0.051	0.072	1	PUS1	c2
0.158950284929433	-1.14507676438705	0.063	0.084	1	WDR12	c2
0.0532568745093439	1.14324406611004	0.057	0.033	1	TRBV6-1	c2
0.185566380245734	-1.14324272171882	0.021	0.036	1	TRPC1	c2
0.00118696614349912	1.14191906007949	0.063	0.025	1	CEP162	c2
0.0824496665911783	-1.14045228809567	0.012	0.029	1	MTPAP	c2
0.301044983807827	1.13992299342024	0.012	0.006	1	AC093635.1	c2
0.46612190969151	-1.13903507422108	0.006	0.01	1	COL9A2	c2
0.00193169746362349	1.13844964114042	0.063	0.026	1	CASP9	c2
0.510524884545777	-1.13739741403399	0.009	0.014	1	AC004889.1	c2
0.602114820951398	-1.13732867072832	0.009	0.013	1	ZBTB18	c2
0.0310292606574504	1.13656541550023	0.027	0.01	1	SLC29A1	c2
0.143882338622997	1.13569126495168	0.024	0.013	1	SLC4A4	c2
0.0292840975025956	1.13384905476907	0.018	0.005	1	FADS1	c2
0.0060314700489828	1.13314770255921	0.045	0.018	1	AC244090.1	c2
0.00983963417931363	1.13297700507469	0.021	0.005	1	ZNF710	c2
0.00425274149998118	1.13098841850129	0.048	0.019	1	RNASEH1-AS1	c2
0.107985091680701	1.12894740562822	0.054	0.034	1	SOCS2	c2
0.000526403078218996	-1.12868000147618	0.081	0.152	1	ZBTB7B	c2
0.199042602757125	1.12833992788376	0.012	0.005	1	AL024498.1	c2
0.0121800108943118	1.12821105563819	0.039	0.016	1	TMEM106A	c2
0.442954931973698	-1.1277662423493	0.009	0.015	1	GRASP	c2
0.137557094121111	1.12772691155504	0.027	0.015	1	ZNF319	c2
0.00016267626553019	1.12653339416041	0.06	0.019	1	CCDC146	c2
0.183924604949941	-1.12467123225853	0.006	0.016	1	AC010226.1	c2
0.362023304609003	-1.12155762069644	0.021	0.03	1	SLC25A23	c2
0.00629679602005519	-1.12155198728386	0.045	0.092	1	SMIM14	c2
0.308630995882069	-1.12110790871217	0.009	0.017	1	ZNF30	c2
0.136237322195876	-1.12057789990822	0.003	0.013	1	SLC5A5	c2
0.432220589662771	-1.12037894931636	0.009	0.015	1	ZNF517	c2
0.00529251160981424	1.11997576979414	0.027	0.007	1	LINC01006	c2
0.00739599423761656	1.11969662410831	0.039	0.015	1	HSPA6	c2
0.00349570527731293	1.1196323983713	0.054	0.022	1	AC099063.4	c2
0.197583807557094	1.11917634424125	0.021	0.011	1	ZNF443	c2
0.000254670283532651	1.11902898603955	0.081	0.032	1	PPP2R5B	c2
0.000194955435631251	1.11900322077132	0.063	0.021	1	APOOL	c2
0.598910873518756	-1.11869474082683	0.009	0.013	1	DMXL2	c2
0.0205219162044521	1.11845482274519	0.051	0.025	1	TTLL5	c2
0.454100807575998	-1.1147331309359	0.021	0.028	1	CPLX1	c2
0.00880151342988293	1.11211393956681	0.042	0.017	1	ADAP1	c2
0.0294438148629087	1.11176907613021	0.018	0.005	1	EPS8L1	c2
0.0800654965851232	1.11043564277185	0.015	0.005	1	HIF1A-AS2	c2
0.177267129620872	-1.10945888835406	0.051	0.07	1	HERC3	c2
0.0233263145218038	1.10780414920833	0.066	0.037	1	ATP1B1	c2
0.0164884816947732	-1.10566083690669	0.036	0.073	1	RARG	c2
0.0335080040664505	-1.10537589023166	0.039	0.071	1	CACNA2D4	c2
0.222599803579738	-1.10497293021395	0.009	0.019	1	ANKRD16	c2
0.00934067869075601	-1.1047751281238	0.075	0.124	1	PHLDB3	c2
0.00132872631931493	-1.10428797819221	0.087	0.154	1	DBNDD2	c2
0.185942271115441	-1.10408222244469	0.012	0.024	1	FZD3	c2
0.0366689212223548	1.10335038717912	0.033	0.015	1	AC245060.5	c2
0.299993662445048	1.10300811736807	0.012	0.006	1	AC024592.3	c2
0.00535604136974343	1.10266300153992	0.057	0.025	1	C11orf68	c2
0.200707533700714	1.10253430479046	0.012	0.005	1	ASMT	c2
0.465872344715863	-1.10245688591825	0.012	0.018	1	LIPE-AS1	c2
0.00145219987440347	1.10213885833354	0.054	0.02	1	ANKDD1A	c2
0.0492385767367604	-1.10104808084658	0.024	0.049	1	FAN1	c2
0.221707774198284	-1.10035464223251	0.024	0.038	1	C11orf21	c2
0.101452272004288	1.09915393749273	0.027	0.014	1	IL11RA	c2
0.01894134362843	1.09827763448256	0.027	0.009	1	GINS4	c2
0.0136106956809975	1.09756715663654	0.045	0.02	1	ST7	c2
0.0192514654969347	1.09636411225553	0.057	0.029	1	MGAT4B	c2
0.200707533700714	1.09436846167653	0.012	0.005	1	LINC00937	c2
0.0200994087461694	-1.09230307919977	0.06	0.1	1	SFMBT1	c2
0.142557488125603	1.09225777074424	0.018	0.008	1	AC091180.2	c2
0.00109988489930008	1.09224742892556	0.096	0.047	1	ARHGEF19	c2
0.00441666327744426	1.09176176311776	0.048	0.019	1	ST3GAL4	c2
0.261548042414007	-1.09169317232043	0.018	0.029	1	LTC4S	c2
0.000212296409028552	1.09124774669131	0.057	0.018	1	ATXN7L2	c2
0.0190353889801472	1.0898143719562	0.042	0.019	1	WEE1	c2
0.134639834109395	1.08909714262415	0.015	0.006	1	AC011468.5	c2
0.301571563704567	1.08801023733323	0.012	0.006	1	SGCE	c2
0.133477659113481	1.08736065045596	0.03	0.017	1	SLC9A3R2	c2
0.266815177260388	-1.08656928531239	0.006	0.014	1	PFN2	c2
0.200290351226039	1.08567011439786	0.012	0.005	1	AL031963.3	c2
0.0579585788995124	1.08553351874814	0.012	0.003	1	CDC37L1-DT	c2
0.434253532401983	-1.08478441781988	0.009	0.015	1	AL135791.1	c2
0.220730673364419	-1.0843684852454	0.006	0.015	1	PTGR2	c2
0.00054634907497081	1.08427885722777	0.063	0.023	1	HACE1	c2
0.0701617620729057	-1.08418238689889	0.012	0.03	1	POLR3B	c2
0.000179207993920992	1.08345591896915	0.099	0.043	1	ZNF317	c2
0.358247121056079	-1.08319752903634	0.021	0.03	1	IGSF22	c2
0.00541031282678096	1.080868554017	0.027	0.007	1	AP002990.1	c2
0.0664933839941751	-1.08048126153447	0.024	0.047	1	VSIG1	c2
0.0491336569927341	1.07817644436534	0.027	0.011	1	CTNNAL1	c2
0.127715876466839	-1.07725204101268	0.033	0.053	1	TNK1	c2
0.110922209713817	-1.07689949319119	0.018	0.036	1	AC145124.1	c2
0.000774296944645966	1.07657853399519	0.075	0.031	1	TADA2A	c2
0.0170709673262228	1.0764109863468	0.036	0.015	1	DNAJC25	c2
0.207303619837437	-1.0762133135358	0.024	0.039	1	ICA1	c2
0.0040642309632584	1.0755331554067	0.06	0.026	1	PLCB3	c2
0.000115401256656298	1.07503540920302	0.093	0.038	1	CAPN15	c2
0.134081036511341	1.07486099618521	0.015	0.006	1	AC144652.1	c2
0.464918387172919	-1.0743976644337	0.012	0.018	1	POMK	c2
0.22521925364728	-1.07327591907211	0.018	0.03	1	CACNB3	c2
0.00764336600645738	1.07327264080054	0.039	0.015	1	RMRP	c2
0.266052418653741	-1.07310755388093	0.009	0.018	1	RTEL1	c2
0.225684448490551	-1.07229003170647	0.018	0.03	1	RASA4B	c2
0.200707533700714	1.07211155990021	0.012	0.005	1	CHRNA1	c2
0.0188133462601069	1.07202190038046	0.027	0.009	1	AC091729.3	c2
0.816820778698946	-1.07047720667417	0.012	0.014	1	GNG7	c2
0.135200430268586	1.07046792226428	0.015	0.006	1	AC048382.5	c2
0.259853900968136	-1.07042366114693	0.024	0.037	1	SYNE3	c2
0.814737608558985	-1.06924202754288	0.009	0.01	1	USP6NL	c2
0.0800654965851232	1.06866172646282	0.015	0.005	1	AL137003.2	c2
0.00368010113629846	-1.06822921513892	0.075	0.131	1	EPHX2	c2
0.0295239541604431	1.06795311898167	0.018	0.005	1	AL136531.2	c2
0.00527795052436885	1.06790752391731	0.027	0.007	1	VDR	c2
0.20795136994001	-1.06753116539491	0.015	0.027	1	DUSP7	c2
0.0739177885338465	1.06666042384636	0.03	0.015	1	MAP3K7CL	c2
0.000575327045130421	1.06586274984196	0.075	0.03	1	DGKH	c2
7.80312436422462e-05	1.06380683568241	0.105	0.044	1	ALKBH5	c2
0.366135311499137	-1.06361727834618	0.009	0.016	1	ZSWIM5	c2
0.314116137865405	-1.06356667165964	0.009	0.017	1	AL645728.1	c2
0.00025647581739863	1.06247091717991	0.108	0.05	1	GALNT1	c2
0.00295028924967025	1.06178674468394	0.048	0.018	1	TMSB15B	c2
0.0450494738716751	1.06160498970213	0.024	0.009	1	LRRIQ3	c2
0.0197039185476042	1.06098426107904	0.045	0.021	1	BCORL1	c2
0.202525745483275	1.06060127502495	0.018	0.009	1	USP51	c2
0.01329481936826	1.06027198043185	0.03	0.01	1	SOCS7	c2
0.00239459079784973	1.05896327222516	0.045	0.016	1	AC105446.1	c2
0.0725705408778335	1.05671415174374	0.027	0.013	1	CCDC134	c2
0.045210562527852	-1.05512740301504	0.033	0.062	1	MAGEF1	c2
0.316294310845732	-1.0544148831573	0.021	0.031	1	GKAP1	c2
0.0409360890226636	1.05385049473727	0.015	0.004	1	EVA1B	c2
0.17313728841685	-1.05285784219659	0.024	0.04	1	PRRT3	c2
0.282112951038284	1.05177012688313	0.018	0.01	1	AQP11	c2
0.185254741737339	-1.05135725091475	0.012	0.024	1	ZNF658	c2
0.322663921571254	-1.04856089353313	0.015	0.024	1	ZNF674-AS1	c2
0.0273199003746759	1.04837434866869	0.039	0.018	1	ATAD5	c2
0.0575860936507284	-1.04833353489417	0.051	0.08	1	FAM50B	c2
0.205049660554366	-1.04830797644565	0.003	0.01	1	OGFRP1	c2
0.0733262989276763	-1.04820751734762	0.06	0.089	1	ATF5	c2
0.344242400361964	-1.04806949805079	0.012	0.02	1	AL662899.2	c2
0.000611348359572342	1.04739883493348	0.084	0.037	1	MMAA	c2
0.000129100690362871	1.04453090563123	0.084	0.032	1	EFCAB7	c2
0.2914581333264	1.0438493165778	0.015	0.008	1	MARCH10	c2
0.0549894589435982	1.04240606051394	0.018	0.006	1	IGLV2-14	c2
9.04569381062903e-05	1.04183413640033	0.099	0.041	1	POLR3A	c2
0.00647861134290957	1.04015172151218	0.036	0.013	1	ZNF440	c2
0.000225478392802311	1.03998919936316	0.114	0.053	1	GPR35	c2
0.0543635723773205	1.03915289153359	0.039	0.02	1	GIT1	c2
0.699847699977813	-1.0389757484541	0.009	0.011	1	HIST1H4J	c2
0.224083016182037	-1.03802023041141	0.009	0.019	1	ZNF772	c2
0.419659308157549	-1.03721732741485	0.024	0.032	1	AP003392.4	c2
0.148037784262997	-1.03687698028369	0.036	0.055	1	POLD1	c2
0.000743321930451513	1.03673274651857	0.03	0.006	1	DKK3	c2
0.589656786299932	-1.03632755751616	0.03	0.036	1	SWT1	c2
0.277540882915646	-1.03499736324359	0.021	0.032	1	PPIP5K1	c2
0.0999907704489982	-1.034714753703	0.054	0.079	1	RASGRF2	c2
0.180910434303916	-1.03459983396302	0.015	0.028	1	IRF5	c2
0.000731889197183476	1.03386975904702	0.06	0.022	1	PABPC1L	c2
0.000926801605072434	1.03323552165718	0.054	0.019	1	MORN2	c2
0.813202973353845	-1.03235440678156	0.009	0.01	1	ZKSCAN2	c2
0.0344340036565884	-1.0320191230057	0.024	0.052	1	ALDH6A1	c2
0.000880938219254291	1.03097962649794	0.063	0.024	1	PARL	c2
0.281440903988613	-1.03085043242754	0.015	0.025	1	TMEM143	c2
0.264456609808518	-1.03069621790014	0.033	0.047	1	XYLT1	c2
0.0293638627587101	1.03052626789143	0.018	0.005	1	FBXO10	c2
0.0147688481577206	1.03024749286577	0.06	0.03	1	ZRANB1	c2
0.0607509427841429	-1.02991218503023	0.021	0.044	1	EIF4EBP3	c2
0.0411709832364968	1.02967591075514	0.015	0.004	1	CCNE2	c2
0.117665734948051	-1.02854923173656	0.024	0.043	1	CHST7	c2
0.461567461389212	-1.02847209944368	0.021	0.028	1	MTRNR2L12	c2
0.101204776619893	1.02818190220841	0.024	0.011	1	MAMLD1	c2
0.00398510647457844	1.02626969715627	0.021	0.004	1	TET1	c2
0.698436232829387	-1.02596047016584	0.009	0.011	1	AC092803.2	c2
0.0291251261554942	1.02557604300434	0.018	0.005	1	SRC	c2
0.00285629963740884	1.02538804313288	0.081	0.04	1	ADO	c2
0.11608783037865	-1.02520362729838	0.012	0.027	1	PRKCE	c2
0.00457919640003293	-1.02491503074631	0.039	0.087	1	LRIG1	c2
0.370629518589998	1.02442625757345	0.033	0.024	1	UHRF1BP1	c2
0.000106761631561302	1.02412006008336	0.102	0.043	1	TKFC	c2
0.0205176325102292	1.02382629951522	0.045	0.021	1	CERNA1	c2
0.250928509551502	-1.02369294329804	0.021	0.033	1	TRBV12-3	c2
0.00282101860991653	1.02230189354283	0.06	0.025	1	TSPAN4	c2
0.0364120076167716	1.02176090862784	0.033	0.015	1	PPM1N	c2
0.024077223347588	-1.02011866290916	0.039	0.074	1	TMEM238	c2
0.11748056048035	1.01916861722706	0.012	0.004	1	DLL1	c2
0.0402942876984704	-1.01846513994736	0.066	0.101	1	FAM241A	c2
0.443159861896823	-1.01833486657239	0.018	0.025	1	PTPDC1	c2
0.0186438602932664	1.01717007642555	0.027	0.009	1	AURKA	c2
0.0264346815814362	-1.01468373589891	0.048	0.085	1	TMEM38B	c2
0.00616559678720475	1.01465494392593	0.063	0.029	1	SLC31A1	c2
0.013916588142675	1.01421677656533	0.048	0.022	1	ZNF34	c2
0.0800654965851232	1.0132454631892	0.015	0.005	1	ADAM9	c2
0.00567923620647124	-1.01268093645915	0.075	0.13	1	C3AR1	c2
0.357405380788121	-1.01208621836573	0.057	0.07	1	RALGAPA2	c2
0.00794875903097151	1.0117172980443	0.057	0.026	1	C14orf28	c2
0.565063685280607	-1.01045179177219	0.06	0.068	1	ARL4D	c2
0.000232276766303793	-1.00904189384785	0.151	0.233	1	KDSR	c2
0.0198965957193101	1.00867470753615	0.045	0.021	1	NBPF3	c2
0.00896895158306629	-1.008347891799	0.012	0.043	1	FAM84B	c2
0.205854460049765	-1.00822906066826	0.042	0.06	1	NAPEPLD	c2
0.00101434444369975	1.00577220300145	0.069	0.028	1	PCGF3	c2
0.318585157780728	-1.0055341617131	0.021	0.031	1	LEKR1	c2
0.0290509961440457	-1.00540008779954	0.099	0.139	1	NAA16	c2
0.000144198185056705	1.00535952896418	0.099	0.042	1	ACTR5	c2
0.00891529209926947	-1.00320861391164	0.102	0.154	1	PDE4DIP	c2
0.205477871941313	1.00151893745872	0.018	0.009	1	KLF7	c2
0.00167439113208715	-1.00107064850321	0.123	0.19	1	IL18R1	c2
0.0110572402016103	-1.00097062400737	0.142	0.189	1	NPAT	c2
0.244997247022195	-1.00052313661558	0.015	0.026	1	LINC00526	c2
0.208560661730283	1.00049213661151	0.015	0.007	1	CASTOR2	c2
0.52711343942271	-0.999148906563565	0.036	0.043	1	MNT	c2
0.311757559486021	-0.998386249855026	0.009	0.017	1	NEURL1	c2
0.565454785706689	-0.998265352284343	0.015	0.02	1	BAMBI	c2
0.544876512846064	-0.998206116529146	0.012	0.017	1	CCDC136	c2
0.00964222861110628	-0.997320083644789	0.072	0.121	1	CPQ	c2
0.00010955768541889	-0.996455814018343	0.13	0.219	1	SORBS3	c2
0.314116137865405	-0.995675780409131	0.009	0.017	1	CR1	c2
0.0273775575211452	0.995474241765671	0.051	0.026	1	FICD	c2
0.117775592352588	0.994786030366267	0.012	0.004	1	NFYC-AS1	c2
0.00799443019255507	0.994015348658621	0.06	0.028	1	BMPR2	c2
0.00285143354770577	0.993738832110956	0.033	0.009	1	HIST1H3H	c2
0.199873802161606	0.993429784642995	0.012	0.005	1	AC114763.1	c2
0.000889049284123834	0.993352026388368	0.081	0.036	1	IFT80	c2
0.198463865928518	0.992897928232182	0.021	0.011	1	CXorf21	c2
0.0198230991073768	0.991845306447602	0.048	0.023	1	AJM1	c2
0.17703317698192	-0.99180753470334	0.024	0.04	1	CYTH3	c2
0.386712384663456	-0.991391412389472	0.006	0.011	1	TRBJ2-3	c2
0.265365864372805	-0.991064934203359	0.009	0.018	1	HSD17B14	c2
0.0109616141465075	0.99100876126979	0.036	0.014	1	HIST1H4H	c2
0.0362203304976216	0.989709107516297	0.033	0.015	1	FAM86C1	c2
0.0201680399439293	-0.988703976796157	0.015	0.043	1	LFNG	c2
0.000421154545506456	0.988290160378505	0.081	0.033	1	DLG3	c2
0.0214247583927516	-0.986821095161009	0.072	0.114	1	IL18BP	c2
0.0124630735063705	0.986742570135463	0.039	0.016	1	TUBB4A	c2
0.0297142238403585	-0.98662235209662	0.054	0.091	1	CMSS1	c2
0.00865051567157385	0.986089289099764	0.042	0.017	1	KIAA0930	c2
0.488524928453545	-0.985838072998208	0.015	0.021	1	CRAMP1	c2
0.0685247217526264	-0.984713010625024	0.075	0.106	1	DPH5	c2
0.0929043397130808	0.984622986781341	0.018	0.007	1	SNX30	c2
0.0219047624057719	0.984241147593466	0.099	0.062	1	TSPAN32	c2
0.0772055646295665	-0.983777641378274	0.033	0.057	1	GLCE	c2
0.00497380805432115	0.983277847868378	0.051	0.021	1	AC078883.1	c2
0.396979796730024	-0.983067473934804	0.033	0.043	1	ZNF736	c2
0.311365601115083	-0.982479329258157	0.009	0.017	1	SBF2-AS1	c2
0.19875785472619	0.982122059861051	0.021	0.011	1	ZNF175	c2
0.137984898168103	-0.981884328923134	0.039	0.06	1	ADAM15	c2
0.449025425229704	-0.980508224594946	0.018	0.025	1	DARS-AS1	c2
0.00198088288594214	0.9801583362433	0.063	0.026	1	TNFRSF14-AS1	c2
0.000311379520355357	0.98001687098672	0.111	0.052	1	TRIM25	c2
0.10335336049913	-0.979916371309316	0.024	0.044	1	LINC02325	c2
0.809971277875977	-0.979685113746116	0.021	0.023	1	TRIM62	c2
0.000614448646553453	0.978145481348879	0.084	0.037	1	ATG2B	c2
0.00601653649069974	0.976011550858262	0.066	0.031	1	BTN2A2	c2
0.0526742467504893	0.975178884514717	0.033	0.016	1	CREB3L4	c2
0.000192549713941264	0.975153928978469	0.105	0.047	1	TMEM206	c2
0.0453283683903127	0.974732123671347	0.024	0.009	1	ATP8B3	c2
0.105617798729365	-0.973319708787828	0.036	0.059	1	NUP35	c2
0.000442695046927309	0.971533071029729	0.081	0.033	1	MARCH3	c2
0.266052418653741	-0.970739925758431	0.009	0.018	1	NRBP2	c2
0.47928144171186	-0.97032028070844	0.024	0.031	1	TCAF2C	c2
0.015081217917953	0.970054532012844	0.048	0.022	1	SCRIB	c2
0.0021775315921182	0.969906949336149	0.051	0.019	1	FGFRL1	c2
0.0643659452496942	0.969795434934233	0.021	0.008	1	TRIP10	c2
0.0172675999909942	0.969509416729738	0.036	0.015	1	AC009163.4	c2
0.000962097199867603	0.969391672485115	0.099	0.048	1	PPP4R1	c2
0.00123428821238543	0.967966232855936	0.06	0.023	1	CCDC28B	c2
0.000373991867309609	0.966523696836226	0.123	0.062	1	CYP51A1	c2
0.0796456205950523	-0.96621715062437	0.099	0.13	1	UGCG	c2
0.0557523495271287	-0.964807344338316	0.072	0.104	1	INTS5	c2
0.373555378501588	-0.964355131670882	0.015	0.023	1	CCDC102B	c2
0.138548257395093	0.962713332087209	0.027	0.015	1	RNF227	c2
0.00265968102577586	-0.96245586019179	0.157	0.217	1	CCDC167	c2
0.0448643491419413	0.96225676473589	0.024	0.009	1	TEPP	c2
0.0376694412944954	-0.962145162156741	0.099	0.137	1	AKAP10	c2
0.165695775990878	-0.962017350545493	0.027	0.044	1	ZNF540	c2
0.861747339678118	-0.961974776351164	0.027	0.028	1	PUS10	c2
0.000157295761958835	0.96180778911805	0.09	0.037	1	RCC2	c2
8.36993210702997e-05	0.961557038947405	0.133	0.063	1	MAFF	c2
0.0374489464648712	0.961033307135844	0.033	0.015	1	TRIM46	c2
0.406238675927915	-0.960903475879715	0.042	0.052	1	SCMH1	c2
0.000252200185023397	0.960756285579112	0.066	0.023	1	ALS2	c2
0.00392637694425408	0.960722737628848	0.045	0.017	1	URB1-AS1	c2
0.301044983807827	0.960695303128854	0.012	0.006	1	PRDM11	c2
0.0925204275132742	0.960468002160638	0.018	0.007	1	CCDC78	c2
0.00218616538778804	0.960383166956232	0.066	0.028	1	VAMP1	c2
0.117775592352588	0.960123519023414	0.012	0.004	1	SOWAHD	c2
0.139945117567473	0.960072148506899	0.027	0.015	1	ADGRL1	c2
0.361178420727669	0.95997645637971	0.018	0.011	1	NEK6	c2
0.0994542536448492	0.95848693431792	0.021	0.009	1	SPAG4	c2
0.717666916596732	-0.958395325844487	0.012	0.015	1	WDR5B	c2
0.0351923304077096	0.956704123478617	0.03	0.013	1	ASPHD2	c2
0.000211743941415218	0.956619306820826	0.114	0.053	1	FUCA1	c2
0.700553822942333	-0.956463274254502	0.009	0.011	1	TNS4	c2
0.143561332047479	-0.956328747691638	0.066	0.089	1	GRAP	c2
0.598910873518756	-0.954993427897261	0.009	0.013	1	ZNF514	c2
0.000121797308489302	0.954456185926152	0.111	0.049	1	PCCB	c2
0.00168197622836991	0.953715032875719	0.072	0.031	1	PANX1	c2
0.000553267967655325	-0.952899285091752	0.148	0.227	1	ZNF831	c2
0.00916303641691169	0.95270537376069	0.042	0.017	1	STOML1	c2
0.00179812837542956	0.952669038363181	0.06	0.024	1	PON2	c2
0.00177760283623391	0.952356069699214	0.048	0.017	1	FBXO46	c2
0.00164387124930734	-0.952218813552485	0.136	0.206	1	PDCD1	c2
0.303154980799597	0.952009173288423	0.012	0.006	1	TTC30A	c2
0.022256896517126	0.951240877130719	0.03	0.011	1	C5orf30	c2
0.218958685904756	-0.951051216620996	0.012	0.023	1	RASD1	c2
0.144121178301966	0.95100960769293	0.018	0.008	1	KIF18A	c2
0.222078980441259	-0.949549860158374	0.006	0.015	1	AC010616.1	c2
0.00171650336971183	0.948758054124539	0.075	0.033	1	XXYLT1	c2
0.0929043397130808	0.948643049870025	0.018	0.007	1	KHDC1	c2
0.0106411460813467	0.948642866924305	0.075	0.04	1	AP4M1	c2
0.146456397732373	0.947931968148205	0.021	0.01	1	ZNF2	c2
0.468261988569776	-0.94791358150257	0.012	0.018	1	DDX43	c2
0.139138545527492	-0.947547930937176	0.051	0.073	1	TSPYL4	c2
0.000176590432184446	0.947362006952149	0.093	0.039	1	NIFK-AS1	c2
0.200290351226039	0.947360632877671	0.012	0.005	1	AC010969.2	c2
0.388885598437571	-0.946376194415858	0.006	0.011	1	C11orf74	c2
0.304641579396465	-0.94585926735128	0.057	0.071	1	MDC1	c2
0.0134475282197137	0.945032243374336	0.042	0.018	1	LINC01684	c2
0.158087802993787	-0.944899437216428	0.111	0.133	1	ZC3H12D	c2
0.0193948336970101	0.944712769651597	0.042	0.019	1	MIR762HG	c2
0.185781242117167	-0.944125345361501	0.036	0.053	1	GNPNAT1	c2
0.156250081859988	-0.942799063905486	0.015	0.029	1	CCDC112	c2
0.00516570798399881	0.942225000963472	0.054	0.023	1	RGS16	c2
0.195415186715065	-0.941918211185477	0.03	0.046	1	ACBD4	c2
0.0464537089609071	-0.941008055884425	0.099	0.137	1	LPAR6	c2
0.0320007397778015	0.940955417739178	0.027	0.01	1	KCTD11	c2
0.72417939945182	-0.940609726611624	0.024	0.027	1	AL138895.1	c2
0.135200430268586	0.940266855302215	0.015	0.006	1	TCFL5	c2
0.539843094482168	-0.939560382985649	0.033	0.04	1	E2F6	c2
0.421322341145149	-0.939227957950237	0.024	0.032	1	KBTBD6	c2
0.000301215845645748	0.938862089353933	0.099	0.044	1	CPPED1	c2
0.000112784330293896	0.938801702025844	0.105	0.045	1	NCR3	c2
0.052720324997062	0.938484322831304	0.042	0.022	1	ZNF682	c2
0.0335447732092969	-0.937223460153896	0.12	0.16	1	RUNX2	c2
0.00523659007852119	-0.936948372041686	0.072	0.126	1	ZBTB10	c2
0.142136976214083	0.936693684304862	0.024	0.013	1	APOM	c2
0.000351642064829146	0.93577077836469	0.102	0.046	1	NCK1-DT	c2
0.00385473670136434	0.935087768952759	0.057	0.024	1	MIER3	c2
0.41899309624994	0.935044371224352	0.012	0.007	1	TBC1D24	c2
0.010861702235679	0.934816864977805	0.054	0.025	1	ATP10A	c2
0.117186108994808	0.934654222018608	0.012	0.004	1	AC024575.1	c2
0.0279056560507435	0.932004697521486	0.045	0.022	1	CRYBG2	c2
0.0282959989096211	0.931373036957515	0.039	0.018	1	KIAA0825	c2
0.418852202031077	0.930576999048161	0.021	0.015	1	PLEKHN1	c2
0.119541362142156	-0.930350905777223	0.045	0.068	1	DIAPH2	c2
0.244595761073133	-0.930273499235796	0.042	0.057	1	GRPEL2	c2
0.0148532207130091	0.930241542620669	0.024	0.007	1	TDRKH-AS1	c2
0.000478375486141015	0.929915788450168	0.06	0.021	1	NUDT19	c2
0.0187393165891829	0.92985081816108	0.039	0.017	1	TLE1	c2
0.0206758369910784	0.928827652954379	0.051	0.025	1	AC007216.4	c2
0.000208823939406218	0.928779405398358	0.084	0.033	1	AC005332.5	c2
0.00446072524302881	0.928511117017919	0.063	0.028	1	SRF	c2
0.000119588152551076	0.928299253456632	0.154	0.078	1	ARID3B	c2
0.0646321024222511	0.928232516811529	0.021	0.008	1	MGST2	c2
0.0738386099593172	0.928079369597063	0.036	0.019	1	ZNF280C	c2
0.329493708166052	-0.92700192510044	0.063	0.076	1	B4GALT7	c2
0.541166299219526	-0.926619655645673	0.012	0.017	1	ZNF888	c2
0.000937346144077655	0.925953573917371	0.096	0.046	1	ZNF48	c2
0.000970822061592038	0.925872249252422	0.066	0.026	1	ZKSCAN4	c2
0.0175662736339454	0.924787565312863	0.036	0.015	1	AL009179.1	c2
0.0524085655311956	0.924524922849144	0.03	0.014	1	KNTC1	c2
0.000246523895714542	0.924303137421034	0.117	0.055	1	PGP	c2
0.000466887057406154	-0.923854150258919	0.22	0.3	1	SESN1	c2
0.465492825117159	-0.922489396023256	0.006	0.01	1	SLC16A5	c2
0.0271702581515829	0.922338653254271	0.036	0.016	1	PTPN12	c2
0.191795693335651	-0.922222848661137	0.069	0.089	1	CARMIL2	c2
0.0991168737736103	-0.922059896678888	0.027	0.048	1	ATP6V1E2	c2
0.0943716984643807	-0.921930816689035	0.102	0.129	1	CA5B	c2
0.494388856351295	-0.920410500825088	0.015	0.021	1	CD40	c2
0.191047414564117	-0.920240026347182	0.021	0.036	1	RECQL5	c2
0.00434261733132356	-0.91993109229655	0.078	0.135	1	TCEAL4	c2
0.0456914238781649	-0.919912653690179	0.093	0.132	1	CSF1	c2
0.00391861552702139	-0.919554807721152	0.205	0.26	1	ARID5B	c2
0.000455343511696834	0.918895673626496	0.102	0.047	1	C2CD3	c2
0.00763506051117573	0.918723252939112	0.03	0.009	1	NUDT17	c2
0.0531046875336694	0.918716869246576	0.033	0.016	1	ARID3A	c2
0.000132142776483188	0.917983320030896	0.12	0.055	1	ALG1	c2
0.015522811841927	0.917549529178445	0.033	0.013	1	HIST1H2AI	c2
0.135122261955127	0.917143263090531	0.03	0.017	1	CACNA1C-AS1	c2
0.0398266450103113	-0.916920461311161	0.081	0.119	1	LTA	c2
0.388341599215239	-0.91678419048403	0.006	0.011	1	AL132780.1	c2
0.183621204465803	-0.916732802498158	0.033	0.05	1	LOXL1-AS1	c2
0.273612822629281	-0.916457893213046	0.042	0.056	1	ZBTB14	c2
0.142789571943972	0.915511320201553	0.024	0.013	1	KCTD2	c2
0.00213922870305078	0.914192401719407	0.063	0.026	1	ADAT2	c2
0.0935143701310861	-0.913908159965205	0.042	0.067	1	AC006369.1	c2
0.212882392441055	-0.912394961466721	0.015	0.027	1	C12orf42	c2
0.0113729144844	0.912063808191613	0.036	0.014	1	IFT46	c2
0.00129320196337183	0.911961725290961	0.06	0.023	1	PQLC2	c2
0.000795720247821014	0.911178649613799	0.102	0.049	1	NRM	c2
0.000230675018117485	0.908731128671348	0.12	0.057	1	SLC25A43	c2
0.522308487820566	-0.908017666550438	0.021	0.027	1	HOXB-AS1	c2
0.3891722837283	0.907363834910405	0.015	0.009	1	SENP3	c2
0.00335510513265772	-0.906824052943682	0.087	0.147	1	IRF2BPL	c2
0.000209986384630707	0.906305022857555	0.084	0.033	1	G6PC3	c2
0.000122748350690872	0.906202244949423	0.093	0.038	1	ZNF12	c2
0.521495520208374	-0.906075809100167	0.021	0.027	1	TADA2B	c2
0.0263652220039392	0.905367520465895	0.036	0.016	1	AGBL3	c2
0.000823697589601816	0.905296117606869	0.117	0.061	1	PPAN	c2
0.820858922873646	-0.904458829649492	0.012	0.014	1	AL118506.1	c2
0.187088042829956	-0.904382959712061	0.006	0.016	1	AC239800.3	c2
0.0700003773348702	-0.903134990404351	0.063	0.093	1	LTB4R2	c2
0.144302176775467	0.902415529904728	0.021	0.01	1	EPB41L2	c2
0.0553811949748938	0.901336651122541	0.018	0.006	1	AC027290.1	c2
0.0101211671579946	-0.901236181780147	0.102	0.154	1	PLEKHA1	c2
0.000889573177151239	0.900682243417911	0.063	0.024	1	UAP1L1	c2
0.142354253140376	0.900470666192914	0.024	0.013	1	HSD11B1L	c2
0.37392593494148	-0.899911728514877	0.015	0.023	1	MACROD1	c2
0.0783374092037904	-0.899793598819261	0.033	0.057	1	CEP19	c2
0.336082456080062	0.897635272044036	0.021	0.014	1	STX18-AS1	c2
0.0721700201630654	0.897230454255353	0.039	0.021	1	MCM4	c2
0.422711773298709	0.8970893831585	0.012	0.007	1	AC093495.1	c2
0.0108087668317434	0.896385364850415	0.069	0.036	1	LCORL	c2
0.000377025202667727	0.896366328002477	0.09	0.039	1	CENPM	c2
0.0932895295915221	0.896184464311891	0.018	0.007	1	ZNF57	c2
0.000113659117877578	0.896051863607663	0.136	0.066	1	NRAS	c2
0.00013181286154568	0.893968844210472	0.175	0.093	1	ARHGEF9	c2
0.438335948723534	-0.893887197081753	0.009	0.015	1	FAM43A	c2
0.010320260233781	0.893612974331701	0.051	0.023	1	LRRCC1	c2
0.000698215771552746	0.893519116837676	0.081	0.034	1	MARK4	c2
0.199346787148583	0.893470542744829	0.021	0.011	1	FCRL3	c2
0.233014135305983	0.893410673714159	0.027	0.017	1	TRBV12-4	c2
0.465492825117159	-0.893172929202986	0.006	0.01	1	SESTD1	c2
0.322744420139794	-0.893167734616188	0.006	0.013	1	AC087741.1	c2
0.449907705716579	0.892865642524091	0.018	0.013	1	SMARCA5-AS1	c2
0.0527135388245319	0.892134225988232	0.039	0.02	1	FAM135A	c2
0.410343888099217	-0.892104456079287	0.057	0.068	1	HIPK2	c2
0.15658446346677	-0.891721367081575	0.024	0.041	1	Z93930.2	c2
0.037187383509349	0.891677875861467	0.033	0.015	1	AC008443.5	c2
0.143598493834767	0.89143100987804	0.018	0.008	1	NUDT6	c2
0.000614403988529444	0.891398252769594	0.057	0.02	1	THBS1	c2
0.0460469546395481	0.890833664911717	0.051	0.028	1	MSANTD3	c2
0.0366689212223548	0.890568072268194	0.033	0.015	1	ZNF283	c2
0.039768686683183	0.890128872577818	0.039	0.019	1	AC009779.2	c2
0.302626562157045	0.89011805433336	0.012	0.006	1	HIST1H2BE	c2
0.00012420182542784	0.889854153770497	0.111	0.049	1	SLC43A1	c2
0.11807120528777	0.889362009803072	0.012	0.004	1	FDXACB1	c2
0.535831704123481	-0.888967324823632	0.027	0.033	1	AC008267.5	c2
0.16519560399609	-0.888563874310249	0.063	0.085	1	RIPK2	c2
0.000162213795734244	0.888056751789998	0.087	0.034	1	AIM2	c2
0.730137002068632	-0.887926006348545	0.021	0.024	1	LINC01011	c2
0.00445576615531951	0.887614348020632	0.078	0.039	1	SRP14-AS1	c2
0.468011992928351	-0.8873582709832	0.006	0.01	1	AL139384.1	c2
0.0342754730702857	0.886933562234134	0.03	0.013	1	PPP1R13L	c2
0.453323919994044	-0.886921164731319	0.051	0.061	1	TTC21B	c2
0.00170003132156189	0.886549008682807	0.102	0.052	1	FAM91A1	c2
0.0393888108394856	-0.886114690851718	0.063	0.099	1	CRY2	c2
0.0154909845395417	0.885837228722786	0.033	0.013	1	EXO5	c2
0.0688944116164374	-0.885825419433834	0.027	0.051	1	PLK2	c2
0.207817156080283	0.885680500454854	0.015	0.007	1	SLC25A25-AS1	c2
0.0701005028488461	0.885661395540501	0.024	0.01	1	NAT1	c2
0.204244738634198	-0.884784872358921	0.057	0.076	1	AL365361.1	c2
0.0399070936728661	0.884708438844757	0.042	0.021	1	SERPINI1	c2
0.0194207603534451	0.884543677581027	0.039	0.017	1	IQCH-AS1	c2
0.542225071312849	-0.884093643454317	0.012	0.017	1	RTN4R	c2
0.380149110995601	-0.884028452438181	0.03	0.04	1	ZNF232	c2
0.221568666319423	-0.883699283990025	0.039	0.055	1	AKT1S1	c2
0.00288183520854214	0.883449239032613	0.06	0.025	1	ST20-MTHFS	c2
0.0024323576087312	0.883288254209862	0.078	0.037	1	RNF135	c2
0.624285433520792	-0.883250381517875	0.012	0.016	1	LINC00663	c2
0.0415254648328902	0.883044690130323	0.015	0.004	1	PLK4	c2
0.0112292932008353	0.88295558815712	0.057	0.027	1	CPLANE1	c2
0.136496912327559	-0.882727839463586	0.009	0.022	1	DDIT4-AS1	c2
0.530042874985765	-0.880665822611951	0.024	0.03	1	KIF1B	c2
0.0491336569927341	0.879286997789809	0.027	0.011	1	DMWD	c2
0.000344018272847585	0.878530245686714	0.148	0.079	1	FBXW7	c2
0.269202945982889	-0.878356834480532	0.006	0.014	1	ADSSL1	c2
0.111087760623418	-0.878121026546322	0.057	0.082	1	SOS2	c2
0.0135650646071227	0.877351809339769	0.03	0.01	1	ST20	c2
0.510253803717165	-0.87722239513128	0.018	0.024	1	CARD17	c2
0.510524884545777	-0.877211102871805	0.009	0.014	1	ERVMER61-1	c2
0.0044831781908191	0.875544797820222	0.066	0.03	1	MED20	c2
0.00360061611091481	0.875364186409272	0.054	0.022	1	FRMD4A	c2
0.0043290487824668	0.874361873137067	0.072	0.034	1	GK5	c2
0.00199872588643691	0.873596676975601	0.063	0.026	1	FNDC3B	c2
0.0111244276424985	-0.873012535802487	0.145	0.197	1	TNFSF8	c2
0.126574377862499	-0.87285253753043	0.039	0.061	1	LINC00920	c2
0.200528475089411	0.872671278178931	0.021	0.011	1	KIAA1841	c2
0.135200430268586	0.872207164087191	0.015	0.006	1	C16orf95	c2
0.0023962287358895	0.870806580467327	0.072	0.032	1	ZNF614	c2
0.000554314334558167	0.870688057307304	0.048	0.015	1	AFAP1L2	c2
7.98125818602814e-05	-0.870118612721857	0.247	0.335	1	RIPOR2	c2
0.00204835386672237	0.869990206636555	0.036	0.01	1	LINC00467	c2
0.0020962390438917	0.869096188130964	0.096	0.048	1	MOSPD1	c2
0.00134884812878217	0.86878820587854	0.078	0.034	1	RFLNB	c2
0.204404258838136	0.868763695465021	0.021	0.011	1	CEP126	c2
0.369718223073873	-0.868493358510538	0.009	0.016	1	SMIM1	c2
0.000981120876746548	0.866828924405381	0.117	0.061	1	C17orf75	c2
0.3156950267848	-0.866801351385976	0.009	0.017	1	UBTD2	c2
0.815505193221814	-0.866800518595412	0.009	0.01	1	CYP27B1	c2
0.120285050962068	-0.866288392248988	0.09	0.116	1	EPOR	c2
0.136327031040565	0.866098560314255	0.015	0.006	1	KIF3C	c2
0.102750455150063	0.866020944936895	0.024	0.011	1	ZHX3	c2
0.0188133462601069	0.865448504313936	0.027	0.009	1	C3orf14	c2
0.0555122893653644	0.865279410136271	0.018	0.006	1	FBXO36	c2
0.000181141744823201	0.864917027586485	0.12	0.056	1	SLC6A6	c2
0.386712384663456	-0.863870766547948	0.006	0.011	1	SIAE	c2
0.0858891638720252	-0.863684256661561	0.054	0.082	1	GCA	c2
0.32134724553739	-0.863624199824615	0.006	0.013	1	AC005229.4	c2
0.0191583290777153	-0.863071629853536	0.039	0.076	1	SBF2	c2
0.00138188394369438	0.862090820010649	0.063	0.025	1	TSNAX	c2
0.013580216672218	0.861598954768203	0.03	0.01	1	PYROXD2	c2
0.0177678965129494	0.861023874948188	0.036	0.015	1	C19orf54	c2
0.00338905087653194	0.860960449438467	0.09	0.046	1	GEMIN8	c2
0.322856527632365	-0.859814935970326	0.033	0.045	1	PEX5	c2
0.0808453063293218	0.859588761854256	0.015	0.005	1	HSD17B1	c2
0.188370434527466	-0.858805923624276	0.042	0.061	1	TAF4B	c2
0.718296214217135	-0.858427490563705	0.012	0.015	1	BCL9	c2
0.342214182668807	-0.857752388038474	0.024	0.034	1	ZNF783	c2
0.391066230205015	-0.857659942918629	0.006	0.011	1	TXLNB	c2
0.161267936280173	-0.857087535253171	0.048	0.068	1	PGAP3	c2
0.0273810595128136	0.857054578241409	0.024	0.008	1	COA7	c2
0.188742779196103	0.856924999459023	0.027	0.016	1	LINC01534	c2
0.143598493834767	0.856497394020733	0.018	0.008	1	NAGLU	c2
0.625446136458603	-0.856394947813548	0.012	0.016	1	AC023157.3	c2
0.00183578753104572	0.855074290886699	0.078	0.036	1	METTL22	c2
0.0040732029004506	0.851960035634382	0.102	0.055	1	PKNOX1	c2
0.0704921606194025	0.851743502542001	0.024	0.01	1	RPH3AL	c2
0.00503692057042453	0.851069966165974	0.039	0.014	1	LRFN1	c2
0.0193171832036495	0.850652995452525	0.039	0.017	1	SPACA9	c2
0.0994542536448492	0.850176933431804	0.021	0.009	1	CENPW	c2
0.103269834086226	0.849716009035171	0.024	0.011	1	EXT1	c2
0.0209119076512319	0.848323998765636	0.021	0.006	1	ZNF726	c2
0.467381493910545	-0.847684044363388	0.006	0.01	1	TAPT1-AS1	c2
0.0285676068841565	0.847597530908787	0.051	0.026	1	RGPD8	c2
0.00254509709236923	0.846935144718017	0.069	0.03	1	AL137003.1	c2
0.00599833809037676	0.846813214059553	0.081	0.042	1	NOM1	c2
0.00191008619998179	0.846553550360891	0.081	0.038	1	ZKSCAN8	c2
0.149634084555103	-0.846462897195941	0.027	0.045	1	ASPH	c2
0.00316480607201874	0.845928417723627	0.099	0.052	1	ATG10	c2
0.000122063614028096	0.845326492409326	0.09	0.036	1	ZADH2	c2
0.813202973353845	-0.844495035127782	0.009	0.01	1	C11orf65	c2
0.817333855129297	-0.844033630007655	0.015	0.017	1	SERPINE2	c2
0.207817156080283	0.843831071008863	0.015	0.007	1	AP003108.2	c2
0.548069792256203	-0.843230064059065	0.033	0.04	1	ZNF345	c2
0.145735607050608	0.842680976877024	0.021	0.01	1	LRP8	c2
0.0974912053169573	0.842036825573537	0.033	0.018	1	AC012360.3	c2
0.0159280192787988	-0.841737580480453	0.054	0.097	1	IMMP2L	c2
0.66323347963462	-0.840906830023599	0.024	0.028	1	TAF4	c2
0.300928310302154	-0.840628694895506	0.033	0.046	1	EPS8	c2
0.268803969297133	-0.840227985417033	0.006	0.014	1	LINC00630	c2
0.237424528060482	-0.839314536536458	0.069	0.087	1	TTC4	c2
0.51407279804486	-0.838823615305268	0.057	0.065	1	BEST1	c2
0.00010059201366661	0.838816413669053	0.114	0.05	1	PROSER1	c2
0.972996793646358	-0.838550259411851	0.024	0.024	1	CCDC191	c2
0.190279295870016	-0.838411118880086	0.087	0.109	1	BCL9L	c2
0.00918057777133371	0.838284059960121	0.042	0.017	1	NETO2	c2
0.266396153914659	-0.837696253592624	0.009	0.018	1	UBXN10-AS1	c2
0.00011032866419918	0.837654043134486	0.145	0.071	1	BCOR	c2
0.00060379040977023	0.837590183418119	0.127	0.066	1	ZNRF1	c2
0.135762828183057	0.837262811331608	0.015	0.006	1	RAB4B-EGLN2	c2
0.136609810317369	0.837138970887736	0.015	0.006	1	AL451085.2	c2
0.21866749340383	-0.836434321931593	0.021	0.034	1	AC136475.3	c2
0.028807637733208	0.83627900041987	0.042	0.02	1	ZBTB37	c2
0.000570240035931672	0.836134132214892	0.063	0.023	1	BIVM	c2
0.63155500633573	-0.834493528749023	0.012	0.016	1	ZNF596	c2
0.859614581478746	-0.834369668535572	0.03	0.031	1	WDPCP	c2
0.540184636064321	-0.834182903817744	0.033	0.04	1	ZNF236-DT	c2
0.193689949772104	-0.83366772379172	0.048	0.067	1	CTSO	c2
0.000452731479050541	0.832826132367896	0.111	0.053	1	RAB39B	c2
0.0321469541624349	-0.832688667978543	0.13	0.17	1	HOOK2	c2
0.0899026277173953	-0.832622179780033	0.084	0.114	1	CBX7	c2
0.0701005028488461	0.832223812131979	0.024	0.01	1	CAB39L	c2
0.000241625795370855	0.831042499357344	0.108	0.049	1	PORCN	c2
0.143859654042245	0.830851340203833	0.018	0.008	1	IFNLR1	c2
0.291621354336578	-0.830784845848616	0.03	0.043	1	PCSK1N	c2
0.204995508968103	0.830082282931321	0.057	0.041	1	RPUSD2	c2
0.00079277601421258	-0.829504310560686	0.172	0.252	1	MX2	c2
0.00510324600146796	0.829432508701605	0.051	0.021	1	TRIM59	c2
0.162184626998918	-0.829190496275551	0.036	0.055	1	AARS2	c2
0.00336188883014402	0.829062527837345	0.069	0.031	1	A1BG-AS1	c2
0.104186449449832	0.828739912737039	0.027	0.014	1	ANO8	c2
0.0080278487299265	0.828608344590343	0.078	0.041	1	AREL1	c2
0.216118850726784	-0.827638485958131	0.021	0.034	1	TRAV2	c2
0.386170241299504	-0.827242573309726	0.006	0.011	1	AC093249.6	c2
0.308178940016343	-0.825788463091656	0.039	0.052	1	ZNF836	c2
0.407301990751193	-0.825583306666156	0.012	0.019	1	FANCE	c2
0.144645320056197	0.82481061798107	0.018	0.008	1	FAAP24	c2
0.921357748581056	-0.823479709720249	0.021	0.02	1	ZNF778	c2
0.000194161663042744	0.823420097006026	0.093	0.039	1	EEF2K	c2
0.0450494738716751	0.823390204602751	0.024	0.009	1	NRL	c2
0.00342766096184062	0.822616109563632	0.087	0.044	1	RCN1	c2
0.131369667479798	0.820923384655702	0.033	0.019	1	DHFR2	c2
0.699375402348843	-0.820306820925864	0.057	0.061	1	TANGO6	c2
0.225276774755289	0.82030549020619	0.03	0.019	1	RNASEK-C17orf49	c2
0.856483668251378	-0.819484461817743	0.03	0.031	1	MIR29B2CHG	c2
0.81430413358782	-0.819123052235042	0.015	0.017	1	PKD2L2	c2
0.00637057305526311	0.819068048342126	0.072	0.036	1	ZNF18	c2
0.137711597898047	0.818975238211083	0.03	0.017	1	ZNF582	c2
0.0154235081896051	0.818848157956526	0.051	0.024	1	CCDC173	c2
0.176651897979377	-0.818660318368658	0.054	0.074	1	DOCK9	c2
0.0268837377817392	0.818530734105416	0.036	0.016	1	CD3EAP	c2
0.386170241299504	-0.817895293250121	0.006	0.011	1	WWC2	c2
0.935028151479911	0.816939385459603	0.012	0.011	1	VPS9D1	c2
0.00667716464991042	0.816805851450471	0.133	0.08	1	HGSNAT	c2
0.202608717142587	0.816615542570331	0.021	0.011	1	CCDC157	c2
0.000478737760479487	0.816369391842906	0.084	0.036	1	INPP5F	c2
0.00419770847665357	0.81607478019277	0.06	0.026	1	PRSS21	c2
0.0115836573477364	0.815714075532087	0.036	0.014	1	SERAC1	c2
0.000559749649968209	0.815606325591081	0.096	0.044	1	RIDA	c2
0.0273810595128136	0.815500729490785	0.024	0.008	1	AC016773.1	c2
0.183615834284527	-0.814226983316854	0.015	0.028	1	B3GNT9	c2
0.0063165624586257	-0.81396705146829	0.13	0.188	1	TMEM204	c2
0.000604497678197606	0.813802345905918	0.16	0.092	1	EGR2	c2
0.070361409062898	0.813155995468506	0.024	0.01	1	KIAA1958	c2
0.00096131165974244	0.812731021122246	0.081	0.036	1	TNRC18	c2
0.208884169519941	0.81249373171779	0.033	0.021	1	RMI1	c2
0.139824557948367	-0.811142219359901	0.069	0.093	1	SPON1	c2
0.0128740533288242	0.811009926726422	0.039	0.016	1	PKD2	c2
0.488011677310555	-0.810935392075757	0.03	0.038	1	MFSD4B	c2
0.43607248806022	-0.81086799280148	0.027	0.036	1	HYLS1	c2
0.101163263437467	0.810695404165969	0.03	0.016	1	ZNF16	c2
0.105099921800287	0.810651277788995	0.03	0.016	1	C9orf3	c2
0.0707394209734384	0.810407995756319	0.042	0.023	1	AMACR	c2
0.284314530929722	-0.809698105136103	0.021	0.032	1	PLD6	c2
0.541166299219526	-0.80946858889209	0.012	0.017	1	QPCTL	c2
0.0529050835129035	-0.808941811904156	0.142	0.18	1	ARRDC2	c2
0.60211825652921	-0.808591029955818	0.033	0.039	1	LRP12	c2
0.54299418181569	-0.808000443964398	0.045	0.052	1	TNK2	c2
0.00437550252135576	-0.806762997905241	0.211	0.271	1	NFKB2	c2
0.0936890876002743	0.806329024323071	0.039	0.022	1	SGO2	c2
0.000133753391244724	0.806152483114111	0.127	0.06	1	TMEM102	c2
0.00136667270135953	0.806084597559051	0.078	0.034	1	UBXN6	c2
0.815505193221814	-0.804984178844961	0.009	0.01	1	SCO2.1	c2
0.000228078416274117	-0.80479046232011	0.208	0.293	1	PBX4	c2
0.00371607840768652	0.804659334849532	0.075	0.036	1	MTHFR	c2
0.000315531405734835	0.804563273857238	0.142	0.073	1	ARV1	c2
0.951155813632611	-0.804465025503799	0.012	0.011	1	AC022364.1	c2
0.369718223073873	-0.804309235799513	0.009	0.016	1	TFEB	c2
0.422711773298709	0.803919689502824	0.012	0.007	1	PDE6G	c2
0.00440969229422147	0.80374426710997	0.081	0.041	1	ARHGAP26	c2
0.187761368106813	0.803417212989024	0.027	0.016	1	CCNF	c2
0.000243167333362524	0.802511984002596	0.181	0.101	1	CIAPIN1	c2
0.0215379184273487	0.802249162303283	0.078	0.045	1	GCLC	c2
0.388885598437571	-0.802114452609432	0.006	0.011	1	USP54	c2
0.560030060524846	-0.802014802774659	0.015	0.02	1	SUV39H2	c2
0.494388856351295	-0.801066273153364	0.015	0.021	1	CCDC15	c2
0.000171333818347581	0.800563069613548	0.157	0.08	1	GOT1	c2
0.580997549670777	-0.800396966063923	0.018	0.023	1	TENT5A	c2
0.589850105729909	-0.800077597581287	0.018	0.023	1	AL691432.2	c2
0.000155662461158675	-0.799697323976875	0.301	0.371	1	TRADD	c2
0.000261651719601217	0.799656869451355	0.148	0.076	1	MTF1	c2
0.0536027918987371	0.798720907741293	0.036	0.018	1	KYAT1	c2
0.0022524411286691	0.798148082201703	0.09	0.044	1	ZFYVE16	c2
0.0717473847911796	0.796342090825974	0.057	0.034	1	ZNF500	c2
0.097202381870273	-0.796195617473646	0.066	0.094	1	TUBE1	c2
0.121903438226092	-0.795411573244975	0.096	0.124	1	SH3BP5	c2
0.500139728799706	0.795174870665678	0.015	0.01	1	PRMT5-AS1	c2
0.194385662647812	-0.795129880866186	0.063	0.084	1	PPP1R3E	c2
0.0153791992074137	0.794820053936477	0.048	0.022	1	APTR	c2
0.727145088772231	-0.794747797426724	0.015	0.018	1	ZFP3	c2
0.00201396281404655	0.794744134654912	0.078	0.036	1	ATG4A	c2
0.118367399961633	0.794669030152707	0.012	0.004	1	HIST1H4E	c2
0.101114354006235	0.794646867612021	0.021	0.009	1	TMEM86B	c2
0.123623117240721	-0.794395290697789	0.036	0.057	1	CLOCK	c2
0.303293824172877	-0.793964700652238	0.066	0.082	1	ZNF764	c2
0.0036121683538404	0.793781313944518	0.093	0.048	1	UBE3B	c2
0.0685230826989432	-0.793656127429606	0.151	0.183	1	HIST1H1D	c2
0.000229463299530281	0.793475718370346	0.087	0.036	1	KMT5C	c2
0.357524742069311	-0.793385890681035	0.03	0.041	1	WDR91	c2
0.295547140160306	0.793133886661083	0.015	0.008	1	ABCA3	c2
0.0495958117698856	0.792063081173015	0.027	0.011	1	AC010618.3	c2
0.0105727705321805	0.791881220588094	0.078	0.042	1	LMF1	c2
0.00116698140428414	0.791757855413079	0.093	0.044	1	ZNF75D	c2
8.85187298909605e-05	0.791448411328073	0.142	0.068	1	MRGBP	c2
0.00797351456105147	0.791306051925161	0.051	0.022	1	SRGAP2B	c2
0.245795993145858	-0.791143549836219	0.015	0.026	1	FBXO48	c2
0.000411023383923025	0.791120352417329	0.102	0.047	1	RENBP	c2
0.0118895159813433	0.790908667835931	0.054	0.025	1	ZSWIM9	c2
0.390520377308562	-0.790895969084873	0.006	0.011	1	GALNT12	c2
0.230897394583001	-0.790416768352177	0.105	0.122	1	RANGAP1	c2
0.00159412243865928	0.790127758402406	0.099	0.049	1	ARL15	c2
0.00135328389328716	0.789619371487821	0.078	0.034	1	APOPT1	c2
0.000172258705292258	0.789408393794437	0.123	0.057	1	LRRC28	c2
0.605326470995141	-0.789361091104429	0.009	0.013	1	CAPS2	c2
0.0733189337391138	0.789268279573355	0.027	0.013	1	BMP1	c2
0.00448934027158738	-0.788392693873088	0.169	0.228	1	UXS1	c2
0.207446124947619	0.788189620848684	0.015	0.007	1	CELSR2	c2
0.00639201415009236	0.788122737148344	0.063	0.029	1	ZNF85	c2
0.00116189999031147	0.787911603658924	0.087	0.04	1	FAM118B	c2
0.0870968915216512	-0.787551327414892	0.054	0.082	1	GGT7	c2
0.273665426405111	-0.787234132256292	0.099	0.115	1	PPME1	c2
0.0025090538698404	0.78635563360667	0.054	0.021	1	STRN4	c2
0.000116596411162784	0.785438051396222	0.139	0.067	1	RPUSD4	c2
0.0063422524162392	0.785078294705747	0.087	0.046	1	ZNF621	c2
0.207131393862678	0.784920372191311	0.018	0.009	1	GGH	c2
0.00254327707079102	0.784606607225874	0.078	0.037	1	MIB1	c2
0.397773502000661	-0.783745880171931	0.018	0.026	1	ZFP28	c2
0.129843934582633	0.783413316140877	0.033	0.019	1	FGFBP3	c2
0.433748426012847	-0.782881663871859	0.024	0.032	1	SGPL1	c2
0.262801119991891	-0.782849937078797	0.033	0.047	1	NUDT7	c2
0.176817695922488	0.78265791880789	0.033	0.02	1	KLC4	c2
0.000489695512528533	0.781329987782145	0.111	0.053	1	DNAJC11	c2
0.072694836970977	0.781288177330472	0.027	0.013	1	GPAT2	c2
0.0002723006255079	0.781134937707245	0.127	0.062	1	DYRK1A	c2
0.0864402829992645	-0.780919980564384	0.123	0.153	1	WWP2	c2
0.567928888639912	-0.780560302687928	0.015	0.02	1	AL353708.3	c2
0.0004199438747147	0.780173530368824	0.117	0.057	1	TRPS1	c2
0.0748674283572652	0.779859417144356	0.03	0.015	1	AC007728.2	c2
0.323375283239467	-0.779306566905953	0.048	0.062	1	KIF1BP	c2
0.020027653014393	-0.779180320246398	0.096	0.143	1	BAG3	c2
0.0037973404202361	0.779005251291445	0.105	0.057	1	RRM2B	c2
0.0554442645224326	0.778808133316406	0.036	0.018	1	ZNF684	c2
0.265980288540601	0.778728578101576	0.021	0.013	1	ADAMTS6	c2
0.10309647635748	0.778653978672891	0.024	0.011	1	SAP30L	c2
0.0201187562632464	0.777662407453022	0.066	0.036	1	LONP1	c2
0.0627624337228727	0.777344162138276	0.054	0.031	1	UBXN8	c2
0.0952347400680083	0.777089133605006	0.018	0.007	1	AC008438.1	c2
0.0387935261341025	-0.776896389676251	0.099	0.139	1	CYHR1	c2
0.00404865836964536	0.776770338875092	0.045	0.017	1	MED18	c2
0.352831877304617	-0.776635005927866	0.018	0.027	1	PGAP1	c2
0.00247024560483257	0.775844490397667	0.069	0.03	1	SRD5A1	c2
8.1396695561062e-05	0.774910030478594	0.114	0.049	1	MAST4	c2
0.209128340107797	0.774153628702239	0.018	0.009	1	PPARGC1B	c2
0.419611535848234	0.773982208270956	0.012	0.007	1	AC022098.4	c2
0.806514438822656	-0.773491177972404	0.045	0.047	1	GALE	c2
0.136327031040565	0.773433323457379	0.015	0.006	1	RNFT1-DT	c2
0.601445358010692	-0.773126107389621	0.048	0.054	1	ARHGAP10	c2
0.0085231961139261	0.772974272048689	0.081	0.043	1	AC009779.3	c2
0.0736954909003269	0.77287496662714	0.027	0.013	1	PLEKHG4	c2
0.0215182372825309	-0.772542231073085	0.16	0.205	1	SH3YL1	c2
0.000596645222290095	0.772254841494586	0.114	0.056	1	KDM4B	c2
0.000105371469929446	0.771687164120575	0.142	0.068	1	SAAL1	c2
0.000415168218863336	0.771311444599417	0.096	0.043	1	BLM	c2
0.0691935764342387	0.770893235837907	0.024	0.01	1	AC009404.1	c2
0.0152701645364247	0.770565153150554	0.054	0.026	1	AHDC1	c2
0.0787482577966188	-0.770446816375746	0.036	0.062	1	PSTPIP2	c2
0.378368494504845	-0.769963482930723	0.024	0.033	1	ANKEF1	c2
0.0312709969004531	0.7697669319247	0.072	0.042	1	LINC002481	c2
0.00169319937634938	0.769549155038372	0.066	0.027	1	ADARB2	c2
0.349982624467972	-0.769403064617641	0.012	0.02	1	NAP1L2	c2
0.375586744242638	-0.769297891776554	0.009	0.016	1	PMF1	c2
0.814737608558985	-0.769082594072981	0.009	0.01	1	AGBL2	c2
0.226640932734646	-0.768900574649805	0.027	0.042	1	AL162377.1	c2
0.00114386599122609	0.768222603384255	0.087	0.04	1	SEPHS1	c2
0.134612682607979	-0.768134462243499	0.039	0.061	1	LYRM9	c2
0.0547266156389521	-0.766421548087863	0.075	0.111	1	BOD1	c2
0.247099075519907	-0.766292443394158	0.063	0.08	1	RNF185	c2
0.493760251461021	-0.766011054997267	0.039	0.047	1	C5orf63	c2
0.000572665423212274	0.764821882426401	0.09	0.04	1	HOTAIRM1	c2
0.075470015648381	0.764579339924124	0.033	0.017	1	LRFN3	c2
0.468011992928351	-0.764566739742988	0.006	0.01	1	CIB2	c2
0.0256923375386375	0.764459868382522	0.063	0.034	1	NOL4L	c2
0.755938754147992	0.76431352472084	0.051	0.047	1	TRBV28	c2
0.294635168639729	0.762854403628117	0.015	0.008	1	SNX33	c2
0.502067937902746	-0.762761645821687	0.039	0.047	1	RTL10	c2
0.0541252473341686	0.76251262695761	0.039	0.02	1	MYL5	c2
0.00372548338240439	0.762299598748517	0.054	0.022	1	AL138724.1	c2
0.000194809703968855	0.761938333759666	0.114	0.052	1	PURB	c2
0.000175963127020597	0.76182060702329	0.13	0.063	1	MED13L	c2
0.00201396259402087	0.761011750371011	0.078	0.036	1	TRIM24	c2
0.0509778484468326	0.760608534316337	0.066	0.04	1	DGAT1	c2
0.122827075955813	0.759419251251931	0.036	0.021	1	AC009831.1	c2
0.0974469783306349	0.758833103782506	0.036	0.02	1	EID2	c2
0.0647655212135902	0.758821116903318	0.021	0.008	1	POLR2J2	c2
0.012042701186735	-0.758680269276955	0.16	0.211	1	MALSU1	c2
0.200707533700714	0.758635731263791	0.012	0.005	1	GLIPR1L2	c2
0.00138088973469802	0.758584583406633	0.123	0.066	1	PRKAB1	c2
0.000168772868063481	0.758331889962319	0.13	0.062	1	ARSG	c2
0.0404462925200474	0.758042086663247	0.042	0.021	1	JRKL	c2
0.0154383358629277	0.757920780444131	0.066	0.034	1	PITPNA	c2
0.0454216560492043	0.75783550198181	0.024	0.009	1	SNAI3-AS1	c2
0.0918633834880211	0.757564248235394	0.042	0.024	1	ZNF527	c2
0.200707533700714	0.757497286750889	0.012	0.005	1	AP001462.1	c2
0.147179912664608	0.757211143748122	0.021	0.01	1	SLC15A4	c2
0.281315293136313	0.756711591911389	0.018	0.01	1	KISS1R	c2
0.0109363085893765	0.755732547114202	0.051	0.023	1	PCTP	c2
0.651377286446025	-0.755642880392645	0.03	0.034	1	QPCT	c2
0.000786298055754188	0.755459968945478	0.069	0.027	1	DHX57	c2
0.0015741084380227	0.755187467309989	0.087	0.041	1	TMEM94	c2
0.00405722960010491	0.755187339895467	0.057	0.024	1	MFGE8	c2
0.00388455366357766	0.755139108177875	0.102	0.055	1	CHUK	c2
0.662460171941549	-0.754934880473021	0.027	0.031	1	CSNK1E	c2
0.00611361407173027	0.754761607503229	0.057	0.025	1	ZNF646	c2
0.00602028323732816	0.754516068765769	0.042	0.016	1	SLC9A1	c2
0.00465827676318994	0.754257941102821	0.069	0.032	1	TEP1	c2
0.0116022170783626	0.753542605593237	0.072	0.038	1	PDCD2L	c2
0.000236467013141957	0.753537830231794	0.154	0.079	1	ODF3B	c2
0.809245954647986	-0.753528713329801	0.06	0.062	1	FAM98B	c2
0.00997555896679935	0.753368442909221	0.045	0.019	1	CERS6	c2
0.065301470786428	0.753205888300066	0.021	0.008	1	TNFRSF13C	c2
0.11748056048035	0.75295219405674	0.012	0.004	1	AL359644.1	c2
0.650160602831003	-0.752850713855902	0.018	0.022	1	ZNF286B	c2
0.00492275951392875	-0.75262535006991	0.16	0.23	1	IL2	c2
0.951155813632611	-0.752059754957579	0.012	0.011	1	PROCA1	c2
0.354424290339015	-0.751222035195529	0.051	0.064	1	AMN1	c2
0.0564570316290831	-0.751020106799663	0.099	0.136	1	ZNF274	c2
0.177815650496013	0.75074675067117	0.03	0.018	1	FAM229B	c2
0.000173952595161094	0.750175073984402	0.108	0.048	1	CHP1	c2
0.267253679717615	0.749903357288799	0.033	0.022	1	FP671120.4	c2
0.0893825988505989	0.749771264971685	0.042	0.024	1	AL050341.2	c2
0.0376069193630946	0.749570738398607	0.051	0.027	1	DONSON	c2
0.513970835069446	-0.749560021363952	0.009	0.014	1	AGAP3	c2
0.0344356121877206	0.749401975101608	0.06	0.033	1	ZSCAN32	c2
0.0222610947524421	-0.748765667903596	0.123	0.171	1	ATP2B1-AS1	c2
0.0153511237747424	0.748746674951262	0.051	0.024	1	ZBED6	c2
0.416400788874707	-0.748671799927063	0.06	0.071	1	PIGN	c2
0.377444210965915	-0.748626320744586	0.024	0.033	1	KAT14	c2
0.0698504012333524	-0.748124120211154	0.084	0.117	1	PATJ	c2
0.081041219317267	0.746744623279749	0.015	0.005	1	PCSK4	c2
0.512246348625929	-0.746568343521214	0.009	0.014	1	RWDD2A	c2
0.543815163933749	-0.746543973049558	0.012	0.017	1	ZNF337-AS1	c2
0.0927134277696735	-0.745729761776624	0.072	0.101	1	DYNLL2	c2
0.4638014180522	-0.745670000028765	0.033	0.042	1	MKL2	c2
0.324145592751515	-0.744496611323254	0.006	0.013	1	ACVR2B	c2
0.000499881178317127	0.744399978150869	0.139	0.072	1	SIL1	c2
0.108275258820259	-0.743428318382968	0.099	0.127	1	CRYZ	c2
0.00156104560676201	0.742402139617205	0.066	0.027	1	INTS7	c2
0.303680600983591	-0.742019736794687	0.012	0.021	1	ZNF665	c2
0.437283016259669	-0.741981900175051	0.015	0.022	1	PHF7	c2
0.0205782678689255	0.741277458670314	0.042	0.019	1	NPHP3	c2
0.00384290657605352	0.740643547464016	0.084	0.042	1	B3GNTL1	c2
0.873540306342884	-0.740582796444055	0.027	0.028	1	AC104596.1	c2
0.32233090012074	-0.740571163365551	0.021	0.031	1	SMIM13	c2
0.207075574635691	0.740239230701343	0.015	0.007	1	ICA1L	c2
0.0460336574530565	-0.738803148912393	0.066	0.103	1	JAZF1	c2
0.0110816270107085	0.738410176861265	0.051	0.023	1	NDC80	c2
0.238963726067986	-0.7383168825695	0.045	0.062	1	CALHM6	c2
0.895143521708975	-0.738284182459705	0.021	0.022	1	ZNF782	c2
0.105159287388026	-0.738282506497814	0.102	0.132	1	ZNF302	c2
0.138645575171506	0.738127494117891	0.03	0.017	1	ZNF597	c2
0.00157324299116658	0.737955464967065	0.19	0.118	1	P2RX4	c2
0.000265014764058927	0.736987933949454	0.127	0.062	1	PGPEP1	c2
0.00667773452498239	0.736986509676712	0.063	0.029	1	WSB2	c2
0.467381493910545	-0.73657142430851	0.006	0.01	1	AP000977.1	c2
0.417864652323856	-0.736427851825573	0.021	0.029	1	ZSCAN29	c2
0.318073115587404	-0.735626994974047	0.009	0.017	1	ZNF546	c2
0.264573465153004	-0.73509998049226	0.136	0.15	1	MAP3K4	c2
0.0892342060863056	-0.735077828059868	0.12	0.152	1	SGSM3	c2
0.063441510799697	0.73503762556987	0.021	0.008	1	IFT81	c2
0.000129917662792691	0.734830662459658	0.157	0.079	1	RIT1	c2
0.304743914881757	0.734511875819305	0.012	0.006	1	AC114490.3	c2
0.554544939732435	-0.734245845342969	0.012	0.008	1	TRAV34	c2
0.0572851881020953	-0.733014094553891	0.169	0.201	1	SLC7A6	c2
0.0214636416206289	0.732438048130663	0.045	0.021	1	ZSCAN21	c2
0.000348667214489065	0.731773789708705	0.127	0.063	1	ATP2C1	c2
0.000464067524901207	0.730971950186368	0.127	0.064	1	ITPRIPL1	c2
0.903735351296092	-0.730642433938019	0.018	0.019	1	TEF	c2
0.0279673455838672	0.730592768898116	0.039	0.018	1	SLC27A4	c2
0.280519167278341	0.730575320845163	0.018	0.01	1	PEX12	c2
0.0032418253956212	0.729860765760532	0.066	0.029	1	ACOT4	c2
0.318481880855052	-0.729754360480545	0.045	0.059	1	PRAG1	c2
0.947488439774539	-0.729284094908818	0.012	0.011	1	ERP27	c2
0.653742711821053	-0.72872375112308	0.039	0.044	1	MED9	c2
0.624429506618369	-0.728098526026121	0.027	0.032	1	KLF4	c2
0.951155813632611	-0.727908427413822	0.012	0.011	1	MED14OS	c2
0.0744552834824182	0.727243739927876	0.033	0.017	1	FUT4	c2
0.257359443987947	-0.726673042940654	0.066	0.084	1	LRRC23	c2
0.000154976885965229	0.726610450477292	0.096	0.04	1	XRRA1	c2
0.00463345931673457	0.726469053161545	0.09	0.047	1	UBA6-AS1	c2
0.0113460660450076	0.726244503833504	0.19	0.135	1	SPINK2	c2
0.825372630973529	-0.726036775400387	0.063	0.064	1	FAHD1	c2
0.701966844920331	-0.725774089391288	0.009	0.011	1	ADCK1	c2
0.0701805611679432	0.725651566288946	0.042	0.023	1	ADNP2	c2
0.379643274924239	-0.725625836970913	0.051	0.063	1	MRPL53	c2
0.00243934341802848	0.725455483131406	0.108	0.057	1	CSTF3	c2
0.141877784833057	-0.72526417492054	0.057	0.08	1	ZMYM1	c2
0.225395168183051	-0.725003485208331	0.06	0.078	1	LINC00662	c2
0.178034054664261	-0.724600122930829	0.102	0.123	1	ALKBH3	c2
0.0500148562081665	0.724130925056083	0.027	0.011	1	PER3	c2
0.737527024332441	-0.724080365478658	0.102	0.102	1	SLC9A9	c2
0.00298428960956268	-0.723510948774437	0.283	0.342	1	ADD3	c2
0.518250173175342	-0.723286199135849	0.021	0.027	1	DENND5A	c2
0.0531386075982926	0.72310999628801	0.03	0.014	1	ZNF23	c2
0.0394967880997476	0.722591362697159	0.036	0.017	1	USP35	c2
0.133589444698355	-0.722180812128479	0.033	0.053	1	AP005019.1	c2
0.0859257363881762	-0.72174783143673	0.093	0.124	1	CASP6	c2
0.207131393862678	0.721729367895278	0.018	0.009	1	AC016831.5	c2
0.788549059628746	-0.721650470166152	0.03	0.032	1	STK35	c2
0.00373934367520908	0.721614652403172	0.093	0.048	1	GHDC	c2
0.0249829079842936	0.721572240892377	0.033	0.014	1	SEC61A2	c2
0.208712976105895	0.721541885207617	0.042	0.028	1	LYSMD4	c2
0.0060577053634617	-0.721316840999251	0.105	0.165	1	PRDX4	c2
0.0119202737912732	0.721134463540426	0.057	0.027	1	SPSB2	c2
0.0152408426325678	0.72106866970798	0.09	0.052	1	HS3ST3B1	c2
0.276624260296497	-0.720665949189844	0.042	0.056	1	BCS1L	c2
0.0638561574261711	0.720466998183	0.051	0.029	1	CKMT2-AS1	c2
0.316090561960556	-0.719731551714283	0.009	0.017	1	AC006333.2	c2
0.015125855050014	0.719635731106352	0.072	0.039	1	RTL6	c2
0.00041468773465131	0.719416884703708	0.133	0.067	1	MYO9A	c2
0.00145567970633439	0.718711466275108	0.084	0.039	1	CEP41	c2
0.0906161622045241	0.718664299713923	0.042	0.024	1	EXTL3	c2
0.0408527184358981	0.718176779344375	0.045	0.023	1	AP002360.1	c2
0.820858922873646	-0.718153972054377	0.012	0.014	1	AGAP4	c2
0.0752435495040849	0.717987172558944	0.033	0.017	1	FBXW9	c2
0.814529712126822	-0.717472544270041	0.018	0.02	1	SLC9B1	c2
0.0523556621304577	0.717392818563083	0.063	0.038	1	WDSUB1	c2
0.468011992928351	-0.717306709851608	0.006	0.01	1	PLXNA1	c2
0.0390352193177543	0.717304263761495	0.057	0.031	1	SLC41A1	c2
0.000156839852317854	0.71725795252204	0.208	0.118	1	AP4B1	c2
0.420903985497758	-0.717222109599252	0.06	0.071	1	PDK1	c2
0.0678533801432208	-0.717123816072745	0.105	0.138	1	IFRD2	c2
0.252881691707605	-0.716622786912166	0.069	0.087	1	THEMIS2	c2
0.354108464787813	-0.716490388526578	0.057	0.07	1	IRS2	c2
0.0165516137976331	-0.716401443628079	0.217	0.268	1	PLIN2	c2
0.00120778368185683	0.716069017710907	0.114	0.059	1	EIF1AD	c2
0.295928172977731	0.715814411849474	0.027	0.018	1	GDPD1	c2
0.470658404393084	-0.715794947594235	0.012	0.018	1	ZNF724	c2
0.240934351145997	-0.715281438252878	0.018	0.03	1	AGER	c2
0.666064052493955	-0.714435416070544	0.033	0.038	1	UBOX5	c2
0.0804546340319062	0.714221719431557	0.015	0.005	1	KANK3	c2
0.00649119593127411	0.713794040040894	0.072	0.036	1	TOP3A	c2
0.390520377308562	-0.713596612083334	0.006	0.011	1	TTYH2	c2
0.294635168639729	0.713377653082638	0.015	0.008	1	AL158152.1	c2
0.394442538795132	0.713163461710316	0.015	0.009	1	AC002116.2	c2
0.00691882156233043	0.712892031004789	0.075	0.038	1	THAP8	c2
0.000899688452030361	0.712794740375054	0.105	0.051	1	ZNF529	c2
0.000809920957657421	0.712173490814545	0.16	0.09	1	FAR1	c2
0.00184003740897312	0.711861769124746	0.114	0.061	1	SLC25A53	c2
0.378676908340862	-0.711853699116374	0.024	0.033	1	ZNF528	c2
0.0454216560492043	0.71048531366805	0.024	0.009	1	CENPO	c2
0.00490704036636049	-0.709923072619902	0.196	0.26	1	DGKZ	c2
0.0118895159813433	0.709922970962278	0.054	0.025	1	AC016065.1	c2
0.00490175749921701	0.709561397053331	0.084	0.043	1	ZNF518A	c2
0.105493217484959	0.709382220401025	0.027	0.014	1	RMDN2	c2
0.368512687416112	-0.709281406154285	0.033	0.044	1	LINC01137	c2
0.280917038727388	0.709013371765846	0.018	0.01	1	DYRK3	c2
0.0131053548067923	0.708963660278734	0.105	0.063	1	RPRD1B	c2
0.0496675177210212	0.708925719552264	0.054	0.03	1	LIMD1	c2
0.0078618027408465	0.708880063103759	0.09	0.049	1	SLC9A8	c2
0.000709415445036796	-0.708715887324278	0.346	0.396	1	CYTH1	c2
0.371699605765237	-0.708603800704885	0.033	0.044	1	SLC12A7	c2
0.0407214143051397	-0.708114546884197	0.108	0.15	1	ZC3H6	c2
0.00493913650606736	0.708045652885902	0.078	0.039	1	PPP1R12C	c2
0.00330669708973293	0.707784572845702	0.066	0.029	1	TAP2	c2
0.000139840964814395	0.707557664541085	0.154	0.078	1	LPAR5	c2
0.029302287945814	-0.707334092423451	0.25	0.297	1	AC020571.1	c2
0.110948691073371	0.707215310979637	0.057	0.037	1	CBR4	c2
0.000213781509787194	0.707073405193303	0.178	0.097	1	TBC1D23	c2
0.808028265484244	-0.707063230404293	0.024	0.026	1	CSAD	c2
0.114133402312168	0.706533607981935	0.042	0.025	1	PLXNA3	c2
0.0133544591113853	0.706389289316361	0.03	0.01	1	BFSP2	c2
0.409030944926501	-0.706315999276665	0.012	0.019	1	C1orf112	c2
0.0983371380411875	-0.705620043816791	0.093	0.122	1	GPX7	c2
0.270881956976995	-0.704856582574786	0.093	0.11	1	RRP15	c2
0.000701100458134016	0.7048473770253	0.123	0.063	1	BRPF1	c2
0.000263492412677174	0.704823579614926	0.202	0.115	1	IREB2	c2
0.00131760319150535	0.704779908922229	0.139	0.076	1	POLL	c2
0.153082020572342	-0.704003357626608	0.033	0.052	1	SETD7	c2
0.31727911858473	-0.703816011428468	0.009	0.017	1	UBR5-AS1	c2
0.00637412259660929	0.703815445975673	0.048	0.02	1	LRRC56	c2
0.0186757876191248	0.70347331445672	0.075	0.042	1	PNPO	c2
0.0472598088675815	-0.703392779459414	0.12	0.158	1	TRMO	c2
0.118367399961633	0.703080359222764	0.012	0.004	1	VASH1-AS1	c2
0.00045233150670328	0.702953095776211	0.157	0.086	1	SNAI3	c2
0.00242368565847035	0.702770436101768	0.13	0.073	1	SLC25A40	c2
0.143478063515234	-0.702659197391204	0.048	0.07	1	RNF26	c2
0.00155285170778231	0.702494884426142	0.102	0.051	1	ERCC6	c2
0.724088866798198	-0.701980908857635	0.027	0.03	1	DET1	c2
0.496496251124245	-0.699811130618269	0.024	0.031	1	TRBV11-2	c2
0.541376722203933	-0.699720387846071	0.03	0.037	1	PRKAB2	c2
0.000858072391815238	0.699609463852282	0.105	0.051	1	SENP1	c2
0.141522572302748	-0.69942221271808	0.154	0.176	1	MSL3	c2
0.00782301871809703	0.699243510466915	0.09	0.049	1	FBXL6	c2
0.00231339627405573	0.699078546315721	0.099	0.05	1	GALNS	c2
0.0191875467561137	0.698807696945402	0.072	0.04	1	PPCDC	c2
0.263495310268008	-0.698558322529245	0.075	0.092	1	NHEJ1	c2
0.0157370572582406	-0.698420225355353	0.217	0.264	1	CD200R1	c2
0.624285433520792	-0.69801521207189	0.012	0.016	1	L3MBTL1	c2
0.0030455133025872	0.697980182516508	0.093	0.047	1	POLR1B	c2
0.295547140160306	0.697875694549041	0.015	0.008	1	AL031777.3	c2
0.563001889962903	-0.697843574618863	0.048	0.055	1	SETD1A	c2
0.283312311353618	0.697162633179356	0.018	0.01	1	ENTPD7	c2
0.346156961226614	-0.697140510690653	0.036	0.048	1	EAF2	c2
0.822187073012298	-0.696957549033299	0.015	0.017	1	ZEB1-AS1	c2
0.449097560069591	-0.696872508899482	0.033	0.042	1	PXYLP1	c2
0.186539907304309	0.696845846008594	0.027	0.016	1	DNAH1	c2
0.354418268075775	-0.696656458815471	0.027	0.038	1	RAB27B	c2
0.00018387563874952	0.696344249620496	0.099	0.042	1	AC025159.1	c2
0.201418090491298	0.696228048676272	0.021	0.011	1	PITPNM2	c2
0.369970103627481	-0.69574508386437	0.021	0.03	1	C19orf47	c2
0.144405840637345	0.695710755761203	0.027	0.015	1	CCNB1	c2
0.0754392275420418	0.694966252776575	0.036	0.019	1	NLK	c2
0.00286516036896451	0.69489233566755	0.13	0.074	1	RXYLT1	c2
0.00064767110279763	0.694801964908744	0.093	0.042	1	INVS	c2
0.000541008706205646	0.694777444763957	0.13	0.066	1	CBX4	c2
0.0107936716803956	0.694512428966865	0.048	0.021	1	HIC2	c2
9.36276545693688e-05	0.694234134146399	0.154	0.076	1	GTF3C1	c2
0.327561711553122	0.693908203956449	0.045	0.033	1	RGPD2	c2
0.00668701521559213	0.693592586767465	0.09	0.048	1	CARF	c2
0.0254447142288518	0.693466253838961	0.072	0.041	1	IPPK	c2
0.689941160883674	-0.693434975508191	0.012	0.009	1	DISP1	c2
0.0161153191303146	0.693307458632322	0.066	0.034	1	AACS	c2
0.419611535848234	0.693044324301634	0.012	0.007	1	C9orf66	c2
0.282123651933529	-0.693031062182832	0.036	0.05	1	ALPK1	c2
0.0161256148947925	0.693012719647971	0.063	0.032	1	MFSD9	c2
0.437245845175777	-0.692764473253336	0.093	0.103	1	ZBED1	c2
0.143598493834767	0.691770507688263	0.018	0.008	1	NUF2	c2
0.000861305536949019	0.691439240675572	0.133	0.07	1	FUCA2	c2
0.702673742839136	-0.691187046560343	0.009	0.011	1	PODXL2	c2
0.0951251686016504	0.690916145728948	0.054	0.033	1	CCZ1B	c2
0.0798787995706786	0.690766528767154	0.051	0.03	1	HEATR3	c2
0.054042809289504	-0.690673439288816	0.117	0.156	1	RASSF3	c2
0.0264879572665189	0.690551888170119	0.075	0.044	1	DNAAF5	c2
9.45211429952191e-05	0.690312643887638	0.181	0.096	1	CLN3	c2
0.117775592352588	0.690145100154742	0.012	0.004	1	AC007249.2	c2
0.0296412390229703	0.689717245365734	0.042	0.02	1	IFI30	c2
0.00570947992353841	-0.68939277362363	0.289	0.336	1	PLK3	c2
0.0299046676824833	0.689205790877103	0.048	0.024	1	POP1	c2
0.315663773286782	-0.689121643429598	0.036	0.049	1	SLC9A6	c2
0.72889992217546	-0.689051735157314	0.057	0.061	1	SZT2	c2
0.231526745519352	-0.688683901769619	0.102	0.121	1	CHD7	c2
0.428496662936038	-0.688641595448846	0.045	0.055	1	SCARB2	c2
0.00732286507252383	0.688348123707195	0.096	0.053	1	PPP1R8	c2
0.000126496926946907	0.688341766361515	0.169	0.089	1	CLPX	c2
0.422711773298709	0.687852268397429	0.012	0.007	1	SLC22A15	c2
0.48608189495326	-0.687634047526667	0.072	0.082	1	SCAI	c2
0.457034915802232	-0.687441933371495	0.045	0.054	1	NDUFV2-AS1	c2
0.00643527083896771	0.687338793138053	0.072	0.036	1	MFSD3	c2
0.433148075208878	-0.687173844255424	0.015	0.022	1	SNHG22	c2
0.13254094846777	-0.685985090365683	0.036	0.057	1	TRBV2	c2
0.194227064970046	0.685763792872053	0.054	0.038	1	PROSER3	c2
0.369895419257628	0.685357060848157	0.018	0.011	1	AC005332.6	c2
0.5103228033595	-0.685354021015939	0.03	0.038	1	AC007388.1	c2
0.349435194741604	-0.685130513628682	0.039	0.051	1	MARCH9	c2
0.294834104884978	-0.684930902518247	0.06	0.075	1	DCP1B	c2
0.00513386284938733	-0.684800681557923	0.292	0.341	1	FKBP5	c2
0.770523456606467	-0.684574179540379	0.069	0.071	1	LRCH1	c2
0.35767456714047	0.684573718412824	0.048	0.037	1	TEDC1	c2
0.0414070182300138	0.684297396884424	0.015	0.004	1	AC024909.2	c2
0.016917674433334	0.684188229014948	0.063	0.032	1	ZNF562	c2
0.000492256676008079	0.684162657300206	0.099	0.045	1	ZNF568	c2
0.00197787462207706	0.684151191134591	0.123	0.067	1	KCTD7	c2
0.0408091797594432	0.68404790368663	0.042	0.021	1	PAQR3	c2
0.00115190237601091	0.683972338459546	0.16	0.092	1	SLC43A3	c2
0.00122843680402075	0.683735362584981	0.096	0.046	1	CLPTM1L	c2
9.21526445980038e-05	0.683570826886332	0.16	0.079	1	YKT6	c2
0.000149195891920268	0.683219343579045	0.108	0.047	1	FAM174A	c2
0.297063378785516	-0.683161200026948	0.033	0.046	1	ZNF287	c2
0.0044474264403243	0.683152800523295	0.069	0.032	1	ELOVL6	c2
0.343005101912432	-0.68290175478079	0.045	0.059	1	TRAV26-1	c2
0.19399174028425	-0.682558748642596	0.072	0.093	1	NAA25	c2
0.000237383266373582	0.682483952609238	0.175	0.096	1	POLB	c2
0.474915690140056	0.681825023378653	0.024	0.018	1	GTF3C4	c2
0.000556271308655028	0.681253600006823	0.111	0.053	1	MRPL12	c2
0.00164997542976512	0.681229940911306	0.102	0.051	1	KCTD17	c2
0.54425364248006	0.681194151083687	0.012	0.008	1	MCM3AP-AS1	c2
0.821652186243719	-0.680723173847863	0.009	0.01	1	ENKD1	c2
0.000114949679839743	0.68063480244483	0.226	0.132	1	FAM120A	c2
0.0640253585391586	0.680630625891494	0.054	0.031	1	MMS22L	c2
0.136967914522056	0.680069452395049	0.03	0.017	1	MLLT11	c2
0.0266847756601022	-0.679612616031185	0.256	0.289	1	NPC2	c2
0.00359111597831041	0.679198976870985	0.123	0.07	1	TRIM37	c2
0.0275006087485137	-0.678804355648513	0.136	0.179	1	CD59	c2
0.303684012441723	0.678404401309308	0.012	0.006	1	LINC02447	c2
0.628933811378887	-0.678295328576644	0.012	0.016	1	AC092368.3	c2
0.00141888100913468	0.677822786158073	0.117	0.062	1	ATP2A2	c2
0.480297563252004	-0.67771815507657	0.066	0.075	1	ZNF398	c2
0.0023032528998022	0.677705083721929	0.13	0.073	1	MSH2	c2
0.0951160191783346	-0.677219963084829	0.09	0.119	1	GPN3	c2
0.0601591183037331	0.676842818933697	0.066	0.041	1	TRIM68	c2
0.0463634641695736	0.676124484770582	0.024	0.009	1	FAM215B	c2
0.0735139625118454	-0.675635257642814	0.006	0.021	1	TRBV15	c2
0.145202109935118	0.675471510174136	0.024	0.013	1	AC136475.2	c2
0.745111631824454	-0.675313000795549	0.045	0.048	1	ZBTB41	c2
0.0405294554831796	0.675033090941507	0.051	0.027	1	CPNE7	c2
0.194454518771132	-0.674398529160361	0.172	0.189	1	RUNX1	c2
0.101669967310117	0.674090753195175	0.033	0.018	1	RAD52	c2
0.0988884785813071	0.674029224413053	0.036	0.02	1	MOSMO	c2
0.200707533700714	0.673920515457593	0.012	0.005	1	DNAJC6	c2
0.163660668631772	-0.673113873061044	0.012	0.025	1	GDPD5	c2
0.104227436798168	0.6728090628031	0.024	0.011	1	DCUN1D3	c2
0.627188932508076	-0.672727883297908	0.012	0.016	1	VWDE	c2
0.0865850981273472	-0.672256728153823	0.151	0.182	1	AC026979.2	c2
0.420850023689478	0.672117629639578	0.012	0.007	1	AC034231.1	c2
0.00337856042360546	0.671248742456719	0.099	0.051	1	ZNF668	c2
0.101205650488534	-0.671174735226536	0.157	0.185	1	PDK3	c2
0.304596355859683	-0.671169945051338	0.033	0.046	1	SETD6	c2
0.214710460463942	-0.671000827285948	0.087	0.109	1	EGR3	c2
0.000369587867132032	0.670842616864167	0.157	0.084	1	ENDOD1	c2
0.0615081238932039	-0.670660954538053	0.142	0.185	1	LMNA	c2
0.00676776121108425	0.670426244687159	0.081	0.042	1	SMCR8	c2
0.0299149209684922	0.670351348232103	0.09	0.055	1	ING1	c2
0.00011265774557762	0.669785157100523	0.247	0.146	1	SLF1	c2
0.00884023120158961	0.669237497377328	0.127	0.077	1	MADD	c2
0.198319578490534	-0.669008426506033	0.108	0.13	1	EDEM1	c2
0.017500431419992	0.668998488852776	0.06	0.03	1	AL451062.3	c2
0.869013633631886	-0.668799465713232	0.045	0.046	1	FAM173B	c2
0.395501747976306	0.668754345713009	0.015	0.009	1	AC104184.1	c2
0.000292335595661156	0.668424469848873	0.12	0.057	1	GATC	c2
0.000315818047765667	0.66830676798745	0.111	0.051	1	RELL2	c2
0.680737172202899	-0.667265909189646	0.127	0.126	1	MAP3K5	c2
0.178705328930589	0.666804944040869	0.03	0.018	1	HHAT	c2
0.46612190969151	-0.66652831190737	0.006	0.01	1	AC021092.1	c2
0.324145592751515	-0.666097472521108	0.006	0.013	1	DLEC1	c2
0.292291307598307	-0.665521387480054	0.015	0.025	1	IFT122	c2
0.30065221674167	-0.665344321524451	0.024	0.036	1	TCF19	c2
0.0493316060490662	0.665302441865478	0.054	0.03	1	ENTR1	c2
0.0076214605021846	0.66527111412027	0.099	0.055	1	TMEM192	c2
0.158168257156199	-0.665187060503955	0.075	0.099	1	ZNF44	c2
0.000480521114703001	0.665143430541997	0.136	0.07	1	EIF4G3	c2
0.00896672917673964	0.664600508489937	0.033	0.011	1	SOX4	c2
0.0700150033699821	0.664303063932791	0.045	0.025	1	FAM185A	c2
0.823887946637188	-0.664141981352057	0.012	0.01	1	PLAT	c2
0.000521885295415893	0.663611465094525	0.114	0.055	1	DNASE1	c2
0.242968448204649	-0.663441536439181	0.03	0.045	1	ZNF318	c2
0.0505310644206637	0.663413890535002	0.027	0.011	1	KIAA0895L	c2
0.000753242559584026	0.662845539919803	0.163	0.091	1	FAM78A	c2
0.0051138243627314	0.662798881413809	0.081	0.041	1	CETN2	c2
0.781842358612656	-0.66255514254504	0.114	0.113	1	PVT1	c2
0.00515760962434241	0.662412362509871	0.099	0.053	1	ARMC7	c2
0.0850932518127001	0.662402424170355	0.048	0.028	1	NPEPL1	c2
0.662939340354161	0.662362772668691	0.027	0.023	1	ZNF624	c2
0.541893963819502	-0.662159045803388	0.033	0.04	1	KIF16B	c2
0.207463253774151	0.661811246040282	0.018	0.009	1	PSPH	c2
0.000128887194473997	0.66180958525702	0.117	0.052	1	RTP4	c2
0.542598490587471	-0.661732656729983	0.084	0.091	1	HEATR5B	c2
0.0652409915007687	-0.661438893310073	0.136	0.172	1	NR1D2	c2
0.0402609121596806	0.661383178174441	0.051	0.027	1	ACAD10	c2
0.00487136691213081	0.661263515257209	0.099	0.053	1	TM7SF2	c2
0.0587212695454541	0.661006403090543	0.057	0.033	1	TK2	c2
0.000957775534973893	0.660899651564764	0.13	0.07	1	ABCD2	c2
0.000229951979898925	0.660893753222989	0.187	0.104	1	LYST	c2
0.160493858353687	-0.660515898381997	0.015	0.029	1	ACSM3	c2
0.0453283683903127	0.660401602767402	0.024	0.009	1	BCL7A	c2
0.92770580109425	0.660328623772574	0.012	0.011	1	FXN	c2
0.00702933351193628	0.660269901885118	0.084	0.044	1	WHRN	c2
0.416176374411122	-0.660188420063195	0.06	0.071	1	AC008124.1	c2
0.640615772105926	-0.659890433833263	0.048	0.053	1	ZNF780B	c2
0.00113144073353002	0.659766440478028	0.13	0.069	1	MTMR2	c2
0.00347408162390207	0.659742708988072	0.066	0.029	1	FAM102B	c2
0.173836842984071	0.659213845555487	0.093	0.07	1	GPD1L	c2
0.464072967594377	-0.659192432931602	0.087	0.096	1	MANEA	c2
0.516262684447199	-0.659038563210467	0.018	0.024	1	MCM2	c2
0.00776645164638621	0.658637593971419	0.03	0.009	1	HMGB3	c2
0.507899810495112	-0.658452636548037	0.033	0.041	1	MBLAC2	c2
0.0121039463582843	0.658326009127976	0.066	0.033	1	ZMYM3	c2
0.014281900413565	0.658072845423193	0.111	0.068	1	ZNF484	c2
0.0474195611597586	0.65797431524791	0.102	0.067	1	ZFP91	c2
0.0010030110444783	0.657548174199639	0.148	0.082	1	PHF21A	c2
0.105493217484959	0.657189018377645	0.027	0.014	1	CBWD6	c2
0.000186700221744102	0.657146992804838	0.166	0.087	1	AC091959.3	c2
0.037409672427153	0.656973733534543	0.084	0.052	1	UBR3	c2
0.00274278915599623	0.656604191366646	0.154	0.092	1	CPTP	c2
0.00287149271734154	0.65627730508951	0.099	0.051	1	TXNL4B	c2
0.752470497018624	0.655764960948993	0.042	0.039	1	TRBV7-6	c2
0.0543756070423545	0.65570819809876	0.045	0.024	1	C21orf62-AS1	c2
0.118367399961633	0.655582172104089	0.012	0.004	1	CKLF-CMTM1	c2
0.295928172977731	0.654435863113203	0.027	0.018	1	RCCD1	c2
0.000354548484209295	0.653484804559166	0.13	0.064	1	MTOR	c2
0.663407228539379	-0.653034694702158	0.021	0.025	1	AC108134.3	c2
0.00248154993285054	0.652756863841898	0.139	0.079	1	VPS11	c2
0.924541369730718	-0.652753535153175	0.015	0.016	1	FGL2	c2
0.00350579298955325	0.652621341391129	0.105	0.056	1	BRF1	c2
0.0708911050806874	0.652598358049987	0.039	0.021	1	ADAMTS17	c2
0.000408050106859838	0.652222083926695	0.111	0.052	1	MXD1	c2
0.382365656266285	-0.651509157171651	0.063	0.075	1	SGSH	c2
0.646531271630384	-0.651086737507923	0.042	0.047	1	ERLIN1	c2
0.000461957931490329	0.650844694635254	0.259	0.164	1	DCPS	c2
8.22224363609726e-05	0.650772714727796	0.184	0.097	1	KLHDC4	c2
0.00017679859199406	0.650330456430389	0.256	0.154	1	ATP11B	c2
0.276869090703623	-0.650235967907925	0.051	0.067	1	GOLGA8A	c2
0.00328732374298192	0.650096511488365	0.099	0.051	1	WIPI1	c2
0.106481801235086	0.649960283626118	0.027	0.014	1	AC020928.1	c2
0.051583150834719	0.649817024020216	0.048	0.026	1	AC010422.3	c2
0.681219815313457	0.649215898636271	0.012	0.009	1	IGKV3-20	c2
0.000163410799319752	0.649089589744434	0.211	0.119	1	ADIPOR2	c2
0.0332425399813029	0.648529981862052	0.069	0.04	1	DLEU2	c2
0.36040447610876	-0.648366359509754	0.072	0.086	1	TNFAIP8L2	c2
0.000561563582437447	0.647885301946932	0.166	0.092	1	ARAP1	c2
0.00151971620538089	0.647432476074892	0.099	0.049	1	SLC25A33	c2
0.246521645906115	-0.646890661118352	0.114	0.132	1	KIAA0391	c2
0.000124880922369912	0.646844200996822	0.136	0.064	1	TEN1	c2
0.0194698788754737	0.646084289508748	0.057	0.029	1	TRAV5	c2
0.00619513932747107	0.645886134884774	0.111	0.064	1	IKZF5	c2
0.0077410822877836	0.645515344044073	0.111	0.065	1	SPAG16	c2
0.269519410753668	0.645306770157712	0.021	0.013	1	KSR1	c2
0.102814196483733	0.645068540598099	0.03	0.016	1	TRBV5-6	c2
0.176015389608021	-0.645057352241464	0.066	0.088	1	CCDC184	c2
0.401381373982061	-0.644408343508639	0.018	0.026	1	CUL7	c2
0.00771048826314666	0.644286158976138	0.13	0.078	1	PRKD3	c2
0.0107510807012381	0.643981083366512	0.078	0.042	1	NAPA-AS1	c2
0.00231548009345929	0.643906287119176	0.142	0.082	1	NIF3L1	c2
0.929577282253218	-0.643896482787433	0.048	0.048	1	DDX31	c2
0.507084632479697	-0.643481728210158	0.051	0.06	1	SLC25A13	c2
0.000146337955231464	0.643414783945178	0.214	0.123	1	HTRA2	c2
0.297556399204529	-0.643100731721365	0.084	0.1	1	ZNF426	c2
0.000357044596072767	-0.642790441700178	0.855	0.821	1	JUN	c2
0.361315490640002	-0.64172909338697	0.03	0.041	1	C10orf91	c2
0.00652462696300573	0.641708386338496	0.102	0.057	1	SCPEP1	c2
0.226980221050979	-0.641459194859416	0.157	0.172	1	REEP3	c2
0.273086053710829	-0.64125007788416	0.054	0.07	1	MTAP	c2
0.000120329213665778	0.640954676945689	0.202	0.112	1	PDXK	c2
0.0194132094015401	0.640574756536444	0.075	0.042	1	ZNF468	c2
0.618755324932318	-0.64034336800421	0.057	0.063	1	SFR1	c2
0.347446003633192	0.640076975439876	0.021	0.014	1	AC007952.4	c2
0.279534362344242	-0.63993830575197	0.072	0.089	1	LAS1L	c2
0.313308864597543	-0.639799668166644	0.072	0.087	1	IFIT5	c2
0.0558565407588893	0.639722562410038	0.045	0.024	1	WDR4	c2
0.0432463400246554	-0.639478714217682	0.063	0.099	1	DDX55	c2
0.817040893121533	-0.639328393488475	0.009	0.01	1	POU6F1	c2
0.00094473432618594	0.639289509038548	0.093	0.043	1	CCNG2	c2
0.171872865912661	-0.639176430842083	0.334	0.334	1	CHMP1B	c2
0.5524790876604	0.638995054706265	0.012	0.008	1	AC022211.2	c2
0.000657025285084343	0.638773758736998	0.154	0.085	1	DTNB	c2
0.739017698748991	-0.638496176014313	0.024	0.027	1	AL022328.4	c2
0.806575132528911	-0.638466500808818	0.024	0.026	1	TMEM182	c2
0.602756536337532	-0.638363227003941	0.009	0.013	1	CNKSR2	c2
0.178233286909705	-0.63799287471655	0.081	0.104	1	RCBTB2	c2
0.593693890939321	-0.637893494744292	0.099	0.106	1	NBPF15	c2
0.374535378154602	0.637404597703039	0.018	0.011	1	CHAF1B	c2
0.396031996486462	0.637309435011715	0.015	0.009	1	CHML	c2
0.0493721699101339	0.637143273421883	0.057	0.032	1	CDKL1	c2
0.655471015691225	-0.636813980410992	0.021	0.025	1	STXBP5	c2
0.819815971938336	-0.636700643260443	0.018	0.02	1	PALB2	c2
0.000150772372281816	0.63654359759845	0.19	0.104	1	DNMT3A	c2
0.391481989125625	-0.636490972487735	0.042	0.053	1	PLXNC1	c2
0.0131745080040443	0.636289022303747	0.072	0.038	1	ATPAF2	c2
0.882995081978505	-0.636251270869161	0.027	0.028	1	SDCBP2-AS1	c2
0.111159415047681	-0.636175802171793	0.108	0.137	1	C11orf1	c2
0.00240645098434613	0.635994287207802	0.208	0.133	1	RIOK1	c2
0.0273447705531295	0.635552927102068	0.066	0.037	1	ZNF583	c2
0.000299339396554562	0.635036198486101	0.136	0.068	1	SMAD5	c2
0.33403572182986	-0.634495049096834	0.021	0.031	1	RTTN	c2
0.000842755949389185	0.634317944508705	0.114	0.057	1	COPG2	c2
0.0961600985653077	0.634218459094534	0.042	0.024	1	ZRANB3	c2
0.313229741496032	-0.634152175846302	0.018	0.028	1	AC020765.2	c2
0.288786178183752	0.634060191793385	0.036	0.025	1	FAM213A	c2
0.255533156923747	-0.634047611114592	0.139	0.157	1	KANSL1-AS1	c2
0.0071447724621458	0.633764697870824	0.078	0.04	1	SMUG1	c2
0.00712528858792518	0.632702775434296	0.093	0.051	1	POLD3	c2
0.022008993263181	0.632449446712365	0.051	0.025	1	C4orf33	c2
0.00373413054627166	0.631865041976644	0.111	0.061	1	MAP3K14	c2
0.506430368988131	-0.63184003035767	0.096	0.104	1	DHRS13	c2
0.0232305218368928	-0.631813820337747	0.172	0.224	1	MID1IP1	c2
0.975150264598418	-0.631207124750687	0.015	0.015	1	ACACB	c2
0.996670908485833	-0.63109751028811	0.033	0.032	1	USP13	c2
0.452330614242222	-0.63098316392758	0.108	0.118	1	MCFD2	c2
0.026710740734704	-0.63090888862164	0.09	0.136	1	LINC02256	c2
0.550140751438817	-0.630899296523635	0.03	0.037	1	HABP4	c2
0.186830745223026	-0.630766534962978	0.193	0.208	1	CCNC	c2
0.0753455534026146	0.630755984571282	0.027	0.013	1	MROH6	c2
0.665298133299507	-0.630708497703464	0.033	0.038	1	ZNF257	c2
0.0431024699942941	-0.630636543805406	0.217	0.258	1	TLE4	c2
0.209462515883382	0.63032556090397	0.018	0.009	1	ZGRF1	c2
0.000250716577788482	0.630275246339475	0.232	0.139	1	TIMM23	c2
0.0554873616679584	0.63024507014348	0.039	0.02	1	TBC1D2	c2
0.565949191766567	-0.630127701350451	0.015	0.02	1	LINC01215	c2
0.000692321946465558	0.629931129438458	0.154	0.085	1	THOC1	c2
0.00161543019513475	0.629294967408371	0.111	0.056	1	RPP14	c2
0.000815754565071157	0.629247951251638	0.117	0.059	1	ZNHIT6	c2
0.0974469783306349	0.629079459947071	0.036	0.02	1	STX1A	c2
0.941622987326636	-0.629004472677935	0.012	0.011	1	TRBV5-5	c2
0.681652900405059	-0.628785544159234	0.072	0.076	1	WWC3	c2
0.566089906340519	-0.62823327538041	0.027	0.033	1	EMILIN2	c2
0.0011698778565979	0.62813456373846	0.123	0.065	1	PYGB	c2
0.000192964618717967	0.628086003736511	0.193	0.108	1	DNTTIP1	c2
0.000408225980114448	0.628082770068481	0.214	0.129	1	EPS8L2	c2
0.0402073849645735	0.627912307009167	0.051	0.027	1	ZNF213	c2
0.252465183629423	-0.627824685876572	0.039	0.054	1	C9orf72	c2
0.00592109968000263	0.627718053611425	0.102	0.056	1	C11orf24	c2
0.0779924537853577	0.627404877576851	0.054	0.032	1	SEPT8	c2
0.0277180501631255	0.627394736966292	0.063	0.034	1	ZNF627	c2
0.00995431727994953	0.627165802110622	0.108	0.064	1	BAZ2B	c2
0.341952788183416	0.62711475882474	0.03	0.021	1	RGS18	c2
0.147179912664608	0.626980667516135	0.021	0.01	1	CENPU	c2
0.0168597140295211	0.62697036865804	0.084	0.048	1	CRADD	c2
0.00405343289297392	0.626847966642441	0.078	0.038	1	C9orf64	c2
0.0111299444256173	0.626660794037909	0.081	0.044	1	KLHL42	c2
0.0745674780854364	0.626545667039419	0.033	0.017	1	ARL17A	c2
0.202770312095183	-0.626543029727276	0.057	0.077	1	NR2C1	c2
0.00233853645890263	0.626450907615962	0.084	0.04	1	MON1A	c2
0.224793268081234	-0.626377210282814	0.006	0.015	1	TTC30B	c2
0.37478980364214	-0.626316143134093	0.021	0.03	1	ZCWPW1	c2
0.350107565116751	-0.626136061548295	0.033	0.045	1	ZNF570	c2
0.542754844468594	-0.625653069046397	0.012	0.017	1	DPY19L1	c2
0.0149919359089649	-0.625095647907422	0.19	0.241	1	MAP4K2	c2
0.436040154018593	-0.624981534560182	0.015	0.022	1	HDAC11	c2
0.311019321114676	-0.624619211486538	0.111	0.127	1	SLC25A45	c2
0.329707098501265	-0.62460844785712	0.054	0.068	1	CFL2	c2
0.012674479974595	0.624167565994993	0.127	0.079	1	LACTB2	c2
0.341328319325424	0.624016849761252	0.021	0.014	1	DMPK	c2
0.296634055266896	-0.623623895002533	0.03	0.043	1	C3orf33	c2
0.00153217644501864	0.623617772973697	0.111	0.056	1	SLC35E3	c2
0.934933653807485	-0.623325830364429	0.012	0.013	1	IER3-AS1	c2
0.000722439696771788	0.622738319117494	0.13	0.067	1	SNRNP25	c2
0.510755149543425	-0.622635798982155	0.039	0.047	1	SLC37A4	c2
0.00172223972509725	0.622471413536856	0.133	0.073	1	IFT43	c2
0.00400608488602821	0.622427749985893	0.075	0.036	1	ZNF700	c2
0.984392445144943	-0.622193585321817	0.03	0.029	1	ZNF551	c2
8.17547794248694e-05	0.621983290792228	0.208	0.113	1	PHF23	c2
0.140736196099603	-0.621759027479508	0.274	0.282	1	TNIK	c2
0.011964780806616	0.621659402496603	0.054	0.025	1	HNRNPUL2	c2
0.607034270296942	-0.621512151748525	0.03	0.036	1	CCDC71L	c2
0.654636123910342	-0.620946634041083	0.018	0.022	1	LACTB2-AS1	c2
0.000165688097272565	0.620089432441733	0.142	0.069	1	SPTSSA	c2
0.1046395787109	0.619991111649317	0.03	0.016	1	GNA12	c2
0.00545757306181848	0.619757336273358	0.178	0.114	1	SNAPC2	c2
0.000104301637149246	0.619404186182839	0.244	0.142	1	OLFM2	c2
0.951889415059662	-0.618885366545358	0.012	0.011	1	ARMCX2	c2
0.000439956817693459	0.618590299642897	0.157	0.085	1	TYSND1	c2
0.000104342658252469	0.618125734090047	0.184	0.097	1	SLC35B3	c2
8.81193819705571e-05	0.618017224453207	0.232	0.134	1	CDK13	c2
0.404498395286784	-0.617225041725244	0.027	0.037	1	TRAV25	c2
0.611365158225699	0.616933882152211	0.015	0.011	1	AC073254.1	c2
0.161328078829655	-0.616580867109696	0.042	0.063	1	FAR2	c2
0.188974765212516	-0.61618949634956	0.087	0.11	1	HSBP1L1	c2
0.0131070519199044	0.615742292860019	0.123	0.076	1	RNF8	c2
0.423122872641513	-0.615726761260455	0.021	0.029	1	RNLS	c2
0.0184028836696594	0.615643013405494	0.081	0.046	1	SRCAP	c2
0.0222506415465944	0.615581312965267	0.06	0.031	1	SEMA4B	c2
0.391066230205015	-0.615572117463835	0.006	0.011	1	LRRC20	c2
0.209225035941835	-0.614805338572648	0.151	0.17	1	TOB1	c2
0.144645320056197	0.614588695495299	0.018	0.008	1	AL513550.1	c2
0.0558394915445282	0.614537288972832	0.033	0.016	1	PIGW	c2
0.000443870720902406	0.614247979705549	0.108	0.05	1	OTUD4	c2
0.0194861139544406	0.614174641949194	0.072	0.04	1	ACER3	c2
0.00012889171349096	0.613732987883221	0.223	0.127	1	TBC1D17	c2
0.105544637007795	0.61330544375819	0.024	0.011	1	ZSCAN12	c2
0.341734006917165	0.612822092881312	0.021	0.014	1	RMI2	c2
0.188695140187163	-0.612473406766965	0.102	0.123	1	PLOD3	c2
0.000787854264529638	0.612335497155039	0.133	0.069	1	PITPNM1	c2
0.564858854622294	-0.612241295595792	0.066	0.073	1	COQ2	c2
0.633596942858595	-0.611980675846164	0.012	0.016	1	RNF19B	c2
0.0568779162586298	0.611976800157487	0.039	0.02	1	MIEF2	c2
0.255247996895989	-0.611951746869931	0.042	0.057	1	EPHA1-AS1	c2
0.0370347073321823	-0.611784741907578	0.123	0.168	1	SLC39A8	c2
0.299332829584938	-0.611752975981092	0.033	0.046	1	SKP2	c2
8.93491975573597e-05	0.611691865334912	0.145	0.069	1	PUDP	c2
0.000773683761283332	0.611299723492891	0.169	0.096	1	RTL8A	c2
0.000918325014050466	0.611100094384611	0.16	0.09	1	MARF1	c2
0.00470236879199842	0.610896363187639	0.105	0.057	1	C8orf82	c2
0.00594351739749905	0.610833717713451	0.13	0.076	1	TRIM33	c2
0.00132941773890191	0.610792880215759	0.12	0.063	1	UCK1	c2
0.489130759008469	-0.610746512994853	0.024	0.031	1	MPZL1	c2
0.000866423840723247	0.610565156186602	0.16	0.089	1	TOR2A	c2
0.725812550849451	0.610536596996758	0.015	0.013	1	AL357054.4	c2
0.000645151549774225	0.61031235184026	0.136	0.071	1	CRACR2A	c2
0.0103754380992036	0.610203899352495	0.145	0.093	1	C20orf204	c2
0.0865778947578134	-0.609993229769672	0.063	0.091	1	MPP1	c2
0.316090561960556	-0.609075206018117	0.009	0.017	1	GPR157	c2
0.0767255439329711	0.60906722888032	0.033	0.017	1	TPCN2	c2
0.0271267112937834	0.609007374520371	0.081	0.048	1	NOP14-AS1	c2
0.000449473731005967	0.60864947483566	0.157	0.084	1	TMEM181	c2
0.00166017767050564	0.608200494012198	0.114	0.06	1	MED12	c2
0.140831385378513	-0.608033383827381	0.105	0.133	1	ETV6	c2
0.103965583667592	0.607988360644407	0.024	0.011	1	L2HGDH	c2
0.30099915818634	-0.607876718468703	0.072	0.088	1	PDHX	c2
0.000517412903190106	0.607719069447129	0.178	0.1	1	RUSC1	c2
0.12902871046468	-0.607654479980851	0.06	0.086	1	ALKBH2	c2
0.00281878210998283	0.607653627618721	0.108	0.057	1	TDRD3	c2
0.00739173385504907	0.607531648027374	0.048	0.02	1	PSEN2	c2
0.654539873531061	-0.606691231274163	0.021	0.025	1	KLHL25	c2
0.0303870966141085	0.606549343945892	0.048	0.024	1	CEP76	c2
0.228194070526221	-0.606466780495084	0.154	0.173	1	WDR74	c2
0.0938342197969426	0.60632996536278	0.078	0.052	1	ZNF71	c2
0.0618106265434549	0.60625252397078	0.054	0.031	1	GNAO1	c2
0.0696592267279525	0.606209084823965	0.045	0.025	1	AFG1L	c2
0.625713601081778	-0.605907334453993	0.027	0.022	1	CDCA7L	c2
0.0534340978696809	0.605865743112799	0.078	0.049	1	LINC02132	c2
0.000590179189918411	0.605737368843696	0.127	0.064	1	TBC1D31	c2
0.0161262795125405	0.605309627362312	0.051	0.024	1	GSTZ1	c2
0.0012011728163824	0.6052958799045	0.13	0.069	1	FAHD2A	c2
0.0058612355857005	0.605275434089763	0.12	0.07	1	TIMM21	c2
0.0211587938926092	0.605026819490552	0.09	0.053	1	METTL25	c2
0.197501466379069	0.604955623376592	0.024	0.014	1	IRAK1BP1	c2
0.000283152039588609	-0.604858796372853	0.322	0.403	1	SYPL1	c2
0.0751935573975832	0.604521063145591	0.039	0.021	1	LONRF1	c2
0.0949304922312089	0.604288108039401	0.063	0.041	1	PPP1R3D	c2
0.000177947008231251	0.603920400236039	0.16	0.082	1	KCTD5	c2
0.0636692767130246	0.603761356699011	0.069	0.043	1	USP46	c2
0.568848188599764	-0.603371689223317	0.036	0.043	1	GIN1	c2
0.000116125799408783	0.60302241842954	0.253	0.15	1	TPP2	c2
0.100213656786001	0.602659946945175	0.036	0.02	1	DOT1L	c2
0.0891290953193306	0.602162015190657	0.045	0.026	1	FAM111A-DT	c2
0.0114760602977681	0.602135741194411	0.084	0.046	1	ARRDC1-AS1	c2
0.0076345831390393	0.601808324568115	0.102	0.057	1	ZNF576	c2
0.40112056292635	-0.601800662110964	0.069	0.082	1	RNASEH2A	c2
0.104486487292666	0.601630949149274	0.03	0.016	1	LRRC37B	c2
0.00332656731699864	0.601613677923501	0.117	0.065	1	NCALD	c2
0.00386619617411822	0.601543867003909	0.087	0.044	1	ARHGAP35	c2
0.00374332240855629	0.601533714827788	0.102	0.054	1	LETM1	c2
0.0059342011758234	0.601480401805257	0.199	0.133	1	GATD3B	c2
0.0800654965851232	0.601471074334206	0.015	0.005	1	ASRGL1	c2
0.3765567461303	-0.601299216541074	0.084	0.098	1	AC093010.2	c2
0.00262983539007356	0.601082935489687	0.154	0.09	1	BMT2	c2
0.00322509924891184	0.601052123385042	0.163	0.099	1	GON7	c2
0.0022650251677528	0.601051795024732	0.166	0.099	1	ATG16L1	c2
0.746473854878609	-0.600929030755736	0.024	0.027	1	AC124016.1	c2
0.000414878496005613	0.600737611109346	0.148	0.078	1	GABPA	c2
0.277738159605841	0.600264071390758	0.03	0.02	1	C4orf46	c2
0.409424623363363	-0.600223812914762	0.066	0.078	1	DSTYK	c2
0.000199333746203465	0.599789155313408	0.19	0.104	1	KMT5B	c2
0.0163294066283482	-0.599666743836187	0.277	0.318	1	CRTAP	c2
0.573919846213297	-0.59932456378168	0.036	0.043	1	LARP1B	c2
0.00729533449926483	0.599221909504609	0.075	0.038	1	FDXR	c2
0.000995170822816854	0.599027232435072	0.12	0.062	1	GXYLT1	c2
0.0560392553666789	0.598890849563364	0.018	0.006	1	POMT2	c2
0.0548164077807548	0.598883576561657	0.045	0.024	1	WDR81	c2
0.188865709778766	0.598800922818832	0.027	0.016	1	NCAPG2	c2
0.0120940329919338	0.597858265547498	0.063	0.031	1	TMEM63B	c2
0.039622558732834	0.597836518751353	0.051	0.027	1	SLC22A5	c2
0.104665052364035	0.597245524844465	0.024	0.011	1	CCSAP	c2
0.0568450987876706	0.597086671328563	0.06	0.036	1	IFT22	c2
0.104375814328645	0.596058585799982	0.051	0.031	1	INAFM1	c2
0.151404421962659	0.595822936224225	0.06	0.041	1	MAPK7	c2
0.599820188709976	-0.595435689332199	0.069	0.075	1	PRMT5	c2
0.064899167172438	0.595426575602647	0.021	0.008	1	BCLAF3	c2
0.0275690118592056	0.595132505900516	0.024	0.008	1	SCARB1	c2
0.0710912902017827	0.595122426581567	0.045	0.025	1	SEPSECS	c2
0.241541859921986	0.59510905734481	0.027	0.017	1	ZNF473	c2
0.136205357497112	0.594275129227803	0.033	0.019	1	B4GAT1	c2
0.272812027088126	-0.594096791758506	0.006	0.014	1	MMACHC	c2
0.182888172708798	-0.59391096967558	0.148	0.169	1	BEX2	c2
0.662122915364019	-0.593907290211942	0.018	0.022	1	HIST1H2AK	c2
0.106656653754601	-0.593806885926244	0.093	0.123	1	AKT3	c2
0.396007522227015	-0.593569742873988	0.039	0.05	1	PRKAG2-AS1	c2
0.20879455072079	0.59337886802749	0.018	0.009	1	CCNJ	c2
0.0219104482928319	-0.592299385009219	0.148	0.195	1	MBNL2	c2
0.394442538795132	0.592221690149564	0.015	0.009	1	GAS2L1	c2
0.000143615663803241	0.59203028545721	0.286	0.178	1	SAR1A	c2
0.000162197530424353	0.591974114805395	0.223	0.129	1	CAPNS1	c2
0.11807120528777	0.591912532619392	0.012	0.004	1	AC233723.1	c2
0.268151193340263	-0.591890987643493	0.018	0.029	1	ZFP30	c2
0.530268914523922	0.591617002468943	0.03	0.024	1	REEP6	c2
0.0019537007069887	0.591480483723212	0.127	0.069	1	L3MBTL2	c2
0.0016025595967904	0.59145670745535	0.127	0.068	1	SARS2	c2
0.344990608034909	0.59110732762916	0.021	0.014	1	MIR497HG	c2
0.00412173650348754	0.591014442904501	0.084	0.042	1	NAA40	c2
0.0149767816843188	0.590574537296437	0.078	0.043	1	EEF1AKMT1	c2
0.0674115335132014	-0.590543838716203	0.298	0.311	1	SSH2	c2
0.655134174840248	-0.590530616030527	0.018	0.022	1	TMEM30B	c2
0.000198756279049447	0.590234952703493	0.623	0.542	1	UCP2	c2
0.000181442531551553	0.589251960685741	0.268	0.164	1	C19orf12	c2
0.00127972446389726	0.588921134886756	0.154	0.087	1	THEM6	c2
0.571401310380682	-0.58855454279447	0.015	0.02	1	ARF4-AS1	c2
0.267392079407065	0.58833530216732	0.021	0.013	1	TSPAN2	c2
0.000130186891147985	0.58831188562132	0.268	0.162	1	SLAMF6	c2
0.978419108747509	-0.588137148727752	0.015	0.015	1	AC011611.3	c2
0.639676046613564	-0.588063954371799	0.042	0.036	1	USP18	c2
0.0995379628343135	-0.587922030170563	0.253	0.273	1	CHD3	c2
0.000230718138247624	0.587750174956936	0.093	0.039	1	NINJ2	c2
0.15407842020511	-0.587599754381535	0.111	0.136	1	NANS	c2
0.0581900225071428	0.587432296271134	0.072	0.045	1	CPEB4	c2
0.00291234387274529	0.587310694051469	0.096	0.049	1	SLC35F5	c2
0.000103849732467907	0.587055461846453	0.181	0.093	1	SIPA1L1	c2
0.269668332443107	-0.587016844635248	0.111	0.129	1	HELQ	c2
0.00859071902894119	0.586788045177543	0.13	0.079	1	WASHC5	c2
0.093218894184761	0.586467324915489	0.057	0.036	1	IFI27L1	c2
0.0071203352046986	0.585559080067883	0.066	0.031	1	SLX4IP	c2
0.000135890377383595	0.585542915516266	0.286	0.175	1	KEAP1	c2
0.000860264870532116	0.585493346136801	0.084	0.037	1	AL441992.1	c2
0.9971705583512	-0.585403406546968	0.024	0.024	1	TRAV26-2	c2
0.000377787475307009	0.585113503383062	0.16	0.086	1	MR1	c2
0.10204612643204	0.584859691045654	0.021	0.009	1	YTHDF3-AS1	c2
0.460584642918679	-0.584359633583094	0.066	0.076	1	THAP2	c2
0.00481137285878886	-0.583901441883295	0.657	0.637	1	CYCS	c2
0.0393024418701396	0.583899417499406	0.036	0.017	1	ZNF77	c2
0.2028029603126	0.583599600592815	0.012	0.005	1	AC123768.3	c2
0.00526483318003358	0.582938501569756	0.081	0.041	1	NBPF12	c2
0.673408285233508	-0.582899336187983	0.024	0.028	1	CENPL	c2
0.111612768072662	0.582884185731211	0.057	0.037	1	UBAC1	c2
0.000803363430467002	0.582405948781432	0.151	0.083	1	ICAM1	c2
0.148093399235029	0.582356523331023	0.024	0.013	1	FSD1L	c2
0.000553389477943186	0.582250648168321	0.139	0.071	1	MAGED1	c2
0.00395834445874558	0.581958516827629	0.075	0.036	1	CDK19	c2
0.632054069957662	-0.581756005433659	0.063	0.069	1	AC025171.2	c2
0.0905701087111854	-0.581485016712789	0.187	0.218	1	NOC2L	c2
0.0918593731455489	0.581432099398396	0.066	0.043	1	OPN3	c2
0.475991926074193	-0.581390420791319	0.087	0.097	1	PHACTR2	c2
0.00551158006389288	0.58137798675708	0.087	0.045	1	MROH1	c2
0.0971867008593169	0.580796911104085	0.036	0.02	1	EOMES	c2
0.00494285920143117	0.580692949376867	0.142	0.085	1	SCYL2	c2
0.451755160227921	0.580662362391139	0.009	0.015	1	NEURL4	c2
0.397093780674346	0.580584041575113	0.015	0.009	1	AL590705.1	c2
0.0193489446393044	0.580044547819602	0.13	0.085	1	KLHL7	c2
0.00184047725967537	0.579917091526641	0.099	0.049	1	NUP188	c2
0.847266898218787	-0.579890758874757	0.051	0.052	1	SLC35F6	c2
0.00274818383945941	0.579396243646492	0.139	0.079	1	TAF1B	c2
0.0490118661100643	0.579309491944076	0.081	0.051	1	SSFA2	c2
0.00158441349375583	0.5792710814272	0.117	0.062	1	NF1	c2
0.0742000254938629	0.579149046699031	0.027	0.013	1	AL445524.1	c2
0.164725987326688	-0.578438411439995	0.111	0.136	1	SGTB	c2
0.0347601703635218	0.578330700649753	0.066	0.038	1	ADCK5	c2
0.0232385505058106	0.578316477222352	0.057	0.029	1	FAM216A	c2
0.0402683678889823	0.578261147284381	0.039	0.019	1	ZNF529-AS1	c2
0.652645458662102	-0.578150544196693	0.018	0.022	1	SPATA24	c2
0.361122452137443	-0.577840232005217	0.078	0.092	1	HIRIP3	c2
0.0296128681330708	0.577788697108419	0.045	0.022	1	SLC26A6	c2
0.201125349960703	0.577640350232368	0.012	0.005	1	C16orf45	c2
0.302626562157045	0.577124215462661	0.012	0.006	1	TRBV25-1	c2
0.183972672908559	0.576945663971642	0.042	0.027	1	FAM83G	c2
0.107475428965921	-0.576576498040281	0.163	0.189	1	PRKCA	c2
0.000739648828514266	0.576538745707977	0.139	0.073	1	MTMR3	c2
0.618706042081289	-0.576331209171007	0.123	0.126	1	THAP5	c2
0.422711773298709	0.576292093184533	0.012	0.007	1	MRC2	c2
0.0405557648650103	0.57591744072401	0.048	0.025	1	RWDD2B	c2
0.00432935110456764	0.575783110619245	0.075	0.036	1	ZSWIM8	c2
0.00223170224188894	0.575781377754117	0.075	0.033	1	ERICH6-AS1	c2
0.337614870916746	-0.575421806049558	0.09	0.106	1	BTD	c2
0.00283845159822433	0.575347048531469	0.117	0.064	1	CTPS1	c2
0.003270899289331	0.57529666278344	0.133	0.076	1	MRS2	c2
0.0220336447733479	0.575245443782455	0.054	0.027	1	TBCEL	c2
0.227370922437977	-0.574639688361578	0.009	0.019	1	CBR3	c2
0.000271125681902427	0.574326705881282	0.136	0.067	1	PCED1A	c2
0.00181764304138565	0.573422633706205	0.12	0.064	1	ALG6	c2
0.559845500508755	-0.573416614920157	0.051	0.059	1	EHBP1	c2
0.0231021958028368	0.573315726434356	0.06	0.031	1	TOMM40L	c2
0.2981937531931	-0.573303874498232	0.117	0.133	1	INO80D	c2
0.246836054422839	0.572988894205346	0.036	0.024	1	RAPGEF2	c2
0.0661122484436871	0.572806856655317	0.021	0.008	1	NAT14	c2
0.29760963883476	-0.572754342829871	0.114	0.13	1	APBA2	c2
0.0209387233029601	0.572644028805809	0.093	0.055	1	FAM76A	c2
0.242423928196276	-0.572493232932264	0.123	0.141	1	ABRAXAS1	c2
0.546988681200588	0.571956538045766	0.012	0.008	1	ZFP37	c2
0.0160587146163068	0.571879705623379	0.09	0.052	1	ARL8A	c2
0.000785691861888946	0.571574177141069	0.265	0.171	1	SCYL1	c2
0.00301484550571075	0.571389936724646	0.217	0.142	1	TLE3	c2
0.00058046812204343	0.571338768063684	0.154	0.083	1	GTF3C5	c2
0.655179999409991	-0.571163386609888	0.057	0.063	1	LINC01943	c2
0.278682561238942	-0.571083457092672	0.057	0.073	1	SEH1L	c2
7.88165647976512e-05	0.570832303307559	0.292	0.176	1	SAMM50	c2
0.154184656194544	-0.570463620917063	0.404	0.326	1	EGR1	c2
0.00908712874152694	0.570426216737623	0.087	0.047	1	AC084033.3	c2
0.0022577384802666	0.570162129882906	0.181	0.112	1	PMAIP1	c2
0.105697642690083	0.570150152899559	0.033	0.018	1	LCMT2	c2
0.420313682803146	-0.570071077139486	0.021	0.029	1	ZIK1	c2
8.40072069930204e-05	0.570053961488179	0.19	0.1	1	NTAN1	c2
0.104489835848878	0.56988031103207	0.024	0.011	1	RAB11B-AS1	c2
0.250785201951843	-0.569781011635564	0.16	0.173	1	PSMG4	c2
0.000100757566791402	0.569274241144282	0.181	0.094	1	DDX41	c2
0.0950344506669713	-0.569264296215213	0.072	0.101	1	L3MBTL3	c2
0.0114660264593931	0.56923637163281	0.069	0.036	1	ADCK2	c2
0.47822045750177	0.569130827402235	0.045	0.037	1	AC044849.1	c2
0.0991210166397678	0.568778957690252	0.039	0.022	1	ZNF852	c2
0.270231094933663	0.568471664327538	0.021	0.013	1	CENPJ	c2
0.325550699997098	-0.567923537968356	0.006	0.013	1	AC024257.3	c2
0.0157845631456759	0.567735125857538	0.048	0.022	1	NKIRAS1	c2
0.000267520224387544	0.567663798480954	0.175	0.095	1	SOS1	c2
0.818546511024404	-0.567578225918855	0.015	0.017	1	CTPS2	c2
0.0112823219029579	0.567538645947552	0.09	0.05	1	UBAP2	c2
0.0924348437336147	0.567510754336453	0.042	0.024	1	AC009961.1	c2
0.0684589917988199	0.56739327757996	0.051	0.029	1	CYP2U1	c2
0.422711773298709	0.567378452420469	0.012	0.007	1	SPDYA	c2
0.00297038650954051	0.567367334324307	0.114	0.062	1	CXorf40A	c2
0.0865988046071624	0.567164385449383	0.048	0.028	1	ZFAT	c2
0.0236960286107042	0.567162746731304	0.06	0.031	1	CORO1C	c2
0.00402316781976368	0.567090350838626	0.145	0.087	1	C3orf58	c2
0.189020797319237	-0.566966621719951	0.181	0.201	1	C16orf54	c2
0.399236757854047	-0.566681529517286	0.084	0.098	1	AC025164.1	c2
0.437272150640697	-0.566548989139284	0.036	0.046	1	TMEM186	c2
0.565757736561616	-0.56595414743105	0.087	0.094	1	ADPRM	c2
0.64033558837073	-0.56577806275484	0.19	0.193	1	CTLA4	c2
0.187761368106813	0.565737631412636	0.027	0.016	1	TIGD2	c2
0.00308525726112944	0.56564129464393	0.154	0.092	1	RAB11FIP4	c2
0.335082946620587	-0.565426246295758	0.015	0.024	1	PTCH1	c2
0.00188479546885647	0.565406979007068	0.205	0.129	1	MACO1	c2
0.000101627106827107	0.565303295814012	0.334	0.215	1	SYTL2	c2
0.359230859755908	-0.565061852761025	0.042	0.054	1	TRIM35	c2
0.00927576527793256	0.564601295712763	0.06	0.028	1	ZNRF2	c2
0.0163444016465533	-0.564554131890949	0.307	0.349	1	DARS	c2
0.0197870671000304	0.564435788120656	0.081	0.046	1	C2orf76	c2
9.48343765416482e-05	0.564300929155715	0.229	0.129	1	CDC16	c2
0.235047262490627	0.564159155938768	0.057	0.042	1	TRAV38-2DV8	c2
0.266539208655195	-0.564072999701625	0.063	0.08	1	EPHB6	c2
0.146697266415181	0.563981768640167	0.021	0.01	1	UBAC2-AS1	c2
0.94275311958011	-0.56388883065966	0.063	0.062	1	INTS4	c2
0.000435537100000202	0.563829213212317	0.133	0.067	1	METTL18	c2
0.135855456561829	0.563582700952321	0.033	0.019	1	TRIM66	c2
0.161708843507544	0.563385406000062	0.036	0.022	1	LINC00342	c2
0.000184840576573669	0.563285096168945	0.154	0.078	1	NUP37	c2
0.00024991123364384	0.563101289325808	0.184	0.101	1	ZNF414	c2
0.000267480120964122	0.563084757465083	0.211	0.122	1	SLC35B1	c2
0.373270602724843	0.563078429883423	0.033	0.024	1	EVC2	c2
0.0191419272651131	0.562764217348556	0.13	0.084	1	PTGDR	c2
0.0742758260648666	0.562543472126809	0.039	0.021	1	MCU	c2
0.00640048073847773	0.562431664686816	0.151	0.094	1	SKAP2	c2
0.0151487342529781	0.562180221184299	0.081	0.045	1	PRMT6	c2
0.0619681203775531	-0.562112184129606	0.226	0.254	1	ATF1	c2
0.00674361606421364	0.561803636886753	0.163	0.102	1	ZNF84	c2
0.000627569578989961	0.561645719337529	0.196	0.116	1	TBC1D22A	c2
0.106335364067027	0.561606525652964	0.03	0.016	1	HSPA2	c2
0.282768025600302	-0.561580168391768	0.139	0.154	1	FNDC3A	c2
0.965528396818911	-0.561535641870315	0.063	0.061	1	BTRC	c2
0.393254271064979	-0.561442784577261	0.006	0.011	1	GOLGA6L4	c2
0.000660515987116801	0.561296495814867	0.145	0.077	1	ISOC2	c2
0.50821211716094	0.561290399926301	0.021	0.016	1	SDR42E1	c2
0.011010439666999	0.561251369540962	0.157	0.102	1	ZCCHC9	c2
0.516262684447199	-0.560998516026699	0.018	0.024	1	SALL2	c2
0.0304697256372184	0.560945451166153	0.054	0.028	1	AC021188.1	c2
0.000371473274259718	0.56080618185924	0.187	0.104	1	ERAL1	c2
0.000383956870811735	0.560686569483854	0.208	0.121	1	CXorf38	c2
0.00066605996547845	0.560585745975613	0.154	0.084	1	ZFAND2A	c2
0.825947142854587	-0.560527205668666	0.021	0.019	1	SLC44A3	c2
0.501755150568295	-0.560462038132504	0.096	0.106	1	TTC39B	c2
0.500020515127101	-0.560142607139169	0.078	0.087	1	HSF2	c2
0.00475231743116739	-0.55994104740132	0.262	0.329	1	BCL2	c2
0.00398517515566533	0.559609233842065	0.09	0.046	1	TUBG2	c2
0.0183766571912821	-0.559591247440477	0.265	0.309	1	MTERF4	c2
0.507782069267948	-0.559577359176632	0.015	0.01	1	SLC25A29	c2
0.106812956269555	0.559352696908127	0.027	0.014	1	SYNPO2	c2
0.00337946502780497	0.559270513319332	0.169	0.106	1	NAALADL1	c2
0.0401513100529885	0.558921078092637	0.075	0.045	1	LMO7	c2
0.00461651864851896	0.558812751408312	0.117	0.066	1	ZNF7	c2
0.00159241683291921	0.55876825977454	0.175	0.103	1	UBA6	c2
0.0117546496274534	0.558674733602095	0.108	0.064	1	RNF121	c2
0.0557069513547047	0.558464776635903	0.045	0.024	1	AC010522.1	c2
0.122703025268783	-0.558412663526977	0.111	0.142	1	ZNF83	c2
0.0024354183794428	0.558335289160223	0.145	0.082	1	RHBDF2	c2
0.135762828183057	0.558324204711073	0.015	0.006	1	AL117336.3	c2
0.165109628408159	0.558193476573837	0.036	0.022	1	STK11IP	c2
0.402661154200217	-0.558137177814956	0.027	0.037	1	BPHL	c2
0.552559110976408	-0.557807856979505	0.057	0.065	1	DAPP1	c2
0.196827775024944	-0.557637757993582	0.298	0.307	1	TLK1	c2
0.00114522918825519	0.557558496328348	0.154	0.086	1	SMG5	c2
0.246440149179837	-0.557489929911652	0.087	0.109	1	ACSL6	c2
0.000667563941130404	0.55741467975768	0.075	0.03	1	PSAT1	c2
0.0662039721127524	0.557234673527893	0.051	0.029	1	ACTR3B	c2
0.000240246595845102	0.557060416018282	0.196	0.11	1	ATG4D	c2
0.0014547098145215	0.556968542800415	0.217	0.137	1	CTBP1	c2
0.446177509995019	-0.556956814758494	0.06	0.071	1	ARL13B	c2
0.0552601843498122	0.556837305052028	0.045	0.024	1	KDM4A	c2
0.00254864273499308	0.556476079494248	0.127	0.07	1	C8orf33	c2
0.582391180523387	-0.55632343068654	0.018	0.023	1	MCC	c2
0.363459782241751	0.556321774375679	0.018	0.011	1	TMEM147-AS1	c2
0.00091235313946133	0.556186229440974	0.142	0.076	1	DCLRE1C	c2
0.000480966716503669	0.556165220685359	0.148	0.077	1	ZNF37A	c2
0.0992473303949528	0.556152039931733	0.039	0.022	1	WIZ	c2
0.988992840813697	-0.556133433207376	0.021	0.021	1	H2AFY2	c2
0.0004434166716277	0.556022557412997	0.217	0.129	1	DEDD	c2
0.0518821531951784	0.55586931817392	0.054	0.03	1	TMEM44-AS1	c2
0.147663772090282	0.555514743337448	0.021	0.01	1	GEN1	c2
0.676504150137315	-0.555004291379577	0.045	0.05	1	TSGA10	c2
0.00164749053564755	0.554822978656036	0.154	0.088	1	KLC2	c2
0.667067630019553	-0.554780842273057	0.027	0.031	1	ZNF438	c2
0.00208788851405348	0.554699476762888	0.148	0.084	1	GMPPA	c2
0.66615119068396	-0.55459284604693	0.045	0.05	1	AC006213.2	c2
0.106309894775029	-0.554159791663836	0.151	0.183	1	CDC14A	c2
0.00230746356699062	0.554002954393251	0.108	0.056	1	SLC35E2A	c2
0.2674511538602	-0.553329820648957	0.199	0.21	1	LINC01550	c2
0.036670635348683	0.553182628872001	0.063	0.036	1	PXMP2	c2
0.581863711611825	0.552777026836251	0.027	0.022	1	TESMIN	c2
0.373774947798027	-0.552712439537163	0.009	0.016	1	CD274	c2
0.103524497817565	0.552446516936394	0.033	0.018	1	DHX32	c2
0.304743914881757	0.552079227353837	0.012	0.006	1	USP31	c2
0.00409217447173649	0.551720646847573	0.096	0.05	1	CPT2	c2
0.000396044888371911	0.551270400111847	0.355	0.242	1	CYB5B	c2
0.203505666924345	-0.55091348218184	0.154	0.172	1	PNMA1	c2
0.477470585182447	-0.550084229895812	0.045	0.054	1	AKAP1	c2
0.0403312008196104	0.550020659404844	0.039	0.019	1	ZSWIM3	c2
0.0667495330714065	0.54957474775634	0.048	0.027	1	APPL2	c2
0.000191143341668634	0.548831318714528	0.163	0.085	1	ACADS	c2
0.0606677671329506	0.548661521341085	0.06	0.036	1	SLC10A7	c2
0.0930967747711338	0.548610418970014	0.018	0.007	1	C3orf62	c2
0.0473336771140935	0.548403264461627	0.06	0.034	1	FRAT1	c2
0.600842416892633	-0.548232307636082	0.027	0.032	1	SFT2D3	c2
0.20979707821095	0.547458989112645	0.018	0.009	1	KCNQ5	c2
0.016918242283651	0.547422820316938	0.099	0.059	1	ZUP1	c2
0.446537601495269	-0.547362251866886	0.066	0.077	1	RECK	c2
0.00998454709800738	0.547161937767896	0.148	0.095	1	CYSTM1	c2
0.132737509817621	0.547097876164505	0.033	0.019	1	ADAMTS10	c2
0.18616717007552	-0.547043229773742	0.157	0.18	1	UBQLN2	c2
0.00398930995660325	0.546886186436743	0.13	0.074	1	FBXO38	c2
0.000228083836147167	0.546650020464605	0.163	0.085	1	FBXO28	c2
0.0158794221307224	0.546633745103695	0.123	0.077	1	USP7	c2
0.880629770652839	-0.546425143508817	0.027	0.028	1	FKBP14	c2
0.0789095023850123	0.546146032515534	0.057	0.034	1	TSC22D1	c2
0.113571603632089	-0.54598845922075	0.172	0.201	1	MRPL17	c2
0.849714130773956	-0.545566456026721	0.039	0.041	1	AP000787.1	c2
0.149217071710217	0.545469464697866	0.024	0.013	1	EME2	c2
0.00109027627579213	0.545398796643394	0.12	0.062	1	ZC3HC1	c2
0.00670901851622362	0.545360438717313	0.063	0.029	1	LIG4	c2
0.000543093500251133	0.545307301629435	0.163	0.089	1	RCOR1	c2
0.61729796736929	-0.544721872421404	0.036	0.042	1	MBTPS2	c2
0.294134130863303	-0.544652817264756	0.078	0.094	1	AC093512.2	c2
0.00099928208615705	0.544590944601895	0.163	0.093	1	PTPN9	c2
0.0307510579656655	0.544417892493326	0.057	0.03	1	SLC25A14	c2
0.924541369730718	-0.544257066697567	0.015	0.016	1	ARMCX4	c2
0.201543800379861	0.544256014711537	0.012	0.005	1	ZNF320	c2
0.00352051703379505	0.544178651362402	0.042	0.015	1	AC139530.1	c2
0.148878738756545	0.544123273645765	0.021	0.01	1	SMN1	c2
0.933514699563068	-0.544116787476386	0.012	0.013	1	HSPA1L	c2
0.0616577076258978	0.544098781876086	0.081	0.052	1	ZNF611	c2
0.00333048765599868	0.544086998513873	0.06	0.025	1	UQCC1	c2
0.444978049924826	-0.544063896681265	0.096	0.107	1	FZR1	c2
0.00036727443171991	0.544042658698317	0.28	0.181	1	U2AF1L4	c2
0.0718418259206233	0.543765775340255	0.081	0.053	1	FOXRED1	c2
0.000403110436344199	0.54341576678603	0.244	0.149	1	RINL	c2
0.0335514967077906	0.543238276473509	0.069	0.04	1	CORO7	c2
0.97551770154548	-0.54313918911201	0.039	0.039	1	FAM24B	c2
0.511922419453726	-0.543095722997503	0.015	0.01	1	TMPRSS3	c2
0.00515760962434241	0.542955111746732	0.099	0.053	1	AC073332.1	c2
0.00471008722718488	0.542910223535049	0.139	0.082	1	RPP38	c2
0.870357197187717	-0.542620978320495	0.045	0.042	1	PHF2	c2
0.13774545567139	0.542594927887184	0.015	0.006	1	MUC12	c2
0.631263542521406	-0.542157103955626	0.012	0.016	1	BOLA3-AS1	c2
0.131997396598387	-0.542145782896517	0.139	0.166	1	CREBL2	c2
0.000147498060481278	0.541494423138693	0.208	0.117	1	FBXO42	c2
0.551103954209947	0.541405831830112	0.012	0.008	1	SPACA6	c2
0.73344159681933	-0.541284026857321	0.024	0.027	1	FMO4	c2
0.456735863893903	-0.541183399422954	0.123	0.132	1	LRRC8D	c2
0.00385050982138735	0.540989194661648	0.09	0.046	1	SPHK2	c2
0.883941499899925	-0.540725629502878	0.027	0.028	1	AC092683.1	c2
0.0626168260930791	0.540576947884452	0.057	0.033	1	INPP1	c2
0.734295903180394	-0.540445775738736	0.033	0.037	1	FOXK1	c2
0.286653637589	-0.54040195480177	0.108	0.125	1	SNAPC1	c2
0.330495841068546	-0.540122312892379	0.021	0.031	1	AC091271.1	c2
0.461093163004997	0.540040006175488	0.018	0.013	1	AC096677.1	c2
0.199681289115917	0.539978735887468	0.024	0.014	1	HIST1H2BN	c2
0.0233506369455332	0.539328805269213	0.06	0.031	1	CCDC51	c2
0.156101882911989	-0.539325678781297	0.069	0.093	1	TAF9B	c2
0.472547264545261	-0.539165163052633	0.102	0.111	1	KRBOX4	c2
0.000178385492451144	0.539018890478234	0.244	0.144	1	MED8	c2
0.0221392688827328	0.539000003819677	0.069	0.038	1	NPLOC4	c2
0.000223469706020841	0.538951884949737	0.172	0.092	1	NCBP1	c2
0.00520918949640614	0.53890315501435	0.175	0.111	1	HMG20A	c2
0.00799138218292181	0.538281761763812	0.096	0.053	1	RREB1	c2
0.0014695680828908	0.538022913316544	0.19	0.115	1	RWDD4	c2
0.000303647816258978	0.537911280175269	0.265	0.165	1	NAPRT	c2
0.0392336712850663	0.53788985520473	0.06	0.033	1	FAM189B	c2
0.00357611233513032	0.537871068098096	0.096	0.05	1	RAB30	c2
0.000945492910635438	0.537342489876413	0.16	0.089	1	MMD	c2
0.00114027489341823	0.537334598317557	0.19	0.112	1	VPS16	c2
0.000259949448525207	0.537266460197378	0.166	0.088	1	RDX	c2
0.982049590828002	-0.537199514203421	0.09	0.087	1	WDFY2	c2
0.264392804383795	-0.537156397954578	0.03	0.044	1	LINC02328	c2
0.618198189087027	-0.536985648476412	0.033	0.039	1	OBSCN	c2
0.000200652140957466	0.536890464725243	0.208	0.116	1	ISOC1	c2
0.0714530525576689	0.536876252213078	0.045	0.025	1	GRAMD4	c2
0.0068508141459407	0.536872113159142	0.139	0.085	1	CGRRF1	c2
0.00594098988120695	0.536827189715248	0.105	0.059	1	RNF170	c2
0.864635375300323	-0.536721300001203	0.015	0.014	1	ZNF512B	c2
0.00183160320358334	0.536707609415871	0.145	0.082	1	TMEM127	c2
0.000611710423419305	0.536433212066252	0.16	0.088	1	SNTB1	c2
0.000623239215388932	0.53621061834145	0.178	0.1	1	PHRF1	c2
0.000113068095590226	0.536150133558533	0.187	0.098	1	GDE1	c2
0.00306239477303215	0.536133510618879	0.078	0.037	1	ESRRA	c2
0.0763758824742207	0.535943129497261	0.027	0.013	1	CPLANE2	c2
0.000921071826848553	0.535663616925343	0.184	0.107	1	LYRM4	c2
0.261742412123026	0.534752105789002	0.024	0.015	1	MFSD13A	c2
0.0424518203409891	0.534734717514225	0.039	0.019	1	TTLL4	c2
0.255276681993809	-0.534706236475636	0.127	0.146	1	SHISAL2A	c2
0.000138726865176789	0.534122734190823	0.151	0.074	1	HAUS2	c2
0.190964775674744	0.533950714581026	0.027	0.016	1	ZBTB3	c2
0.333444049856524	-0.533933178871361	0.021	0.031	1	MSH5	c2
0.180536935787737	-0.53376628724994	0.214	0.228	1	ATPAF1	c2
0.103367573882832	0.533747145748216	0.051	0.031	1	TERF2	c2
0.182811402682471	-0.53372803448441	0.157	0.181	1	ILF3-DT	c2
0.495835344711182	-0.533392485203922	0.084	0.093	1	LIN7C	c2
0.0519282314942574	0.533339725472926	0.12	0.083	1	SERTAD3	c2
0.0176878420056784	0.533218902255533	0.066	0.034	1	SLC25A42	c2
0.0485497827228743	0.532433354744652	0.057	0.032	1	AC019163.1	c2
0.0150739490660964	0.532312302768032	0.145	0.094	1	ARNT	c2
0.795229161647246	-0.532231912915661	0.036	0.039	1	BCL6	c2
0.00676282010449137	0.532204305961311	0.133	0.08	1	SCLT1	c2
0.378314588765213	-0.53199162994709	0.009	0.016	1	ZNF436	c2
0.00253295674237245	0.531850328437054	0.087	0.042	1	DGCR8	c2
0.0128498924802242	0.531719579571426	0.066	0.033	1	MEX3C	c2
0.955047617269433	-0.531481569949362	0.054	0.053	1	TTI1	c2
0.996147387049697	-0.531284808640489	0.021	0.021	1	TMEM256-PLSCR3	c2
0.775768095446421	-0.53118400793172	0.06	0.054	1	OAS3	c2
0.578585622754227	-0.531073867021242	0.024	0.019	1	ETV7	c2
0.472527064880574	-0.530916626566357	0.042	0.051	1	MECR	c2
0.0258768829972006	-0.530839688828158	0.289	0.323	1	ASH1L	c2
0.0624682876864345	0.530604488868022	0.054	0.031	1	TIPARP-AS1	c2
0.218379289460899	0.530566930417349	0.033	0.021	1	TRIP6	c2
0.000107424291259711	0.530262093904811	0.37	0.238	1	PDE7A	c2
0.00597602371435118	0.530245143991215	0.105	0.059	1	AL590764.1	c2
0.549132168556688	-0.52980576193087	0.012	0.017	1	ULK2	c2
0.502995720344734	-0.52900410463865	0.033	0.041	1	FIGNL1	c2
0.0560392553666789	0.5289848772261	0.018	0.006	1	AP000311.1	c2
0.00464298062876112	0.52866093977865	0.117	0.066	1	UBE2Q1	c2
0.00965945169048131	0.528379234104536	0.072	0.037	1	AC013394.1	c2
0.274306529237569	-0.528308172764173	0.075	0.093	1	MAPK13	c2
7.71772113341927e-05	0.528128365945552	0.259	0.149	1	DLD	c2
0.478998232015615	-0.528079408332585	0.021	0.028	1	AC093157.1	c2
0.316038304019071	-0.527963850049862	0.13	0.144	1	MED31	c2
0.167604111566954	-0.527425832226878	0.003	0.011	1	GOLGA7B	c2
0.955822024818516	-0.52703020896922	0.057	0.054	1	POMT1	c2
0.00321923213408075	0.526862605019578	0.123	0.068	1	VIM-AS1	c2
0.00606254804731553	0.52668676561021	0.154	0.095	1	RASSF2	c2
0.950728761985257	-0.526492521220377	0.066	0.065	1	OPA3	c2
0.210467363173313	0.526467496323392	0.018	0.009	1	ARMH4	c2
0.00122073898058947	0.526211288439204	0.187	0.112	1	PPM1D	c2
0.0778816603019768	0.526066799828762	0.033	0.017	1	AP006621.3	c2
0.141742837009525	0.525920451085657	0.057	0.038	1	POU2F1	c2
0.802741575699273	-0.525820358825434	0.066	0.061	1	GLUL	c2
0.583577554034819	-0.52555458541649	0.111	0.095	1	METTL8	c2
0.98789220554802	-0.525203290859933	0.021	0.021	1	LINC01679	c2
0.546052010820898	-0.524821848353456	0.024	0.03	1	MOCS3	c2
0.707629199704478	-0.524572720319408	0.009	0.011	1	AC018647.2	c2
0.976240263169182	-0.52443443833841	0.051	0.05	1	ACBD3	c2
0.801733302305888	-0.524253688036891	0.166	0.159	1	DDB2	c2
0.0478076128671921	0.523951447632503	0.06	0.034	1	ATAD3A	c2
0.00272727588573016	0.52391055038868	0.157	0.092	1	USF3	c2
0.0340070231055301	0.523829924008543	0.108	0.07	1	MRM2	c2
0.710466475508315	-0.523772759005201	0.009	0.011	1	RBM26-AS1	c2
0.00222542385025801	0.523398925519721	0.157	0.092	1	USPL1	c2
0.149760466627098	0.523369017303541	0.069	0.048	1	RDH13	c2
0.127265475650857	-0.523098619891251	0.072	0.1	1	MRPL23	c2
0.000569000993006734	0.522953217758533	0.163	0.09	1	GPAT4	c2
0.0281268761837581	0.522878858425436	0.066	0.037	1	MANBAL	c2
0.935324057420942	-0.522841354134304	0.057	0.054	1	LIPE	c2
0.0459847863243314	0.522806876648123	0.024	0.009	1	AL391069.3	c2
0.119697415291884	-0.522784593865378	0.06	0.085	1	TNFRSF10B	c2
0.0111444198666759	0.522718404616719	0.087	0.048	1	TMCO4	c2
0.0568163802081969	0.522663658910749	0.036	0.018	1	RNF122	c2
0.124051194846069	0.522522495728098	0.051	0.032	1	SLC16A6	c2
0.000173061274954304	0.522278222898735	0.214	0.121	1	RDH14	c2
0.00936122990635568	0.52227309695277	0.087	0.047	1	ANKMY2	c2
0.000469731271123332	0.522096880412848	0.241	0.148	1	RAB35	c2
0.0555249580071176	0.522034377791775	0.033	0.016	1	INTS6-AS1	c2
0.284916824283893	0.521680652380988	0.018	0.01	1	AC069544.1	c2
0.041209043250277	-0.521311734768865	0.25	0.287	1	NXT1	c2
0.0315859976527277	-0.521098369230911	0.349	0.37	1	PPP1R10	c2
0.814784984399627	-0.521053482371578	0.027	0.029	1	GAREM2	c2
0.0021838865079076	0.52066383611022	0.133	0.073	1	CYREN	c2
8.51697105836277e-05	0.520550880123829	0.313	0.196	1	ANKRD28	c2
0.146226510550287	0.520544157222541	0.018	0.008	1	AC011450.1	c2
0.00291925021222825	0.520491180900917	0.169	0.102	1	C6orf47	c2
0.00178511453101565	0.519922932151397	0.184	0.112	1	FMNL3	c2
0.000908400138215382	0.519903127717075	0.265	0.169	1	ASNSD1	c2
0.000722246688869304	0.519495715117658	0.154	0.084	1	GTF2A1	c2
0.171852794286528	0.51930996030685	0.045	0.029	1	SAMD1	c2
0.538717917334944	-0.519303424449467	0.157	0.159	1	ORC4	c2
0.000264615806403365	0.519138092816185	0.229	0.135	1	CALCOCO1	c2
0.00810040356011014	0.519076338355143	0.114	0.067	1	BBS7	c2
0.170601600589114	0.51906959561013	0.033	0.02	1	MTHFD1L	c2
0.954208538704547	-0.518997555399343	0.048	0.046	1	POMGNT2	c2
0.00463881814874343	0.518596783388146	0.111	0.062	1	SPATA2L	c2
0.000130267275925951	0.518320182089435	0.377	0.25	1	TTC14	c2
0.341280381007042	-0.518259213190056	0.093	0.075	1	TPM1	c2
0.1818452834423	0.518193225180732	0.03	0.018	1	CNTROB	c2
0.448503848859978	-0.518161457849323	0.087	0.097	1	DDX19A	c2
0.576759385939843	-0.518106572128999	0.06	0.067	1	HINFP	c2
0.260727115487979	-0.517730964769097	0.06	0.078	1	TMEM65	c2
0.000122539935409832	0.517449664222908	0.358	0.227	1	GPS1	c2
0.398081515888632	-0.517384820725307	0.039	0.05	1	RAB34	c2
0.510728369506928	-0.51723108583054	0.078	0.088	1	ARMCX5	c2
0.0039438061829212	0.517073225877688	0.145	0.086	1	TSPAN17	c2
0.673187118494919	-0.516913436260015	0.036	0.041	1	MINCR	c2
0.00646040286320823	-0.516725225928363	0.262	0.317	1	SVIP	c2
0.000248973539503926	0.516466424461733	0.389	0.271	1	PYHIN1	c2
0.820973122767621	-0.516215459836232	0.015	0.017	1	NHLRC4	c2
0.147422305519243	0.515979768322127	0.024	0.013	1	EEF1AKMT4	c2
0.000523986702124408	0.515872838778974	0.235	0.145	1	ZFYVE28	c2
0.000208733074542113	0.515866037117184	0.223	0.129	1	SEC14L1	c2
0.00969672688557844	0.515731624891887	0.075	0.039	1	AC008105.3	c2
0.00219449606763261	0.515699890782229	0.19	0.116	1	STYXL1	c2
0.0387106945341516	0.515574443794344	0.06	0.033	1	KDM8	c2
0.0306071834671736	0.515570365006337	0.051	0.026	1	CHN1	c2
0.00233955798362084	0.515536010458582	0.163	0.095	1	YIPF6	c2
0.300497128342442	0.515387851888198	0.027	0.018	1	SERPINB8	c2
0.804621903878665	-0.515383225188521	0.03	0.032	1	SNAPC4	c2
0.596700218369051	-0.515318921342324	0.021	0.026	1	ZNF169	c2
0.108266589408287	0.515309304196293	0.048	0.029	1	INTS2	c2
0.170806131065945	0.515271083030912	0.033	0.02	1	ADAL	c2
0.904187336422167	-0.515039253268796	0.099	0.097	1	USP38	c2
0.0293854381949992	0.51434926980622	0.078	0.046	1	ZNF548	c2
0.010300379097297	0.514337430430118	0.072	0.037	1	ROCK2	c2
0.42023051174458	0.514002614145675	0.012	0.007	1	AC027682.4	c2
0.551103954209947	0.513936830170307	0.012	0.008	1	KIF9-AS1	c2
0.964944063608721	-0.513927753079949	0.093	0.09	1	BBC3	c2
0.00110902613412522	0.513826725817177	0.172	0.099	1	SUSD6	c2
0.000718537878110956	0.513756082359934	0.193	0.113	1	GABPB1	c2
0.66025169158568	-0.513599382619311	0.093	0.098	1	NELL2	c2
0.101525071898063	0.51350259944045	0.054	0.033	1	TRIM34	c2
0.549044415328691	0.513308765212486	0.012	0.008	1	UBTD1	c2
0.27423312160125	-0.51328240407027	0.19	0.202	1	PYGO2	c2
0.00420858904496719	0.513204128185216	0.075	0.036	1	RBM45	c2
0.000303782921161819	0.513186597014766	0.241	0.143	1	TAPBPL	c2
0.202382605185009	0.513126670097587	0.012	0.005	1	CLHC1	c2
0.926218289772623	-0.51306683698651	0.133	0.124	1	ZNF280D	c2
0.000310755119175473	0.513044057033772	0.238	0.143	1	SLC4A1AP	c2
0.0769185084061507	0.512888157725929	0.03	0.015	1	AL359513.1	c2
0.012292211947612	0.512878066740063	0.102	0.06	1	SLF2	c2
0.000624841837716708	0.512613662811273	0.19	0.109	1	TMEM33	c2
0.0301789612131242	0.512009410012379	0.063	0.034	1	ICK	c2
0.612385903867197	-0.512006706183543	0.027	0.032	1	MFSD12	c2
0.0147391528883611	0.511924910151293	0.175	0.118	1	ATF6	c2
0.0391672841498126	0.51173898819094	0.105	0.069	1	PAN3	c2
0.44325529995064	-0.511617217106486	0.087	0.098	1	ANAPC4	c2
0.376193182921151	-0.511552730768492	0.084	0.098	1	UBQLN4	c2
0.911264339185988	-0.511437551659895	0.018	0.019	1	ZNF417	c2
0.841896759810197	-0.51124912491963	0.072	0.073	1	ZBTB40	c2
0.990771719136187	-0.510879420797543	0.018	0.018	1	LINC00665	c2
0.670748125632781	-0.510835693624005	0.024	0.028	1	RIN1	c2
0.0720624602300936	0.51065105321553	0.096	0.066	1	POLH	c2
0.000155823172250835	0.510642913086389	0.187	0.1	1	WIPF2	c2
0.000524426111255989	0.510577988737794	0.229	0.138	1	TPD52L2	c2
0.953397235471158	0.509820073569016	0.012	0.013	1	AC136475.1	c2
0.135331907132731	0.509685137084509	0.033	0.019	1	AC135457.1	c2
0.000582155501238451	0.509539483339608	0.265	0.166	1	WDR45	c2
0.0173258680751166	0.509326985730593	0.12	0.075	1	PIAS4	c2
0.00418901362311691	0.50914131868742	0.148	0.088	1	NUDT3	c2
0.798680789532409	-0.509040365147068	0.033	0.036	1	AC016831.1	c2
0.00169249691625678	0.508915044584398	0.154	0.088	1	ABHD5	c2
0.318544212636104	-0.508847210392437	0.063	0.078	1	AL121944.1	c2
0.00462441546177708	0.508671126892304	0.154	0.094	1	CNPY4	c2
0.0527747815470254	0.50844072012634	0.051	0.028	1	DTHD1	c2
0.201962885330825	0.508364037357232	0.012	0.005	1	FKBP7	c2
0.0994232845992543	0.508205252653374	0.066	0.043	1	BRF2	c2
0.250626814351968	-0.508024016431794	0.015	0.026	1	ZBTB5	c2
0.318990980424731	-0.507911520571442	0.19	0.201	1	SLC2A4RG	c2
0.21555750969116	-0.507803457668722	0.054	0.074	1	NLRP3	c2
0.432768242906221	-0.507753420226601	0.039	0.049	1	SMARCD3	c2
0.00014942706598545	0.507666300232159	0.229	0.131	1	GMDS	c2
0.00228286465007178	0.507609480982645	0.187	0.114	1	OTUD5	c2
0.0135703162870922	0.507583467722308	0.139	0.089	1	C12orf49	c2
0.00136593942510452	0.507353663697238	0.187	0.112	1	CMAS	c2
0.13289429952022	0.507179125842088	0.06	0.04	1	ALKBH8	c2
0.0338742037348845	-0.506903753686254	0.22	0.261	1	ASAH1	c2
0.637795047699646	0.506819286466783	0.024	0.02	1	HYAL2	c2
0.022672944726141	0.506734298553979	0.06	0.031	1	P2RX7	c2
0.217397588034824	0.506611543997864	0.066	0.048	1	HSPBAP1	c2
0.402105296733717	-0.506119962336061	0.018	0.026	1	AP002495.2	c2
0.00910895398611281	0.505578847809149	0.12	0.072	1	TXLNA	c2
0.212487512156735	0.505454883943687	0.018	0.009	1	COG8	c2
7.96393132362632e-05	0.505413079703137	0.259	0.152	1	NOL8	c2
0.00929777166569052	0.505044024236904	0.087	0.047	1	PCNT	c2
0.0174864221792859	0.504967840409852	0.139	0.09	1	PARP16	c2
0.969921004775739	-0.504725077017686	0.015	0.015	1	BHLHE40-AS1	c2
0.0205993588904613	0.504462392569311	0.19	0.134	1	FAM122B	c2
0.0641886311049762	-0.503900565100362	0.096	0.135	1	SGK3	c2
0.288144258440146	0.503513266190506	0.018	0.01	1	AC141424.1	c2
0.249254393677425	-0.503425315087222	0.069	0.089	1	ZNF737	c2
0.0144069311610203	0.503388459790668	0.127	0.079	1	NRF1	c2
0.764808152377424	-0.503296320246236	0.024	0.021	1	PFAS	c2
0.000372140758097043	0.502659550730206	0.271	0.169	1	FOPNL	c2
0.0129121698493474	0.502658345449305	0.099	0.057	1	GTPBP1	c2
0.00105919199210718	-0.502525634359093	0.458	0.497	1	SBDS	c2
0.611365158225699	0.502517885087047	0.015	0.011	1	ZNF425	c2
0.0370949136691758	0.502475101522398	0.09	0.056	1	TTLL1	c2
0.616019857230168	-0.502201496563212	0.066	0.072	1	RAD51B	c2
0.00349572903835869	0.501715765666516	0.105	0.055	1	BISPR	c2
0.950302122874482	-0.501577315643931	0.087	0.085	1	RRP9	c2
0.000258645986864193	0.501570327099804	0.172	0.091	1	YJU2	c2
0.0269105151185386	0.501438208341289	0.13	0.085	1	AC012615.1	c2
0.0314749535588854	0.501363578246094	0.054	0.028	1	TVP23C	c2
0.00546039125573625	0.501255102280489	0.093	0.049	1	STRADB	c2
0.817809006938313	-0.500930508103584	0.009	0.01	1	KIAA1324L	c2
0.00010090637749128	0.500888873538059	0.256	0.147	1	TBC1D20	c2
0.402592911391474	0.500883694277038	0.042	0.032	1	COQ3	c2
0.855330279793097	-0.500790457708736	0.108	0.106	1	DDHD2	c2
0.000364463035404812	0.500765633112411	0.361	0.253	1	AKIRIN2	c2
0.293569246480628	-0.500743281334816	0.039	0.053	1	ZNF626	c2
0.000257345190307409	0.500371353374054	0.268	0.164	1	RRN3	c2
0.00405598032003077	0.50021460217127	0.136	0.078	1	PPP2R1B	c2
0.00230605973275039	0.50019555537738	0.157	0.09	1	HLTF	c2
0.550198638836681	-0.500040865579492	0.012	0.017	1	AC017083.2	c2
0.424578338223429	0.499867680863574	0.012	0.007	1	GPR19	c2
0.03897463272795	0.499819922336984	0.066	0.038	1	TIRAP	c2
0.101212037820164	0.499588575160577	0.063	0.041	1	ZCCHC2	c2
0.241184229198761	-0.499542876848377	0.151	0.168	1	STK26	c2
0.0702109111811609	0.499524809062275	0.048	0.027	1	CAMK2N1	c2
0.45492280208548	-0.499477171278502	0.096	0.109	1	PIKFYVE	c2
0.0248077516554065	0.499340941352073	0.084	0.049	1	THTPA	c2
0.696289160388095	-0.499232652753316	0.111	0.115	1	GADD45A	c2
0.000156739844356144	0.499201220230528	0.301	0.187	1	CCNK	c2
0.00046221771797828	0.499172586753966	0.256	0.158	1	NPRL2	c2
0.00164988235240455	0.499108618925433	0.111	0.056	1	P3H1	c2
0.965999896105659	-0.498966209997927	0.015	0.015	1	AP004609.3	c2
0.699326466598956	-0.498545124009369	0.148	0.129	1	MAN2A1	c2
0.00158054111221912	0.498252839160779	0.139	0.076	1	CTNNBIP1	c2
0.040663672612232	-0.498222645115775	0.211	0.25	1	TNFSF12	c2
0.000913954698356825	0.498211057125595	0.241	0.152	1	MCM3	c2
0.136205357497112	0.498057772068285	0.033	0.019	1	FPGT	c2
0.504525453018495	-0.497998245254104	0.03	0.038	1	UNC119B	c2
0.690849017266211	-0.497292474662849	0.057	0.062	1	RIOX2	c2
0.00901165875357945	0.497141415278234	0.096	0.053	1	IDUA	c2
0.813344909518368	-0.497139430032659	0.03	0.032	1	NFIA	c2
0.000242321878340605	0.497048465606476	0.319	0.201	1	SMIM12	c2
0.0416168404198791	0.496981944483481	0.045	0.023	1	FKRP	c2
0.00144400246258775	0.496926000414092	0.187	0.112	1	ERI3	c2
8.13086589369769e-05	0.496877009973637	0.175	0.088	1	IFT52	c2
0.0177780705257783	0.496409898190963	0.102	0.062	1	ATG7	c2
0.0423961162713931	0.496337507874936	0.051	0.027	1	FANCG	c2
0.0341260251236536	0.49594451240434	0.102	0.065	1	EXOC8	c2
0.029011477456003	0.495766824435244	0.039	0.018	1	TSTD3	c2
0.000143382000255278	0.495628593679975	0.346	0.226	1	NSD1	c2
0.00484321956781628	0.495350889506863	0.108	0.06	1	MTIF2	c2
0.724599638949862	-0.495331124247226	0.012	0.015	1	TMTC2	c2
0.0144113352181337	0.49528216970638	0.108	0.065	1	H6PD	c2
0.00707363363242727	0.495132709495933	0.133	0.079	1	ABI2	c2
0.00695371369517421	0.495092607421844	0.295	0.213	1	CHCHD5	c2
0.000118181330037057	0.49500705731543	0.277	0.166	1	TOR1A	c2
9.84309553938607e-05	0.494675975685728	0.473	0.334	1	SLTM	c2
0.817114037443798	-0.494451405938249	0.063	0.065	1	SUFU	c2
0.603822561049669	-0.493877236305105	0.045	0.051	1	PWP2	c2
0.000283311565831397	0.493731260088685	0.196	0.11	1	MARCH5	c2
0.177684805525383	-0.49344433270873	0.223	0.239	1	CD320	c2
0.24209303970901	-0.493386688508308	0.217	0.228	1	ABHD13	c2
9.748982380738e-05	0.493370484423001	0.358	0.229	1	HCFC1R1	c2
0.00267893731041379	0.493199444582051	0.34	0.243	1	CENPX	c2
0.785208700079642	-0.493194512792209	0.051	0.046	1	STAG3	c2
0.829401995503996	-0.4931329005277	0.06	0.062	1	DHDDS	c2
0.714283738471512	-0.493070348629713	0.042	0.046	1	AL136454.1	c2
0.0153919123938819	0.493018679805362	0.133	0.084	1	SHLD1	c2
0.664125149896367	-0.492996544444496	0.018	0.022	1	ALCAM	c2
0.000117898182728197	0.492958561971633	0.226	0.127	1	TMEM138	c2
0.00418591897067958	0.492886082740011	0.169	0.103	1	SWI5	c2
0.454450673146441	-0.492606157622224	0.111	0.122	1	ZNF76	c2
0.102608462086904	0.492317943540628	0.021	0.009	1	NBPF10	c2
0.071413012235721	0.492262996844919	0.024	0.01	1	SLC45A4	c2
0.000487098653537913	0.492258244381594	0.123	0.061	1	SLC22A18	c2
0.195959395507768	0.49211637970705	0.039	0.025	1	FDX2	c2
0.025286050789163	0.491930118430839	0.087	0.052	1	CHCHD4	c2
0.000752876044228563	0.491911949056846	0.139	0.072	1	MAPKAPK2	c2
0.87619923639317	-0.491856621779417	0.03	0.031	1	KIF5C	c2
0.00193140356271936	0.49184463461249	0.181	0.109	1	SLC35B2	c2
0.00325454830740089	-0.49180234636937	0.572	0.587	1	RORA	c2
0.0798715021605704	0.491546732522125	0.015	0.005	1	CCNT2-AS1	c2
0.0144160168899947	0.491450028985512	0.087	0.049	1	THOP1	c2
0.0653091950161767	0.491445000109232	0.054	0.031	1	GSAP	c2
0.209306093423413	0.490906235628879	0.015	0.007	1	AC006299.1	c2
0.000120417473973586	0.49072472104853	0.428	0.3	1	TAOK3	c2
0.000459101363059631	0.490341048716392	0.193	0.11	1	YAF2	c2
0.0374690025356036	0.490306972848146	0.063	0.036	1	ANKRD42	c2
0.2349073783853	-0.490279839629389	0.096	0.117	1	SFXN3	c2
0.00939741467882149	0.490182408344456	0.117	0.07	1	GCFC2	c2
0.00142299457904666	0.48998695116904	0.072	0.03	1	SLC35D2	c2
0.000118254182955205	0.489828287782547	0.244	0.14	1	RFFL	c2
0.000132560762443648	0.489501974995034	0.34	0.219	1	TRPV2	c2
0.449485761800493	-0.489489695112965	0.081	0.093	1	AC087239.1	c2
0.243135736297251	0.48931099490689	0.036	0.024	1	MMP25	c2
0.00747326826110678	0.489076109464218	0.16	0.1	1	LTV1	c2
0.00659363541438003	0.48902667738566	0.102	0.056	1	MFN1	c2
0.784662022868573	-0.488815734472883	0.093	0.096	1	MAN2C1	c2
0.0011763449694947	0.488782488688266	0.268	0.178	1	C22orf39	c2
0.00111528517327656	0.488641008348129	0.184	0.109	1	MAP2K6	c2
0.0231368082288253	-0.488629531852451	0.202	0.257	1	NCF4	c2
0.00777495525520454	0.488519513509534	0.166	0.106	1	KPNA6	c2
0.0194075068649937	0.48843530501284	0.09	0.052	1	NFS1	c2
0.562412592782125	-0.488269971455937	0.048	0.056	1	TRAV12-1	c2
0.024604320108599	0.488166495577933	0.117	0.075	1	NUDCD1	c2
0.196268195566073	-0.487797472110483	0.172	0.193	1	PTTG1IP	c2
0.000739240450425631	0.487406740586625	0.247	0.153	1	SPG11	c2
0.422090654719675	0.487398030063834	0.012	0.007	1	ZNF653	c2
0.424578338223429	0.487383930795357	0.012	0.007	1	SYNJ2BP-COX16	c2
0.953942364654912	-0.487360337056352	0.081	0.078	1	PPP1R37	c2
0.00149521302830703	0.487218171323349	0.211	0.131	1	AP3M1	c2
0.00023652852582105	0.487073805885475	0.268	0.161	1	DESI1	c2
0.00928590791249811	0.48707113949949	0.123	0.073	1	HMBOX1	c2
0.0018294782250013	0.486791096318563	0.133	0.072	1	PRKCD	c2
0.00842699449071141	0.486567589470061	0.093	0.051	1	APOO	c2
0.5098385178066	-0.486530593546409	0.057	0.066	1	CTU2	c2
0.0119606894939897	0.486361241912532	0.154	0.1	1	SEC16A	c2
0.0683207010901098	0.486233808807778	0.066	0.041	1	AZIN2	c2
0.375586744242638	-0.486092759408749	0.009	0.016	1	SHISA4	c2
0.153656995017645	-0.485956290081798	0.151	0.175	1	AP002387.2	c2
0.947357387887524	-0.485916731650573	0.03	0.03	1	CLYBL	c2
0.000911092958046465	0.485762344006504	0.178	0.102	1	AP1B1	c2
0.000939512267027535	0.485744005360463	0.19	0.113	1	EXOC1	c2
0.000723313417935575	0.485524364886178	0.223	0.135	1	UBE4A	c2
0.364936361665374	-0.485419253879698	0.117	0.131	1	CDK5RAP1	c2
0.583575919517271	-0.485045693722814	0.03	0.024	1	SORD	c2
0.0268460174049938	0.485026888271662	0.087	0.052	1	LCLAT1	c2
0.114257967818816	0.484827479182417	0.045	0.027	1	ZCCHC3	c2
0.000119948387524922	0.484770023854256	0.247	0.141	1	ATP6V1B2	c2
0.0132504666798843	0.484621546365436	0.139	0.087	1	MUL1	c2
0.230773078900124	0.484545988836476	0.057	0.041	1	CYB5D2	c2
0.459177875961461	-0.48451732458073	0.033	0.042	1	BRMS1L	c2
0.0569898593736285	0.484507897041754	0.036	0.018	1	C8orf58	c2
0.0562654501352883	0.484474867353995	0.063	0.038	1	ZNF585B	c2
0.0883310231628467	0.484429475906313	0.048	0.028	1	AC021028.1	c2
0.0278325749913976	0.484294799694803	0.069	0.039	1	ZNF691	c2
0.00174028945291095	0.484185715193693	0.271	0.181	1	TMEM126B	c2
0.53561631783536	-0.484138780315914	0.051	0.06	1	LIMK2	c2
9.92447519253895e-05	0.484107623621681	0.295	0.183	1	BTN3A1	c2
0.201543800379861	0.484018347307337	0.012	0.005	1	AL035413.1	c2
0.00738216354923248	-0.483861617727425	0.416	0.442	1	TMEM243	c2
0.869797293855738	-0.483643866889908	0.051	0.052	1	FN3K	c2
0.00844633481265102	0.483523921217275	0.163	0.103	1	WAC-AS1	c2
0.00107894312335897	0.48351251115021	0.226	0.14	1	NBN	c2
7.94725551773259e-05	0.483180747762177	0.169	0.085	1	TRAPPC2	c2
0.18987276628438	-0.483168485892924	0.093	0.068	1	TRAV16	c2
0.0222495854904396	0.483144735389654	0.069	0.038	1	DHX37	c2
0.0499069946021163	0.483111178517105	0.057	0.032	1	IQCG	c2
0.0498803162370199	0.483100613687561	0.105	0.07	1	ETS2	c2
0.0166895109925485	0.483045842314624	0.102	0.062	1	GPALPP1	c2
0.114678102418307	-0.482806350205782	0.09	0.12	1	UQCC3	c2
0.0788866157136638	0.482614154760252	0.075	0.049	1	EMC1	c2
0.586683304084533	-0.482607491526594	0.145	0.149	1	POU2F2	c2
0.0133810205745839	0.482525174249034	0.09	0.051	1	SCLY	c2
0.0162155865163713	0.482201513696828	0.078	0.043	1	CCP110	c2
0.00592314360044741	0.482015430316355	0.084	0.043	1	ZDHHC21	c2
0.661877374864857	-0.48145251477111	0.042	0.047	1	KLHDC10	c2
0.000884071070498441	0.481442138078676	0.172	0.097	1	BAG4	c2
0.925184463865594	-0.481416618740625	0.018	0.019	1	RPGRIP1L	c2
0.913199265921228	-0.481338789888992	0.051	0.048	1	SLC11A2	c2
0.000262068241142259	0.481291782029926	0.22	0.127	1	MED27	c2
0.00457655675443865	0.481158109684636	0.105	0.056	1	WDR83	c2
0.000986261139440036	0.480950431134552	0.196	0.116	1	GALK1	c2
0.177441814085543	0.480668554076489	0.045	0.029	1	SSX2IP	c2
0.00175678877786016	0.480525766370764	0.193	0.115	1	GALNT11	c2
0.0313845705957175	0.480493674396731	0.096	0.06	1	GFM2	c2
0.939932967318527	-0.480244498519478	0.033	0.033	1	AC098484.3	c2
0.00139456509310506	0.480036003930747	0.238	0.154	1	DCTN6	c2
0.0115955511806745	0.479869573643483	0.087	0.048	1	ATG9A	c2
0.526974139806651	-0.479811577344742	0.078	0.088	1	C12orf45	c2
0.491422985999683	0.479707732973534	0.078	0.067	1	TRAV4	c2
0.00132392212390741	0.479628838845759	0.211	0.131	1	NIPSNAP2	c2
0.48128263874481	-0.479506538298037	0.012	0.018	1	BRPF3	c2
0.00475506130220441	0.479472884437376	0.12	0.068	1	C16orf72	c2
0.928437771025375	0.479379095498566	0.012	0.011	1	RAB19	c2
0.00109941314312133	0.479247632701791	0.262	0.168	1	ZNF330	c2
0.00147846819939792	0.4792316005382	0.172	0.101	1	ALAS1	c2
0.562671432071823	-0.479154368673015	0.057	0.065	1	MBOAT1	c2
0.00174428790116448	0.47909058205889	0.214	0.136	1	MRPL2	c2
0.0103117916542509	-0.479072304355294	0.373	0.405	1	SLAMF1	c2
0.0710288757077972	0.478704831939075	0.051	0.029	1	PWWP2B	c2
0.110941749437912	0.478571998468164	0.045	0.027	1	AL121594.1	c2
0.144907938089016	0.478513727965025	0.018	0.008	1	NEK11	c2
0.20979707821095	0.478512959619368	0.018	0.009	1	LMLN	c2
0.00054057266403524	0.478372782234778	0.184	0.103	1	DNAJC10	c2
0.000581877996728359	0.47826868414445	0.214	0.125	1	PPIL3	c2
0.00321642573118398	0.478009328807548	0.238	0.157	1	ATF2	c2
0.00568938098535327	0.477934057191795	0.084	0.043	1	HS1BP3	c2
0.0179170260978986	0.477913751960157	0.178	0.121	1	NBEAL2	c2
0.0384437963672846	0.477895988226067	0.033	0.015	1	SLC35G1	c2
0.172146446354248	-0.477343815102146	0.084	0.11	1	CEP68	c2
0.327645428793713	-0.477164529988006	0.054	0.069	1	ABCA1	c2
0.753786757121578	-0.477113673646223	0.051	0.054	1	LMTK2	c2
0.0409987857826404	0.476948532176851	0.093	0.06	1	DOPEY1	c2
0.51222777360365	-0.476554492002767	0.036	0.044	1	CUL9	c2
0.0418584520734091	0.476362477950114	0.09	0.056	1	EMC9	c2
0.972458563113597	-0.476322833394895	0.039	0.039	1	GANC	c2
0.0599810110187034	0.476289002847006	0.117	0.082	1	ATR	c2
0.0135808828326741	0.476238018641117	0.157	0.103	1	CEACAM21	c2
0.000153077761901427	0.475817560495755	0.325	0.207	1	CHTOP	c2
0.037096126683086	0.475752681119044	0.139	0.095	1	TMEM161A	c2
0.0959088744794745	-0.475681283140285	0.398	0.398	1	GIMAP5	c2
0.910808680898679	-0.475656730593601	0.075	0.074	1	BBS2	c2
0.750148082439123	-0.475519911206794	0.102	0.103	1	LINC01184	c2
0.140488801958095	0.475322463635023	0.045	0.028	1	PACS2	c2
0.00118431756398146	0.474851941883785	0.181	0.106	1	CHKB	c2
0.000381062460423707	0.47482042160086	0.211	0.122	1	TRMT2A	c2
0.874012793373137	-0.474783616541775	0.033	0.034	1	CEP89	c2
0.00090104716540893	-0.474675494529586	0.401	0.448	1	PNP	c2
0.10317888318618	0.474458210673611	0.036	0.02	1	IRAK2	c2
0.105847816070368	0.474401684681942	0.069	0.046	1	AP5S1	c2
0.130939331436288	0.474225216175101	0.06	0.04	1	ELAC1	c2
0.269503524100026	-0.47409023213802	0.009	0.018	1	IL5RA	c2
0.890690882183767	-0.474008404726653	0.069	0.069	1	ZNF253	c2
0.000239013680519992	0.473503752401317	0.334	0.217	1	TMEM183A	c2
0.000840163779599263	0.473471731489827	0.175	0.099	1	SNTB2	c2
0.00174247830828206	0.473236578943852	0.184	0.11	1	SNX4	c2
0.353524772110783	-0.472939126691158	0.114	0.13	1	ZNF281	c2
0.0717352946065779	0.472915957857193	0.066	0.041	1	EIF2AK3	c2
0.772217914315589	-0.472770672738589	0.033	0.029	1	DENND3	c2
0.519565170011595	-0.472622400325212	0.184	0.185	1	GPS2	c2
0.329601376846829	-0.472593923814118	0.093	0.11	1	NAT9	c2
0.000246095618783382	0.472483932510945	0.331	0.211	1	FKBP3	c2
0.549730506159399	0.47230294518191	0.012	0.008	1	ZNF19	c2
0.00418116274868311	0.472223737619113	0.211	0.139	1	DPM2	c2
0.942356002327637	-0.472142015808879	0.012	0.011	1	AC116407.2	c2
0.737763157636366	-0.472078301084885	0.018	0.021	1	QSOX2	c2
0.0655731933537938	0.471953058244969	0.072	0.045	1	POLR1A	c2
0.65704218072664	0.471939509306102	0.018	0.015	1	ZNF225	c2
0.0873087198854083	0.471779187793017	0.048	0.028	1	FBXL8	c2
0.0393179905555507	0.471728521668541	0.099	0.063	1	TOR1AIP2	c2
0.116713464210572	0.471585296636198	0.063	0.042	1	TRBV7-9	c2
0.529245532494592	-0.471407889686561	0.057	0.066	1	ZNF718	c2
0.00419948946335779	0.470833786891507	0.133	0.076	1	FAM214A	c2
0.238685315144288	-0.470804574570383	0.217	0.233	1	IFNAR1	c2
0.659516452395601	-0.470729136208306	0.051	0.056	1	PAN2	c2
0.0611536628226718	-0.470695421244148	0.136	0.173	1	HIVEP2	c2
0.24582106740274	-0.470454552715248	0.217	0.231	1	NUP50	c2
0.0149407669979308	0.470247085304868	0.108	0.065	1	COQ9	c2
0.603164462403498	-0.470222596366781	0.057	0.064	1	AHCYL2	c2
0.00213205197239903	0.4700545390198	0.172	0.101	1	BLVRB	c2
0.422047680378488	-0.469925681328723	0.148	0.156	1	MGA	c2
0.0517696885066336	0.469887651391008	0.093	0.061	1	CHPF	c2
0.0073035770805808	0.46976402256133	0.105	0.06	1	NOTCH1	c2
0.865178025527187	-0.469742423763372	0.036	0.038	1	DSN1	c2
0.0106468157316509	0.469693976537632	0.223	0.156	1	RPAP2	c2
0.473125799233163	-0.46966843563597	0.033	0.042	1	RIMKLB	c2
0.0893878812997913	0.469551419536854	0.105	0.074	1	XKR8	c2
0.661069078771426	0.469254282314496	0.027	0.023	1	IFT172	c2
0.000115929774783489	0.46924837511345	0.53	0.393	1	CLTB	c2
0.000401476560162166	0.469201137847306	0.271	0.167	1	PDE6D	c2
0.0138982833491187	0.46920018673679	0.09	0.051	1	AL135925.1	c2
0.000123247816678772	0.469128154582049	0.316	0.194	1	STIM1	c2
0.0126139761111462	0.468931602436937	0.072	0.038	1	KIAA2013	c2
0.000596913919230729	0.468898220637962	0.181	0.102	1	AL390728.5	c2
0.27351827121462	-0.468880061030098	0.163	0.178	1	DNAJC9	c2
0.00873393150085817	0.468869910672888	0.139	0.086	1	COQ6	c2
0.0699701771216776	0.468714832575036	0.078	0.05	1	CCDC18	c2
0.398081515888632	-0.468569135876248	0.039	0.05	1	DUSP3	c2
0.000284213196120071	0.468535108845564	0.277	0.173	1	SURF2	c2
0.000868908030751944	0.468499348127062	0.265	0.169	1	MRPS14	c2
0.000258294406800887	0.468226388731869	0.271	0.165	1	SCNM1	c2
0.481894094238079	-0.467591018387731	0.042	0.051	1	CROT	c2
0.061313196108009	-0.467590181614268	0.268	0.3	1	CRYBG1	c2
0.00013173625564873	0.467397359848932	0.214	0.117	1	MAP3K2	c2
0.0176918756455628	0.466992302108646	0.054	0.026	1	PI4K2A	c2
0.000692280435373319	0.46698086985691	0.247	0.152	1	GAPVD1	c2
0.527159305372236	-0.466848737416538	0.099	0.108	1	USP37	c2
0.00184466856600452	0.466555016265376	0.184	0.111	1	PLEKHO1	c2
0.975591843831274	-0.466289212715743	0.066	0.065	1	ZNF429	c2
0.126089022546146	0.466184841815833	0.039	0.023	1	ALG14	c2
0.620099298899199	-0.466181283547982	0.042	0.048	1	PEX7	c2
0.000581088052939824	0.466150017663079	0.244	0.152	1	LAP3	c2
0.000542141285289186	0.465977542010366	0.142	0.073	1	UHRF1BP1L	c2
0.591905335380223	-0.465857621861757	0.136	0.139	1	BRD9	c2
0.000383121106049845	0.465828594000514	0.337	0.224	1	GPBP1L1	c2
0.77503713427128	-0.46581803084912	0.045	0.048	1	MIER2	c2
0.478438862005551	0.46580154574005	0.03	0.023	1	CIPC	c2
0.00213017672871135	0.46567718752023	0.151	0.086	1	CLIC5	c2
0.000154664372936817	0.465641306454674	0.301	0.186	1	TRIM8	c2
0.000249919845962021	0.465407505016184	0.25	0.15	1	TMUB2	c2
0.00509322846541064	0.46529541332462	0.151	0.092	1	GNL3L	c2
0.00412686452232827	0.465228937604091	0.13	0.075	1	PIGB	c2
0.885458878878642	-0.464992032079391	0.078	0.077	1	CCDC58	c2
0.000806844918740103	0.464911722869829	0.169	0.093	1	ARL3	c2
0.143004832133172	0.464812402810434	0.03	0.017	1	CPEB3	c2
0.0560321475558741	0.464626706578692	0.111	0.075	1	EIF3B	c2
0.83547131356621	-0.464598800458073	0.075	0.069	1	MAPK8	c2
0.528977300513266	-0.464551964541114	0.06	0.069	1	SYNGAP1	c2
0.0140129614851199	0.464519778449829	0.148	0.095	1	YPEL2	c2
0.549044415328691	0.464475608347387	0.012	0.008	1	ECHDC3	c2
0.0230944760021097	0.464460688916261	0.048	0.023	1	ZNF510	c2
0.00127546152950512	0.464302278448175	0.377	0.27	1	NEMF	c2
0.391066230205015	-0.464260851573279	0.006	0.011	1	CCDC163	c2
0.00247595214218161	0.464098889412228	0.13	0.072	1	KHSRP	c2
0.00124450465261041	0.463595759720017	0.181	0.106	1	IFT27	c2
0.445943922412304	-0.463438328992062	0.06	0.071	1	ZDHHC16	c2
0.607356289975085	-0.463435240803141	0.139	0.141	1	ATXN7.1	c2
0.000157706443509233	0.463430011398749	0.313	0.199	1	USP8	c2
0.0126784159541084	0.463320766689701	0.108	0.064	1	CMTR1	c2
0.000103534202499189	0.463196947481709	0.349	0.225	1	PHF14	c2
0.377052218551157	-0.46311437893989	0.021	0.03	1	LINC00921	c2
0.353417868427456	-0.463024383382219	0.169	0.178	1	PRPSAP2	c2
0.46015204026301	-0.463006672211984	0.175	0.18	1	QTRT1	c2
0.000934051747478888	0.462880382820503	0.208	0.125	1	HYOU1	c2
0.00656725031211954	0.46266750648578	0.163	0.101	1	CARNMT1	c2
0.00152647096437925	0.462642483073275	0.19	0.114	1	DCAF12	c2
0.103179566211015	0.46246952154302	0.063	0.041	1	WDR35	c2
0.000633387014027868	0.462242682778857	0.292	0.188	1	LLPH	c2
0.103380893623687	0.462161803966399	0.033	0.018	1	NOMO1	c2
0.000648029020648553	0.462120859451458	0.286	0.185	1	RBM5	c2
0.549630395051114	0.461943525098073	0.024	0.019	1	DUSP8	c2
0.0492534225209614	0.461850003338462	0.06	0.034	1	SULT1A1	c2
0.000617798552068677	0.461563626452931	0.175	0.098	1	ZBTB2	c2
0.860435552109507	-0.461432388930032	0.093	0.092	1	ZBTB45	c2
0.14950372969161	-0.461256096205872	0.217	0.237	1	TNFSF10	c2
0.0378267455587493	0.461191209915263	0.057	0.031	1	APOLD1	c2
0.826250491706227	-0.461105380773093	0.012	0.014	1	HMGN5	c2
0.768591228416943	-0.460888234101722	0.048	0.051	1	CASD1	c2
0.153773836780186	0.460623635070062	0.042	0.026	1	ALG9	c2
0.386663800922469	-0.460349971923023	0.111	0.124	1	ABHD10	c2
0.000251584635554037	0.460029933314204	0.229	0.134	1	NDUFS1	c2
0.731344610025699	0.459700652367634	0.045	0.041	1	AC073896.2	c2
8.33404401994709e-05	0.459441186647073	0.413	0.272	1	THYN1	c2
0.000138624088272024	0.459028724491301	0.443	0.32	1	AKAP9	c2
0.305806269776156	0.458901087294294	0.012	0.006	1	AC078795.1	c2
0.653120763701866	-0.458762345083489	0.036	0.03	1	PLEKHM2	c2
0.00110812742136709	0.45859282881305	0.136	0.072	1	ZDHHC5	c2
0.305806269776156	0.458522907601613	0.012	0.006	1	ADPRH	c2
0.000738178549258675	0.458461161285177	0.274	0.176	1	POLR3K	c2
0.000299466216683312	0.458458575560856	0.428	0.297	1	DR1	c2
9.25076204592188e-05	0.458446245441697	0.386	0.252	1	DNAJC7	c2
0.0851466589898699	0.458329127945389	0.051	0.03	1	FUZ	c2
0.689796167257765	-0.458042729880374	0.033	0.028	1	ATP11C	c2
0.0219283585697774	0.457972682383752	0.087	0.051	1	RMND1	c2
0.344656328848779	-0.457470990168038	0.072	0.087	1	AIG1	c2
0.000142202460736117	0.457161349314331	0.325	0.203	1	BRMS1	c2
0.0385479508139487	0.457077593410533	0.057	0.031	1	TYW5	c2
0.0104959438827352	0.457038783880289	0.099	0.056	1	GALNT7	c2
0.750956560008197	-0.456968573016425	0.027	0.03	1	SNHG21	c2
0.0810931055522291	0.456889971013932	0.054	0.032	1	CHIC1	c2
0.000460632061933722	0.456835820740242	0.187	0.104	1	BSCL2	c2
0.000291232555517333	-0.456772041754575	0.452	0.528	1	TSPO	c2
0.754678837855824	-0.456690122076377	0.142	0.139	1	SMAD3	c2
8.79377435783468e-05	0.456591535172453	0.259	0.154	1	AC004687.1	c2
0.00120896435605444	0.4565696148593	0.229	0.144	1	TM9SF3	c2
0.398689672833731	0.456365127520539	0.015	0.009	1	PPP2R3B	c2
0.00209637360928195	0.45624520029367	0.127	0.068	1	SLC37A1	c2
0.735061312311002	-0.456107532692934	0.027	0.03	1	PLEKHM3	c2
0.922842842127627	-0.456036118416373	0.06	0.06	1	CEP83	c2
0.10572125569585	0.455990738547479	0.024	0.011	1	AC022098.1	c2
0.000484741116991889	0.455973866008563	0.123	0.061	1	ANKIB1	c2
0.000512691490012434	0.455845464946362	0.19	0.108	1	RAP2C	c2
0.0176965358751038	0.455825899378019	0.093	0.054	1	BPNT1	c2
8.73340063524208e-05	0.455593103067036	0.268	0.155	1	CCDC32	c2
0.000253411855349201	0.455330093823134	0.319	0.204	1	MIF4GD	c2
0.827342085654708	-0.455159711038024	0.018	0.02	1	ZNF20	c2
0.11351135904801	0.455131268806737	0.057	0.037	1	CDC34	c2
0.0114877455781052	0.455130947523129	0.139	0.086	1	SREBF2	c2
0.106136583690239	0.455129430735853	0.033	0.018	1	TNFRSF12A	c2
0.376588298299095	0.45485398876836	0.033	0.024	1	AMIGO2	c2
0.00223384798485395	0.454840832914344	0.175	0.104	1	VAPB	c2
0.962803780894301	-0.45464142265606	0.081	0.077	1	SH3TC1	c2
0.0127134234135042	0.454627387511051	0.102	0.06	1	EXT2	c2
0.0198764880904357	0.454537073324572	0.099	0.06	1	ZNF121	c2
0.014358097700225	0.454419053790437	0.111	0.067	1	MCM7	c2
0.00121267464073206	0.454389545475575	0.217	0.133	1	PYROXD1	c2
0.00364914530117506	0.454196928823252	0.142	0.082	1	FAM210A	c2
0.00745344296566189	0.453835840463633	0.12	0.07	1	FUT11	c2
0.000461192381972234	0.453811593331837	0.148	0.078	1	CEBPD	c2
0.256610809645762	-0.45379154776506	0.16	0.182	1	MAML2	c2
0.14461116060257	0.453781945599601	0.027	0.015	1	TET3	c2
0.768321035591508	0.453772688096239	0.018	0.016	1	ZNF565	c2
0.000843632097818407	0.453766802462381	0.172	0.096	1	HAUS1	c2
0.000134416750105078	0.453738068647904	0.364	0.238	1	CISD3	c2
0.0713598174870218	-0.453717871296182	0.494	0.485	1	BCAS2	c2
0.062677505426161	-0.453519252414098	0.256	0.292	1	SH2D1A	c2
0.428799831240072	0.45346282066495	0.021	0.015	1	AMN	c2
0.192401126416821	-0.453393652104096	0.229	0.247	1	TCERG1	c2
0.818001085935395	-0.453392491205145	0.027	0.029	1	TPRG1L	c2
0.5325343386173	-0.453246550087179	0.063	0.072	1	SCRN3	c2
0.599893948204432	-0.453197520937574	0.054	0.061	1	RHBDD1	c2
0.000751916727858291	0.452809290651302	0.211	0.127	1	MCM3AP	c2
0.439358978454842	-0.452627465285419	0.015	0.022	1	FITM2	c2
0.616833439840051	-0.452464649247245	0.066	0.072	1	CCDC61	c2
0.00175098520623162	0.452386770809646	0.096	0.047	1	PAK1	c2
0.00391505086183916	0.451720381048246	0.229	0.152	1	DRG1	c2
0.00201522558353538	0.451610931093453	0.142	0.079	1	ROGDI	c2
0.52491001179388	-0.451608074353344	0.018	0.024	1	SNX25	c2
0.000362320017276468	0.451555596460883	0.407	0.281	1	PTP4A1	c2
0.00072447236918066	0.451523193179336	0.181	0.102	1	ZNF652	c2
0.000120862121726473	0.45149276068756	0.491	0.356	1	SUSD3	c2
0.387672716263079	-0.451372436899993	0.181	0.191	1	CFAP36	c2
0.000824778247870068	0.451281342047088	0.232	0.142	1	NUP54	c2
0.0183205809501593	0.451164420309159	0.123	0.077	1	RNF25	c2
0.240562759730819	-0.451058841121651	0.108	0.13	1	LUZP1	c2
0.432194076888832	-0.451012871024929	0.108	0.12	1	HEBP1	c2
0.0209396536251351	0.450954769141455	0.075	0.042	1	XPO5	c2
0.0206163747766169	0.450877988801322	0.075	0.042	1	EXD3	c2
0.897558519096522	-0.450691884932178	0.114	0.111	1	WDR37	c2
0.886687316204056	-0.450691702106499	0.081	0.075	1	GPATCH1	c2
0.702489551581723	-0.450598327810166	0.114	0.117	1	REV1	c2
0.000257335608875834	0.450405083748322	0.473	0.344	1	TCP1	c2
0.145054093049886	0.450121255485121	0.087	0.063	1	BTBD7	c2
0.113609689754922	0.450052512289592	0.111	0.083	1	NT5E	c2
0.141406305118841	0.450003512317598	0.084	0.061	1	ZNF641	c2
0.00309758709641804	0.449934326877949	0.151	0.087	1	AIFM1	c2
0.0397028870398179	0.449718114956819	0.075	0.045	1	RETSAT	c2
0.302975398090555	0.449706012694554	0.051	0.038	1	MTERF2	c2
0.126911158126523	0.449660213524807	0.063	0.042	1	MLKL	c2
0.000173413862215071	0.44964880503772	0.256	0.152	1	ACLY	c2
0.61613558883198	-0.449530420202028	0.042	0.048	1	GNE	c2
0.507439639634083	-0.44938171041063	0.22	0.218	1	BORCS5	c2
0.0945249864921763	0.449288089237803	0.072	0.047	1	UBXN2B	c2
0.145332017192825	-0.4491706628151	0.13	0.16	1	GNPDA1	c2
0.0141995445247603	0.449140015514573	0.087	0.049	1	MYO19	c2
0.306871077399716	0.449028275181159	0.012	0.006	1	AL512625.2	c2
0.200531741312833	-0.448897249966677	0.148	0.171	1	FARSB	c2
0.000448098354125391	0.448875898910935	0.181	0.1	1	WDR55	c2
0.833296469126667	-0.448748746992639	0.072	0.073	1	SPICE1	c2
7.67327125533931e-05	0.448513698936686	0.328	0.206	1	PIGC	c2
0.000278616928533042	0.448500222272296	0.479	0.342	1	NFATC2	c2
0.00057131678403558	0.448363941866269	0.247	0.148	1	XIAP	c2
0.00214014326483468	0.447917364543093	0.214	0.137	1	COX11	c2
0.888204957326923	-0.447769583461881	0.039	0.037	1	DHRS4L2	c2
0.232088050331866	0.447746584775214	0.03	0.019	1	SH3PXD2A	c2
0.00120361083742465	0.447677828547205	0.184	0.107	1	ADORA2A	c2
0.340337695751343	-0.447616515722979	0.093	0.109	1	BTLA	c2
0.0739756170950449	0.447322296386842	0.042	0.023	1	DYNC2H1	c2
0.143980275536585	0.447321718867931	0.093	0.068	1	LRRC40	c2
0.00263208376663678	0.447319365883919	0.136	0.076	1	PAPOLG	c2
0.0553627643761978	0.44728750370523	0.078	0.049	1	RANBP10	c2
0.350573772729283	-0.447280856041555	0.024	0.034	1	COL6A2	c2
0.12484084448715	0.447279283920783	0.063	0.042	1	NELFB	c2
0.530245617136475	-0.447200078958319	0.066	0.075	1	ACADSB	c2
0.731603087698478	-0.447123082669685	0.099	0.101	1	CEP135	c2
0.0209432965544331	0.447056069798849	0.096	0.057	1	HPS6	c2
0.901729354130094	-0.446822032184778	0.12	0.116	1	WDR36	c2
0.000109150486440316	0.446786728350405	0.253	0.148	1	PHKG2	c2
0.878405812379759	-0.446732855084913	0.093	0.092	1	BCL2L12	c2
0.0202847879256121	0.446549199304293	0.09	0.052	1	DHCR7	c2
0.161125731787996	0.446393813764473	0.039	0.024	1	S1PR2	c2
0.000232096490519673	0.446375536463443	0.244	0.144	1	ZKSCAN1	c2
0.00129639130414141	0.44631174341628	0.187	0.112	1	PDLIM5	c2
0.00314979092720233	0.445943499369432	0.22	0.141	1	ZNF410	c2
0.397093780674346	0.445724006703011	0.015	0.009	1	FAM149B1	c2
0.0236308542846662	0.445569545792681	0.063	0.033	1	ATL2	c2
0.0372047259170199	0.445320348629397	0.066	0.038	1	TAF6L	c2
0.198773803158798	-0.445270590874386	0.34	0.335	1	SNHG7	c2
0.346216919362907	0.445237608769293	0.021	0.014	1	ABL1	c2
0.459932601052024	-0.445226561753835	0.063	0.074	1	PHOSPHO2	c2
0.134555745607088	-0.445037552489674	0.06	0.086	1	OSM	c2
0.00159163416366437	0.445007613619905	0.166	0.095	1	SPIDR	c2
0.755537911777222	-0.444949822363121	0.075	0.078	1	SLC36A4	c2
0.561015628722932	-0.44487476760556	0.078	0.086	1	EFCAB2	c2
0.000756356484624815	0.444704022117673	0.235	0.145	1	BABAM1	c2
0.00448554387973139	0.444366157727101	0.133	0.076	1	HMGCL	c2
0.405372628361236	0.444287249545249	0.03	0.022	1	MIR22HG	c2
0.102498660907649	-0.444076283153249	0.099	0.132	1	TMEM273	c2
0.000299872611970402	0.443930018522935	0.316	0.206	1	SLU7	c2
0.746698617523224	-0.443841577260834	0.078	0.082	1	C6orf120	c2
0.411587373455748	-0.443612894343501	0.018	0.026	1	AC004854.2	c2
0.00250504358129326	0.443392597988991	0.208	0.132	1	BRAT1	c2
0.740892174924445	-0.443376518227819	0.036	0.04	1	ASAH2B	c2
0.00400765218894878	0.443342103535979	0.151	0.089	1	NCOR2	c2
0.00182756902408118	0.443233119779011	0.03	0.007	1	IL10	c2
0.0101941519277612	0.442971543939343	0.157	0.1	1	CCNB1IP1	c2
0.0848238467883383	-0.442817348493334	0.22	0.261	1	BET1L	c2
0.000631100412519262	0.442573872474986	0.217	0.13	1	MTREX	c2
0.00399918448495045	0.442517330643697	0.133	0.076	1	MRE11	c2
0.0503855492769617	0.442398233097631	0.12	0.083	1	TTC32	c2
0.261945477129861	-0.442168091223803	0.12	0.141	1	EPHA1	c2
0.669751528855489	-0.442112877901066	0.419	0.389	1	PHLDA1	c2
0.0094848197762378	0.442086668710893	0.157	0.099	1	ZSCAN16-AS1	c2
0.00188276095494816	0.441939700645494	0.142	0.078	1	NIT1	c2
0.00152842299904114	0.441879607630315	0.358	0.254	1	ARRDC1	c2
0.240802627538013	0.441735651257817	0.078	0.06	1	USP24	c2
9.85858353535523e-05	0.441689797133873	0.193	0.101	1	YTHDF3	c2
0.00922892611478459	0.441676948718373	0.151	0.095	1	RALB	c2
0.504247236702872	0.441492011061317	0.015	0.01	1	AC004943.2	c2
0.0216883204673261	0.441332606518667	0.09	0.053	1	SPPL2B	c2
0.278717498525511	0.441327613916546	0.045	0.032	1	WDR24	c2
0.000942628774025338	0.44129653637406	0.337	0.231	1	HSPA4	c2
0.000907895780685372	0.441228732163977	0.223	0.137	1	ERCC3	c2
0.0650613413707486	0.441084208787405	0.117	0.08	1	PELO	c2
0.00458426469217427	0.440963929727709	0.13	0.074	1	ASH2L	c2
0.0909655441967337	0.440889749895197	0.045	0.026	1	CHST2	c2
0.0372756055165157	0.440731400708743	0.096	0.061	1	PUS3	c2
0.00753206425121805	0.440720413878741	0.069	0.033	1	SLC38A6	c2
0.00470208405057584	0.440684929984644	0.247	0.167	1	XAF1	c2
0.106797636252884	0.440332258980578	0.063	0.041	1	TRIT1	c2
0.00222250075832171	0.440225639039357	0.298	0.203	1	ZNF217	c2
0.00077396002265659	0.440083672754048	0.298	0.193	1	PLEKHB2	c2
0.0834606281723555	0.44006775527248	0.054	0.032	1	TMEM164	c2
0.000141459012102576	0.439942498787321	0.437	0.299	1	CHMP4A	c2
0.000477892993142256	-0.439917311404754	0.584	0.61	1	RNASET2	c2
0.043801983976438	0.439763622215155	0.072	0.043	1	C17orf80	c2
0.00167561352299797	0.439678644224401	0.244	0.157	1	DNAJB11	c2
0.000299002193804438	0.439574885536892	0.232	0.135	1	ING4	c2
0.449548277135099	-0.439562222055146	0.253	0.25	1	ELMO1	c2
0.00373079779831011	0.439491780089942	0.148	0.087	1	PATL1	c2
0.271658326394485	0.439470480630863	0.021	0.013	1	BX890604.1	c2
0.00558348646090185	0.43923012934356	0.127	0.073	1	COG2	c2
0.54104668685243	-0.438932783179171	0.102	0.112	1	RP9	c2
0.000810129719188433	0.438764835167842	0.377	0.256	1	USP14	c2
0.0312386179943886	0.438687293859656	0.057	0.03	1	ATAT1	c2
0.156984143325741	-0.438646304416314	0.389	0.392	1	IL27RA	c2
0.782765379833124	-0.438453403868112	0.081	0.073	1	R3HCC1L	c2
0.00010554450707271	0.438423068024224	0.389	0.256	1	RBBP7	c2
0.0267686622461669	0.438374269444714	0.105	0.066	1	C11orf54	c2
0.0538532742171524	0.438372317363382	0.123	0.086	1	RIOX1	c2
0.00539121587873736	0.43813363061427	0.114	0.064	1	MEN1	c2
0.0352837151980375	0.438080919553224	0.105	0.068	1	SMC2	c2
0.107500364480442	0.437999361768131	0.024	0.011	1	UST	c2
0.000458621755895133	0.437971420014702	0.238	0.142	1	TARS	c2
0.990012957276756	-0.437909478615345	0.033	0.032	1	ZNF416	c2
0.0518299718209469	0.437775502452676	0.072	0.044	1	MLH3	c2
0.26813939376163	0.437758489728935	0.042	0.029	1	TWSG1	c2
0.137435491007958	0.437659715683677	0.033	0.019	1	SLC33A1	c2
0.0233252339661122	0.437642834385865	0.13	0.084	1	MFSD14B	c2
0.00543815074275742	0.437433598486563	0.193	0.122	1	STIM2	c2
0.0606781871436804	0.437119348596625	0.127	0.088	1	MBIP	c2
0.369587844725089	-0.436989215398818	0.03	0.021	1	PEAK1	c2
0.0543916635889159	0.436828129010655	0.051	0.028	1	DBT	c2
0.244142489337293	0.436790818841533	0.027	0.017	1	AC008764.8	c2
0.501378670515524	0.43667923130704	0.033	0.026	1	TRAV38-1	c2
0.00751613867969904	0.436409697848387	0.12	0.071	1	FAM117A	c2
0.222264998718367	0.436343295498389	0.042	0.028	1	SLC18B1	c2
0.00390837047313075	0.436264343349229	0.208	0.135	1	GRIPAP1	c2
0.00231124245706666	0.436156731429033	0.202	0.126	1	DTX3L	c2
0.000127145533406964	0.436015237599832	0.458	0.32	1	STN1	c2
0.00683453932642249	0.435689094705402	0.205	0.137	1	EGLN1	c2
0.612385903867197	-0.435645224462463	0.027	0.032	1	TMTC4	c2
0.000526227427930158	0.435406095060989	0.292	0.185	1	MBD4	c2
0.268177415118645	-0.43539848709423	0.139	0.155	1	DEXI	c2
0.551266128168266	-0.435395044299263	0.012	0.017	1	DBF4B	c2
0.322616159196702	0.435236479962359	0.024	0.016	1	DDX51	c2
0.0013568571004612	0.434926304769585	0.178	0.103	1	ZNF480	c2
0.575338261943398	0.434656818818605	0.033	0.027	1	FER	c2
0.460897028846746	-0.434647555207018	0.163	0.168	1	TRMT10C	c2
0.000152616124964105	0.434575260386878	0.401	0.266	1	STIP1	c2
0.000545742539179387	0.434509736733013	0.229	0.137	1	SLC52A2	c2
0.000850273659235879	0.434478611058978	0.389	0.274	1	SMG1	c2
0.796646883982419	-0.434428846653666	0.036	0.032	1	KLHL5	c2
0.00122565073852838	0.434340607611263	0.247	0.158	1	PRDM2	c2
0.00241346621462898	0.43433688214488	0.208	0.132	1	NFYB	c2
0.000145124835833514	0.434286415866815	0.648	0.502	1	BIN2	c2
0.0190239017793105	0.433968818038961	0.166	0.112	1	BTN2A1	c2
0.0368461210512868	0.4337205963862	0.12	0.08	1	MIOS	c2
0.000372448290504843	0.433446004483095	0.277	0.171	1	ASB8	c2
0.00286893420172612	0.433256980064929	0.151	0.088	1	GBA	c2
0.00182513836019339	0.43323327922406	0.223	0.14	1	NCSTN	c2
0.00120934670295743	0.433219177021375	0.292	0.194	1	WIPI2	c2
0.000427733809292027	0.433197323458372	0.461	0.333	1	TXNL1	c2
0.0670620961665414	0.433182552571327	0.081	0.052	1	VIPAS39	c2
0.88834628936352	-0.43297856157367	0.105	0.106	1	MAGEH1	c2
0.0390849939791254	0.432825065010259	0.093	0.059	1	APOBEC3F	c2
0.0221125543471155	0.432791030801314	0.163	0.11	1	THAP6	c2
0.814991867111757	0.432642586017179	0.078	0.084	1	TRAV29DV5	c2
0.302938128833666	-0.432641553646521	0.145	0.162	1	COPS7A	c2
0.549863362478618	-0.432632189671339	0.12	0.127	1	NFIC	c2
0.00322112203201654	-0.432524626910707	0.479	0.516	1	RNH1	c2
0.000191543104280013	0.432486900074821	0.235	0.136	1	TIMM50	c2
0.0271982054888003	0.432403090473329	0.172	0.12	1	MTMR6	c2
0.000611528122217999	0.432244870678572	0.208	0.123	1	TMEM156	c2
0.00276068379225747	0.432169379518168	0.127	0.069	1	C1orf50	c2
0.0140233266299853	0.431953372735032	0.096	0.055	1	FBXO11	c2
0.000120122472881827	0.431899021177337	0.355	0.227	1	ECHDC1	c2
0.0223484993287232	0.431818394133083	0.09	0.053	1	ZBTB48	c2
0.311756907122904	-0.431506784472533	0.078	0.095	1	JPT2	c2
0.000579309175291615	0.431292545883676	0.238	0.147	1	TIMMDC1	c2
0.00481179791249726	0.431230977303348	0.093	0.048	1	IMPACT	c2
0.136205357497112	0.431146025120904	0.033	0.019	1	TRAF3IP2-AS1	c2
0.469225912458748	-0.431066593511939	0.03	0.039	1	SUV39H1	c2
0.000257177753608453	0.431057435887584	0.723	0.599	1	ISG20	c2
0.0651583463710531	0.431023900638736	0.057	0.033	1	AC019205.1	c2
0.824901820659521	-0.43093084727329	0.012	0.014	1	ANKS1A	c2
0.0716994564598957	0.430891765564206	0.105	0.072	1	ZNF211	c2
0.549044415328691	0.430870501227546	0.012	0.008	1	AL080250.1	c2
0.00146221175131063	0.430846953606353	0.244	0.157	1	TRNAU1AP	c2
0.00226111351363437	0.430803137145242	0.235	0.15	1	MPDU1	c2
0.0106686705612115	0.43073461654854	0.127	0.077	1	UNK	c2
0.00178441369593431	0.430731218281171	0.223	0.139	1	ANKRD13D	c2
0.0283229432953361	0.43030463192247	0.108	0.068	1	PGGT1B	c2
0.376494672993053	-0.430267043191686	0.009	0.016	1	MINDY1	c2
0.272491167663573	0.430252736564563	0.042	0.029	1	ZNF799	c2
0.663929157446609	-0.43013875390995	0.099	0.087	1	ZHX1	c2
0.00026721590081584	0.429988502410555	0.211	0.12	1	TCTN3	c2
0.00258806158754747	0.429855418548531	0.187	0.114	1	PAPSS1	c2
0.610134701464805	-0.429790693590725	0.033	0.039	1	DHRS7B	c2
0.0106819946740683	0.429655079322989	0.108	0.063	1	USP21	c2
0.00022537901438527	0.429586981628896	0.238	0.138	1	BTBD1	c2
0.0625454332658493	0.429546272716935	0.057	0.033	1	IRF2BP1	c2
0.00100189810713787	0.42952787246064	0.187	0.109	1	TMEM80	c2
0.0018404229945276	0.429499780385232	0.12	0.064	1	ESS2	c2
0.0129885439185695	0.429317408724214	0.127	0.077	1	POLR2J3	c2
0.0179141470733732	0.429085594281541	0.087	0.05	1	GNPDA2	c2
0.66986232002498	-0.42903519349047	0.024	0.028	1	DTX1	c2
0.00654081409518307	0.428961516537411	0.12	0.069	1	GPN2	c2
0.0207467305125278	0.428872378313773	0.072	0.04	1	RAB30-AS1	c2
0.0719478024242319	0.428790041170374	0.12	0.085	1	SETDB2	c2
0.423955615308081	0.428782155194155	0.012	0.007	1	AC090825.1	c2
0.722445661247657	-0.428665088397921	0.151	0.149	1	DGCR2	c2
0.0284192483745185	0.428661280387501	0.123	0.08	1	MTERF3	c2
0.0658435425676197	0.428605306052038	0.069	0.043	1	LRSAM1	c2
0.250325114522807	0.428522485774578	0.036	0.024	1	PGAM5	c2
0.00895583416962674	0.428383922515492	0.307	0.219	1	SRP54	c2
0.952936001780219	0.428283949184405	0.015	0.015	1	AVEN	c2
0.0551557674533935	0.42806362808641	0.069	0.042	1	ZBED4	c2
0.001805440826387	0.428013113383442	0.196	0.12	1	DNAJC17	c2
0.00801326548033493	-0.427872027928053	0.377	0.426	1	CDC42EP3	c2
0.0310527028853739	0.427766191876258	0.054	0.028	1	MTHFD2L	c2
0.820929926678264	-0.427762854171791	0.021	0.019	1	ZDHHC9	c2
0.824616248216093	-0.427721470131441	0.015	0.017	1	TTC8	c2
0.514565125259208	-0.4276235528601	0.199	0.199	1	TCEAL8	c2
0.245045175450444	-0.427558159112145	0.238	0.251	1	LTA4H	c2
0.210132027253437	0.427540488862975	0.018	0.009	1	CASC1	c2
0.610988625267544	-0.427521099248403	0.024	0.029	1	CNNM3	c2
0.00786722568456347	0.427383427325479	0.133	0.079	1	UBE2M	c2
0.0236649904395277	0.427256537121426	0.048	0.023	1	PRKACA	c2
0.754031386056019	-0.427237248530641	0.033	0.037	1	AC245014.3	c2
0.615124327616068	0.427222545532215	0.015	0.011	1	AP002026.1	c2
0.0419029932369821	0.42721850653844	0.072	0.043	1	LRR1	c2
0.918860467168982	-0.427013515446422	0.075	0.074	1	LRRC57	c2
0.00274379347731718	0.426982234329241	0.136	0.076	1	B9D2	c2
0.00300456414425669	0.426835340078255	0.133	0.074	1	SETDB1	c2
0.0223088034383375	0.426788897841303	0.12	0.077	1	CAMKMT	c2
0.0595656597693196	0.426778321292359	0.063	0.038	1	C10orf88	c2
0.00643796829556866	0.426159357467875	0.136	0.082	1	ECE1	c2
0.867757438857515	-0.426130914156715	0.078	0.079	1	LINC00944	c2
0.000526931975795151	0.426071876157823	0.208	0.121	1	DNAJB12	c2
0.0162695929420164	0.425853132252918	0.102	0.061	1	BICRAL	c2
0.0230545990680751	0.425704516304234	0.063	0.033	1	SCAMP1-AS1	c2
0.924608947573713	-0.42549983630851	0.105	0.098	1	MAP7D3	c2
0.00465423995795486	0.425470213079132	0.133	0.077	1	ATP7A	c2
0.961775510297681	-0.425467784316879	0.054	0.052	1	WWOX	c2
0.667684309941134	-0.425182101287316	0.051	0.056	1	CHCHD6	c2
0.470538694350395	-0.425147190917877	0.006	0.01	1	TMEM220	c2
0.107311218491398	0.424863016152733	0.027	0.014	1	KBTBD8	c2
0.000261943898299721	0.424807974101877	0.31	0.197	1	NOP56	c2
0.0751080859882743	0.424754775483191	0.12	0.086	1	PANK4	c2
0.816754493217848	-0.424699108553257	0.018	0.02	1	ZNF501	c2
0.0781849405209395	0.424697401527073	0.093	0.063	1	UTP25	c2
0.0303845182910864	0.424620678228614	0.111	0.071	1	RIPK3	c2
0.4827800015836	0.424612162194883	0.039	0.031	1	ENPP5	c2
0.000203815756453679	0.424590925679666	0.298	0.183	1	FAM104A	c2
0.89401325883339	-0.424577964668834	0.093	0.092	1	PCYOX1L	c2
0.0251037650179775	0.424564834664034	0.166	0.114	1	SGTA	c2
0.603803404161116	-0.424548591537302	0.114	0.12	1	WWP1	c2
0.912796008062352	-0.424511639750722	0.024	0.025	1	DNAL1	c2
0.700479204729701	-0.424421404950012	0.127	0.129	1	PLIN3	c2
0.669141203384245	-0.424325988421991	0.024	0.02	1	LSM14B	c2
0.0713823288149903	-0.424237880216777	0.355	0.366	1	TRAPPC6A	c2
0.0368246803245856	0.424063744700577	0.114	0.075	1	TRIM23	c2
0.552601783576787	-0.423873755105872	0.087	0.095	1	SPECC1L	c2
0.000816234132729029	0.423783053772244	0.386	0.27	1	ZFAND6	c2
0.00250332182380566	0.423769720962329	0.099	0.05	1	USF1	c2
0.00410077135858257	0.423672259528796	0.157	0.094	1	KBTBD4	c2
0.286124235010308	0.423658120541658	0.018	0.01	1	AC242426.2	c2
0.0276292604104878	0.423614286835796	0.102	0.064	1	BAG2	c2
0.048169877828331	0.423540654706628	0.066	0.039	1	RRP36	c2
0.000664323276829181	0.423491726750304	0.214	0.126	1	GBF1	c2
0.155556352118996	0.423428275097327	0.06	0.041	1	TATDN2	c2
0.00193830115887635	0.423345995442151	0.253	0.163	1	C20orf27	c2
0.0152365999899534	0.42332328175608	0.127	0.078	1	WARS2	c2
0.00380221817900632	0.423298652114276	0.334	0.24	1	ARL2	c2
0.000171591755401693	0.423242693527939	0.506	0.363	1	NDUFB3	c2
0.0125157501643787	0.423202444710189	0.123	0.075	1	ZNF227	c2
0.192456765590352	0.422978952980451	0.027	0.016	1	RBAK	c2
0.0232928788806912	0.422863826474794	0.069	0.038	1	NFXL1	c2
0.00238033428107247	0.422841542563898	0.358	0.258	1	DECR1	c2
0.000202378310842805	0.422723298598619	0.404	0.271	1	EIF4E2	c2
0.00142391608975941	0.422696703354768	0.407	0.29	1	MANF	c2
0.0303265537030478	0.42268885717839	0.087	0.052	1	ZC3H7B	c2
0.000222776596706988	0.422449013780886	0.187	0.101	1	TOPBP1	c2
0.00872979759697951	0.422420645331756	0.151	0.094	1	TRIP4	c2
0.951030679053348	-0.422233508555188	0.03	0.03	1	MRM1	c2
0.601645769799272	-0.421697641534155	0.268	0.255	1	CHMP7	c2
0.512545121686793	-0.421579006798612	0.036	0.044	1	ZNF441	c2
0.624572792929896	-0.421521320016442	0.066	0.073	1	CYB561D1	c2
0.00146064350363615	0.42148863654472	0.322	0.217	1	HIGD1A	c2
0.18257208683882	-0.421486829845896	0.256	0.27	1	MALT1	c2
0.194327931639382	0.421473031108708	0.039	0.025	1	FXR2	c2
0.148019441770377	0.421234909111627	0.063	0.043	1	GSK3A	c2
0.00101159321695212	0.421200220995763	0.181	0.104	1	CHPT1	c2
0.735489167169542	-0.421119946725681	0.036	0.04	1	CPEB2	c2
0.0893332072692356	0.421015015120162	0.075	0.049	1	C22orf34	c2
0.256910956877513	0.420997070985707	0.024	0.015	1	AC090061.1	c2
0.206138125851551	0.420931179139611	0.018	0.009	1	TMEM136	c2
0.000981530524481434	0.42076595469218	0.277	0.178	1	USP33	c2
0.0038325530545823	0.420712917179629	0.181	0.111	1	BOLA2-SMG1P6	c2
0.00455868547781003	0.420479753916874	0.16	0.098	1	UBXN7	c2
0.0136659213363155	0.420417179780916	0.13	0.08	1	ATP6V1A	c2
0.00203158478757826	0.420395620329016	0.196	0.12	1	TMX3	c2
0.0330233374361373	0.420391366686844	0.12	0.079	1	ERCC6L2	c2
0.0403770029217278	0.420352091073184	0.087	0.054	1	RBM15	c2
0.314244298465963	-0.420203321017382	0.166	0.182	1	GIMAP8	c2
0.0678035550020014	0.420191078849859	0.102	0.07	1	PNO1	c2
0.612250027645895	-0.420056067525969	0.024	0.029	1	LIN9	c2
0.0561833252017408	0.419634247373181	0.078	0.049	1	EIF4ENIF1	c2
0.173651813921331	-0.419506871708966	0.057	0.079	1	KCNK6	c2
0.00055778086605826	0.41939878186166	0.283	0.179	1	ECI2	c2
0.00715254120452006	0.419297406855262	0.066	0.031	1	MOB1B	c2
0.349089094716723	0.419225870508597	0.021	0.014	1	NADK2	c2
0.000442929728055906	0.418876351787926	0.331	0.212	1	CISD2	c2
0.0723928599767598	0.418643305940959	0.048	0.027	1	CACTIN	c2
0.748994669497154	-0.418446320384125	0.102	0.104	1	ZNF33B	c2
0.579403552674916	-0.418350046473691	0.06	0.068	1	EID3	c2
0.00372646939848648	0.418094742989167	0.108	0.059	1	EIF3J-DT	c2
0.604305788040168	-0.417867849265264	0.057	0.064	1	DNLZ	c2
0.0129198553448584	0.417846489752577	0.142	0.09	1	SEC23IP	c2
0.0115037871613768	0.417716899300979	0.16	0.103	1	CGAS	c2
0.144159148779859	0.417447255477421	0.03	0.017	1	ARSB	c2
0.00828842645035149	0.417431349904377	0.111	0.064	1	ABCC10	c2
0.0119862000497727	0.417145996101043	0.163	0.108	1	TMEM140	c2
0.0645506294094502	-0.416990781250369	0.265	0.298	1	BOLA3	c2
0.00154924584499822	0.41679878745201	0.211	0.13	1	TMEM242	c2
0.2809402034335	-0.416758006489729	0.253	0.258	1	RBM38	c2
0.593884121811963	-0.416714050320704	0.069	0.076	1	NUDT15	c2
0.000115808030688621	0.416621737661623	0.334	0.204	1	TBPL1	c2
0.00195472361479772	0.416511590728415	0.169	0.098	1	NKIRAS2	c2
0.0289104786853395	0.416450801077142	0.108	0.069	1	NUP93	c2
0.565817877523373	-0.416397565051287	0.081	0.089	1	NVL	c2
0.103158189461822	0.416235998081428	0.072	0.048	1	SPEF2	c2
0.102420743604007	0.416196583890357	0.021	0.009	1	SETMAR	c2
0.285177004261263	0.416159977150435	0.03	0.02	1	AC009061.2	c2
0.121775808109415	0.415992322775877	0.078	0.053	1	METTL3	c2
0.106614669494179	0.415942023972595	0.078	0.053	1	PPRC1	c2
0.427074569879739	0.415780255459223	0.012	0.007	1	AC009113.1	c2
0.0661112001326221	0.415739796034711	0.069	0.043	1	MARCH8	c2
0.519027503961305	0.415306143582305	0.021	0.016	1	KLHDC8B	c2
0.00120412928139628	0.414902831521794	0.298	0.195	1	C21orf91	c2
0.000293913000752166	0.41487435300479	0.364	0.234	1	BLOC1S2	c2
0.775287942884821	-0.414762419491951	0.096	0.096	1	RBBP5	c2
0.0750810913135361	-0.414761035880537	0.298	0.327	1	PABPC4	c2
0.0542785049674069	0.414555737921861	0.072	0.044	1	TSHZ1	c2
0.000816379398424435	0.41454236365663	0.328	0.223	1	RASGEF1B	c2
0.00201574081600255	0.414457979158426	0.226	0.143	1	RPUSD3	c2
0.000398193388774424	0.414400519021508	0.346	0.228	1	GOLGB1	c2
0.828814410591605	-0.414166330784805	0.084	0.077	1	AMMECR1	c2
0.630098217095862	-0.414080612204454	0.012	0.016	1	AL450326.1	c2
0.0858075755325205	-0.414036593637961	0.512	0.499	1	PIK3IP1	c2
0.00368004856628491	0.414035484419402	0.178	0.111	1	HIF1AN	c2
0.00038835748640633	0.413986154628713	0.292	0.184	1	HMG20B	c2
0.00980291751783979	0.413647913003943	0.093	0.051	1	DCUN1D4	c2
0.00101197399282192	0.413519924558496	0.31	0.208	1	CNDP2	c2
0.000802112092456697	0.413280954303244	0.265	0.167	1	CBL	c2
0.0427660099727015	0.413264938160505	0.084	0.052	1	CAPN10	c2
0.0137755089250663	0.413245435690591	0.087	0.048	1	GGACT	c2
0.758485910199355	-0.413217100233308	0.178	0.172	1	SFI1	c2
0.925176273495288	-0.413117266976998	0.015	0.016	1	CNIH3	c2
0.281115753458209	-0.412927900344845	0.25	0.26	1	PDCD7	c2
0.000379726842144146	0.412911909472706	0.337	0.222	1	LENG8	c2
0.0288816084679692	0.412908619972734	0.142	0.095	1	RNASEH1	c2
0.000716381532774546	0.41288118186656	0.25	0.155	1	EHMT1	c2
0.529852837572972	-0.412858878611238	0.136	0.143	1	FAM210B	c2
0.00545169743976272	0.412838275010148	0.172	0.109	1	DUSP12	c2
0.842184699208826	0.412636729558039	0.015	0.014	1	PDP2	c2
0.798480232671806	-0.412506209173477	0.042	0.045	1	MIS18A	c2
0.887672923900012	-0.412413493520408	0.139	0.135	1	ITPKB	c2
0.00057206258170588	0.412230812293241	0.364	0.247	1	RPS6KA3	c2
0.00375739133328465	0.412068495394399	0.196	0.123	1	DMAP1	c2
0.60365620903428	-0.412020372104943	0.175	0.175	1	SH2B1	c2
0.000218689240368868	0.411753590692832	0.217	0.122	1	PRKAG1	c2
0.548358747249121	0.411613107513104	0.012	0.008	1	CKB	c2
0.998899249514634	-0.411433479456273	0.021	0.021	1	AFDN	c2
0.102092648669179	0.411345888512713	0.036	0.02	1	PCOLCE	c2
0.00850957742507127	0.410965554967826	0.111	0.064	1	OAZ2	c2
0.0182730037226431	0.410958704281918	0.096	0.056	1	TTBK2	c2
0.00805863043702024	0.410746880094997	0.208	0.138	1	PPIP5K2	c2
0.326280192232583	0.410534959376507	0.024	0.016	1	DHRS11	c2
0.685059466888758	-0.410438068105971	0.039	0.044	1	ERLIN2	c2
0.00135683287362706	0.410422951686661	0.166	0.094	1	APC	c2
0.000930469556237851	0.41041975214165	0.419	0.298	1	AKR1B1	c2
0.149217071710217	0.410333115422544	0.024	0.013	1	WDCP	c2
0.206816281505663	0.41010553223757	0.021	0.011	1	ZNF530	c2
0.00445314839023472	0.410079690917937	0.157	0.095	1	CEP250	c2
0.0558424878670018	0.409990974685863	0.048	0.026	1	KIAA0753	c2
0.0302646976909455	-0.409950271455807	0.404	0.42	1	HPCAL1	c2
0.039523225354781	0.409868480819963	0.081	0.049	1	ERI1	c2
0.059991679950641	-0.409766640119961	0.03	0.056	1	TRBV7-2	c2
0.573887779456285	-0.409737271310295	0.015	0.02	1	LINC00893	c2
0.988867385250921	-0.409553447491414	0.09	0.087	1	MHENCR	c2
0.000199860550537129	0.40946599482017	0.599	0.442	1	SF3B6	c2
0.00296342769104507	-0.409363181042823	0.575	0.589	1	TUBA4A	c2
0.0155717712359517	0.409360149649398	0.111	0.067	1	GPATCH3	c2
0.30473060807964	0.409197645834738	0.057	0.043	1	ZNF235	c2
0.00966223101069951	0.409056730621082	0.148	0.092	1	SCAMP4	c2
0.00516835640065439	0.40903645582324	0.127	0.072	1	DERA	c2
9.54396113371801e-05	0.40881481521004	0.506	0.352	1	CYBC1	c2
0.00276339816214011	0.40880100846646	0.292	0.2	1	UCHL5	c2
0.798588780694683	-0.408619634509415	0.127	0.124	1	IFT57	c2
0.692313636238742	0.408587130279939	0.021	0.018	1	ARAP3	c2
0.00250126437061348	0.408513710882816	0.313	0.217	1	ZNF655	c2
0.101800682113352	0.408246794385054	0.039	0.022	1	ZSCAN30	c2
0.00396138377768724	0.408222196855635	0.181	0.11	1	TPRA1	c2
0.000188197750495991	0.408218750893899	0.449	0.309	1	BCL7B	c2
0.00827838317688576	0.408163554042264	0.187	0.123	1	LMBR1	c2
0.0102728920263637	0.408157127952426	0.145	0.09	1	C2orf69	c2
0.30478160994492	0.408144360978137	0.027	0.018	1	SHLD3	c2
0.0574016297407403	0.407879598333505	0.114	0.078	1	SPRYD7	c2
0.652737690792996	-0.407824896073852	0.015	0.019	1	CEP72	c2
0.334004707891445	-0.407807037838912	0.075	0.092	1	TCEAL3	c2
0.0993574903149	0.407680986568443	0.075	0.05	1	GSPT2	c2
0.00429680454766379	0.407511929638559	0.157	0.094	1	QSOX1	c2
0.0146641570620991	0.40729607019144	0.084	0.047	1	SAC3D1	c2
0.918781457630179	-0.407169756250244	0.148	0.141	1	PLCB2	c2
0.00514308041004131	0.407044623405976	0.226	0.154	1	ELL	c2
0.00284698248696755	0.406922509746829	0.16	0.093	1	C16orf87	c2
0.00133815174472421	0.406829797102122	0.208	0.126	1	ST6GALNAC6	c2
0.652043890152108	-0.406802012793506	0.148	0.147	1	TP53TG1	c2
0.000295790839505795	0.406781458118834	0.244	0.146	1	CAMK2D	c2
0.650586883027486	-0.406378707985528	0.015	0.019	1	EXOC6B	c2
0.0949534181019781	0.406238527242889	0.096	0.068	1	AC004922.1	c2
0.0140947126789948	0.40615328983867	0.31	0.233	1	H2AFX	c2
0.116045123046261	-0.406094097373121	0.506	0.488	1	GATA3	c2
0.479323208576761	-0.405841919475457	0.12	0.13	1	INSIG2	c2
0.057629612415903	0.405752383851556	0.078	0.049	1	GATD1	c2
0.611408964719505	-0.405685781548607	0.024	0.029	1	AC016727.1	c2
0.187761589597715	0.405607404171116	0.042	0.027	1	CYP4F22	c2
0.333263007214762	-0.405523426407573	0.157	0.171	1	NUDCD3	c2
0.00119175396708346	0.405511808142779	0.289	0.193	1	CNTRL	c2
9.7214146732758e-05	0.40539445420184	0.509	0.363	1	ACP1	c2
0.00139388458247662	0.405176003364971	0.072	0.03	1	ZNF490	c2
0.137460864303399	0.405135261005509	0.015	0.006	1	FAM234B	c2
0.00636293903485364	0.40509718156846	0.187	0.12	1	MBD6	c2
0.883492580153122	-0.405087636294669	0.178	0.162	1	IER5	c2
0.743346258471109	-0.405039314122637	0.12	0.121	1	TASP1	c2
0.106015736409081	-0.405010274510281	0.238	0.265	1	CTDSP2	c2
0.774361892059388	-0.40500486836504	0.066	0.06	1	LZTS2	c2
0.503659362426903	0.40467610093136	0.015	0.01	1	AC016394.1	c2
0.89291796519307	-0.404553839413344	0.018	0.017	1	ITGA3	c2
0.001500872311286	0.404482188971336	0.271	0.175	1	SNAPIN	c2
0.895571302263273	-0.404150532014889	0.042	0.04	1	PAFAH2	c2
0.0800311983058565	0.40412941236089	0.078	0.051	1	CCL28	c2
0.0106328662177108	0.404108867591338	0.139	0.086	1	RBM4B	c2
0.007351266517855	0.404050500989146	0.102	0.056	1	PDRG1	c2
0.0299882953353795	0.404036167317772	0.133	0.088	1	SMARCAL1	c2
0.610221384286041	-0.403950070141719	0.078	0.086	1	PIGM	c2
0.146884468184048	0.403899680763326	0.027	0.015	1	ZDHHC8	c2
0.564711827377531	0.403733741388268	0.018	0.014	1	CYSLTR2	c2
0.00127514529646195	0.40371317884512	0.226	0.141	1	KDM6A	c2
0.00018872499969895	0.403705220351927	0.31	0.191	1	RABIF	c2
0.588448208193171	-0.403343023634624	0.018	0.023	1	ZNF785	c2
0.00306139476720063	0.403298906869659	0.075	0.034	1	SPATA20	c2
0.00151650510636382	0.403235480986491	0.301	0.201	1	LRBA	c2
0.554098212815394	-0.403168396450429	0.03	0.037	1	HIST4H4	c2
0.000729001361496749	0.403133123425823	0.509	0.372	1	PRDX3	c2
0.665733168591891	0.403040378134081	0.018	0.015	1	AL096865.1	c2
0.00444102772055247	0.402984040886149	0.307	0.214	1	ITPA	c2
0.0306262875493793	-0.402954858753834	0.265	0.309	1	HTATSF1	c2
0.000222378938434544	0.402804976560292	0.211	0.121	1	MZF1	c2
0.000860114279286189	0.402804479348067	0.151	0.082	1	ZNF335	c2
0.0359331023746846	0.402800570806856	0.229	0.171	1	KIAA1191	c2
0.781012667132518	-0.40266517039622	0.084	0.087	1	AC073111.5	c2
0.0139067983505809	0.402588323232949	0.172	0.115	1	FUOM	c2
0.912777400257514	-0.402523983881709	0.051	0.051	1	ZNF687	c2
0.00628270517444273	0.402220872921278	0.12	0.069	1	CPSF3	c2
0.000178391533245032	0.402115567894248	0.401	0.268	1	UHMK1	c2
0.00287809532868837	0.402104673435772	0.145	0.083	1	EXOC3	c2
0.798019523784846	-0.40194161235593	0.036	0.039	1	ZNF181	c2
0.000599759649042678	0.401795984289476	0.241	0.146	1	PSPC1	c2
0.0132245958003519	0.401675809251734	0.078	0.042	1	AL392172.1	c2
0.799334811165461	-0.401575697444024	0.057	0.06	1	ZFAND4	c2
0.186389290098186	0.401493726181658	0.066	0.047	1	DUSP18	c2
0.0018544917767806	0.401317261150898	0.148	0.083	1	RITA1	c2
0.442554805066361	-0.401262938486843	0.142	0.152	1	NAGK	c2
0.0481690207624966	0.401195579557851	0.102	0.068	1	MTFMT	c2
0.130049558600517	0.401191409699719	0.039	0.023	1	PTCH2	c2
0.000606308034902651	0.40115495851134	0.44	0.307	1	PAG1	c2
0.00301481982506812	0.401110942645321	0.229	0.147	1	SLAIN2	c2
0.857253108491495	-0.401038081507711	0.054	0.05	1	ZNF765	c2
0.00193313943977014	0.400925748345972	0.392	0.276	1	LAGE3	c2
0.000309449842380356	0.400847876116381	0.214	0.124	1	RBM26	c2
0.0122060528567688	0.400845739406362	0.081	0.044	1	ANKS3	c2
0.0153226142873739	0.400819861789688	0.196	0.136	1	PTCD3	c2
0.0135131741434718	0.400793494148901	0.127	0.077	1	MOB3C	c2
0.492354785367911	-0.40069390555519	0.024	0.018	1	C2CD2	c2
0.299803973577352	-0.400634784672443	0.142	0.159	1	POLR1C	c2
0.000658389979333561	0.400594809839051	0.343	0.227	1	PRPF31	c2
7.63837194329305e-05	0.400552766100386	0.367	0.233	1	PNKD	c2
0.517200705905926	-0.400436688497318	0.048	0.056	1	RPAP1	c2
0.00858371476601653	0.400432406423055	0.163	0.103	1	LSG1	c2
0.0410022416947193	0.400430916919674	0.072	0.043	1	FBXO25	c2
0.0258951909272409	0.400418940613179	0.114	0.072	1	AHCYL1	c2
0.000190563290203515	0.400263818900568	0.386	0.252	1	FDPS	c2
0.000154041136853518	0.400095439254683	0.407	0.273	1	CSNK1D	c2
0.219103727452849	0.400057201524342	0.033	0.021	1	TSNARE1	c2
0.000630200647814068	0.399995069683497	0.331	0.223	1	EMC3	c2
0.00469364446713483	0.399936341174989	0.09	0.046	1	ABCD1	c2
0.0158414277649125	0.399858611455914	0.09	0.051	1	PAXBP1	c2
0.000168416494574152	0.399681392914231	0.461	0.326	1	NUDC	c2
0.817818073156313	-0.399570936275899	0.051	0.053	1	TMOD2	c2
0.264787863522985	0.399543263671724	0.042	0.029	1	ZNF789	c2
0.397625316080781	0.399510974368115	0.015	0.009	1	AL117339.5	c2
0.191553447699012	0.399472315933765	0.048	0.032	1	ZNF571	c2
0.000225737817576761	0.399391935220771	0.392	0.264	1	SPAG7	c2
0.866366003467969	-0.39930138875334	0.078	0.072	1	KIF3B	c2
0.00581772518545625	0.399166586982541	0.154	0.094	1	ZNF581	c2
0.00245558361005038	0.399122600974434	0.145	0.082	1	OSBPL2	c2
0.0112712377567956	0.398980119045273	0.123	0.074	1	RBM12	c2
0.000418007787265147	0.398711751243625	0.235	0.139	1	AFTPH	c2
0.656076237410025	-0.39870502504973	0.069	0.075	1	DIS3L	c2
0.579660943943602	-0.398598766145342	0.163	0.164	1	LPAR2	c2
0.861897319125498	-0.398465436979884	0.036	0.038	1	P3H4	c2
0.00368949775437155	0.398306248568822	0.175	0.107	1	MFSD14C	c2
0.000679419733618004	0.398234311198191	0.25	0.153	1	BRD7	c2
0.000400679423229881	0.398189925160375	0.373	0.253	1	BDP1	c2
0.485034791688308	-0.397975839673724	0.087	0.098	1	TMEM69	c2
0.00819900324754231	0.39792148633415	0.199	0.131	1	CRKL	c2
0.757698685907743	-0.397798850746959	0.033	0.029	1	FANCM	c2
0.148974736459541	0.397423773992742	0.027	0.015	1	DOLK	c2
0.726506293590037	-0.397395438785507	0.139	0.138	1	UBXN2A	c2
0.00431058715797593	0.397200167534205	0.148	0.088	1	DDX52	c2
0.118592717828253	-0.39708325900656	0.346	0.362	1	STT3B	c2
0.0422285365307052	0.39702861322555	0.051	0.027	1	AC015982.1	c2
0.86822175154988	-0.39691559045077	0.051	0.052	1	STAM2	c2
8.34768058882223e-05	0.396902411381295	0.364	0.224	1	TPGS1	c2
0.0263887883001119	0.396746989207953	0.096	0.059	1	CLEC16A	c2
0.56415784318697	0.396587112494349	0.018	0.014	1	TMEM8B	c2
0.00175282657803142	0.396583190964694	0.148	0.082	1	FKBP15	c2
0.0562114937744973	0.396572975546495	0.139	0.097	1	CEP104	c2
0.714528320628512	-0.396509107700711	0.036	0.031	1	AL627171.1	c2
0.000287763873071012	0.396455727854737	0.295	0.182	1	TIMM8B	c2
0.636500047191847	-0.396083222726932	0.136	0.139	1	TRAP1	c2
0.890926919720186	-0.396017709517534	0.099	0.092	1	ALOX12-AS1	c2
0.00184639506537221	0.395955012285296	0.325	0.219	1	UBAP1	c2
0.479166185151359	-0.395913492501227	0.22	0.219	1	DIMT1	c2
0.302916540832527	-0.395799085130878	0.139	0.157	1	AL118516.1	c2
0.00210739408148352	0.395742037884489	0.259	0.17	1	IWS1	c2
0.0259761372985576	0.395720842250284	0.072	0.041	1	TSTD2	c2
0.00648115595373756	0.39568590340139	0.214	0.14	1	TDP2	c2
0.00388625159089741	0.395683993553491	0.271	0.184	1	STK38	c2
0.209306093423413	0.39568290289578	0.015	0.007	1	SRXN1	c2
0.564942776961314	-0.395644912133114	0.048	0.04	1	AC087623.3	c2
0.0266389832181435	0.395590731463772	0.111	0.07	1	IPO8	c2
0.000469565138103324	0.395574344310424	0.41	0.286	1	TMOD3	c2
0.141476793023308	0.395456621799418	0.03	0.017	1	LENG9	c2
0.882649110784921	-0.395448777587224	0.06	0.061	1	SH3GLB2	c2
0.672713165443297	-0.395378598174645	0.199	0.193	1	NOL11	c2
8.85704503847194e-05	0.395322584061688	0.301	0.182	1	PNKP	c2
0.0524674850365916	0.395186408948187	0.057	0.032	1	ZBTB33	c2
0.012646236470294	0.394950369727332	0.313	0.229	1	AIMP1	c2
0.000512302400160593	0.394880794834969	0.298	0.193	1	IRAK4	c2
0.000908095213890087	0.394807657809241	0.232	0.143	1	MAPKAP1	c2
0.0216314948242686	0.394804080928055	0.102	0.062	1	SPIN2B	c2
0.00136272152184411	0.394716072702494	0.855	0.815	1	LAT	c2
0.302508699438501	0.394642901036174	0.051	0.038	1	IFT88	c2
0.000720380042530205	0.394558183532615	0.636	0.486	1	NDUFS7	c2
0.737035152146795	-0.39436381169037	0.03	0.026	1	TRIM16	c2
0.0808234732828852	0.394329894217945	0.054	0.032	1	ZNF197	c2
0.00804679888762242	0.394269236897811	0.193	0.127	1	GSS	c2
0.0588291968723493	0.393967139587528	0.099	0.066	1	TRMT2B	c2
0.973214237943842	-0.393958945118047	0.03	0.029	1	THNSL1	c2
0.000871557086104996	0.393886584912778	0.217	0.131	1	ZFX	c2
0.0355662559723228	0.393798369310228	0.102	0.065	1	MCCC1	c2
0.597092349854698	-0.393664596257251	0.205	0.202	1	PYM1	c2
0.0344942688166524	0.393458718837744	0.117	0.077	1	KDM1A	c2
0.861676552321587	-0.393438750971233	0.108	0.107	1	RARS	c2
0.014499319566963	0.393407867875544	0.157	0.102	1	ANAPC2	c2
0.00816870738086484	0.393344762514506	0.078	0.04	1	PANK3	c2
0.0552645333488513	-0.393127433238744	0.337	0.369	1	DYNLT3	c2
0.210132027253437	0.392998271442569	0.018	0.009	1	AC138150.1	c2
0.491505420793811	-0.392733363379735	0.057	0.046	1	DUS4L	c2
0.00712327110483039	0.392548014315589	0.117	0.068	1	TULP4	c2
0.0050435778164673	0.392540662080967	0.199	0.127	1	SPAG9	c2
0.0167447287885963	0.392533087928296	0.075	0.041	1	NCKIPSD	c2
0.000857234389262689	0.392299234251833	0.5	0.359	1	SSNA1	c2
0.0158301658129333	0.392072782307585	0.111	0.068	1	WDR7	c2
0.742538905224011	-0.392067959719887	0.018	0.021	1	CDK20	c2
0.000197079177789687	0.392019662556229	0.533	0.391	1	TGFBR2	c2
0.000115223813305743	0.39199091014285	0.373	0.24	1	PJA2	c2
0.000375402097743815	0.391753585062276	0.241	0.141	1	UCHL3	c2
0.00141993782804726	0.391738023858777	0.205	0.125	1	CNOT3	c2
0.144119340320463	0.39172484563765	0.045	0.028	1	ZNF432	c2
0.0153240904370703	0.391512283409213	0.12	0.074	1	ELF4	c2
0.00341652624338831	0.391478297285089	0.316	0.222	1	PSMD3	c2
0.00392573156119639	0.391366676228164	0.244	0.161	1	EPSTI1	c2
0.827599675568041	-0.391257386478568	0.012	0.014	1	KDF1	c2
0.29188429481174	-0.391077810374491	0.166	0.184	1	MBOAT7	c2
0.00187875001099246	0.390934106676422	0.172	0.1	1	EXOG	c2
0.503071850171039	0.390702587674727	0.015	0.01	1	GGPS1	c2
0.216935580172445	0.390657738249129	0.033	0.021	1	TIMELESS	c2
0.00155068128204463	0.390619761038071	0.196	0.117	1	LEMD2	c2
0.000336210765133368	0.390498593078795	0.34	0.219	1	APEH	c2
0.00142595862815033	0.390448254863494	0.62	0.51	1	G3BP2	c2
0.697535318134689	-0.390378102423787	0.087	0.091	1	TUBD1	c2
0.00132806275696938	0.390366536364302	0.241	0.153	1	ZNF267	c2
0.000957136907191418	0.390277150397751	0.199	0.118	1	SGMS1	c2
0.593891487220781	-0.390235388057246	0.06	0.051	1	SPSB1	c2
0.129120894291594	0.390157364361569	0.099	0.072	1	TRAV17	c2
0.12484084448715	0.390002672317804	0.063	0.042	1	ZMYM4	c2
0.265267812853326	0.389993650258265	0.048	0.034	1	RTN4IP1	c2
0.453714512763835	-0.389885603374532	0.193	0.196	1	WDR6	c2
0.651172306583442	-0.389843247590083	0.057	0.063	1	GGT1	c2
0.300243325731894	-0.389465456458338	0.196	0.207	1	DAP	c2
0.913002954976549	-0.389455930148436	0.018	0.019	1	SPATA7	c2
0.00947112726069072	0.389450810027782	0.142	0.088	1	C21orf2	c2
0.108231528518441	0.389436374747492	0.063	0.041	1	ALKBH1	c2
0.000415623765522426	0.389287013897136	0.392	0.261	1	UBE2J1	c2
0.0510790240269207	0.389167721568148	0.072	0.044	1	FAM193A	c2
0.00125714850618215	0.388888361900383	0.247	0.156	1	SFSWAP	c2
0.160307560550255	-0.388658288359923	0.015	0.029	1	SLC48A1	c2
0.840193262980752	-0.388636711813669	0.127	0.123	1	PEX3	c2
0.0036362010227445	0.388596872720452	0.127	0.07	1	LARP4B	c2
0.0527048408463152	0.388525664825812	0.102	0.068	1	TSPAN3	c2
0.821680381858782	-0.388483380290306	0.027	0.029	1	AC006504.5	c2
0.00231349996447097	0.388446979230797	0.139	0.077	1	MFN2	c2
0.890572475966526	-0.387939671857649	0.078	0.073	1	TRMT61A	c2
0.0773654768290276	0.387931021003294	0.072	0.046	1	DAAM1	c2
0.00114342731508296	0.3878937820607	0.307	0.201	1	CLTC	c2
0.513498859295086	-0.387726166681244	0.027	0.034	1	SPINT1	c2
0.0811404195228535	0.387598710065761	0.087	0.059	1	FAM220A	c2
0.0326874803146253	0.387576990344081	0.166	0.116	1	CIDEB	c2
0.0688682432352301	0.387387078062954	0.051	0.029	1	IZUMO4	c2
0.00020517546706501	0.387287430015761	0.551	0.408	1	EIF3A	c2
0.989156705364186	-0.387246054217413	0.078	0.075	1	SIRT3	c2
0.00946984379418592	0.387092014321175	0.19	0.125	1	MAP4K5	c2
9.45511961173559e-05	0.387025937604415	0.518	0.358	1	TKT	c2
0.00267765305657421	0.386956090039816	0.307	0.209	1	PPID	c2
0.0270880930474311	0.386945710957847	0.111	0.07	1	SBNO2	c2
0.950514745858338	-0.386578188353767	0.054	0.052	1	GGCX	c2
0.00308049899020364	0.386561483647269	0.196	0.123	1	COG4	c2
0.00398910488645842	0.386090852027448	0.151	0.09	1	NME7	c2
0.000166125064861731	0.386049391577883	0.416	0.278	1	INPP4A	c2
0.825223805533195	-0.38593970572492	0.015	0.017	1	FAM19A2	c2
0.0048036945430048	0.385910723511027	0.127	0.072	1	SRBD1	c2
0.451777767903054	-0.385843391507879	0.045	0.055	1	DDX11	c2
0.0372146705700965	0.38582694179287	0.145	0.099	1	CARD19	c2
0.0646998018417734	0.385781692911253	0.108	0.073	1	PEMT	c2
0.892886962133624	-0.385509545991662	0.051	0.048	1	SELENON	c2
0.000615747171145794	0.385363243133848	0.208	0.121	1	AKAP11	c2
0.0301075437122991	-0.385355515203475	0.928	0.881	1	TNFAIP3	c2
0.289780398387596	-0.385270994369561	0.027	0.04	1	HAR1A	c2
0.00230800280791434	0.385224737293875	0.19	0.116	1	SART3	c2
0.867273974664824	-0.385156309268851	0.069	0.07	1	ST7L	c2
0.0279437511305034	0.385077942468286	0.154	0.104	1	FAM126B	c2
0.0416977205193355	0.384934358754533	0.09	0.056	1	FOXJ2	c2
0.867591461008096	-0.384884812029378	0.114	0.112	1	RNPC3	c2
0.762089695496978	-0.384737415559176	0.033	0.029	1	TMEM117	c2
0.319782769382676	-0.384503730537894	0.184	0.2	1	LINC00623	c2
0.0507166005565767	0.384423466688158	0.111	0.075	1	MIATNB	c2
0.757914533740462	-0.384402185065914	0.078	0.07	1	RUBCN	c2
0.00919560533798701	0.384373303003701	0.12	0.071	1	MRPS17	c2
0.00495163694748121	0.384352267214744	0.199	0.126	1	RAB3GAP2	c2
0.000593120034350514	0.384186248802658	0.211	0.123	1	SMG6	c2
0.512622266277965	0.383998776034452	0.021	0.016	1	FBXO41	c2
0.0245510411159191	0.383935077282812	0.081	0.047	1	VPS18	c2
0.000744821305418395	0.383776594846564	0.178	0.099	1	SERTAD2	c2
0.00148405167410822	0.383775163187842	0.244	0.155	1	POP4	c2
0.00802120073016739	0.383671354256176	0.157	0.098	1	MICU1	c2
0.00453068189979761	-0.383515932937089	0.461	0.512	1	NCF1	c2
0.00046543816878443	0.383507581285383	0.413	0.282	1	NSMCE1	c2
0.605071871842844	0.383485549802327	0.021	0.017	1	ZNF8	c2
0.0340150609380745	0.38340002002295	0.078	0.046	1	AL359220.1	c2
0.0015633504089877	0.383241895171388	0.361	0.252	1	DENR	c2
0.408655773896452	-0.383145846171668	0.018	0.026	1	ZC4H2	c2
0.166189012945352	0.382610447080808	0.048	0.031	1	AC114490.2	c2
0.482783764844838	0.382580759434043	0.03	0.023	1	GTF2IRD2	c2
0.000703554023885946	0.382505899814013	0.295	0.192	1	VMA21	c2
0.00107400509871438	0.382426788216707	0.217	0.131	1	IKBKE	c2
0.977984159575718	-0.382357431980791	0.066	0.065	1	PRDM4	c2
0.00269077231694133	0.382216675583318	0.274	0.182	1	SMIM20	c2
0.480126040751735	0.382135908069608	0.036	0.028	1	GATB	c2
0.0324305819191583	-0.3817887495331	0.316	0.354	1	LIX1L	c2
0.00221360247741976	0.381787137745704	0.455	0.344	1	DYNC1H1	c2
0.0295382201254433	0.381741225328275	0.117	0.076	1	VAC14	c2
0.00058161563858762	0.381732394751224	0.175	0.097	1	FBH1	c2
0.027082493185372	0.381721969875541	0.16	0.11	1	RPUSD1	c2
0.000348208747179526	0.381601286253325	0.373	0.246	1	TXNDC17	c2
0.0474459750395043	0.381423152388319	0.099	0.065	1	DUS1L	c2
0.818152525102656	-0.380967221618135	0.03	0.032	1	AL669918.1	c2
0.931766761528235	-0.380890074608336	0.039	0.04	1	FAM168A	c2
0.959384931034363	-0.380734343713883	0.06	0.059	1	TCAF2	c2
0.0422045941939953	0.38072480135793	0.12	0.08	1	UBE2Z	c2
0.928614888027621	-0.380675613665472	0.057	0.054	1	RIC8B	c2
0.889766752352932	-0.380642944802475	0.114	0.107	1	NSUN6	c2
0.00194875249664949	0.380256059240382	0.358	0.248	1	CCDC124	c2
0.0609685844984466	0.380106647829755	0.075	0.047	1	UTP15	c2
0.0184690804740639	0.379992757209636	0.12	0.075	1	ICMT	c2
0.616190642309482	-0.379805130070047	0.03	0.036	1	SMURF1	c2
0.0163902772781365	0.379794383389239	0.193	0.131	1	PPIL2	c2
0.978599372864863	-0.379498651538684	0.06	0.059	1	RAB43	c2
0.000899827011117448	0.379238043523347	0.28	0.181	1	USP34	c2
0.000460754325725624	0.378992333885787	0.373	0.25	1	CNOT6L	c2
0.00691466011571445	-0.378908623220149	0.539	0.556	1	GTF3A	c2
0.000170006198555733	0.378841770123389	0.41	0.271	1	APOL6	c2
0.220839013987825	-0.378835047668786	0.389	0.383	1	NFE2L2	c2
0.0765565308665165	-0.378815371852329	0.401	0.418	1	RCAN3	c2
0.815363830785867	-0.378711362032822	0.021	0.019	1	PRKN	c2
0.947488439774539	-0.378396525426479	0.012	0.011	1	ZNF442	c2
0.695037356446374	-0.378346160069222	0.154	0.154	1	FBXO34	c2
0.00601141546875778	0.378321081716327	0.157	0.096	1	ADCY7	c2
0.117761443510545	-0.378244627043356	0.316	0.329	1	UBQLN1	c2
0.60245515796203	-0.378123196129515	0.184	0.184	1	ST6GAL1	c2
0.01067434456239	0.378101292341298	0.214	0.145	1	MGRN1	c2
0.0150319892094947	0.37809057072245	0.096	0.055	1	RANBP9	c2
8.87200733569495e-05	0.378070670037962	0.431	0.278	1	TMEM167A	c2
0.0312512261208874	0.377945510439196	0.111	0.071	1	CEP164	c2
0.307985233048254	-0.377887011513052	0.024	0.036	1	ANO10	c2
0.0748799113091388	0.377804681148083	0.072	0.046	1	ZNF575	c2
0.852670033774392	-0.37766750737081	0.069	0.07	1	RFX1	c2
0.443527835023001	-0.377604146382624	0.015	0.022	1	RPP40	c2
0.00264783864734451	0.377586966777095	0.196	0.121	1	CACUL1	c2
0.207946324310699	0.377574173026295	0.054	0.038	1	ZNF552	c2
0.197625810515551	0.377489896735284	0.048	0.032	1	BBS1	c2
0.277117504399182	-0.377452423921463	0.105	0.125	1	ZSCAN18	c2
0.000834563699354393	0.377434211777651	0.331	0.22	1	SMARCC1	c2
0.00352802045385028	0.377347243778301	0.28	0.192	1	POLR2B	c2
0.514373123271612	-0.37720412543249	0.151	0.16	1	EXOSC5	c2
0.979212150983458	-0.377190154932541	0.057	0.056	1	N6AMT1	c2
0.00292075770136455	0.3770238833991	0.37	0.266	1	MRPS7	c2
0.0286653903394249	0.376793596455436	0.114	0.073	1	AMBRA1	c2
0.00468780904028868	0.376612139253243	0.202	0.131	1	EEA1	c2
0.00690608823567843	0.376608859443942	0.238	0.159	1	AGAP2	c2
0.00235026843923525	0.376518941212129	0.114	0.061	1	STRADA	c2
0.0296036002839766	0.376364046580436	0.139	0.093	1	TCEA2	c2
0.373139626420643	0.376356127307542	0.018	0.011	1	AC068338.2	c2
0.886288335499368	-0.376223497792863	0.018	0.017	1	AC104986.2	c2
0.0315117823997116	0.3761378081413	0.099	0.062	1	RBM34	c2
0.00321924043551446	0.376078093716986	0.208	0.133	1	LRRFIP2	c2
0.00569502889651164	0.376015620348605	0.211	0.139	1	CRIPT	c2
0.20500533738773	0.376012456097276	0.021	0.011	1	TMEM201	c2
0.83380509657347	-0.375973994045643	0.024	0.026	1	NPDC1	c2
0.97443446410594	-0.375934516515061	0.09	0.086	1	SIK1B	c2
0.0134373511052189	0.375672277703832	0.069	0.036	1	TLK2	c2
0.00295592747323324	0.375633666482216	0.199	0.123	1	C8orf76	c2
0.000490129727742343	0.375594996845094	0.25	0.154	1	FBXO44	c2
0.904134281573912	-0.375498913834692	0.166	0.158	1	SDHAF3	c2
0.427133386072827	-0.375413464689248	0.214	0.222	1	TAF3	c2
0.839685519124607	-0.375363785524908	0.045	0.042	1	CASTOR1	c2
0.872727181180448	-0.375227874522789	0.033	0.034	1	ELOA-AS1	c2
0.039807551297839	0.374998046664366	0.148	0.103	1	ZNF92	c2
0.890507267912756	-0.374959140683167	0.066	0.067	1	PIGL	c2
0.713572158728886	-0.374934492795394	0.066	0.059	1	AEBP2	c2
0.00214991710823515	0.374828375684484	0.319	0.22	1	WAC	c2
0.000525166372228972	0.374804151702288	0.265	0.164	1	NIP7	c2
0.145172379286402	-0.374728324247365	0.298	0.312	1	TSPYL1	c2
0.0075827112649445	0.374671363937157	0.259	0.182	1	LIPA	c2
0.774067496560982	-0.374637129668661	0.111	0.112	1	NUP160	c2
0.0122217275336734	0.37458436508938	0.175	0.115	1	ELAC2	c2
0.303684012441723	0.37456154743717	0.012	0.006	1	AL162231.1	c2
0.602123154892523	-0.374468047725995	0.133	0.113	1	EED	c2
0.0833220745898493	0.374436077538299	0.072	0.046	1	HEATR6	c2
0.609698600455673	-0.374429149474953	0.039	0.032	1	ARPC4-TTLL3	c2
0.000196631993271399	0.374232572068774	0.413	0.278	1	TRAPPC5	c2
0.000893712959193234	0.374189644175363	0.307	0.203	1	MRPL47	c2
0.0015869602526613	0.37413395740808	0.723	0.661	1	DUSP2	c2
0.00301865910562243	0.374097640742639	0.196	0.121	1	EIPR1	c2
0.748605877731836	-0.374094999290816	0.139	0.139	1	ANKRD36	c2
0.110000263142963	0.37402480519186	0.066	0.043	1	EPAS1	c2
0.645967215472915	-0.374018194948904	0.03	0.036	1	MYO1D	c2
0.000947747071762941	0.373954117629534	0.271	0.175	1	PRKX	c2
0.0602511019730289	0.373900347364106	0.075	0.047	1	GEMIN5	c2
0.503510574880385	-0.37386077394024	0.027	0.034	1	ZNF805	c2
0.00483604681143725	0.373731544839166	0.19	0.12	1	ZNF688	c2
0.418312180840123	-0.373607312881384	0.069	0.054	1	SLC9B2	c2
0.299000052944865	-0.37359799101268	0.027	0.04	1	CLCC1	c2
0.000590871060269877	0.373373289306697	0.214	0.125	1	SCFD1	c2
0.0732570824649134	0.373330575163819	0.099	0.067	1	TMEM267	c2
0.000165792073992079	0.37328242289727	0.34	0.21	1	RAB5A	c2
0.0169683093929279	0.37316180447506	0.148	0.095	1	MRPL35	c2
0.368650261032229	-0.373145472017756	0.142	0.157	1	CSKMT	c2
0.746972525444579	-0.373111734143476	0.027	0.03	1	NEMP1	c2
0.00101419713921556	0.372959867008239	0.217	0.13	1	DESI2	c2
0.000167565730488158	0.372904745932592	0.187	0.099	1	PLEKHM1	c2
0.00213139152931173	0.372818278386583	0.157	0.09	1	SENP5	c2
0.733161410955535	-0.372787883451568	0.111	0.113	1	MKNK1	c2
0.991690708650472	-0.372743340115086	0.06	0.06	1	GADD45G	c2
0.143908383450429	0.372719287806753	0.075	0.052	1	NOD1	c2
0.000825474974048158	0.372679683619792	0.416	0.286	1	GTF2F1	c2
0.549044415328691	0.372567838752316	0.012	0.008	1	OAF	c2
0.612371696738232	-0.372491844992403	0.123	0.106	1	BROX	c2
0.802324680414871	-0.372468243037716	0.087	0.079	1	GOLPH3L	c2
0.663611109433133	-0.372462713455756	0.045	0.039	1	CCDC142	c2
0.676675459703048	-0.372460117694521	0.042	0.047	1	TJP3	c2
0.743425044155585	-0.372433986609479	0.015	0.013	1	GDPGP1	c2
0.944276684250499	-0.372174293224278	0.057	0.054	1	ZFP62	c2
0.000517726971854477	0.372043256004603	0.238	0.142	1	NUDT2	c2
0.118078976570601	0.372039460930689	0.057	0.037	1	RPGR	c2
0.0037368349750397	0.372002223984349	0.181	0.111	1	AZI2	c2
0.0214855103629798	-0.371966738392432	0.542	0.539	1	SYNE2	c2
0.0797944325537345	0.371956234429951	0.172	0.13	1	LRIF1	c2
0.0433549759811634	0.371580232676259	0.145	0.101	1	FARS2	c2
0.089459120685936	0.371505518437956	0.063	0.04	1	ZNF286A	c2
0.000363782125988235	0.371485622601698	0.316	0.2	1	SAR1B	c2
0.0138899607199886	0.371402851386619	0.28	0.204	1	NCOA7	c2
0.00501353128535473	0.371315392714739	0.235	0.158	1	BTN3A3	c2
0.0137817289483349	0.371274214539056	0.12	0.073	1	CDK5RAP2	c2
0.0131718067219689	-0.37117463675646	0.389	0.426	1	GDI1	c2
0.19609172114979	0.370975628285114	0.051	0.034	1	TMEM104	c2
0.0223533134316168	0.370863913471801	0.151	0.099	1	RNF14	c2
0.0436002305684231	0.37085141768819	0.084	0.052	1	SLC35A2	c2
0.00271188977302477	0.370707603596227	0.274	0.184	1	HTATIP2	c2
0.00421889454155875	0.370647017938142	0.265	0.182	1	KAT7	c2
0.00455154536120488	0.370575528230949	0.295	0.204	1	KANSL1	c2
0.00678123988480413	0.370042323769916	0.148	0.09	1	TAF1	c2
0.000567948791540163	0.369798087329282	0.5	0.353	1	SEC13	c2
0.102281341588482	0.369668655803606	0.057	0.036	1	FIG4	c2
0.0432747717383194	0.369597449403544	0.075	0.045	1	ARMC5	c2
0.0197330630866239	0.369548773865677	0.12	0.075	1	GDAP2	c2
0.0159542005744254	0.369542724919916	0.139	0.088	1	MED25	c2
0.964039644091384	-0.369450869058592	0.015	0.015	1	ZNF343	c2
0.959450383323471	-0.369426587246534	0.093	0.089	1	REXO4	c2
0.000120570437735008	0.369284960005055	0.175	0.089	1	TBC1D2B	c2
0.157560006909224	-0.369125924767916	0.292	0.31	1	ORAI1	c2
0.00621323054841098	0.369123202457754	0.292	0.206	1	ME2	c2
0.078766106802005	0.369033171837891	0.03	0.015	1	AC034236.2	c2
0.168234040558865	-0.368947249084265	0.199	0.222	1	SPRYD3	c2
0.00813622032058751	0.368919779637421	0.148	0.091	1	HAUS3	c2
0.00923873644670731	0.368890448385621	0.202	0.135	1	FAM172A	c2
0.043229069713673	0.368858792925054	0.075	0.045	1	PAK4	c2
0.789082290715562	-0.368800415297138	0.096	0.087	1	AL662844.4	c2
0.992349534913197	-0.368784097289807	0.069	0.068	1	ANKRD26	c2
0.0026052094683835	0.368752793160665	0.364	0.262	1	NDUFA10	c2
0.0149891386417986	0.368227236025867	0.346	0.263	1	CNIH4	c2
0.923906514028907	-0.368114113233544	0.015	0.016	1	GAS8	c2
0.123060657246535	0.368040732553049	0.096	0.069	1	AEN	c2
8.36308574949755e-05	0.367970278647276	0.548	0.373	1	SF3B4	c2
0.000549418193214708	0.367944062222395	0.286	0.181	1	ETNK1	c2
0.85913162317472	-0.367781840974231	0.114	0.112	1	ZNF224	c2
0.0303774085385494	0.367537083438427	0.133	0.088	1	DENND6A	c2
0.235503849966572	0.36746305059875	0.039	0.026	1	AC060780.1	c2
0.00198414131575311	0.367353765485956	0.232	0.145	1	FAM136A	c2
0.0161443829497368	0.367236953522498	0.117	0.072	1	ZNF518B	c2
0.929398311952094	-0.367202393901143	0.196	0.182	1	ARMH1	c2
0.0989966999536384	-0.36708839431812	0.304	0.359	1	TNF	c2
0.0103090731284034	0.367050846174346	0.175	0.113	1	ANKRD27	c2
0.00453990506793193	0.366987553668738	0.292	0.203	1	NUBP2	c2
0.961569721362076	0.36669348064195	0.036	0.036	1	TRBV21-1	c2
0.953000283972662	-0.366671190437163	0.042	0.041	1	SLC7A1	c2
0.893689630835555	-0.366529355950203	0.024	0.025	1	PEX11A	c2
0.0083610114138111	0.366461445357718	0.199	0.133	1	MTA2	c2
0.441288092561275	0.366308760463331	0.033	0.025	1	TMCC3	c2
0.0222428108984992	0.366161260185953	0.154	0.102	1	LRRC58	c2
0.000130733649215207	0.366016308272981	0.554	0.389	1	NDUFS6	c2
0.441921232878246	-0.365997787926458	0.093	0.075	1	SIN3B	c2
0.880380664304364	-0.365908264015739	0.039	0.037	1	PTDSS2	c2
0.765794201600912	-0.365785560103057	0.093	0.085	1	MAD2L1BP	c2
0.0625935634668023	-0.365757680277767	0.404	0.416	1	PHF1	c2
0.00196179850946367	0.365693513927077	0.313	0.211	1	VPS25	c2
0.508972717466503	-0.365688076862395	0.078	0.065	1	NCDN	c2
0.841186387071799	-0.365684980370497	0.042	0.039	1	ZNF212	c2
0.260771131911559	0.365613676125221	0.024	0.015	1	TBKBP1	c2
0.00339309878566706	0.365519554908746	0.205	0.13	1	AGPAT1	c2
0.000210191939617883	0.365378114848439	0.283	0.17	1	TMED3	c2
0.910828544149911	-0.36536712838813	0.087	0.083	1	PHC1	c2
0.000152278235597048	0.365333170059124	0.398	0.259	1	HPS1	c2
0.160696350004481	0.365192283041562	0.051	0.033	1	CLP1	c2
0.001323820000179	0.365052629923151	0.31	0.208	1	RAB5B	c2
0.044041548038391	0.364923694084088	0.108	0.071	1	SLC25A4	c2
0.950873520879794	-0.364767356506857	0.048	0.048	1	B3GLCT	c2
0.0142794038376801	0.364750588459654	0.253	0.18	1	RABL6	c2
0.249414133514329	-0.364304343490849	0.06	0.043	1	AGPAT3	c2
0.00183175941971484	0.364166591636095	0.211	0.129	1	TRIM21	c2
0.00344749335613108	0.363862565167843	0.479	0.374	1	DOCK10	c2
0.310744926439644	0.36378723587735	0.051	0.038	1	CMPK2	c2
0.002630909497333	0.363733255853024	0.425	0.311	1	PTPN1	c2
0.172448991369526	0.36370177514983	0.033	0.02	1	DPYSL2	c2
0.0312781397317868	0.363654848084705	0.114	0.073	1	TRMU	c2
0.659643867496063	-0.363601539385273	0.03	0.025	1	MTMR1	c2
0.00771159152998655	0.363520974280158	0.093	0.05	1	GATAD1	c2
0.0475310844272536	0.363434518056667	0.066	0.039	1	MINDY3	c2
0.00581868882218464	0.363348113124339	0.199	0.127	1	RUVBL2	c2
0.397221258885493	-0.363336593249949	0.265	0.266	1	TMEM131L	c2
0.127578601880635	0.363318144171553	0.054	0.034	1	PDXP	c2
0.910812063435401	-0.363285441977712	0.193	0.18	1	PIP4P1	c2
0.759893223394745	-0.363253368280362	0.033	0.029	1	ZXDA	c2
0.000747221839836061	0.363242095362595	0.319	0.208	1	HDDC2	c2
0.00181725145473408	0.363042120306439	0.295	0.197	1	GON4L	c2
0.00104702395570696	0.3629527999167	0.407	0.285	1	CHMP5	c2
0.00187197369781333	0.36287396605238	0.443	0.311	1	BNIP2	c2
0.00297636557482071	0.362793183201275	0.123	0.067	1	FCGRT	c2
0.00627700032045611	0.362683533840751	0.328	0.239	1	STX10	c2
0.000118832970035754	0.362639205512536	0.349	0.216	1	B4GALT3	c2
0.592190015339656	-0.362542101457276	0.018	0.023	1	ZNF717	c2
0.471917500331955	0.362524164033543	0.036	0.028	1	FBXL14	c2
0.0483306959891021	0.362396879123852	0.066	0.039	1	ZNF678	c2
0.993395570412522	-0.36234450398429	0.021	0.021	1	TRIM3	c2
0.0489558983806778	0.362232995751134	0.081	0.05	1	ZNF746	c2
0.00311322633499226	0.362188430405663	0.163	0.095	1	ALDH18A1	c2
0.000817155459839049	0.36210356617365	0.232	0.14	1	GIGYF2	c2
0.0191655453726251	0.361994632874098	0.133	0.085	1	CTDP1	c2
0.136893042022415	0.361947809645436	0.015	0.006	1	TBC1D16	c2
0.000502091805898064	0.361879383967374	0.578	0.446	1	SLFN5	c2
0.632605801235791	-0.361792918748745	0.09	0.077	1	SLC25A44	c2
0.00234114172585325	0.361786654107864	0.37	0.265	1	ATG12	c2
0.732547612954874	-0.361746973708009	0.045	0.049	1	EVA1C	c2
0.233604307405972	-0.361702480445655	0.229	0.247	1	TACC3	c2
0.231030752070693	0.361693446294815	0.03	0.019	1	LRRC1	c2
0.906882627118949	-0.361661117370571	0.063	0.06	1	ZNF526	c2
0.00254841271160048	0.36165460404028	0.265	0.176	1	CDS2	c2
0.418942963330557	-0.361558254478634	0.349	0.336	1	HNRNPLL	c2
0.0180688225953542	0.361508740152476	0.151	0.098	1	VPS33A	c2
0.0181905831409359	0.3614401549001	0.175	0.12	1	BRD8	c2
0.928219743883787	-0.361435101401149	0.024	0.023	1	ZNF74	c2
0.000356736533519075	0.361085627116778	0.256	0.153	1	RFXANK	c2
0.00302226794032325	0.360967538281666	0.301	0.204	1	HSD17B10	c2
0.671783125975513	-0.360873513682755	0.051	0.056	1	ZNF605	c2
0.00236967899724321	0.36081276846111	0.316	0.213	1	ZDHHC12	c2
0.958887698052654	-0.360634903090741	0.096	0.094	1	GTF2H2	c2
0.626307927432505	-0.360622006240339	0.033	0.039	1	CCDC86	c2
7.61679033024799e-05	-0.360618237116244	0.651	0.706	1	SNHG8	c2
0.00261006542413077	0.360603154530529	0.271	0.181	1	RTCB	c2
0.0086589396186703	0.360434503550747	0.449	0.345	1	CHIC2	c2
0.00555824234637014	0.360365238572731	0.334	0.237	1	PLEKHJ1	c2
0.954292116809967	-0.360312395274399	0.114	0.108	1	STAM	c2
0.200286612006315	0.360235758333372	0.081	0.061	1	ASNS	c2
0.0251184639351211	0.360201993202766	0.259	0.195	1	CMC1	c2
0.00151838400584996	0.360117897103709	0.515	0.383	1	MACF1	c2
0.000153760158146893	0.35992035504244	0.373	0.24	1	MRPS18C	c2
0.865616274531755	-0.359874966523095	0.075	0.076	1	DHRS4-AS1	c2
0.00112028228925989	0.359838428041934	0.373	0.261	1	CEP57	c2
0.00175333504311943	0.359821101377156	0.455	0.333	1	SHKBP1	c2
0.0514091080860189	0.359727848228494	0.169	0.12	1	PGM1	c2
0.00102800593019782	0.359638890728239	0.247	0.153	1	TMEM126A	c2
0.0141955590522055	0.359625887604672	0.154	0.098	1	TARBP2	c2
0.103727379013065	0.359520049961011	0.075	0.05	1	C2orf42	c2
0.106893439592237	-0.359507390838927	0.398	0.393	1	LYSMD2	c2
0.140686112467546	0.359462813724633	0.057	0.038	1	ZNF544	c2
0.0122844637024284	0.359311794731381	0.12	0.073	1	CNPY2	c2
0.00280104988879776	0.359261987764581	0.316	0.213	1	TSSC4	c2
0.949133825069312	0.359215232915895	0.012	0.013	1	CNN3	c2
0.0293503406100593	0.359161548981944	0.111	0.071	1	CASP2	c2
0.0163020322950221	0.359110857141349	0.13	0.082	1	ATAD2	c2
0.824542249384594	-0.359107829732134	0.024	0.026	1	AL136962.1	c2
0.917061330508483	-0.358782601148128	0.018	0.019	1	XKR6	c2
0.000671722482043657	0.35877883171504	0.13	0.065	1	TTC33	c2
0.0338312338040623	0.358628946967568	0.105	0.067	1	QRSL1	c2
0.0971673132968889	0.358464774440132	0.078	0.052	1	CEP295	c2
0.576090273630414	-0.358457930855653	0.045	0.052	1	CEP44	c2
0.105883826172441	0.358401594753231	0.063	0.041	1	XRCC4	c2
0.00357696319124476	0.358380945914778	0.178	0.109	1	SLC30A7	c2
0.00846625484653623	0.358263509724536	0.196	0.13	1	TBP	c2
0.00041888926877698	0.358256002633076	0.512	0.374	1	DSTN	c2
0.0498390507537568	0.358239859959919	0.187	0.138	1	TYW3	c2
0.0019572350444031	0.35803261555049	0.819	0.745	1	CALR	c2
0.98636787041016	-0.357669931238267	0.024	0.024	1	SYNJ2BP	c2
0.153501306665896	0.357617237332999	0.054	0.036	1	GTF2E1	c2
0.615124327616068	0.357341897089269	0.015	0.011	1	AL080276.2	c2
0.661817818393759	-0.357190790314713	0.069	0.075	1	CTBP1-DT	c2
0.0138413289282994	-0.357173761194881	0.527	0.546	1	XBP1	c2
0.175680895317096	0.357105688921942	0.045	0.029	1	ALYREF	c2
0.417117629702858	0.3570811206665	0.03	0.022	1	ZNF784	c2
0.000644546801964939	0.357020050049768	0.383	0.261	1	COPB2	c2
0.00070227683650055	0.356939096620261	0.22	0.132	1	MAN1B1	c2
0.941331290683625	-0.356792280274097	0.06	0.057	1	UNKL	c2
0.0129258755252881	-0.356768894592767	0.494	0.516	1	HSPB1	c2
0.0321862362077138	0.356767881488605	0.105	0.067	1	BCAS3	c2
0.169636481017688	0.356693790040953	0.048	0.031	1	URB1	c2
0.4165626395635	0.356555749076519	0.03	0.022	1	IFT140	c2
0.000991806096274229	0.356528007945244	0.238	0.147	1	MKNK2	c2
0.00474418765558864	0.356367697338752	0.25	0.17	1	CUTC	c2
0.00118446294715199	0.356139697903041	0.485	0.366	1	AP2S1	c2
0.0157471492220792	0.356064291570148	0.22	0.155	1	RSAD1	c2
0.00669240334623214	0.356051494368133	0.154	0.094	1	HMGXB3	c2
0.155817393985249	0.355987230713289	0.039	0.024	1	PIK3C2B	c2
0.620760991549709	-0.355985624878559	0.042	0.048	1	DUSP14	c2
0.360843119101403	-0.355949901177422	0.108	0.086	1	RGP1	c2
0.00326675886658642	0.355634020786135	0.226	0.143	1	ECSIT	c2
0.680399748846669	-0.355500250455311	0.075	0.066	1	SENP2	c2
0.00184555681796407	0.355419024425122	0.292	0.193	1	NUDT1	c2
0.618681838641468	0.355400753861955	0.021	0.017	1	TRBV7-7	c2
0.00227596823626002	0.355389860418568	0.217	0.135	1	LPCAT3	c2
0.00189074449612551	0.355174434003155	0.325	0.219	1	NSFL1C	c2
0.957664079717779	-0.355125332937049	0.111	0.106	1	OXSR1	c2
0.000446048359765491	0.355037203769651	0.295	0.183	1	EFHD2	c2
0.807411266211072	-0.355026154228133	0.063	0.066	1	MTMR4	c2
0.823061134340116	-0.354988270999867	0.027	0.029	1	IL1RAP	c2
0.976112743684121	-0.354929457384226	0.108	0.103	1	AIDA	c2
0.00725939639728968	0.35490763346281	0.238	0.159	1	MINDY2	c2
0.853756216868773	-0.354863918430675	0.081	0.082	1	HEMK1	c2
0.000766788635380895	0.354799463507556	0.367	0.25	1	METAP2	c2
0.973102293746298	-0.354770683598307	0.123	0.118	1	RNF139-AS1	c2
0.126089022546146	0.354693629755487	0.039	0.023	1	POLA1	c2
0.30740440106417	-0.354557558047851	0.012	0.006	1	RORA-AS1	c2
0.0154931090914122	-0.354356216510876	0.482	0.519	1	PLP2	c2
0.572395282850519	-0.354304022467223	0.015	0.02	1	ATG9B	c2
0.855944660063613	-0.354249139835641	0.117	0.117	1	CUX1	c2
0.0244746878428858	0.354201925491159	0.114	0.072	1	MAD2L1	c2
0.599153239199441	0.354199909038811	0.072	0.064	1	TRAV13-2	c2
0.912512152348911	-0.354074196582752	0.054	0.051	1	SGSM2	c2
8.32418085143392e-05	0.353865567138103	0.672	0.534	1	PSMB3	c2
0.0693257610725572	0.353784202840294	0.099	0.067	1	UBE2F	c2
0.725630237353758	-0.353728340760883	0.078	0.07	1	ELL2	c2
0.000281960952586856	0.353594898834245	0.325	0.213	1	COA1	c2
0.00589198323615797	0.353590314445279	0.178	0.111	1	KPNA5	c2
0.991137922463859	-0.353527758167026	0.06	0.059	1	TMEM187	c2
0.0102654754180439	0.35350382272223	0.175	0.113	1	CDC37L1	c2
0.0321726808432011	0.353490010511627	0.045	0.022	1	SS18L1	c2
0.451105629590889	-0.353364716600954	0.117	0.13	1	MOGS	c2
0.0106217620460066	0.353013250308322	0.313	0.227	1	MRPS18B	c2
0.000161274600679696	0.352910720135107	0.389	0.251	1	SARNP	c2
0.18207112232386	0.352817386082002	0.03	0.018	1	FOXO4	c2
0.0788882772997781	0.352711729411186	0.148	0.107	1	KCTD13	c2
0.895985193604986	-0.352527573122857	0.03	0.028	1	SNHG10	c2
0.00368767128240812	0.352523840386359	0.205	0.13	1	TRAF3	c2
0.0219278257324105	0.352455899882192	0.16	0.107	1	PIGX	c2
0.114866790073888	0.352403762698845	0.057	0.037	1	BTBD6	c2
0.000426739194975528	0.3523104543495	0.307	0.193	1	KAT6B	c2
0.000260860375406651	0.352188729836798	0.355	0.228	1	HSBP1	c2
0.000530028221020924	0.352072069241202	0.636	0.51	1	PDIA6	c2
0.504247236702872	0.352027096436262	0.015	0.01	1	AL356481.1	c2
0.901230456386078	-0.352012022444689	0.033	0.031	1	GORAB	c2
0.00109656628779318	0.351953565959431	0.271	0.172	1	ARHGAP17	c2
0.00893500527398742	0.351679486382063	0.175	0.113	1	POLM	c2
0.809821775651129	0.351656664566693	0.012	0.01	1	ZNF449	c2
0.00448646368593656	0.351637140011266	0.196	0.124	1	ZNF276	c2
0.00837760335744294	0.351595662815292	0.16	0.1	1	N4BP2	c2
0.681730922735001	-0.35134611886251	0.178	0.177	1	THAP11	c2
0.0125830057780894	0.351165267500123	0.181	0.12	1	TMEM60	c2
0.00127814158678282	0.351153219871995	0.389	0.274	1	CAMLG	c2
0.0743692790274436	0.351126342659036	0.063	0.039	1	NSDHL	c2
0.000365983831199162	0.35108677168157	0.331	0.211	1	PFDN4	c2
0.928586836512814	0.350996311976777	0.027	0.028	1	IFNL1	c2
0.742770027399477	-0.350968146216423	0.099	0.089	1	C2orf49	c2
0.158046895000951	0.350921202034169	0.06	0.041	1	ZW10	c2
0.669971473326787	-0.350819300608349	0.021	0.025	1	KLHDC1	c2
0.31820464922493	0.350699653503145	0.048	0.036	1	GDF11	c2
0.00144998454693017	0.350587431685738	0.247	0.156	1	ZFYVE27	c2
0.107425795638852	0.350521007569802	0.03	0.016	1	CENPN	c2
0.0450151681349284	0.350338108415059	0.069	0.041	1	IPO11	c2
0.0397018573399071	0.350304626885247	0.078	0.047	1	TSC1	c2
0.0151904220939129	0.350288369170935	0.139	0.088	1	TRIM41	c2
0.118005607387047	-0.350008038327526	0.322	0.343	1	IMPDH2	c2
0.157213380290906	0.34995507134521	0.06	0.041	1	KIF1C	c2
0.0446583590484856	0.349932203087423	0.072	0.043	1	KLHL2	c2
0.168467282667388	0.349901005027177	0.036	0.022	1	SLC25A30	c2
0.00332686117547933	0.349847722829018	0.172	0.103	1	RPS6KA4	c2
0.00389392202064966	0.349808497569539	0.163	0.098	1	BUD13	c2
0.67977035269544	0.349454281099075	0.012	0.009	1	DIABLO	c2
0.408001300716914	-0.349330149024296	0.235	0.236	1	ARMC10	c2
0.0169190001923531	0.349131851614674	0.199	0.137	1	ZCCHC10	c2
0.438881605356134	-0.349078918574093	0.133	0.145	1	METTL21A	c2
0.0110270426115943	0.348868137980527	0.163	0.103	1	SYMPK	c2
0.0130808056795088	0.348856392882539	0.123	0.075	1	KHDC4	c2
0.0785027850160461	0.348700417225947	0.036	0.019	1	GALNT4	c2
0.00365631028943709	0.348658959454187	0.235	0.153	1	DDX56	c2
0.46854326168022	-0.348464803275879	0.072	0.059	1	NUP43	c2
0.423333426913767	0.348091967798783	0.012	0.007	1	LINC01480	c2
0.752123653456398	0.348042420067695	0.027	0.024	1	CEP70	c2
0.547041383489817	-0.347880924071968	0.066	0.075	1	POGK	c2
0.00290773639154356	0.347852342884473	0.346	0.239	1	PRPF38A	c2
0.00341366325797176	0.34763372185647	0.265	0.177	1	NAMPT	c2
0.00293884253546079	0.347563410915461	0.392	0.281	1	HIKESHI	c2
0.000159843292592255	0.347563279344011	0.599	0.443	1	EIF4H	c2
0.0139094760887711	0.347252081684763	0.178	0.116	1	BORCS6	c2
0.000254925222574123	0.347118115455881	0.639	0.498	1	UBE2V1	c2
0.0530658268655825	0.347055982678631	0.229	0.171	1	PANK2	c2
0.00727661573200774	0.347012568893078	0.139	0.084	1	DPP3	c2
0.0337580286011286	0.346920189908342	0.238	0.178	1	KRI1	c2
0.00991344600005617	0.346917167069316	0.154	0.097	1	NT5C3B	c2
0.0780920853683393	0.346762986564149	0.102	0.07	1	DTD2	c2
0.00138026841031263	0.34659873979808	0.373	0.256	1	NCKAP1L	c2
0.811652169211778	-0.346449966147903	0.03	0.027	1	USP30	c2
0.309602769624566	0.346417407199914	0.048	0.036	1	ZNF79	c2
0.366016386853954	0.346286889312717	0.096	0.079	1	TBL1X	c2
0.133951711605877	0.346242404313098	0.084	0.06	1	C6orf106	c2
0.867382973940607	-0.34612034276332	0.027	0.025	1	PHC2	c2
0.000447385033860014	0.346029703483935	0.401	0.274	1	RNF125	c2
0.918775954600666	-0.345958145640474	0.045	0.043	1	ZNF142	c2
0.00259680162614327	0.345795305004499	0.247	0.161	1	MRPS11	c2
0.103188253299355	-0.345788382121785	0.428	0.424	1	APEX1	c2
0.00563697418195014	0.34576827140696	0.253	0.171	1	ILKAP	c2
0.0452668695149314	0.345659409553507	0.105	0.068	1	CDC23	c2
0.00886447970989961	0.345623412538484	0.166	0.104	1	ATP6V1C1	c2
0.02215842805505	0.345568054669843	0.133	0.085	1	PRAF2	c2
0.880433078312631	-0.345462122318005	0.081	0.082	1	SLC9A3	c2
0.129477717559067	0.345355955887955	0.063	0.042	1	HLCS	c2
0.00120902912480503	0.345294683952824	0.437	0.322	1	ATP2A3	c2
0.145556492616301	0.345144572885103	0.12	0.091	1	DTWD1	c2
0.577889841576171	-0.345087965616381	0.042	0.049	1	TUBGCP5	c2
0.368391479365142	0.344952663443753	0.027	0.019	1	AC004812.2	c2
0.00696407133258036	0.344598005884289	0.063	0.029	1	GBA2	c2
0.0168340679696145	0.344580750958769	0.114	0.069	1	ACOT9	c2
0.0539237869044362	0.344422864731164	0.154	0.111	1	PGD	c2
0.00106408423292225	0.344387707092791	0.331	0.22	1	RASSF7	c2
0.814572810266251	-0.344378664941098	0.063	0.059	1	CYB561D2.1	c2
0.00763975276773224	0.344344608967354	0.184	0.118	1	DCUN1D1	c2
0.0951702085734285	0.344252507432417	0.102	0.072	1	ZNF350	c2
0.0737218783420295	0.344155883186814	0.078	0.05	1	PPARD	c2
0.00170672993019662	0.344099835701322	0.355	0.239	1	GMIP	c2
0.954828056495891	-0.343859701339872	0.096	0.093	1	EIF2B3	c2
0.0113306331609165	0.34374955601045	0.181	0.116	1	MRPL44	c2
0.00109326728377867	0.343671149719655	0.334	0.22	1	FPGS	c2
0.102110805015535	0.343598159908495	0.105	0.074	1	ZSCAN25	c2
0.509090730331948	-0.343578578921464	0.169	0.177	1	LPP	c2
0.0329408077539618	0.343552533953237	0.187	0.134	1	SIDT1	c2
0.00211617895049608	0.343443091451765	0.22	0.138	1	ESCO1	c2
0.0023708973786641	0.343373997395745	0.298	0.204	1	TMEM43	c2
0.990676344868931	-0.343208565587384	0.09	0.087	1	DDX10	c2
0.546941683635734	-0.343171752229576	0.307	0.287	1	CHMP3	c2
0.00631084383468411	0.343095120611349	0.256	0.176	1	UBE2K	c2
0.0664246096281324	0.343074381961683	0.072	0.045	1	SMAD4	c2
0.0131991351167378	0.342989772245248	0.199	0.133	1	GIPC1	c2
0.0684930128879979	0.342973182903393	0.054	0.031	1	L3HYPDH	c2
0.0473996990147771	0.342893316004189	0.127	0.087	1	CREB3	c2
0.551791310494695	0.342603828053073	0.012	0.008	1	LINC00910	c2
0.00431622499056325	0.342576856189426	0.253	0.166	1	PITPNB	c2
0.00546024080883424	0.342510771539438	0.157	0.095	1	PI4KA	c2
0.398099252619238	-0.342428783944861	0.024	0.033	1	LINC01678	c2
0.238462829986923	0.342355298778383	0.057	0.041	1	KDM1B	c2
0.896128556775842	-0.342147780223689	0.142	0.136	1	CASP8AP2	c2
0.925176273495288	-0.3420092549184	0.015	0.016	1	CCDC106	c2
0.00100369979843559	0.341995460025645	0.675	0.535	1	NDUFA3	c2
0.315335059636136	-0.341965069109164	0.018	0.028	1	TRBV4-2	c2
0.0138761239229301	0.341843310946552	0.13	0.079	1	RNF31	c2
0.0870212383830071	0.341834839032621	0.054	0.032	1	DFFB	c2
0.314484733390661	-0.341793310379271	0.027	0.018	1	CEP152	c2
7.64627254421379e-05	0.341392394183611	0.539	0.387	1	SYF2	c2
0.0196961786439452	0.341298885287819	0.09	0.052	1	EDC3	c2
0.0272810791432946	0.341176694222593	0.108	0.068	1	SETD1B	c2
0.0770315690317077	0.341171502309894	0.117	0.083	1	BICD2	c2
0.896238757531899	-0.341153794652619	0.096	0.095	1	ATP8B2	c2
0.915043701683554	-0.341113323523226	0.16	0.153	1	EXOSC7	c2
0.96675021077532	-0.340959265076155	0.045	0.045	1	KIAA1147	c2
0.00144961770386875	0.340941223536098	0.536	0.411	1	HERPUD1	c2
0.0200848142843974	0.340760411830236	0.181	0.123	1	RAVER1	c2
0.0107316365459226	0.340593030169089	0.241	0.168	1	ISY1	c2
0.00393673899265146	0.340538448786051	0.41	0.307	1	YWHAE	c2
0.819345758751636	-0.340070191447555	0.009	0.01	1	MCAM	c2
0.595126284667337	-0.340000568090273	0.063	0.071	1	DCAKD	c2
0.0105678747028393	0.339918845036852	0.22	0.15	1	GCLM	c2
0.000869144010425257	0.339840970128828	0.244	0.152	1	NBPF26	c2
0.144200744173898	0.339680547453017	0.027	0.015	1	ANKRD9	c2
0.00298171237773686	0.339650864868251	0.512	0.394	1	NAA10	c2
0.000358457290527247	0.339646923934886	0.419	0.286	1	ERAP2	c2
0.0551227414120252	0.339565705986436	0.033	0.016	1	OTUD3	c2
0.805622957752275	-0.339484589754057	0.039	0.036	1	MAPKBP1	c2
0.0011760575518844	0.339473654116619	0.262	0.163	1	TRIM56	c2
0.00101390419674328	0.339418619078519	0.259	0.161	1	BLOC1S6	c2
0.83495697639536	-0.339417063231894	0.117	0.117	1	KATNA1	c2
0.0449254169630134	0.339398866908336	0.157	0.112	1	CCDC22	c2
0.892105495780611	-0.339391139144407	0.12	0.112	1	ELK4	c2
0.000122220383877913	-0.339279392095251	0.741	0.735	1	PEBP1	c2
0.346062362719821	0.339169895750263	0.057	0.044	1	IL15	c2
0.805896888937185	-0.338984312874929	0.127	0.125	1	ULK3	c2
0.0525849193678069	0.338980422988237	0.054	0.03	1	MATN1-AS1	c2
0.006755771076635	0.338812585281313	0.226	0.153	1	CCAR2	c2
0.000292892365156702	0.338809949117237	0.268	0.161	1	ASCC3	c2
0.0130964476964858	0.338673852000259	0.039	0.016	1	MBD3	c2
0.00404978688433409	0.33857515973241	0.265	0.181	1	PSMD1	c2
0.000995871157129521	0.338570028393483	0.292	0.189	1	P4HTM	c2
0.0099343000934999	0.338525247730203	0.139	0.085	1	RRBP1	c2
0.976614354976691	-0.338488116145772	0.145	0.135	1	ALG2	c2
0.112513817708158	0.338475608821099	0.048	0.029	1	ACVR1	c2
0.000264001141656657	0.338454259344844	0.262	0.153	1	SPNS1	c2
0.0146041914957381	0.338409815670725	0.181	0.12	1	CRELD1	c2
0.00662276936031887	0.338408138719176	0.38	0.276	1	INPP5D	c2
0.0349821506971136	0.338153172824834	0.078	0.046	1	ZER1	c2
0.00834979433066011	0.338022827545178	0.223	0.153	1	ELMSAN1	c2
0.00292320194595183	0.337920832143268	0.37	0.258	1	DDRGK1	c2
0.000165868027303969	0.337792256438666	0.301	0.182	1	TBL1XR1	c2
0.202670226627869	0.337750261901666	0.063	0.045	1	AVPI1	c2
0.202513279741689	-0.337653921213633	0.184	0.207	1	TMX2	c2
0.000599527286389898	0.337639007438319	0.22	0.127	1	SLC39A7	c2
0.826250491706227	-0.337635146828942	0.012	0.014	1	C1orf54	c2
0.265503607013349	0.337609147746584	0.042	0.029	1	ZNF248	c2
0.0121226991843701	0.337556748251945	0.295	0.211	1	RAB1A	c2
0.000310176598716906	0.337417679583667	0.506	0.368	1	H2AFY	c2
0.0194184839192914	0.33740624038855	0.193	0.133	1	TRAPPC6B	c2
0.0247359164713715	0.337398213035959	0.211	0.153	1	CWC27	c2
0.00957111587539448	0.337233634741791	0.274	0.192	1	CHCHD3	c2
0.943822178185886	-0.337028330607263	0.012	0.011	1	RFX2	c2
0.823082290560835	-0.337009200190405	0.13	0.127	1	CDCA4	c2
0.00139333340518921	0.336948724517749	0.494	0.365	1	HMGN3	c2
0.0114231769555404	0.336858198433302	0.289	0.209	1	CCDC90B	c2
0.000669310192410471	0.336846612431478	0.247	0.147	1	ACSF3	c2
0.973094594190568	-0.336755623340285	0.084	0.08	1	GPKOW	c2
0.949564680535037	-0.336662699805841	0.033	0.033	1	SUCLG2-AS1	c2
0.0141414554174454	0.336591725724793	0.16	0.104	1	AVL9	c2
0.00757844406525493	0.336590131782578	0.232	0.158	1	MRPS10	c2
0.0312386179943886	0.336513091206513	0.057	0.03	1	TFCP2	c2
0.6804949364749	0.336341416541347	0.012	0.009	1	OSBPL11	c2
0.0312458455946726	0.33633779429247	0.181	0.129	1	CHID1	c2
0.0149212699097864	0.336315356040412	0.102	0.06	1	NUDT16	c2
0.00508289154385983	0.336296450626568	0.271	0.185	1	FTSJ1	c2
0.0209659267187141	0.336120903407223	0.105	0.064	1	XPO7	c2
0.00908879384185037	0.336053263260521	0.419	0.307	1	ADSS	c2
0.0735116292785347	0.336049394749348	0.12	0.085	1	SLC35A1	c2
0.000142028909197602	0.335986942253472	0.623	0.449	1	COPS9	c2
0.0344076234291534	0.335876276652405	0.111	0.071	1	LRRC61	c2
0.0291187274087292	0.3357649428939	0.13	0.085	1	PTS	c2
0.132229210596783	-0.335593624135742	0.253	0.272	1	TPP1	c2
0.00277936578163478	0.335475484905731	0.289	0.189	1	GLRX	c2
0.24687618730523	0.335470220697819	0.045	0.031	1	CAMK1	c2
0.00044412257102854	0.335456070723446	0.623	0.452	1	DOK2	c2
0.999814459451542	-0.335415768669655	0.048	0.047	1	MYO1C	c2
0.0052376133769993	0.335361306497489	0.181	0.112	1	ARHGAP27	c2
0.00109478550249207	0.334984203597054	0.184	0.106	1	NDUFA7	c2
0.291571336351993	0.334947674226132	0.039	0.027	1	HCG11	c2
0.0561950891871403	-0.334831030458294	0.518	0.522	1	HNRNPUL1	c2
0.378179908469674	-0.334401891779168	0.241	0.247	1	RETREG2	c2
0.000784888877088894	0.334307514412849	0.422	0.286	1	IRF3	c2
0.98779667114356	-0.33418480943362	0.151	0.141	1	TMEM70	c2
0.0278108277167662	0.33411594910496	0.108	0.068	1	KMT2D	c2
0.00145612441759096	0.334006658933925	0.169	0.095	1	SIRT6	c2
0.00550258558550107	0.334005056789473	0.157	0.095	1	TM2D2	c2
0.0477432195811533	0.333948629253906	0.066	0.039	1	DENND1A	c2
0.000703800838939759	0.333843331380993	0.25	0.155	1	ABCC1	c2
0.61461007769026	-0.333700975787879	0.235	0.228	1	MARCH6	c2
0.468250482889923	-0.333556977063322	0.217	0.222	1	RNMT	c2
0.154225724537785	0.333519128791503	0.054	0.036	1	DAGLB	c2
0.0149289920968134	-0.333492397817236	0.575	0.588	1	JUND	c2
0.0086347193443272	0.333468929442683	0.322	0.236	1	SMC1A	c2
0.00201748727547527	0.333317010165644	0.175	0.101	1	CALU	c2
0.00364170593912722	0.333283472204678	0.241	0.159	1	OTULINL	c2
0.0067426605508032	0.333117915616397	0.199	0.13	1	TAOK1	c2
0.000793997862827765	0.333060420208102	0.259	0.162	1	N4BP2L1	c2
0.000126751075559084	-0.332824492161986	0.994	0.967	1	CD69	c2
0.000518160176927965	0.332659014952954	0.28	0.17	1	PRPSAP1	c2
0.0188751190157428	0.332606963765406	0.102	0.061	1	BOLA1	c2
0.838258886755013	-0.332145282405434	0.063	0.059	1	BICDL1	c2
0.00503427393213422	0.332135175319354	0.262	0.18	1	MRPL13	c2
0.00501905808487151	0.332052456860226	0.313	0.218	1	DLST	c2
0.774390231380104	0.331937822348882	0.027	0.024	1	BIK	c2
0.744133036460547	-0.331912527763007	0.018	0.021	1	PPP1R3B	c2
0.000720142827736415	0.331889779452339	0.452	0.321	1	MTCH1	c2
0.456620157852662	-0.331844858161403	0.392	0.367	1	HIF1A	c2
0.000606793400365512	0.331776627438957	0.41	0.279	1	METTL5	c2
0.000876863368543261	0.331747335117885	0.331	0.211	1	NPEPPS	c2
0.00257577965847339	0.331690119318962	0.355	0.245	1	MOB3A	c2
0.0233472550902729	0.331685272447577	0.154	0.102	1	LINC00847	c2
0.69371671908266	-0.331638371086363	0.09	0.079	1	SP1	c2
0.000137172705104497	0.331601336831443	0.461	0.307	1	TMUB1	c2
0.976385134428569	-0.331590842381562	0.078	0.075	1	KNOP1	c2
0.875579293497301	-0.331586038247076	0.072	0.073	1	DEAF1	c2
0.000217322091951803	0.331565020251938	0.527	0.376	1	PARP1	c2
0.00857512244325448	0.331348825123112	0.509	0.398	1	EIF1AX	c2
0.00617069848643484	0.331326354686624	0.136	0.079	1	KLHL12	c2
0.00266338060481167	0.331267599951894	0.25	0.163	1	USP39	c2
0.676336674215752	-0.331235346842519	0.054	0.047	1	TDRKH	c2
0.749572490880204	-0.331215991275386	0.048	0.043	1	MKS1	c2
0.476851628552775	0.331211781244638	0.06	0.05	1	KLF11	c2
0.094464576410612	-0.331184229343069	0.292	0.308	1	SEC31A	c2
0.00011573441982234	0.330965197402171	0.678	0.541	1	ACTR2	c2
0.884672320400496	-0.330942028647676	0.102	0.101	1	SEC22A	c2
0.154370919357674	0.330636487109086	0.054	0.036	1	WRN	c2
0.00059185244936461	0.330541873117848	0.497	0.359	1	DENND1C	c2
0.577032571269939	-0.330459608190556	0.057	0.065	1	TGFBR3	c2
0.926930092488447	-0.330365408261917	0.169	0.155	1	EIF2D	c2
0.115395449845048	0.330271606011908	0.072	0.048	1	MDM1	c2
0.00137952010576315	0.330171239293209	0.211	0.126	1	IFT20	c2
0.00661119145080279	0.330095145506453	0.217	0.143	1	C6orf62	c2
0.0832019137026893	0.330017696928472	0.09	0.061	1	LINC01003	c2
0.0191542315082255	0.329847644428209	0.114	0.07	1	LINC00909	c2
0.335697029803447	0.329592479512216	0.045	0.033	1	OTUD7B	c2
0.0386604750335424	-0.329526832142759	0.036	0.017	1	CD79A	c2
0.00608136431770455	0.329485552170601	0.319	0.23	1	NIFK	c2
0.826555118078377	-0.329381287201208	0.042	0.039	1	SLX1B	c2
0.00363603332793372	0.329351795331138	0.217	0.138	1	RAE1	c2
0.0494063545985837	0.329327312012499	0.172	0.124	1	ACSL3	c2
0.64949843469586	0.329142783726579	0.051	0.045	1	HES4	c2
0.000211868618808169	0.329130642049772	0.256	0.149	1	PSMA3-AS1	c2
0.285317209408982	-0.329110454096067	0.063	0.082	1	PRKCI	c2
0.00416969375803838	0.329008102546253	0.322	0.226	1	MPLKIP	c2
0.0177106962892485	0.328921424981601	0.262	0.189	1	RAB29	c2
0.183014771659347	-0.328874158451931	0.19	0.219	1	RARA	c2
0.000121902926532155	0.328854198317461	0.524	0.364	1	MRFAP1	c2
0.0201957590730791	0.328799705901021	0.283	0.205	1	IRF2BP2	c2
0.149835028215738	0.328744663474045	0.084	0.061	1	AGTPBP1	c2
0.0224832987051251	0.328545799588479	0.169	0.114	1	FO393401.1	c2
0.30052411858292	0.328542687791189	0.036	0.025	1	PLEKHA8	c2
0.00267828845185096	0.328525753832855	0.235	0.152	1	RAB28	c2
0.00142590039070595	0.328518967024633	0.539	0.419	1	IVNS1ABP	c2
0.725019447043339	-0.328359263689639	0.136	0.136	1	ENTPD4	c2
0.0855599120517413	0.328331116454551	0.108	0.076	1	SIMC1	c2
0.465035479772492	-0.328282815693953	0.226	0.225	1	RALA	c2
0.00766680315405132	0.328147395730031	0.241	0.161	1	NOA1	c2
0.00579738603868816	0.328085092117992	0.262	0.179	1	COX19	c2
0.968992918188502	-0.327961933617864	0.057	0.056	1	PLBD2	c2
0.690001876034869	-0.327944593716293	0.102	0.09	1	NCK2	c2
0.0176830017381325	0.327766458091483	0.238	0.169	1	TRIM11	c2
0.0236214446622179	0.327723671277933	0.114	0.071	1	CCDC126	c2
0.0391554938469674	0.327670158366501	0.066	0.038	1	ZNF230	c2
0.557367815228188	-0.327534529359703	0.205	0.206	1	SENP7	c2
0.00250898408036051	0.327446696261093	0.271	0.178	1	PABPN1	c2
0.00138188280051117	0.327361323423724	0.181	0.104	1	HIBCH	c2
0.00896204398738952	0.327248572972068	0.202	0.135	1	FBXO9	c2
0.0132491527614125	0.327217737221197	0.361	0.268	1	DNAJC1	c2
0.00289206361681484	0.327188477429221	0.358	0.251	1	PHF5A	c2
0.610079642906571	-0.327172936265042	0.03	0.036	1	TRAV36DV7	c2
0.00928341207635411	0.327080563618893	0.148	0.091	1	WDR59	c2
0.200853420058074	0.327063465395188	0.048	0.032	1	UBL7-AS1	c2
0.000409389563904956	0.327055252904275	0.669	0.544	1	NOP10	c2
0.784351682457798	-0.326947623797577	0.136	0.122	1	FTSJ3	c2
0.647366124604314	-0.326756463843254	0.015	0.019	1	FARP2	c2
0.113849628687104	0.326681509914808	0.06	0.039	1	MAPK9	c2
0.876948718091101	-0.326578180718329	0.108	0.099	1	COQ7	c2
0.000127510328608538	0.326466339651467	0.69	0.557	1	MDH2	c2
0.00360532213905159	0.326404786456179	0.482	0.366	1	PSMG2	c2
0.0149900177605252	-0.326311833675159	0.56	0.555	1	DUT	c2
0.000282508710786774	0.326293884239583	0.63	0.507	1	POLR1D	c2
0.542536725711386	0.326207072875595	0.045	0.038	1	ZNF549	c2
0.0666967327495449	0.326149224632231	0.084	0.054	1	GTF2H4	c2
0.0011411659029422	0.326103966885334	0.485	0.349	1	C18orf32	c2
0.00361133787623183	0.326022371501977	0.157	0.093	1	KLHL6	c2
0.599146571634197	-0.325783460774656	0.238	0.235	1	KMT2E-AS1	c2
0.916667915644743	-0.325693258969363	0.145	0.138	1	CPT1A	c2
0.960190586128757	-0.325661921211637	0.075	0.072	1	PRUNE1	c2
0.0164003984098883	0.325586174273204	0.337	0.25	1	NDUFA9	c2
0.349332013934276	-0.325544416207131	0.358	0.357	1	BIRC3	c2
0.00191783712759397	0.325489445285625	0.214	0.134	1	C12orf76	c2
0.000473732968984231	0.325473570225721	0.377	0.242	1	CTSA	c2
0.83451741064485	-0.325358759537853	0.084	0.077	1	ARFGAP1	c2
0.00346481508132752	0.325229167797043	0.34	0.23	1	ZNF644	c2
0.0654541485094334	0.325137500997772	0.057	0.033	1	ERCC2	c2
0.00160958228262155	0.325091755910822	0.289	0.187	1	ERG28	c2
0.00978115541917829	0.325079672078208	0.184	0.121	1	NNT	c2
0.0398162996707643	0.325074021861511	0.154	0.107	1	STAT5B	c2
0.00370487903870705	0.325018044546641	0.268	0.182	1	RING1	c2
0.732822024345566	-0.324791782185011	0.012	0.015	1	MORN1	c2
0.00594250599172174	0.324790971727858	0.31	0.22	1	RBM6	c2
0.784992487270915	-0.324738922524846	0.127	0.115	1	ZCCHC8	c2
0.022462845639602	0.32471159996195	0.136	0.088	1	ACOT13	c2
0.000414381947945059	0.324685078429036	0.578	0.408	1	ATRAID	c2
0.0152924510329288	0.324642754058695	0.078	0.043	1	ABCC5	c2
0.00295648265063383	0.324565030783196	0.289	0.193	1	MTG1	c2
0.000923798213914767	0.324516126402817	0.545	0.422	1	CSNK1A1	c2
0.00399857273166397	0.324484099545768	0.28	0.188	1	CLPTM1	c2
0.210269648392124	0.324363796455558	0.054	0.038	1	MFAP3	c2
0.00166149989271082	0.324355935450275	0.28	0.185	1	NRBF2	c2
0.00309757098785656	0.324043802572686	0.268	0.178	1	TXNDC9	c2
0.0981874669912159	0.323969573289624	0.042	0.024	1	BORA	c2
0.00551851211324053	0.323956133666381	0.16	0.097	1	APEX2	c2
0.0311583355726878	0.323887025856621	0.157	0.107	1	CCDC14	c2
0.939726533232026	-0.323850830080668	0.09	0.089	1	PGRMC2	c2
0.000367930790855727	0.323772598460248	0.286	0.176	1	RC3H1	c2
0.00264539528591288	0.323758177061422	0.331	0.231	1	LPIN1	c2
0.318510427185862	0.323753614143254	0.033	0.023	1	SNPH	c2
0.890705913168936	-0.323751044534407	0.054	0.055	1	TPK1	c2
0.0187753751722416	0.323646957767053	0.136	0.086	1	MAPK6	c2
0.465280710468206	-0.323524399578726	0.018	0.025	1	FBRSL1	c2
0.622094288827739	-0.323464067718509	0.172	0.175	1	DUS3L	c2
0.00578075009830627	0.323416648841436	0.151	0.09	1	HDAC5	c2
0.880415220867563	-0.323254732551646	0.229	0.202	1	OAS2	c2
0.0221420257835608	0.3232176299717	0.108	0.066	1	RNF169	c2
0.00161734080218783	0.322967325802727	0.404	0.285	1	MRPL11	c2
0.0671023876239017	0.322919088667266	0.12	0.084	1	FEM1B	c2
0.00564052844956813	0.322886876924115	0.211	0.138	1	ANKRD39	c2
0.00534126377452631	0.322817654699952	0.208	0.134	1	ATXN2	c2
0.799787947884614	-0.322721606397397	0.262	0.249	1	SP140L	c2
0.142606680559013	0.322677858215518	0.111	0.084	1	TELO2	c2
0.000695082863759816	0.322637568402501	0.16	0.087	1	TP53BP1	c2
0.7240225646864	-0.322582150888797	0.111	0.113	1	LRRC8C	c2
0.00289302551074125	0.322575043191472	0.319	0.219	1	WASHC3	c2
0.711278218382834	0.322505478072123	0.021	0.018	1	TEX2	c2
0.00465260290470047	0.322504820832771	0.12	0.067	1	NOL10	c2
0.00193896941236193	0.322480399333132	0.38	0.265	1	ERP44	c2
0.783625488605489	-0.322427860436509	0.108	0.099	1	ZC3H3	c2
0.0349404538467782	0.322404199873038	0.12	0.078	1	ZXDC	c2
0.019657119994727	0.322312133238954	0.202	0.143	1	SMIM3	c2
0.570728187106234	-0.322290012968543	0.096	0.103	1	NAF1	c2
0.237337224624828	0.322254858634952	0.078	0.059	1	UBFD1	c2
0.00261949836742954	0.322233285729764	0.386	0.271	1	SCAMP3	c2
0.00208384764565888	0.322067638545514	0.34	0.238	1	DUSP5	c2
0.526648333140977	-0.322046866998084	0.018	0.024	1	FBXL16	c2
0.441412187384328	-0.321829950588673	0.009	0.015	1	SAV1	c2
0.827342085654708	-0.321741754127935	0.018	0.02	1	AP1S3	c2
0.0321203641862958	0.321729623353085	0.151	0.102	1	PIP4K2C	c2
0.575036205979268	-0.32172666711131	0.136	0.144	1	ING5	c2
0.0629782310415781	0.321691344382393	0.075	0.047	1	DNAJC27	c2
0.000229777031940242	-0.321520646043045	0.765	0.774	1	ANP32B	c2
0.000612850229482597	0.321502882308833	0.557	0.402	1	ATP6V0B	c2
7.9532778945194e-05	0.321428176327324	0.569	0.405	1	WTAP	c2
0.018282706762089	0.321348430145026	0.169	0.112	1	HPS3	c2
0.178232732237559	0.321278702312688	0.123	0.096	1	ZNF600	c2
0.00559073879135934	0.321161170375233	0.136	0.079	1	SAYSD1	c2
0.0607324504157963	0.321008358883209	0.078	0.049	1	EYA3	c2
0.000412049401382209	0.32098550015612	0.72	0.59	1	SF3B2	c2
0.130655682124284	0.320942800079471	0.072	0.049	1	SIK3	c2
0.0212738708159802	0.320865972797749	0.093	0.055	1	SGPP1	c2
0.120097883761242	-0.320681730974876	0.172	0.205	1	RNF144A	c2
0.0137398107798193	0.320630110479091	0.093	0.052	1	TOM1L2	c2
0.0190781837167521	0.320553550660164	0.127	0.079	1	CSNK1G1	c2
0.0587433365762503	0.320412666320251	0.081	0.051	1	DOPEY2	c2
0.739353959509091	-0.320366929044299	0.018	0.021	1	F12	c2
0.877857184853727	-0.320307821962429	0.096	0.096	1	STX18	c2
0.0164276746358612	0.320301240493693	0.193	0.131	1	PPP1R35	c2
0.000948189963046272	0.320272254647292	0.566	0.435	1	NDUFA6	c2
0.066604732156881	0.320237906109361	0.111	0.076	1	COL18A1	c2
0.114692490205995	0.320218774560757	0.072	0.048	1	ARFGEF2	c2
0.411220242535517	0.320140330809851	0.03	0.022	1	ZBTB39	c2
0.0144816459770385	0.32006645766965	0.295	0.208	1	MTCH2	c2
0.00326997412476223	0.320060682384375	0.298	0.203	1	RIOK3	c2
0.0113565175204403	0.320060009508472	0.117	0.069	1	HIST1H2AC	c2
0.819936777270876	-0.319958618758451	0.223	0.21	1	NT5C3A	c2
0.806516220690921	-0.319946926841432	0.295	0.272	1	TUBA1C	c2
0.762952402344305	-0.319854913706269	0.06	0.054	1	LINC00954	c2
0.779575361186545	-0.319785077265547	0.051	0.054	1	GAA	c2
0.00238224910153063	-0.319761791140776	0.578	0.597	1	PRDX2	c2
0.00208036018211567	0.31969526124351	0.349	0.241	1	TACC1	c2
0.00127172317281937	0.319689299446722	0.367	0.252	1	ARF3	c2
0.844804579378801	-0.319685219153834	0.078	0.079	1	PAXIP1-AS2	c2
0.0549267397567826	0.319663308359298	0.072	0.044	1	PHKA2	c2
0.804852573830532	-0.319558092141656	0.054	0.05	1	TRAV23DV6	c2
0.911337433747243	-0.319440398173884	0.214	0.2	1	GNA13	c2
0.0153600178678466	0.319337483321386	0.229	0.158	1	TFPT	c2
0.00486982830335793	0.319249056858209	0.253	0.173	1	TRIM14	c2
0.00228638949588528	0.318996000031453	0.563	0.427	1	SNX17	c2
0.00178467299436412	0.318658387773209	0.343	0.232	1	TAF12	c2
0.000645954025514533	0.318535516130519	0.452	0.319	1	VOPP1	c2
0.736900911950683	-0.318394618588244	0.015	0.018	1	AC074032.1	c2
0.00193025009622202	0.318293825721043	0.416	0.293	1	SNRPA	c2
0.00292172977845038	0.318090793024139	0.413	0.29	1	CDC26	c2
0.0785665596502945	-0.318075420396607	0.123	0.163	1	TXK	c2
0.600013411847051	-0.317998013641068	0.072	0.079	1	CPSF4	c2
0.629488194477013	-0.31799061683949	0.087	0.093	1	SPIN1	c2
0.000617273121546698	0.317983811771428	0.533	0.389	1	RNF187	c2
0.312710048032483	-0.317960456326275	0.102	0.123	1	GSTM2	c2
0.0254695139551118	0.317916105350091	0.196	0.135	1	GLB1	c2
0.00751954663700322	0.317804917333399	0.265	0.18	1	KRIT1	c2
0.199742509960829	0.317684161722579	0.048	0.032	1	MTHFSD	c2
0.178411786221998	0.317643632930625	0.054	0.037	1	TIPIN	c2
0.38145281330003	0.317542336902818	0.039	0.029	1	PARD6B	c2
0.00328562036117779	0.317455786051528	0.361	0.258	1	TRAPPC4	c2
0.975157396328683	-0.317304751193008	0.054	0.052	1	KIAA1328	c2
0.333585070129831	0.317087447634477	0.039	0.028	1	TYW1B	c2
0.000505371901079146	0.317036980794728	0.358	0.233	1	KLHDC2	c2
0.388165926431936	-0.316928502933308	0.316	0.309	1	SRSF8	c2
0.00209370886289228	0.316732126105298	0.41	0.292	1	ATF4	c2
0.531460415061076	-0.316574280103423	0.021	0.016	1	AC139887.2	c2
0.00370127778341976	0.316549596572202	0.229	0.147	1	TXNRD1	c2
0.10425111398873	0.316456183768305	0.078	0.052	1	RBM12B	c2
0.562120557364294	-0.316097429571853	0.184	0.189	1	ELP2	c2
0.782609777035325	-0.316080169515074	0.286	0.269	1	SLC16A7	c2
0.0152462684280762	0.315978525570034	0.199	0.134	1	TRIAP1	c2
0.000725676156054899	0.315923189819319	0.325	0.21	1	CIAO1	c2
0.892944097783591	-0.31586876913155	0.03	0.028	1	ZNF485	c2
0.987135135094036	-0.315836734852073	0.16	0.15	1	MUC20-OT1	c2
0.00194447151669183	0.315795981435063	0.202	0.122	1	RMDN1	c2
8.93393583200261e-05	0.315524833154236	0.295	0.176	1	PBRM1	c2
0.0760489043749084	0.315475836234775	0.148	0.108	1	CCDC88B	c2
0.836376142563252	-0.315289100946224	0.06	0.055	1	RAB3A	c2
0.0174982497310194	0.315246619314544	0.084	0.047	1	IDNK	c2
0.0228576818533111	0.315241863196543	0.133	0.086	1	GPATCH2	c2
0.592160781806844	-0.31502975678394	0.13	0.137	1	SCAPER	c2
0.00295304904639944	0.314963665336965	0.506	0.381	1	DHX36	c2
0.0440795496584367	0.314909884481221	0.226	0.169	1	MRPL40	c2
0.277943274534215	-0.314890671869493	0.19	0.148	1	CBWD2	c2
0.636564503611424	-0.31469693815944	0.036	0.03	1	AC103591.3	c2
0.748436030968016	-0.314568328627484	0.021	0.024	1	ENTPD5	c2
0.00686854647750718	0.314258938290074	0.181	0.115	1	MDP1	c2
0.0664231579948142	0.314243132791435	0.057	0.033	1	ACACA	c2
0.000939266722393289	0.314193576035656	0.395	0.271	1	TROVE2	c2
0.248781838775279	-0.314168617201116	0.352	0.353	1	C6orf48	c2
0.00138470245813552	0.314069821739803	0.533	0.392	1	IRF2	c2
0.000473987854375239	0.314059776881194	0.458	0.321	1	GLO1	c2
0.947570205984141	-0.314014523291335	0.157	0.145	1	MRPL46	c2
0.0166839886471343	0.313974490114568	0.108	0.065	1	DROSHA	c2
0.327901334782784	-0.313950730446	0.006	0.013	1	ZNF90	c2
0.709552551807482	-0.31394241147912	0.036	0.031	1	STX2	c2
0.016205234575355	0.313920704594091	0.084	0.047	1	ABHD8	c2
0.765347341621113	-0.313820206453238	0.072	0.065	1	PINX1.1	c2
0.00804158350081094	0.313723197271678	0.313	0.223	1	SMC5	c2
0.735232738068887	-0.313706134116881	0.127	0.113	1	RALGAPB	c2
0.950103712699866	-0.313688238335817	0.154	0.143	1	HAUS4	c2
0.0223555724893438	0.313683618222402	0.196	0.136	1	ZMPSTE24	c2
0.0372803238692958	0.313471621474068	0.102	0.065	1	TMA16	c2
0.183989727960557	0.313439325570464	0.051	0.034	1	IFIT2	c2
0.35871415807756	-0.3133909012434	0.087	0.068	1	MGME1	c2
0.000614753148608369	0.313376622431635	0.398	0.273	1	SENP6	c2
0.101000300656003	-0.313359158882041	0.295	0.33	1	PRNP	c2
0.824543058159036	-0.313293055835539	0.084	0.077	1	MIGA2	c2
0.0651618503806632	0.313150764838532	0.084	0.054	1	DOLPP1	c2
0.0179860760799703	0.313063610131035	0.063	0.032	1	AC147067.1	c2
0.000772715052235387	0.313040692329896	0.367	0.243	1	IDI1	c2
0.00157703613463758	0.312981711573662	0.59	0.462	1	PSMA6	c2
0.000962255872780504	0.312958430644982	0.56	0.428	1	LY9	c2
0.0174520633714255	0.3129454729301	0.292	0.214	1	PCGF5	c2
0.569748594620858	-0.312899476350125	0.178	0.181	1	BEX4	c2
0.00849218209531216	-0.312747423496374	0.575	0.59	1	RSL1D1	c2
0.00128600863865962	0.312739595430276	0.557	0.425	1	ELOVL5	c2
0.891773230754925	-0.312703186612123	0.211	0.197	1	MRPL50	c2
0.132668608442665	0.312676141391804	0.102	0.074	1	SNX27	c2
0.7751997213985	-0.312565190925327	0.063	0.067	1	TBC1D19	c2
0.0715352883171679	0.312529601796175	0.051	0.029	1	FAM20B	c2
0.00253466662996685	0.312296924477141	0.364	0.255	1	CWC15	c2
0.960957012636302	-0.31225896016571	0.033	0.033	1	PLEKHA5	c2
0.033676894080199	0.312226858420248	0.111	0.071	1	ZNF512	c2
0.423333426913767	-0.312202323602899	0.012	0.007	1	MS4A1	c2
0.0518986570887775	0.312192444390212	0.09	0.057	1	ARMC2	c2
0.856930257999672	-0.312167534655139	0.12	0.119	1	CCDC71	c2
0.959249131132221	-0.312013141085767	0.03	0.029	1	NR2F6	c2
0.0276361954784885	0.312002632709979	0.205	0.147	1	CHD8	c2
0.13563968737806	0.311878530959683	0.036	0.021	1	PTCD2	c2
0.115460833109629	-0.311771140748411	0.389	0.403	1	ATM	c2
0.306338366980563	0.311762208513059	0.012	0.006	1	RBM15-AS1	c2
0.767592830372091	0.31169447137595	0.027	0.024	1	ZNF615	c2
0.00119973692487209	0.311562467560848	0.328	0.219	1	MED29	c2
0.000269691994868196	0.31145227887382	0.729	0.596	1	PAIP2	c2
0.265503607013349	0.311432955595351	0.042	0.029	1	BAHD1	c2
0.00808017061114957	0.311425369442791	0.22	0.146	1	MKL1	c2
0.860167045797426	-0.311191216152136	0.06	0.062	1	RFWD3	c2
0.917513235693825	-0.311190190426951	0.072	0.072	1	CCDC9	c2
0.955804844912401	-0.311179538683385	0.133	0.127	1	HSPA13	c2
0.0293022847294412	0.31116039669701	0.343	0.264	1	SHARPIN	c2
0.444785535220965	-0.311004321740737	0.12	0.098	1	GLMP	c2
0.00150760470813446	0.310982988991432	0.506	0.366	1	MMP24OS	c2
0.0345815429974739	0.310842545758881	0.148	0.1	1	PIK3C3	c2
0.887316324939594	-0.310812073035255	0.033	0.034	1	C12orf66	c2
0.00719867768296786	0.310603082673867	0.193	0.124	1	PWWP2A	c2
0.249402585995503	0.310544890108978	0.027	0.017	1	ARL6	c2
0.397305427665321	-0.310261271153358	0.322	0.322	1	CCDC59	c2
0.326648091404727	0.310255473439408	0.024	0.016	1	C9orf40	c2
0.00940934792626666	0.310183418762419	0.151	0.093	1	KIAA0232	c2
0.0834808280972784	0.310080305266092	0.09	0.061	1	SMAD7	c2
0.875049758812134	-0.310023296232313	0.13	0.12	1	ATF7IP2	c2
0.816745126099107	-0.309963010169581	0.06	0.055	1	PINK1	c2
0.290944668078152	0.309875837305085	0.045	0.032	1	NOL6	c2
0.0119925742398218	0.309842829426918	0.226	0.156	1	KIAA1143	c2
0.0277185297378596	0.309795388723334	0.075	0.043	1	ZNHIT2	c2
0.2990458322499	0.309776827838212	0.045	0.032	1	KBTBD7	c2
0.62523604066305	-0.309618970231051	0.027	0.032	1	ZNF543	c2
0.0115351716892263	0.309514206808652	0.199	0.132	1	GART	c2
0.0377113635699638	0.30947540980061	0.123	0.082	1	HAUS6	c2
0.012550462618282	0.309375757207771	0.114	0.068	1	EIF2AK4	c2
0.00797635044549548	0.309157738441967	0.175	0.112	1	SLC25A12	c2
0.0016245659255256	0.309144824360057	0.41	0.285	1	UBTF	c2
0.839799227113604	-0.309115177514635	0.181	0.172	1	NUP62	c2
0.0519292639209414	0.309065476199601	0.196	0.146	1	RNF168	c2
0.97351094958956	-0.308987556830767	0.024	0.024	1	ZNF829	c2
0.766357496405236	-0.308937572585793	0.193	0.172	1	IL4R	c2
0.446909110114836	-0.308672111463103	0.072	0.085	1	IFITM3	c2
0.000830177480530112	0.308639803036513	0.557	0.409	1	ACAP2	c2
0.752434074823401	-0.308468099230697	0.096	0.087	1	GCC1	c2
0.00420709917773945	0.30844660712925	0.262	0.178	1	GNB1	c2
0.957527772173156	-0.308347682767644	0.093	0.089	1	PTRH2	c2
0.0419180915685352	0.308151985551424	0.078	0.047	1	TCP11L1	c2
0.00315593064589909	0.308140043222266	0.111	0.059	1	ZDHHC17	c2
0.893161896265492	-0.30812026622025	0.232	0.206	1	CUL1	c2
0.000965739587333064	0.308102089879033	0.443	0.317	1	GLUD1	c2
0.000764046493720463	0.30806717084056	0.419	0.29	1	AMZ2	c2
0.0747323417175184	0.308031261985732	0.108	0.075	1	EIF4EBP1	c2
0.953959960599137	-0.308027857199902	0.199	0.187	1	UBE2D1	c2
0.00501206149381833	0.307854990292	0.268	0.182	1	C19orf25	c2
0.0150668622916091	0.307749196236879	0.12	0.073	1	GLRX2	c2
0.057858530607899	0.307497422489291	0.093	0.061	1	PPP1R9B	c2
0.00485142583321429	0.307174297095058	0.455	0.346	1	C4orf48	c2
0.0012512708177793	0.307061403845795	0.241	0.147	1	CDK11B	c2
0.0117382276664271	0.306979705383239	0.151	0.096	1	LRCH3	c2
0.061530496476381	0.306959615352534	0.133	0.093	1	MED23	c2
0.68705616707546	-0.306846462203147	0.139	0.142	1	ZNF10	c2
0.583975282142284	-0.306756862408049	0.081	0.069	1	BRI3BP	c2
0.000861444978347883	0.306733246135897	0.425	0.294	1	PHF11	c2
0.642289230734965	-0.306719411548085	0.033	0.039	1	TRBV9	c2
0.033512985408153	0.306671465919778	0.096	0.06	1	UBE2R2	c2
0.0473073294915848	0.306670395402205	0.127	0.086	1	MFSD8	c2
0.870274052188906	0.306665365580345	0.036	0.034	1	TRAV8-1	c2
0.648854958355558	-0.306663170861628	0.09	0.096	1	ZNF397	c2
0.0283147217639099	0.30659732972186	0.268	0.201	1	PPP4R3A	c2
0.0128398461973776	0.306423918886773	0.521	0.424	1	LRP10	c2
0.861018851004196	-0.306415905648345	0.06	0.056	1	NEMP2	c2
0.0306227288042895	0.306085151226728	0.16	0.109	1	VPS39	c2
0.000550971444224856	0.306066970907144	0.235	0.137	1	ZRSR2	c2
0.839188668906987	-0.306066914841586	0.253	0.236	1	FRYL	c2
0.0040124628305177	0.306058884235809	0.467	0.349	1	RAB8A	c2
0.00272727742431659	0.306029399859753	0.274	0.18	1	CDC5L	c2
0.00380705512313026	0.305957554375192	0.557	0.416	1	MAPK1IP1L	c2
0.0515106167005699	0.305828819580866	0.133	0.092	1	ANXA4	c2
0.00151131373675489	0.305795716515068	0.334	0.225	1	SUPT16H	c2
0.0385106233304409	0.305663672352258	0.063	0.036	1	ZMYM6	c2
0.0173607126232139	0.305626209846806	0.166	0.11	1	GPATCH4	c2
0.191414115514755	0.305542127221052	0.042	0.027	1	SPATS2L	c2
0.0134343625499793	0.305540812610933	0.452	0.355	1	JAK3	c2
0.012755599726724	0.305418414033563	0.235	0.164	1	FMC1	c2
0.000303659865996225	0.305373379606644	0.669	0.532	1	UFC1	c2
0.00840841151752396	0.305298703355271	0.157	0.097	1	DPAGT1	c2
0.732878567651092	-0.305256371665933	0.015	0.018	1	CYB5D1	c2
0.03545986364871	0.305209481799048	0.139	0.094	1	MBD2	c2
0.00407006789993648	0.305137381015445	0.268	0.178	1	PML	c2
0.268350217695688	0.305006417179248	0.033	0.022	1	KMT5A	c2
0.00130298934535153	0.305005440531098	0.298	0.193	1	TIMM13	c2
0.0563144373873434	0.304946440086356	0.154	0.109	1	MFSD11	c2
0.0849451822295115	0.30493944244092	0.054	0.032	1	ZNF419	c2
0.0511514094699383	0.304855619006135	0.081	0.05	1	NXT2	c2
0.718727340851201	-0.304827782643927	0.09	0.095	1	CROCC	c2
0.796255139369585	-0.304809221987591	0.042	0.045	1	TAF1A	c2
0.00914653065491352	0.304776458600939	0.169	0.106	1	TWF1	c2
0.986882243134825	-0.30472388975195	0.024	0.024	1	BLOC1S3	c2
0.624740678410457	-0.304706283396276	0.036	0.042	1	RNF157	c2
0.000286144514033966	0.304506749642246	0.304	0.187	1	SBNO1	c2
0.548358747249121	0.304488918867523	0.012	0.008	1	GVQW3	c2
0.184454992893407	0.304329350391861	0.03	0.018	1	ABCB10	c2
0.141898842568715	0.304266295456859	0.033	0.019	1	URB2	c2
0.716972313065779	-0.304084011339779	0.057	0.062	1	DHX58	c2
0.00533819382246063	0.304014603100258	0.364	0.258	1	GOPC	c2
0.115129427962867	0.303956279929265	0.069	0.046	1	STK39	c2
0.90524736881699	-0.303874275936277	0.024	0.025	1	RLN1	c2
0.215319601695903	0.303779509226549	0.075	0.055	1	DNAJC13	c2
0.0210809241145577	0.303676727716047	0.175	0.117	1	MLST8	c2
0.825537512834814	-0.303661530659923	0.108	0.11	1	RNF24	c2
0.000677873110736785	0.303655030320047	0.651	0.499	1	C8orf59	c2
0.383392173544256	-0.303612120303285	0.036	0.026	1	TIGD7	c2
0.0303155006773495	0.303352089034032	0.139	0.092	1	YIPF2	c2
0.00823398635050052	0.303283005498271	0.232	0.154	1	DYM	c2
0.849220580036893	-0.303271657475321	0.036	0.033	1	COX18	c2
0.604484392704549	-0.303237786423295	0.383	0.346	1	ATP6V0E2	c2
0.0156152342201768	0.303179815753082	0.175	0.115	1	ANGEL2	c2
0.567392229621225	-0.303175098070739	0.127	0.108	1	DIABLO.1	c2
0.479166189845854	-0.30312571866247	0.217	0.22	1	STX17	c2
0.102984197602309	0.303089079035704	0.093	0.065	1	CDPF1	c2
0.00286908152087563	0.30303536592373	0.328	0.226	1	ATP6V0D1	c2
0.0391571899346227	-0.302991974069112	0.38	0.409	1	SMAP2	c2
0.312381496506003	-0.302859007702016	0.145	0.161	1	STMN1	c2
0.000753136659138303	0.302821264164257	0.431	0.295	1	METTL23	c2
0.0168187258489936	0.302710322785952	0.151	0.097	1	ACSL4	c2
0.0178865562333041	0.302683322109832	0.235	0.169	1	UPP1	c2
0.877156307200139	-0.302502433743536	0.048	0.049	1	METAP1D	c2
0.777735674285067	-0.302466696338016	0.208	0.189	1	AC007384.1	c2
0.554474692870963	-0.302348409294777	0.012	0.017	1	EFCAB13	c2
0.986626809485078	-0.302304223110581	0.072	0.07	1	TMLHE	c2
0.0048138846584429	0.302287345038527	0.386	0.272	1	RNF5	c2
0.0715837135728919	0.302039081002461	0.069	0.043	1	ZNF213-AS1	c2
0.000363959075397741	0.302015950915383	0.687	0.539	1	SELPLG	c2
0.00519910821286635	0.301881249548334	0.37	0.264	1	LMAN1	c2
0.000389533967727909	0.301851003547037	0.584	0.431	1	POLR3GL	c2
0.983427964706946	-0.301828666478225	0.148	0.139	1	VAMP4	c2
0.69874863319687	-0.301769990398109	0.045	0.05	1	NEIL2	c2
0.455287170103604	-0.301723639836689	0.488	0.479	1	PIM2	c2
0.0206183786197833	0.301550425468457	0.09	0.052	1	ACP2	c2
0.986094620540051	-0.301293601302528	0.13	0.123	1	NLRP6	c2
0.490853164240509	-0.301125430430364	0.087	0.073	1	OAS1	c2
0.681944988622404	0.301055525769279	0.012	0.009	1	AC004982.2	c2
0.168990532221495	-0.301027297231135	0.398	0.399	1	LSM5	c2
0.00657015981934594	0.300995044363545	0.133	0.078	1	KLHL18	c2
0.966695905077202	-0.300994320431717	0.03	0.029	1	PUS7	c2
0.0241229287367032	0.300969771791368	0.19	0.134	1	GFPT1	c2
0.0136277645181651	0.300796214087713	0.13	0.079	1	TBC1D25	c2
0.00261549657154152	0.300771321724904	0.331	0.231	1	SRPK2	c2
0.930107022374891	-0.300733496981669	0.13	0.12	1	NSMCE2	c2
0.0262002003273802	0.30068910816382	0.096	0.057	1	SLC37A3	c2
0.0332452552449039	0.300686159796463	0.25	0.183	1	PEPD	c2
0.467259231872268	0.300670499405076	0.018	0.013	1	ZNF594	c2
0.00106538501376573	0.300658121559097	0.614	0.493	1	ANAPC11	c2
0.960773046184888	0.300653525321563	0.015	0.015	1	FP236383.3	c2
0.939033380430515	-0.30061671596718	0.075	0.072	1	TMEM184B	c2
0.0164186784186931	0.30061568604207	0.304	0.223	1	A1BG	c2
0.518460648030061	-0.300451524056016	0.316	0.302	1	PTOV1	c2
0.399222493903618	0.300411969106643	0.015	0.009	1	AC114271.1	c2
0.99485076088304	-0.300410900828302	0.114	0.109	1	CNOT9	c2
0.00957624316053017	0.300363524991675	0.262	0.181	1	TMEM14A	c2
0.0208188538509878	0.300215898755244	0.163	0.109	1	GPR89B	c2
0.0520719684448403	0.300118905997319	0.123	0.085	1	FGFR1OP	c2
0.00022053704391529	0.300107367301865	0.605	0.444	1	EIF3I	c2
0.0282034993571178	0.300046785748077	0.133	0.087	1	SMIM30	c2
0.0161916309590481	0.300000909768839	0.145	0.093	1	PIK3CG	c2
0.0235151200405298	0.299980521155876	0.16	0.107	1	PSMG3	c2
0.931480957413775	-0.299760166366482	0.072	0.069	1	RBL1	c2
0.939424241459677	0.299613171169818	0.012	0.011	1	LAIR2	c2
0.00788468357932228	0.299592155769229	0.19	0.122	1	TP53RK	c2
0.0030128571689564	0.299453363799003	0.238	0.153	1	ATG4B	c2
0.0555369785470701	0.29944497061101	0.199	0.148	1	LRRC47	c2
0.0999925963065714	0.29936207721497	0.13	0.095	1	PEX6	c2
0.000980752871401927	0.299325545621519	0.241	0.145	1	MIIP	c2
0.597229426117705	0.299293481516957	0.027	0.022	1	POLE	c2
0.000821989556580352	-0.299266746411085	0.741	0.761	1	GPX4	c2
0.0477860630170021	0.299262341775433	0.148	0.102	1	ABCD4	c2
0.0333490639462864	0.299239758371071	0.28	0.211	1	PIGT	c2
0.00219033379722137	0.299223138766366	0.63	0.483	1	LSM8	c2
0.257826953936133	0.299113315297458	0.069	0.052	1	KCTD6	c2
0.0185440461963621	0.299051208385625	0.265	0.194	1	PAF1	c2
0.0727827890798464	0.299041722634516	0.093	0.062	1	ZNF669	c2
0.0156230857183485	0.298739977803661	0.151	0.096	1	THOC5	c2
0.774113667861883	-0.298721527970556	0.06	0.064	1	ATRIP	c2
0.00155821364170404	0.298668891757413	0.178	0.102	1	DPM1	c2
0.00517676919773725	0.298525473502968	0.184	0.116	1	KIF3A	c2
0.00166060745278899	0.29850031966886	0.437	0.305	1	FBXW5	c2
0.0106967487017315	0.29842203407852	0.346	0.257	1	MRPS15	c2
0.665152354059554	0.298278207999913	0.018	0.015	1	DNAJC27-AS1	c2
0.13608350522827	0.298245288741172	0.087	0.062	1	SIRT5	c2
0.000163006036823229	0.298109523573312	0.59	0.416	1	STRAP	c2
0.000510950868130482	0.298007930638024	0.461	0.319	1	HSF1	c2
0.254861451161265	0.297842675474783	0.036	0.024	1	SYCE1L	c2
0.975631835479726	-0.297734938816498	0.087	0.085	1	CARD8-AS1	c2
0.941063310619026	0.297595558219141	0.015	0.016	1	CENPBD1	c2
0.0869249216974267	0.297542950335314	0.096	0.066	1	ZNF675	c2
0.0452607951419108	0.297539528210931	0.199	0.144	1	TAF6	c2
0.7254835649294	-0.297417073603765	0.021	0.018	1	AL161421.1	c2
0.0235061336114596	0.297385750467946	0.274	0.204	1	NPTN	c2
0.226342817088553	0.297379385686744	0.042	0.028	1	MAGEE1	c2
0.826925019775963	-0.297355565608694	0.012	0.014	1	ZNF787	c2
0.00257654792794493	0.297342790152954	0.687	0.551	1	BZW1	c2
0.0012585400928053	0.297319727387793	0.262	0.165	1	IBTK	c2
0.0197590269192174	0.297317085582089	0.256	0.186	1	VPS26A	c2
0.0050728571674637	0.297312012123252	0.172	0.106	1	CEPT1	c2
0.0427743097393637	0.297288534745958	0.075	0.045	1	IPMK	c2
0.0270296884290308	0.29727723333942	0.163	0.111	1	CNOT10	c2
0.0106821309502261	0.297245999870436	0.184	0.118	1	CINP	c2
0.0900848886115965	0.297179416418357	0.063	0.04	1	EFNA4	c2
0.91305039969417	-0.297168011531972	0.033	0.031	1	PACRGL	c2
0.369126447008528	0.297105073198571	0.027	0.019	1	MCM8	c2
0.658256836602886	-0.2970755064908	0.142	0.124	1	TLNRD1	c2
0.00304552280309158	0.296999592391319	0.292	0.194	1	MYD88	c2
0.000547151460187052	0.296966388977531	0.72	0.627	1	IRF1	c2
0.00045356560748692	0.296843498623275	0.581	0.427	1	GTF2A2	c2
0.0341944879865224	0.296735935638643	0.099	0.062	1	TBC1D13	c2
0.034923353320501	0.296713650564262	0.133	0.088	1	REEP4	c2
0.791222965988983	-0.296628365202369	0.127	0.115	1	TTC5	c2
0.12252462701276	0.296626359697343	0.042	0.025	1	PHF13	c2
0.499048960316676	0.29650988198099	0.039	0.031	1	RBBP9	c2
0.022475091440136	-0.296382492239534	0.642	0.636	1	FLT3LG	c2
0.00200713468952085	0.296372311012612	0.187	0.111	1	USP25	c2
0.0138504692254152	0.296359698433925	0.286	0.207	1	POGZ	c2
0.00849184668210674	0.296319037365668	0.316	0.228	1	PCED1B	c2
0.598758612171631	-0.296302198807985	0.06	0.051	1	ZNF786	c2
0.0240457592339459	0.29626850377604	0.172	0.117	1	ZMAT5	c2
0.01032885622249	0.296190634193156	0.28	0.197	1	HERC4	c2
0.233680430381557	0.296176684766476	0.03	0.019	1	SYCP2	c2
0.00595020092779479	0.296131333120972	0.461	0.347	1	PSMD7	c2
0.0103193282933079	0.296045732413568	0.196	0.129	1	RC3H2	c2
0.0514692302453933	0.296005363479883	0.099	0.065	1	SOCS4	c2
0.000430543635383025	-0.2959636657324	0.708	0.751	1	HIST1H4C	c2
0.160210886067908	0.295944114378022	0.19	0.152	1	GMCL1	c2
0.0762196479526702	0.295922883230536	0.13	0.092	1	IL15RA	c2
0.136369773934334	0.295678479302758	0.06	0.04	1	ZFP82	c2
0.0446705898685737	0.295653559935812	0.069	0.041	1	UGDH	c2
0.89271724591749	-0.295550832216214	0.105	0.103	1	FANCF	c2
0.741073615355259	-0.295538528429788	0.045	0.049	1	SAP25	c2
0.212589078504409	0.29541669038937	0.045	0.03	1	GBE1	c2
0.019705774693376	0.295409243974608	0.105	0.064	1	UBE3C	c2
0.00402234262091351	0.295271409540142	0.494	0.374	1	NSD3	c2
0.0028976543923865	0.295183862761072	0.175	0.104	1	NUBP1	c2
0.000397904872876694	0.295170189119889	0.361	0.234	1	NRDC	c2
0.0789484172638959	0.294956575591047	0.108	0.075	1	ZNF43	c2
0.384868283611787	-0.294946565031815	0.03	0.041	1	TRAV35	c2
0.00626247531269069	0.294898035266356	0.395	0.293	1	PSMD9	c2
0.0167755623498787	0.294894078056194	0.033	0.013	1	ZNF555	c2
0.00233399511510551	0.294747245616728	0.449	0.324	1	GSTO1	c2
0.83155435464535	-0.29471233399401	0.078	0.08	1	FTX	c2
0.637821939491294	-0.294709243242436	0.12	0.124	1	RNF130	c2
0.000583252180334054	0.294671830528346	0.262	0.161	1	CRY1	c2
0.0887675242673441	0.294594335970175	0.075	0.049	1	ASB7	c2
0.0189874940028736	0.294583701125228	0.352	0.26	1	SIPA1	c2
0.0147444984830919	0.294530809912025	0.105	0.062	1	CDK8	c2
0.0137841619508281	0.294359369831209	0.13	0.079	1	BCKDK	c2
0.00913537510230136	-0.294250261417814	0.675	0.681	1	CCND3	c2
0.0935271379029101	0.294145242056392	0.229	0.181	1	ZNF32	c2
0.0507543128659541	0.294121827055877	0.127	0.087	1	UMPS	c2
0.00142871874675733	0.293940692084727	0.28	0.178	1	TCF12	c2
0.00750040228601258	0.293847001766402	0.199	0.129	1	PMS1	c2
0.00408811812500062	0.293818485250259	0.274	0.183	1	BAD	c2
0.371415669781389	-0.293729347283716	0.295	0.296	1	MRPL14	c2
0.78713624308393	-0.293672841337501	0.09	0.083	1	ZNF808	c2
0.864366810993692	-0.293592391807103	0.048	0.045	1	ZNF814	c2
0.872257314324151	-0.293514035517412	0.163	0.157	1	CHERP	c2
0.0606687778887675	0.293511675173401	0.075	0.047	1	IFT74	c2
0.0797321564475579	0.293431050791495	0.148	0.108	1	TAB2	c2
0.659650890755996	-0.293362303728495	0.241	0.236	1	ZNF146	c2
0.691499368049448	-0.293238264284266	0.184	0.18	1	IARS	c2
0.0686895267163274	0.293195853297175	0.199	0.149	1	ITGB1	c2
0.977667280061395	-0.293193541724273	0.099	0.096	1	MRM3	c2
0.00183991762100996	0.293057588166248	0.437	0.306	1	ATP6AP1	c2
0.231607913734121	0.293015688499822	0.039	0.026	1	TRBV6-2	c2
0.00590278320345552	0.292831477322878	0.434	0.32	1	NUDT21	c2
0.668638934852943	-0.29270077593908	0.018	0.022	1	ZNF461	c2
0.0240306670203521	0.292654441902652	0.111	0.069	1	TOGARAM1	c2
0.148878738756545	0.292400817929057	0.021	0.01	1	AL021453.1	c2
0.881093837281818	-0.2922635532019	0.166	0.161	1	AC118549.1	c2
0.017877983127558	0.29207686148606	0.19	0.129	1	MSI2	c2
0.000650134557327811	0.29202451500659	0.229	0.14	1	REV3L	c2
0.331083735258451	0.291981520361989	0.024	0.016	1	ABHD17B	c2
0.0990713877863513	0.291718307173654	0.099	0.069	1	ZNF692	c2
0.0017012107143568	0.291702499817993	0.244	0.153	1	FBXW11	c2
0.0634781421602674	0.291664378313144	0.19	0.141	1	PPP3CB	c2
0.25631568902263	0.291611185789987	0.051	0.037	1	ZNF316	c2
0.00514758994376183	0.291415909504017	0.211	0.134	1	PIGH	c2
0.00332722503530634	0.291402644328814	0.22	0.139	1	SUZ12	c2
0.638091997089175	-0.291368670268517	0.111	0.097	1	HTT	c2
0.00573662473363108	0.291349946130132	0.401	0.293	1	AATF	c2
0.0189390252804292	0.291183051629394	0.271	0.195	1	SETD2	c2
0.0337586287292457	0.291041707921587	0.078	0.046	1	KLHL8	c2
0.551103954209947	0.290997974830922	0.012	0.008	1	DNAJC25-GNG10	c2
0.111914279815122	0.290927386399235	0.072	0.048	1	LINC02361	c2
0.0156316208281391	0.290925554952159	0.172	0.114	1	MRPL39	c2
0.000116564136636396	-0.29092252195266	0.774	0.833	1	PPP1R15A	c2
0.589706334447912	-0.290906386485405	0.042	0.049	1	LRRC8B	c2
0.95902402518119	-0.290896227792746	0.057	0.055	1	ZNF445	c2
0.254272870138894	0.290753981603471	0.084	0.065	1	LIN54	c2
0.950547136964218	-0.290510582442021	0.151	0.143	1	POM121	c2
0.226839981692169	0.290446250013001	0.093	0.071	1	ZNF561	c2
0.240853093889848	0.290413182686855	0.048	0.033	1	TBC1D10B	c2
0.729714306275191	0.290281374313591	0.015	0.013	1	SDR42E2	c2
0.000526817005075178	0.290234160249364	0.515	0.355	1	TMEM179B	c2
0.0165406591916082	0.290131444947674	0.169	0.111	1	AP5Z1	c2
0.0039764881831623	0.290126275730247	0.355	0.255	1	HDAC2	c2
0.00241650947673921	0.290101264568371	0.413	0.29	1	SH3GLB1	c2
0.0364192148405751	0.290094652866317	0.154	0.104	1	SDE2	c2
0.0321854082346166	0.290048654333774	0.063	0.034	1	SFXN2	c2
0.00175753275563084	0.290043185009981	0.313	0.208	1	USO1	c2
0.0233316238903347	0.290036014198457	0.241	0.173	1	UNC50	c2
0.000452862004295479	0.289882084842808	0.313	0.196	1	ELOF1	c2
0.000993042650452004	0.289734337188162	0.666	0.545	1	TBCA	c2
0.0208628205424929	0.289726619801921	0.449	0.343	1	CCDC12	c2
0.00904349931324584	0.289659066482235	0.283	0.197	1	MOSPD3	c2
0.00538765125717644	0.2896392678948	0.349	0.24	1	CDC40	c2
0.766896227979474	-0.289532421325624	0.145	0.146	1	MIS12	c2
0.0939138265611861	0.289493514604176	0.063	0.04	1	HIST2H2AA4	c2
0.184340963407128	0.289468892105677	0.03	0.018	1	LINC00115	c2
0.00314916506545497	0.289462526795284	0.566	0.452	1	DNAJC8	c2
0.563306684798444	0.289360003608028	0.024	0.019	1	FUT10	c2
0.000742230181914624	-0.289356930729032	0.72	0.728	1	CUTA	c2
0.423036417551131	-0.289288731969882	0.072	0.057	1	NFYA	c2
0.0843657689915268	0.289224115698755	0.196	0.149	1	ORAI2	c2
0.544625509151949	-0.289103976548957	0.117	0.127	1	ATP5S	c2
0.0424367099734307	0.288974416420108	0.057	0.031	1	PSKH1	c2
0.00470204470762908	0.288937803814313	0.41	0.296	1	NGRN	c2
0.00942666298807132	0.288925901229755	0.298	0.214	1	TTC19	c2
0.984223293011124	-0.288866543874811	0.018	0.018	1	CAPS	c2
0.000864611301756164	0.288817682049463	0.244	0.148	1	MARS	c2
0.200228980364329	0.288789917941204	0.024	0.014	1	AC103691.1	c2
0.400481216166983	0.288789779902618	0.024	0.017	1	AC026471.1	c2
0.671216365541067	-0.288758360198275	0.262	0.253	1	PHTF2	c2
0.62390152711135	-0.288730774946069	0.506	0.487	1	NFKBIZ	c2
0.511736621870323	0.288725165416845	0.033	0.026	1	TMEM67	c2
0.164548713312726	0.288648206090389	0.06	0.041	1	MPV17L2	c2
0.0356571215562476	0.288591598446537	0.151	0.103	1	ZNF720	c2
0.0051445162799961	0.288583602133935	0.166	0.1	1	TSC2	c2
0.00984719641448711	0.288577131598262	0.328	0.235	1	CTNNB1	c2
0.0131561501744114	0.288511026182853	0.247	0.169	1	DRAM2	c2
0.012656669412802	0.288401275498505	0.157	0.1	1	FAM219B	c2
0.00332219731194439	-0.288329934877395	0.696	0.739	1	ANKRD12	c2
0.00377227971570579	0.288258750364716	0.343	0.236	1	COMT	c2
0.0191177487548136	0.288185732497661	0.096	0.056	1	RRNAD1	c2
0.302626562157045	0.288107046327364	0.012	0.006	1	WDR90	c2
0.00848019027608051	0.288048977044261	0.244	0.167	1	SMIM27	c2
0.0151551895552838	0.287976749711853	0.12	0.073	1	AKIP1	c2
0.0042645700367269	0.287886034441976	0.28	0.187	1	DIDO1	c2
0.000157329396154349	0.287874845237485	0.702	0.545	1	UQCRQ	c2
0.112683522891811	0.287861338474455	0.13	0.097	1	XPOT	c2
0.000337647738997347	0.28780493435437	0.482	0.345	1	ITSN2	c2
0.765491269743558	-0.287759590598048	0.072	0.075	1	ATG4C	c2
0.0195034067243636	0.287706517859017	0.244	0.176	1	UBR4	c2
0.000477509127437307	0.287624937103459	0.819	0.71	1	RBM39	c2
0.00282865476938065	0.287614065873505	0.413	0.299	1	PDCL3	c2
0.0160992609675354	0.287575738002925	0.187	0.124	1	PPM1A	c2
0.00485337347780473	0.287291595510052	0.286	0.192	1	GARS	c2
0.0122388811218867	0.287228887801322	0.253	0.178	1	SEL1L	c2
0.0189936372335236	0.287225602338835	0.16	0.106	1	CEP95	c2
0.00152785051190715	0.287219269659796	0.497	0.373	1	WNK1	c2
0.0146086131792067	0.287141711166801	0.136	0.084	1	CWF19L1	c2
0.155767635605829	0.286860911881847	0.09	0.065	1	RBM15B	c2
0.757176269375539	-0.286860284029119	0.123	0.124	1	FH	c2
0.795852127237955	-0.28684685906963	0.139	0.125	1	INIP	c2
0.00552417090017281	0.286761657164012	0.554	0.449	1	TALDO1	c2
0.675876836636228	-0.286760585063514	0.039	0.033	1	FAM221A	c2
0.00453676632558945	0.286746657741375	0.19	0.117	1	GNL2	c2
0.867057111202843	-0.286629555314251	0.039	0.041	1	MAN1C1	c2
0.00862334350111275	0.286611901730578	0.166	0.103	1	TCTA	c2
0.000326085970138062	0.286579091643994	0.633	0.475	1	EVI2B	c2
0.0148616011341048	0.286535432885029	0.268	0.189	1	PPP2R5E	c2
0.881214436164596	-0.286508619643411	0.265	0.237	1	USP3	c2
0.939317857123011	-0.28650392190412	0.06	0.057	1	DPH2	c2
0.429758704019114	-0.286432701572821	0.265	0.266	1	MKRN1	c2
0.16974458865604	-0.28628415447598	0.428	0.429	1	GIMAP2	c2
0.0365956057936612	0.286143707906867	0.337	0.259	1	C7orf50	c2
0.818698834898721	-0.286124335579872	0.012	0.01	1	CAPN5	c2
0.0154308687670333	0.285946718272321	0.111	0.067	1	GPR89A	c2
0.105598513815615	0.285900722954153	0.078	0.052	1	ING2	c2
0.675815788536944	-0.285871854397334	0.075	0.066	1	RBM14	c2
0.0206888655404584	-0.285605967696881	0.726	0.693	1	MZT2B	c2
0.00554363977627298	0.285578051192757	0.256	0.172	1	DDIT3	c2
0.764189910277703	-0.285571189264989	0.042	0.038	1	MED22	c2
0.0411273070677417	0.285566461873453	0.181	0.127	1	EXOC2	c2
0.0022111456862436	0.285555804130832	0.31	0.21	1	SS18	c2
0.0961475749965745	0.285488305663972	0.157	0.118	1	CRNKL1	c2
0.512921353619808	-0.285412356383766	0.16	0.168	1	PRPF3	c2
0.10328961338642	0.285379795055992	0.09	0.062	1	NSUN3	c2
0.502484700210534	0.285334041921335	0.015	0.01	1	ZFP69	c2
0.0216517970651329	0.285282702523549	0.268	0.199	1	AP3B1	c2
0.66399132796811	0.285010973815766	0.018	0.015	1	TIGD6	c2
0.331455122658781	0.284969290821956	0.024	0.016	1	TWNK	c2
0.650297501837695	-0.284846780763353	0.03	0.025	1	DDX28	c2
0.253224919244071	-0.284738971364028	0.217	0.238	1	GNL3	c2
0.0645409983260612	0.284703983819923	0.157	0.113	1	NUS1	c2
0.103245694661922	0.28458350798187	0.105	0.074	1	PEX1	c2
0.0004111923074726	0.284576383829931	0.398	0.258	1	AAMP	c2
0.315495451008946	-0.284517730643908	0.307	0.315	1	RELB	c2
0.655430263608656	-0.284489280552042	0.015	0.019	1	ZNF577	c2
0.156284846761946	0.28448374767511	0.042	0.026	1	TECPR2	c2
0.0844846893129886	0.284472468754663	0.178	0.134	1	LAX1	c2
0.0245245712974966	0.284352671613061	0.199	0.138	1	FAM3A	c2
9.81677710925619e-05	0.284251444453023	0.383	0.253	1	GBP1	c2
0.0389788604958053	0.284190186791189	0.148	0.1	1	BRCC3	c2
0.747230409282003	-0.284150212468901	0.072	0.076	1	NFRKB	c2
0.224731522195925	0.284113335367784	0.066	0.048	1	DNASE1L1	c2
0.0029627335550198	0.284021030157868	0.316	0.219	1	CLIP1	c2
0.0355106734544051	0.283997601382056	0.133	0.088	1	GCN1	c2
0.632358229818905	-0.283984585925685	0.03	0.036	1	CYFIP1	c2
0.171865340570418	0.283929134866237	0.081	0.059	1	SLC38A9	c2
0.00194530368074178	0.283857217557053	0.774	0.643	1	HLA-F	c2
0.983646026542912	-0.283814160723613	0.036	0.036	1	MTMR10	c2
0.730365282912122	0.283676320810282	0.015	0.013	1	DNHD1	c2
0.0103496954416688	0.283650372105014	0.145	0.09	1	HDHD2	c2
0.00487982678855441	0.283607640829592	0.401	0.286	1	SNRNP40	c2
0.00807439518415058	-0.283602166886609	0.136	0.204	1	TNFRSF18	c2
0.0246405687104289	0.283540648879633	0.184	0.126	1	WDR20	c2
0.00108872074418543	0.283302056993467	0.31	0.203	1	GABPB1-AS1	c2
0.00468735250627622	0.283295847226232	0.488	0.381	1	ADAR	c2
0.0326502335807031	-0.283039700125957	0.488	0.492	1	MGST3	c2
0.523170950908022	-0.283031109223782	0.096	0.08	1	NOMO2	c2
0.00750681278131101	0.283006882194725	0.47	0.366	1	LUC7L3	c2
0.765888928552734	-0.282866142288148	0.154	0.149	1	FBXO21	c2
0.0361743050607535	0.282756208283951	0.108	0.069	1	MED14	c2
0.00178926034270381	0.282687581202144	0.322	0.218	1	BTG3	c2
0.0339909013122339	0.282597498288617	0.13	0.086	1	CHM	c2
0.949015752574175	-0.282592534935686	0.03	0.029	1	TRBV11-3	c2
0.0714335995571451	0.282435794099292	0.093	0.062	1	PCBP4	c2
0.000641434612199053	0.282416515670804	0.572	0.414	1	ZNHIT1	c2
0.0231104183489044	0.282322543450634	0.208	0.146	1	PAFAH1B3	c2
0.167367099479814	0.282178767711779	0.081	0.059	1	OSBP	c2
0.00325502865619831	0.282027948437292	0.334	0.23	1	DAZAP1	c2
0.00491390004325791	0.282025187000591	0.398	0.283	1	SNW1	c2
0.117841218441316	-0.281930144427118	0.395	0.413	1	VAMP2	c2
0.196772864714949	0.281929793317167	0.063	0.045	1	STK32C	c2
0.737559337466639	0.281657580403218	0.024	0.021	1	CARD6	c2
0.246178749713992	0.281636570034244	0.027	0.017	1	MREG	c2
0.0957921249054577	0.281609943236672	0.166	0.124	1	PES1	c2
0.011631938006291	0.281597248687462	0.193	0.127	1	RPF1	c2
0.551103954209947	0.281539396289056	0.012	0.008	1	AL353759.1	c2
0.00198452697294612	0.28147789409352	0.464	0.327	1	ILK	c2
0.160153641496406	0.281475743506996	0.093	0.068	1	JMJD4	c2
0.00264264433789722	0.281321084935385	0.723	0.633	1	TERF2IP	c2
0.0583601701019567	0.281260142981306	0.169	0.122	1	KIFAP3	c2
0.00325147684816532	0.281202946195097	0.467	0.345	1	PDAP1	c2
0.179046007363121	0.281168910083992	0.108	0.082	1	SLC39A4	c2
0.965764886125287	-0.281160710024925	0.03	0.029	1	SV2A	c2
0.993797067501063	-0.280897306198995	0.063	0.062	1	RPS6KC1	c2
0.187322985368197	0.280896295003071	0.03	0.018	1	ZNF182	c2
0.00114883759609551	0.280884730848738	0.247	0.15	1	TSN	c2
0.104831889275914	0.280837709053316	0.133	0.096	1	GSR	c2
0.00499143460127177	0.28074507501949	0.241	0.16	1	PARP9	c2
0.820778546012373	-0.2805685325653	0.151	0.139	1	HDHD3	c2
0.308438457461605	0.280516430400347	0.027	0.018	1	ZNF558	c2
0.210005933841922	0.280514333415403	0.045	0.03	1	VKORC1L1	c2
0.921839398001089	-0.280508837936232	0.187	0.171	1	MAD1L1	c2
0.389384425671411	0.280423405875679	0.051	0.04	1	HYPK	c2
0.803311953530495	-0.280247346477204	0.093	0.086	1	DGKE	c2
0.00235884092652627	0.280187155015001	0.349	0.236	1	HK1	c2
0.0168408711218779	0.280177656268504	0.12	0.074	1	NADK	c2
0.0034468469871619	0.280158914004068	0.602	0.467	1	TBRG1	c2
0.0887983810952411	0.280088810719042	0.066	0.042	1	NEK4	c2
0.0234770572437781	0.279943935837851	0.166	0.111	1	TTC9C	c2
0.00331942932282506	0.279921051896573	0.319	0.219	1	ANKRD10	c2
0.032160661778722	0.27983127615204	0.117	0.075	1	VILL	c2
0.692551805576314	-0.279556477365434	0.154	0.157	1	UBIAD1	c2
0.767703644365853	-0.279511580852031	0.042	0.038	1	SLC16A1-AS1	c2
0.0305540823695787	-0.279488976011	0.744	0.68	1	SMDT1	c2
0.00395681761971693	0.279329629234985	0.172	0.103	1	KIZ	c2
0.174132191130754	0.279315386979336	0.133	0.101	1	BLVRA	c2
0.00746156911715432	0.279232903068916	0.31	0.22	1	TDG	c2
0.772676557115013	-0.279127216988828	0.066	0.07	1	RIPOR1	c2
0.00146719108293744	0.279025801697087	0.678	0.518	1	PPP2R1A	c2
0.891612422099637	-0.278967361929356	0.078	0.073	1	IER3	c2
0.0028642112235729	0.278940801282116	0.235	0.15	1	ICE2	c2
0.63550313652282	-0.27890982641784	0.117	0.124	1	C1GALT1C1	c2
0.0784438719167116	0.278907877485325	0.042	0.023	1	FAM219A	c2
0.0613037524026045	0.278882294062113	0.09	0.059	1	NAXD	c2
0.431536478208466	0.278756615531498	0.021	0.015	1	HIST2H2BF	c2
0.192678473784435	0.278732263400562	0.13	0.1	1	HACD2	c2
0.854141498335676	-0.278677091284237	0.123	0.115	1	MZF1-AS1	c2
0.0672125456566486	0.278674750806464	0.096	0.064	1	NAGA	c2
0.0271791173196114	0.27851299313577	0.148	0.098	1	STAU2	c2
0.149950517902064	0.278490749462243	0.087	0.063	1	RELT	c2
0.70486608015931	-0.278476067488843	0.102	0.091	1	C19orf48	c2
0.0132104552923984	0.278394599207122	0.331	0.241	1	LPCAT4	c2
0.285477334459605	0.278278753286743	0.03	0.02	1	AC020659.1	c2
0.000498417192225604	0.27818817849205	0.262	0.157	1	PPP3CA	c2
0.00778420718466175	0.278085773806026	0.346	0.246	1	NUDT16L1	c2
0.0185523134472488	0.278068797118417	0.175	0.118	1	SDCCAG8	c2
0.00553988349446849	0.277981512121456	0.328	0.229	1	FAM133B	c2
0.0072950155333499	0.277944183941011	0.265	0.184	1	MARK3	c2
0.000298700361058803	0.277892955730962	0.407	0.261	1	TMF1	c2
0.00204828680166749	0.277867441256595	0.687	0.573	1	FNBP1	c2
0.278021918878136	0.277855105589181	0.06	0.045	1	CCDC125	c2
0.920983986487403	-0.277837113036526	0.145	0.14	1	NMD3	c2
0.146830875054648	0.277833450178723	0.102	0.075	1	STRBP	c2
0.0156119052142805	0.2776367127356	0.241	0.169	1	NUFIP2	c2
0.632196028437263	-0.277599534914654	0.142	0.122	1	AKAP7	c2
0.809083115794369	0.277479546724498	0.012	0.01	1	CDCA8	c2
0.000574394344611802	-0.277130975442155	0.849	0.841	1	EIF3E	c2
0.000616266473683343	0.277122019947532	0.458	0.315	1	RNF114	c2
0.0795240151111443	0.276908909723872	0.033	0.017	1	AC106791.1	c2
0.00280027229615901	0.276847948180722	0.666	0.561	1	THRAP3	c2
0.837187207569663	-0.276809801031376	0.024	0.022	1	PDSS1	c2
0.288679050542462	0.276488521368389	0.039	0.027	1	ZNF486	c2
0.00204676206421575	0.276439183211197	0.539	0.396	1	ENY2	c2
0.0524386751489861	0.276434206215678	0.136	0.094	1	PATZ1	c2
0.00409249399512241	0.276351069267182	0.319	0.22	1	EFR3A	c2
0.00128845616382876	0.276350682560313	0.789	0.662	1	CDC42	c2
0.000232873836914121	0.276255333625013	0.611	0.445	1	PAPOLA	c2
0.00342412898749708	0.276235117356576	0.295	0.196	1	PSMD14	c2
0.0273883820325305	0.276170010915674	0.214	0.149	1	PRPS2	c2
0.0169632331864119	0.276149866690986	0.208	0.141	1	XPO4	c2
0.00297825892071601	0.276108141181716	0.545	0.432	1	CDC42SE1	c2
0.748878115232403	-0.276063330071972	0.099	0.102	1	RNF219	c2
0.892258051146303	-0.276024845631645	0.054	0.051	1	BPGM	c2
0.00273864272981954	0.276007782894721	0.509	0.368	1	KIF5B	c2
0.77179655876321	-0.275983232037719	0.078	0.082	1	TMEM185B	c2
0.000965230311553839	0.27581524273798	0.355	0.238	1	MTIF3	c2
0.560152092304994	-0.275732285108042	0.096	0.104	1	TMEM159	c2
0.43516331390194	0.275659021204299	0.045	0.036	1	SERPINH1	c2
0.000225909408556616	0.275587510955243	0.726	0.576	1	BST2	c2
0.667600439654762	-0.275526216953704	0.066	0.072	1	BTBD9	c2
0.902584376874282	-0.275505378750763	0.25	0.219	1	ABCE1	c2
0.110302143120908	0.275419661299666	0.072	0.048	1	TEPSIN	c2
0.8301688019547	-0.275344860688067	0.021	0.023	1	ACVR1B	c2
0.000761330041395034	0.275322154776616	0.59	0.44	1	R3HDM4	c2
0.00347628232068924	0.275260033249572	0.139	0.077	1	DMAC2	c2
0.0090316019903234	0.275199403720332	0.392	0.288	1	SDF2	c2
0.585039050233004	-0.275078014932454	0.217	0.217	1	CCDC47	c2
0.00558225210739383	0.275035815231438	0.105	0.057	1	HELZ2	c2
0.0100333603956677	0.274840222368556	0.157	0.098	1	TRAPPC9	c2
0.00936697700821601	0.274839833548122	0.172	0.11	1	ZDHHC24	c2
0.030385429730532	0.274831118812766	0.178	0.122	1	WASHC2C	c2
0.223459499041658	0.274830654409256	0.13	0.103	1	CEP63	c2
0.00921296883808447	0.274741862300425	0.28	0.193	1	MTMR14	c2
0.00463411999416955	0.274643892091755	0.485	0.367	1	MFF	c2
0.117847222353381	0.274626025431749	0.057	0.037	1	ATN1	c2
0.700274668034021	-0.274613904413843	0.142	0.143	1	TBC1D14	c2
0.792645879202537	0.274608515818723	0.033	0.03	1	STARD10	c2
0.0857306722761663	0.274533835018655	0.108	0.075	1	TMEM39B	c2
0.215636712517312	0.274476511262724	0.069	0.05	1	PRIMPOL	c2
0.00542997416992849	0.274375715721966	0.404	0.296	1	NDUFAF8	c2
0.040850637157612	0.274263663408407	0.16	0.111	1	SLC39A6	c2
0.00337309448098301	0.274238672977076	0.377	0.276	1	EIF5B	c2
0.021832646587356	0.274056420947209	0.096	0.057	1	NPIPB5	c2
0.0840064469197163	0.274053744484362	0.102	0.07	1	MYPOP	c2
0.650089287463135	-0.273951466791482	0.078	0.085	1	U2AF1L5	c2
0.00743625702678842	0.273750242591875	0.392	0.284	1	PSMC3	c2
0.160096860887402	0.273727813848863	0.075	0.053	1	CCDC159	c2
0.0619634503142101	0.273712049063804	0.087	0.056	1	STRN3	c2
0.545457887531748	-0.273677322948775	0.033	0.026	1	CLN5	c2
0.923240212850132	-0.27361479510906	0.187	0.177	1	PTPMT1	c2
0.983160232295626	-0.273530459890372	0.081	0.079	1	ZNF654	c2
0.0105082070474668	0.27351042970202	0.223	0.148	1	AAGAB	c2
0.73511948117001	-0.273479323910818	0.087	0.091	1	HERC5	c2
0.235281095112247	-0.273464829509394	0.084	0.062	1	SLC25A16	c2
0.0025055527101585	0.273430999902058	0.343	0.237	1	ARID4A	c2
0.586062486829107	-0.273411562512909	0.078	0.067	1	ABHD2	c2
0.794046987469209	-0.273389991712051	0.072	0.066	1	LRIG2	c2
0.983646026542912	-0.273262822396418	0.036	0.036	1	ATXN1L	c2
0.959388712886404	-0.273148835960354	0.256	0.231	1	CNST	c2
0.0128988968415688	0.273075874271057	0.404	0.306	1	PIM3	c2
0.247566233606515	0.273064780522186	0.06	0.044	1	RYBP	c2
0.554014193177983	0.272954705386469	0.045	0.038	1	DISC1	c2
0.000713594421880247	0.272896586209956	0.286	0.182	1	CNOT1	c2
0.0320253720423307	0.272855934770249	0.142	0.096	1	NCOA5	c2
0.0930825352352751	0.272803913005976	0.063	0.04	1	MCM9	c2
0.152466963432263	0.272794564326934	0.063	0.043	1	TUBGCP4	c2
0.758604002119858	-0.272770564956209	0.081	0.085	1	SHQ1	c2
0.0215241178544726	-0.272738844748955	0.599	0.596	1	TMED10	c2
0.0175161575777228	0.272607242877013	0.681	0.58	1	NR3C1	c2
0.685575251561309	-0.272547950037808	0.012	0.009	1	KLHL15	c2
0.172386075830923	-0.272428632555965	0.569	0.543	1	PSIP1	c2
0.0191908549285374	0.272342823593324	0.19	0.13	1	INTS14	c2
0.0034334747831036	0.272286548562512	0.102	0.053	1	ASL	c2
0.00161067329320723	0.272234476401108	0.283	0.178	1	TIMM17A	c2
0.252476013354624	-0.27222742591067	0.364	0.367	1	FAM102A	c2
0.941978071414351	-0.272187648218995	0.142	0.136	1	CREB3L2	c2
0.519207556142483	-0.27204388297231	0.361	0.349	1	BCL2A1	c2
0.000352123744615359	0.271985979540533	0.88	0.834	1	LIMD2	c2
0.010824431959507	0.271983289686978	0.16	0.1	1	TAF2	c2
0.0115613539718793	0.271980892459021	0.196	0.13	1	PREP	c2
0.0294220770577956	0.271954360532947	0.142	0.094	1	VCPKMT	c2
0.158093285114538	0.271890815736015	0.051	0.033	1	ANKRD40	c2
0.0589832758565857	0.271877295870722	0.202	0.15	1	DNAJA3	c2
0.0314364700936067	0.27182689943708	0.148	0.098	1	DLGAP4	c2
0.511938151063937	-0.271737849503797	0.151	0.159	1	NDRG1	c2
0.923698220551626	-0.271703043276393	0.105	0.099	1	C5orf51	c2
0.104411859386278	0.271649404192165	0.036	0.02	1	ZNF707	c2
0.535603132746219	-0.271287999258184	0.027	0.021	1	NEU3	c2
0.0042302341423448	0.271249789671738	0.527	0.401	1	DDT	c2
0.83038971201372	-0.271214334950887	0.024	0.026	1	PER2	c2
0.0944652374001389	0.271103798967853	0.081	0.054	1	SLC23A2	c2
0.00148713744799729	0.270982612611723	0.605	0.446	1	STAT4	c2
0.642737242472756	-0.270978767487315	0.205	0.208	1	RNF214	c2
0.000495844376981217	0.270938953342911	0.328	0.209	1	GALM	c2
0.677976142066761	-0.270891876644716	0.018	0.015	1	NR1H3	c2
0.949646350628977	-0.270866752998883	0.175	0.167	1	NFX1	c2
0.0381011123197656	0.270648000400398	0.175	0.122	1	SLC25A25	c2
0.925886306062407	-0.270601796309768	0.054	0.054	1	ZNF569	c2
0.564711827377531	0.270591064890337	0.018	0.014	1	AC064807.1	c2
0.00444106561454634	0.270459750306723	0.364	0.254	1	ECHS1	c2
0.0145162964113944	0.270342558547821	0.163	0.104	1	AGPAT5	c2
0.651021473980865	-0.270322211505459	0.202	0.204	1	SNHG9	c2
0.358606084796837	-0.270234285303523	0.413	0.395	1	AMD1	c2
0.0886869477567798	0.270145488198466	0.075	0.049	1	PLEKHG2	c2
0.0264665199488297	0.269886134195273	0.181	0.124	1	RNPEP	c2
0.0302981000168876	0.269878070309459	0.16	0.11	1	SP4	c2
0.0178467117840794	0.269857970909347	0.214	0.15	1	ZNF33A	c2
0.142662598615595	0.269830372974647	0.163	0.126	1	POLR2M	c2
0.00409225425172308	0.269704918465332	0.476	0.353	1	ZNF428	c2
0.00667302019940111	0.269561005222936	0.241	0.161	1	STX12	c2
0.381602245348305	-0.269541108227717	0.021	0.03	1	ZNF554	c2
0.729714306275191	0.269318235508178	0.015	0.013	1	MAP3K10	c2
0.00468906194890925	0.269181345917623	0.214	0.136	1	FAM207A	c2
0.00492493165706532	0.269115559934914	0.205	0.131	1	CSGALNACT2	c2
0.014894751255093	0.269092746897364	0.205	0.14	1	TMEM101	c2
0.333922800151722	0.268840241717892	0.063	0.049	1	SRD5A3	c2
0.0582407263415257	0.268813520790391	0.081	0.051	1	RAD51D	c2
0.575706034203065	-0.268762360140065	0.024	0.019	1	FLVCR1	c2
0.00586518496743836	0.268748861132077	0.334	0.236	1	LMF2	c2
0.049661573064761	0.268641556121564	0.744	0.664	1	HSPA5	c2
0.00273172616080162	0.268516491978668	0.398	0.279	1	HSPH1	c2
0.00698616713763641	0.268479350504848	0.19	0.12	1	AHCY	c2
0.0579573316525039	-0.268435997214386	0.651	0.611	1	EML4	c2
0.0302310633892869	0.268373796461493	0.217	0.156	1	C5orf15	c2
0.031222453116386	0.268246918983007	0.199	0.14	1	FBRS	c2
0.888501537206008	-0.268189579296165	0.172	0.165	1	CRTC2	c2
0.0652217477144753	0.268103548972748	0.108	0.073	1	ZNF266	c2
0.00342871143364002	0.267967524010111	0.199	0.124	1	UIMC1	c2
0.0393947571613137	0.267963704344796	0.181	0.129	1	EMC2	c2
0.875856091978924	-0.26788397715488	0.036	0.038	1	C11orf80	c2
0.858642866812441	-0.26781171374039	0.111	0.111	1	B3GALT6	c2
0.597283943608282	-0.26774711009038	0.268	0.262	1	ELF2	c2
0.0310589667573178	0.267677332000147	0.136	0.09	1	LMNB2	c2
0.824901820659521	-0.267591483681413	0.012	0.014	1	PWAR6	c2
0.92036158470945	-0.267591153912015	0.41	0.348	1	EMC10	c2
0.0142428172464723	0.267508365820781	0.413	0.312	1	ZMAT2	c2
0.989837591640651	-0.267375607446936	0.081	0.079	1	PLCD1	c2
0.00920091302983215	0.267318814329808	0.184	0.118	1	WASHC2A	c2
0.00932768519604762	0.267278435380482	0.551	0.431	1	PNRC2	c2
0.0072508479812944	0.267164803718758	0.419	0.312	1	PHPT1	c2
0.537819151716776	0.267146746068117	0.06	0.051	1	SLFN11	c2
0.0439868710539862	0.266886713287254	0.274	0.208	1	CSNK2A1	c2
0.463431585867622	-0.26686493765491	0.078	0.064	1	TEFM	c2
0.0013429701915409	0.266843969883284	0.401	0.275	1	EPS15	c2
0.026287848897805	0.266775030087868	0.268	0.197	1	UBXN11	c2
0.110177514175312	-0.266644332846326	0.386	0.403	1	DNAJB9	c2
0.242968828324149	0.266438397945293	0.054	0.039	1	CAD	c2
0.00671427276249776	0.26634563415722	0.304	0.21	1	UNC13D	c2
0.00437922370663622	0.266252895745209	0.548	0.41	1	CCNDBP1	c2
0.00307651375967982	0.266014151705053	0.654	0.53	1	FAM49B	c2
0.0694688892453561	0.266006887120773	0.172	0.126	1	SCAP	c2
0.19977119889435	-0.265997681759124	0.346	0.364	1	SYTL1	c2
0.941785879039091	-0.265877480081431	0.087	0.087	1	LIN37	c2
0.00425062541700979	0.265875414956026	0.352	0.25	1	UBASH3A	c2
0.00421335842514952	0.265774501721738	0.196	0.121	1	OCEL1	c2
0.000714518779444801	0.265702210129913	0.804	0.697	1	ARHGDIA	c2
0.00767297489972352	0.265635856180616	0.205	0.135	1	PMM1	c2
0.910644253464405	-0.265592111385126	0.241	0.219	1	ANKRD37	c2
0.0169665346240308	0.265557852069163	0.301	0.224	1	NBR1	c2
0.504835472722908	0.26534661955866	0.015	0.01	1	MYO15B	c2
0.0313803158158564	0.265305783987947	0.087	0.052	1	LDAH	c2
0.854147652016402	-0.265254100833568	0.075	0.07	1	RFXAP	c2
0.58869590166844	-0.26524281727146	0.123	0.132	1	ANKH	c2
0.153410381787831	0.265092329645817	0.081	0.057	1	TMED8	c2
0.00169449978484373	0.265070820747227	0.66	0.52	1	LMAN2	c2
0.129209616731341	0.264977432938569	0.123	0.091	1	ENTPD6	c2
0.914704429837666	-0.264878809931071	0.232	0.216	1	STX16	c2
0.0546018321419698	0.264875797286733	0.208	0.158	1	SUPT3H	c2
0.0435498919164991	0.264848203773953	0.105	0.068	1	TRMT11	c2
0.354617872475549	-0.264825035834912	0.063	0.048	1	NDUFAF5	c2
0.0253210055788166	0.264793962691602	0.238	0.171	1	CWC25	c2
0.00926163445142293	0.264778670434626	0.416	0.311	1	RAB6A	c2
0.160266969993733	0.264691914907271	0.087	0.064	1	UBE2D4	c2
0.150629490305527	0.264663195235473	0.054	0.036	1	KIAA0513	c2
0.00318041109107677	0.264560901201679	0.389	0.274	1	AP1M1	c2
0.0567054703185937	0.264527360024998	0.133	0.092	1	RRAGC	c2
0.0117469241228399	0.264489961539467	0.304	0.214	1	ZFAND3	c2
0.508764810085906	-0.264443685708435	0.12	0.132	1	SNUPN	c2
0.883277466383689	-0.264366587312604	0.018	0.017	1	JMJD7-PLA2G4B	c2
0.0129751350787112	0.264204784886706	0.289	0.204	1	MAP2K3	c2
0.467259231872268	0.26415789079106	0.018	0.013	1	TRBJ2-1	c2
0.946283310014286	-0.264008419223468	0.087	0.084	1	PISD	c2
0.0092510658314472	0.263907956928203	0.178	0.114	1	DDX1	c2
0.00471736559243052	0.263819718532054	0.458	0.342	1	CPNE1	c2
0.0026896030379303	0.263802561727455	0.527	0.414	1	NEAT1	c2
0.622672980017421	0.263802112622704	0.015	0.011	1	WFS1	c2
0.0272952326274586	-0.26374815037283	0.645	0.659	1	ST13	c2
0.356899892816154	-0.263554907800297	0.114	0.091	1	CCDC43	c2
0.0694920006222996	0.263450359797387	0.184	0.136	1	PLEKHF2	c2
0.97635910673574	-0.263336554300569	0.157	0.147	1	KANSL2	c2
0.579489963454825	-0.2632896996363	0.163	0.14	1	TOB2	c2
0.170901927392464	0.263212234680841	0.066	0.046	1	GM2A	c2
0.767640274024349	-0.263150753480591	0.145	0.13	1	PITPNA-AS1	c2
0.530784323980722	-0.263147679702248	0.175	0.152	1	LSR	c2
0.158579691046748	0.263097835339699	0.13	0.099	1	MRTO4	c2
0.909034282794997	-0.263035766639128	0.057	0.054	1	PICK1	c2
0.0148310509485419	0.262882907473518	0.099	0.057	1	AGFG1	c2
0.0774060384137896	0.262773537225283	0.111	0.077	1	PLCL2	c2
0.16671124113725	0.262737498970805	0.057	0.039	1	AGO4	c2
0.548262432504248	-0.26266177066186	0.274	0.269	1	RSBN1	c2
0.0573663724914112	0.262360149419896	0.157	0.112	1	DHX16	c2
0.0795696636576157	0.262267653381111	0.157	0.115	1	TFIP11	c2
0.396562674097543	0.262210653042718	0.015	0.009	1	TMEM231	c2
0.0144588841387318	0.262082889086285	0.136	0.085	1	DYRK4	c2
0.00290239034695168	0.262035337311995	0.416	0.299	1	TRA2A	c2
0.989775590735488	-0.261830413624216	0.057	0.056	1	TMEM161B	c2
0.0138574903957994	0.261742059647873	0.187	0.122	1	MINK1	c2
0.0432823832661487	0.261718363650398	0.187	0.134	1	GTF3C2	c2
0.328861065609754	0.261692211498853	0.024	0.016	1	PELI2	c2
0.00526753212135575	0.261609990290069	0.256	0.169	1	MTF2	c2
0.734600075036009	-0.261568721143885	0.087	0.091	1	BMI1	c2
0.00122278520877414	0.26145938395264	0.56	0.431	1	GRB2	c2
0.00101100872429663	0.261430085855082	0.295	0.187	1	DCTN1	c2
0.180342019013027	0.261326030651474	0.108	0.082	1	SYNJ2	c2
0.0434677755838686	0.261268854278082	0.247	0.183	1	NIPSNAP1	c2
0.00640918573699161	0.261199931424811	0.419	0.301	1	ZFAND2B	c2
0.00870688428199121	0.261173275160407	0.473	0.373	1	LAIR1	c2
0.639472088743671	-0.261136537067243	0.066	0.057	1	BICD1	c2
0.802043094752971	-0.260948121557192	0.102	0.103	1	PRIM1	c2
0.977567464128505	-0.260731385710497	0.06	0.06	1	MTA3	c2
0.667476814514191	0.26064262352593	0.018	0.015	1	AC245140.2	c2
0.719154996736738	-0.260618354644453	0.093	0.084	1	SLC17A5	c2
0.0072751125715927	0.26058192806324	0.476	0.37	1	SMAP1	c2
0.0262803548009705	0.260557157119166	0.521	0.446	1	SERPINB1	c2
0.625897510080706	-0.260514091834385	0.271	0.259	1	MRPS26	c2
0.620152299668768	0.260443564827401	0.015	0.011	1	FBXL22	c2
0.000145860202008726	0.260275803245315	0.84	0.738	1	ACAP1	c2
0.40847451931549	-0.260167617608546	0.247	0.251	1	THAP7	c2
0.00205071677618473	0.260129476937427	0.232	0.146	1	DRG2	c2
0.292162537506829	0.260055125224595	0.045	0.032	1	PMEPA1	c2
0.000658587153873684	0.260017716067968	0.283	0.173	1	COMMD2	c2
0.011890404712121	0.25999880812903	0.151	0.094	1	ZNF226	c2
0.619522824705755	0.259966879197169	0.015	0.011	1	APLF	c2
0.369433396051875	0.259802123788415	0.018	0.011	1	CFAP44	c2
0.771900524200481	0.259668249847203	0.018	0.016	1	TRAV30	c2
0.00170222332643012	0.259530947593477	0.292	0.189	1	COA6	c2
0.000404630595629804	0.259382697027152	0.675	0.509	1	SDCBP	c2
0.855220117960018	-0.259252717680366	0.136	0.125	1	CLIP4	c2
0.132255145879733	0.259230441550034	0.09	0.064	1	KLHL22	c2
0.0358195482614404	0.259213460240258	0.38	0.296	1	ABT1	c2
0.00565672096717119	0.259184030793569	0.358	0.255	1	SETX	c2
0.000742190519510199	0.258865398530659	0.825	0.717	1	RNASEK	c2
0.0695654439202588	0.258856751453848	0.154	0.112	1	CBX6	c2
0.272373874488409	0.258840118338694	0.021	0.013	1	AC009126.1	c2
0.0519098080734551	0.258789051698405	0.081	0.05	1	TMEM234	c2
0.336066316012497	-0.258777342048308	0.587	0.529	1	HAX1	c2
0.0212801386907186	0.258774665301166	0.476	0.376	1	RTF2	c2
0.551276907471983	-0.258738125355503	0.304	0.293	1	SNRPA1	c2
0.0770016172740361	0.25868091350888	0.151	0.109	1	HECA	c2
0.00888143796463635	0.258662364058916	0.407	0.298	1	OGFR	c2
0.630750626636938	-0.25855884060615	0.042	0.036	1	CCHCR1	c2
0.633930035960749	-0.258539105303891	0.193	0.191	1	CBX5	c2
0.00135044296517827	0.258424686367054	0.407	0.279	1	LYPLA1	c2
0.619522824705755	0.258317853928824	0.015	0.011	1	MTBP	c2
0.010789832684921	0.258129699118441	0.187	0.121	1	FOXO1	c2
0.951101880411757	-0.258116547169685	0.181	0.173	1	UMAD1	c2
0.0253292286256547	0.258034488081868	0.355	0.265	1	LAMTOR2	c2
0.2119302981992	0.257844506469981	0.015	0.007	1	RAB15	c2
0.00438471559663154	0.257809782615861	0.247	0.161	1	UTP23	c2
0.0180863109092455	0.257748168303409	0.512	0.404	1	MRPL54	c2
0.0103282707773763	0.257744227937132	0.47	0.367	1	HNRNPAB	c2
0.0334172145276283	0.257730250295425	0.081	0.048	1	ARMH3	c2
0.756040825996169	-0.25766674948348	0.069	0.074	1	ADRB2	c2
0.893550671663865	-0.257639498626906	0.295	0.263	1	ARHGEF6	c2
0.143009822791997	0.257622848611477	0.06	0.04	1	USP32	c2
0.00849937699217075	0.257541450519287	0.142	0.086	1	RNASEL	c2
0.0199720350579411	0.257523475721779	0.325	0.239	1	UBE2V2	c2
0.500454206911301	-0.257479750769324	0.042	0.033	1	ARHGEF18	c2
0.13282147045497	0.257395710570928	0.123	0.092	1	HIPK3	c2
0.986915172602053	-0.257319587502355	0.253	0.232	1	LINC00667	c2
0.740946744956148	-0.257253646446808	0.078	0.083	1	ZNF383	c2
0.980606114508213	-0.257225776210674	0.081	0.078	1	GTPBP3	c2
0.444851848420566	0.25720418840475	0.027	0.02	1	AZIN1-AS1	c2
0.0212829345700148	0.256766453746017	0.256	0.187	1	SHMT2	c2
0.00838553559426193	0.256674830017564	0.527	0.404	1	UQCRC2	c2
0.00447563981172851	0.256671141735251	0.497	0.375	1	CMTM6	c2
0.730365282912122	0.256638722688427	0.015	0.013	1	ABLIM2	c2
0.0545365931468079	0.256556326416537	0.16	0.114	1	LMBR1L	c2
0.00126678379251484	0.256476045878352	0.229	0.137	1	EP300	c2
0.00204101521995746	0.25646694128902	0.633	0.506	1	AIP	c2
0.00899656638678153	0.256387584921816	0.232	0.157	1	MRPS25	c2
0.0408948511106474	0.256266557867992	0.19	0.136	1	SERPINB6	c2
0.0602930658916049	0.256257362776664	0.142	0.099	1	NBAS	c2
0.00271961137551543	0.256246374380667	0.343	0.23	1	PPWD1	c2
0.00210504325291775	0.256162608581078	0.238	0.15	1	ANKRD49	c2
0.00316516596721624	0.256135692393247	0.542	0.419	1	DCTN3	c2
0.219957084402078	-0.256097532548429	0.051	0.071	1	TRBV5-1	c2
0.120881208661616	0.256011096497808	0.069	0.046	1	PEX10	c2
0.0337680515254467	0.25600082826999	0.208	0.148	1	XRCC1	c2
0.934278559644349	-0.255914788493261	0.271	0.24	1	SUPT5H	c2
0.0179789911297724	0.255845316026375	0.295	0.214	1	YDJC	c2
0.688878532371108	-0.255831148469815	0.169	0.147	1	RBM7	c2
0.0130878584491426	0.255785258807132	0.437	0.317	1	TXNDC12	c2
0.0155467146512862	0.25577113677669	0.298	0.215	1	VPS72	c2
0.0313895633481863	0.255759509117487	0.386	0.3	1	SYNCRIP	c2
0.0100763621253184	0.255670368106254	0.313	0.224	1	IDH3B	c2
0.00886723855538962	0.255533996979414	0.28	0.193	1	PFDN6	c2
0.00205827786331817	0.255496806799078	0.223	0.138	1	AGPAT2	c2
0.0665538091295789	0.25547909360719	0.154	0.111	1	DPH7	c2
0.812410009044357	-0.255378607059101	0.036	0.039	1	NUBPL	c2
0.00318773993817776	0.255347033130052	0.539	0.403	1	CCT6A	c2
0.829163766543545	-0.255202278727479	0.033	0.036	1	AK9	c2
0.000718014625385409	0.255100949760224	0.386	0.251	1	LSM10	c2
0.0830578142279059	0.254966938687701	0.078	0.051	1	QTRT2	c2
0.102294778656188	0.254868192272146	0.117	0.084	1	GALC	c2
0.570550630249207	-0.254745515477508	0.042	0.034	1	NEDD4	c2
0.269584648121535	0.254559740698885	0.042	0.029	1	AC079922.2	c2
0.013602810226192	0.254558076046626	0.367	0.27	1	PSMC1	c2
0.536367838696059	0.25452120257387	0.036	0.029	1	KRTCAP3	c2
0.00432666870707478	-0.254418422639697	0.726	0.738	1	ICAM3	c2
0.0905904430127104	0.254352083108675	0.051	0.03	1	C7orf31	c2
0.760291448218592	-0.254277819046054	0.042	0.038	1	TRIM73	c2
0.0934824342348764	0.254257350849528	0.151	0.113	1	WBP4	c2
0.264955555708391	-0.254184671995306	0.286	0.3	1	CEBPZ	c2
0.0390903852624263	0.254117939128574	0.172	0.121	1	SPOUT1	c2
0.987387395489282	-0.254094876897963	0.09	0.088	1	ATP13A2	c2
0.815583556093141	-0.254073420225078	0.06	0.063	1	LY75	c2
0.000643630832808939	0.254005007732361	0.822	0.738	1	SEPT6	c2
0.306014737277115	0.253882591794617	0.036	0.025	1	RACGAP1	c2
0.0187617474852394	0.253833851912705	0.235	0.164	1	PSME3	c2
0.737725876488745	-0.253823093599221	0.09	0.094	1	LIG1	c2
0.953000283417027	-0.253814521890802	0.042	0.041	1	EPN2	c2
0.849450069902747	-0.253801340749183	0.154	0.143	1	REPIN1	c2
0.102576802435935	0.253765889092707	0.039	0.022	1	ARL17B	c2
0.0699253852807893	0.253674413826789	0.093	0.062	1	SRGAP2	c2
0.700960093641128	0.253657564812851	0.021	0.018	1	SRR	c2
0.765686573647339	-0.253349411984231	0.069	0.063	1	OXSM	c2
0.135619184441622	0.253327877378684	0.06	0.04	1	CAPRIN2	c2
0.603965610440513	-0.253320634358748	0.13	0.112	1	LARP1	c2
0.0491153187032322	0.253310227664253	0.184	0.132	1	RUFY1	c2
0.101612920282957	0.253252751905095	0.075	0.05	1	RCBTB1	c2
0.00334451038761978	0.253156574020239	0.361	0.25	1	PKN1	c2
0.0138428290597075	0.253123018671152	0.184	0.12	1	LTN1	c2
0.371823174218015	-0.253044010133495	0.066	0.051	1	TMEM8A	c2
0.0212413987411963	0.253042395654879	0.253	0.181	1	PUM3	c2
0.0447268715170175	0.252793976143234	0.232	0.17	1	RTL8C	c2
0.995372921549118	-0.252611438531332	0.066	0.065	1	ZNF701	c2
0.00282139198602375	0.252511062923179	0.587	0.454	1	ARL6IP1	c2
0.102016437928705	0.252380054970794	0.136	0.099	1	HDGF	c2
0.0017797747673845	0.252324241073924	0.262	0.166	1	VRK3	c2
0.120882689878906	0.252318999068296	0.075	0.051	1	PAOX	c2
0.0164017460622126	0.252254557556077	0.434	0.338	1	UTRN	c2
0.0961811404155836	0.25221709090179	0.081	0.054	1	PET117	c2
0.0119954329065621	0.252206701703417	0.223	0.15	1	SFT2D2	c2
0.0303484209189634	0.252142454004547	0.13	0.084	1	STK19	c2
0.165104520672672	0.251989267628992	0.039	0.024	1	ZC3H10	c2
0.0619863653227438	0.251978044833616	0.16	0.114	1	AGL	c2
0.060843771843081	0.251970603148415	0.145	0.103	1	RBM28	c2
0.476769610093066	0.251968373178853	0.063	0.052	1	C2CD2L	c2
0.0099793802386959	0.251937524591809	0.395	0.292	1	NUB1	c2
0.00144841604265932	0.251900773586377	0.84	0.757	1	HIGD2A	c2
0.7545642737924	-0.251896919646967	0.063	0.067	1	ZNF821	c2
0.0129769525368811	0.251894090081264	0.461	0.346	1	RNF181	c2
0.0105891738174231	0.251773303043238	0.208	0.138	1	LRMP	c2
0.141502510514579	-0.251745177670111	0.708	0.682	1	PPP1R2	c2
0.00164999846488003	0.251614910967866	0.307	0.201	1	SREK1IP1	c2
0.00443677721731342	0.251608678565373	0.31	0.21	1	EXOSC1	c2
0.586200826755567	0.251580752517274	0.051	0.044	1	TRAV27	c2
0.0848535117096514	0.251435245283356	0.114	0.08	1	SELENOI	c2
0.0656688819193888	0.251407152538314	0.452	0.394	1	SLA	c2
0.0153719541930596	0.251402493708748	0.102	0.06	1	COX15	c2
0.517921747966354	-0.251399979465608	0.069	0.057	1	INPP5B	c2
0.128571498884818	0.251387442998244	0.151	0.113	1	YRDC	c2
0.00222635488050208	0.251329073498176	0.367	0.254	1	NBDY	c2
0.0127992552610045	0.251244866055542	0.256	0.181	1	ZNF106	c2
0.169355274733909	0.251135795284699	0.081	0.059	1	COLGALT1	c2
0.00235705113705043	0.251064335316506	0.322	0.215	1	UBE2J2	c2
0.0101455300522147	0.25085225345449	0.313	0.22	1	ZPR1	c2
0.807470505216199	-0.250847364453589	0.03	0.027	1	TRMT5	c2
0.739616819346437	-0.250822893748982	0.066	0.06	1	ALDH3A2	c2
0.649132866449982	-0.250806371724184	0.202	0.173	1	PI4KB	c2
0.00741047590876586	0.25069251083409	0.298	0.205	1	DEDD2	c2
0.0131662877377835	0.250579705375403	0.235	0.162	1	SEC22B	c2
0.973658118094361	-0.250542910320562	0.244	0.224	1	TSR2	c2
0.632856374762785	-0.250542805916824	0.069	0.06	1	LXN	c2
0.415750667164853	-0.250418479440534	0.229	0.237	1	PRPF19	c2
0.0210918209224288	0.250392716184274	0.196	0.134	1	LRRC41	c2
0.961980953837954	-0.250332477279964	0.416	0.359	1	CMTM7	c2
0.0635351318263593	0.250251764915258	0.102	0.068	1	C12orf73	c2
0.0831577106442686	0.250120853543498	0.13	0.091	1	MOCS2	c2
0.601368725731664	-0.250050774256356	0.274	0.269	1	TMEM134	c2
0.368912608065605	-0.25001012568385	0.175	0.188	1	BNIP3	c2
0.176133363893083	-0.249975772755464	0.446	0.44	1	WBP2	c2
0.336756143889286	0.249881161028081	0.045	0.033	1	WDR25	c2
0.00125270283349839	0.249849730370457	0.458	0.323	1	MOB4	c2
0.799535901116107	-0.249808661329785	0.114	0.104	1	ACYP1	c2
0.0374617084004552	0.24961065189556	0.139	0.093	1	GEMIN7	c2
0.661170338263135	-0.249536659607739	0.187	0.162	1	MRPS18A	c2
0.866625055518276	-0.249513726173935	0.084	0.078	1	APH1B	c2
0.00692694610207491	0.249339217960885	0.693	0.558	1	MAP1LC3B	c2
0.713283230432218	-0.249335920420866	0.036	0.031	1	SLC16A13	c2
0.850916398139426	-0.249242950379875	0.142	0.14	1	CYB5A	c2
0.0101116646020025	0.24923813675141	0.193	0.123	1	DDX59	c2
0.193890859744569	-0.249187242510915	0.41	0.409	1	KIF2A	c2
0.000535007049108377	0.24916356178337	0.813	0.685	1	ANXA11	c2
0.00301957224000136	0.249132750744762	0.509	0.376	1	OSBPL8	c2
0.0119270526389116	0.248950695496645	0.482	0.373	1	CARD16	c2
0.466189570231045	-0.248862147961162	0.033	0.025	1	ZNF714	c2
0.34481051922663	0.248829365569324	0.039	0.028	1	HNRNPUL2-BSCL2	c2
0.0180955888416693	0.248817885268783	0.328	0.241	1	S1PR4	c2
0.125857003694899	0.248814688919354	0.093	0.066	1	GEMIN6	c2
0.00767428482939272	0.248779126741249	0.271	0.185	1	NELFCD	c2
0.0245442196701114	0.248777922149516	0.491	0.379	1	PSMB8-AS1	c2
0.0769011342062067	0.248774928647795	0.114	0.079	1	UTP14A	c2
0.0362393494466024	0.248738521368033	0.108	0.069	1	NPRL3	c2
0.0487847821475035	0.24866487208038	0.117	0.078	1	ZFYVE21	c2
0.00839382034749152	0.248657257874606	0.479	0.353	1	FNTA	c2
0.0641623537734004	0.24862811079764	0.265	0.203	1	CTR9	c2
0.0232870742989438	0.248592109325699	0.12	0.075	1	PDK2	c2
0.0115917991774094	0.248512770611146	0.256	0.179	1	VPS13A	c2
0.0772008368724394	0.248485788793297	0.163	0.12	1	MAP1S	c2
0.00119902628602951	0.248453281706027	0.413	0.277	1	IDH3G	c2
0.00756666556350831	0.248400535259087	0.238	0.157	1	COASY	c2
0.014317483705616	0.248378545467014	0.31	0.222	1	EML3	c2
0.000122583756183174	0.24836862745715	0.843	0.77	1	SLC25A3	c2
0.566930377315875	0.248196811532811	0.018	0.014	1	BAIAP3	c2
0.187380126096432	0.248083502788115	0.042	0.027	1	CDYL	c2
0.403780001007594	-0.247998166197368	0.033	0.024	1	CCDC88A	c2
0.0175874933898065	0.247736498650892	0.711	0.603	1	EIF3M	c2
0.262789307917837	0.247725098613095	0.06	0.044	1	AGBL5	c2
0.0127530525098226	0.247710083016828	0.521	0.405	1	RAB2A	c2
0.0373923002146438	0.247660577523765	0.452	0.348	1	NDUFB5	c2
0.0577332099676131	0.247524703428588	0.229	0.171	1	CREBRF	c2
0.195587173801781	0.247351681041555	0.214	0.175	1	REPS1	c2
0.198510431565916	0.247350767443147	0.027	0.016	1	F8A1	c2
0.000440576168422508	0.247285527269497	0.783	0.653	1	HNRNPA3	c2
0.666948401712279	-0.247244682044645	0.078	0.069	1	NFE2L1	c2
0.952338691604027	-0.247230782921009	0.145	0.136	1	TFB1M	c2
0.884045931389224	-0.24720208743366	0.226	0.213	1	CBFA2T2	c2
0.0183067161529159	-0.247125388687421	0.675	0.684	1	TOMM20	c2
0.001550124136404	0.247013777250043	0.419	0.29	1	PSMD2	c2
0.0187394080273011	-0.24683171728933	0.66	0.662	1	EIF5A	c2
0.191647714806012	0.246826206305451	0.06	0.042	1	PM20D2	c2
0.179912399779796	0.246825005854545	0.063	0.044	1	C14orf93	c2
0.958603927020812	-0.246820789203885	0.066	0.066	1	KAT2A	c2
0.0106496118352175	0.246809841714491	0.307	0.217	1	MFSD14A	c2
0.00430659107454348	0.246723735412935	0.16	0.095	1	SELENOO	c2
0.0488616999380508	0.246722588514588	0.214	0.157	1	RWDD3	c2
0.0298462628110862	0.246669825546664	0.117	0.075	1	SCO2	c2
0.736752280765868	-0.246644979653988	0.16	0.141	1	RHNO1	c2
0.00200491903249158	0.246372142960697	0.313	0.209	1	FASTK	c2
0.196210719606825	0.246329010706019	0.066	0.047	1	ZNF28	c2
0.517052268805303	0.246241861544735	0.021	0.016	1	FANCC	c2
0.233146277962961	0.246184928764533	0.084	0.064	1	PIK3R4	c2
0.776252934714247	-0.245969524318881	0.096	0.088	1	ZNF362	c2
0.467248222756143	-0.245870152172411	0.063	0.051	1	PPM1F	c2
0.00174074035848172	0.245855724784488	0.747	0.651	1	WAS	c2
0.0651750531911921	0.245770612362833	0.343	0.269	1	ZNHIT3	c2
0.0131244240885934	0.245744300800856	0.373	0.276	1	TOX4	c2
0.0164650538477258	0.245711240892686	0.277	0.199	1	VTA1	c2
0.0201400920799508	0.245626441358413	0.557	0.445	1	CCT3	c2
0.934295658734095	0.245585068725084	0.012	0.011	1	ABHD14A	c2
0.869500299702094	-0.245577684533805	0.401	0.356	1	MAT2A	c2
0.000368426037074243	0.245576782417683	0.87	0.793	1	HNRNPF	c2
0.830670497017789	-0.245550781079768	0.208	0.189	1	NDEL1	c2
0.830696490742652	-0.245456211050207	0.015	0.017	1	CDKL5	c2
0.0545723405943336	0.245244812328543	0.202	0.147	1	SCAF4	c2
0.0130491550010534	0.245222356374666	0.301	0.212	1	GNL1	c2
0.821652186243719	-0.245136538353714	0.009	0.01	1	CEP112	c2
0.000730125543852495	0.245068382619331	0.768	0.624	1	NEDD8	c2
0.00802412703415192	0.245057980010313	0.675	0.549	1	PA2G4	c2
0.75142777671016	-0.245031252675967	0.078	0.071	1	MAIP1	c2
0.00129077976781236	0.245024934408064	0.678	0.531	1	RAC1	c2
0.000134519069666121	0.245006073777128	0.913	0.86	1	GABARAP	c2
0.190331729057535	-0.244966569541386	0.196	0.148	1	INTS6	c2
0.055311416042248	0.244893983687535	0.142	0.099	1	SEC24D	c2
0.00300302515655976	0.244797827450082	0.575	0.442	1	MRPL20	c2
0.673164729693847	-0.244762856650835	0.018	0.022	1	EIF3CL	c2
0.00590021144395293	0.244536416387934	0.533	0.427	1	ERGIC3	c2
0.00986071136762757	0.244399742590006	0.479	0.361	1	KDELR2	c2
0.553855902751529	0.244368143813571	0.012	0.008	1	FAM161A	c2
0.00302846390177679	0.24435716159487	0.681	0.554	1	SRRM1	c2
0.00375652446956631	0.244285141390804	0.184	0.113	1	TTC13	c2
0.0147731621351265	0.244247410059123	0.25	0.177	1	IKBKG	c2
0.00723766333185195	0.244203761607415	0.66	0.52	1	SRI	c2
0.938481934045897	-0.244109887261743	0.012	0.013	1	FAM89A	c2
0.0986783774091232	0.244031858784723	0.31	0.249	1	UQCC2	c2
0.791664083816871	-0.244023960803681	0.114	0.104	1	TMEM214	c2
0.693693665359084	-0.244006225416816	0.027	0.031	1	PTCD1	c2
0.000521768069107964	0.243920370784926	0.407	0.269	1	CEP350	c2
0.00758464113169783	0.24388893963387	0.346	0.248	1	MT1X	c2
0.61324094145342	-0.243875228423802	0.172	0.175	1	CCDC66	c2
0.00433680306759615	0.243725167837742	0.367	0.258	1	BATF	c2
0.915555608496084	-0.243675991500703	0.057	0.054	1	PDF	c2
0.605438217638331	-0.243447091427549	0.027	0.022	1	TRBV5-4	c2
0.889983213374171	-0.243369450747437	0.093	0.093	1	PIGK	c2
0.142675705572926	0.243259214776208	0.12	0.09	1	TRAK2	c2
0.00455874985539058	0.243084421772722	0.581	0.45	1	NDUFB7	c2
0.624943814107403	-0.243020301389237	0.145	0.15	1	CCDC82	c2
0.00686954930645637	0.242763338923549	0.539	0.409	1	TMCO1	c2
0.391123472988224	-0.242695361334712	0.063	0.049	1	NAB2	c2
0.174333259665408	0.24260543686852	0.102	0.076	1	GPR137	c2
0.00984235457810424	0.242356949965678	0.44	0.339	1	GSDMD	c2
0.0341194794836218	0.242263154281552	0.292	0.217	1	CPSF7	c2
0.0328154992835663	0.242006726366161	0.166	0.113	1	C11orf49	c2
0.00338253938992768	0.241911377726256	0.392	0.277	1	SMIM7	c2
0.927942080876191	-0.241900641397345	0.172	0.164	1	SLC35A4	c2
0.570390584229519	-0.241863031651022	0.142	0.121	1	HUS1	c2
0.269176902932758	0.241852167882674	0.108	0.086	1	MMAB	c2
0.725816450423568	-0.241851703987161	0.105	0.11	1	SMPD4	c2
0.202670231091856	0.24184733249513	0.063	0.045	1	AC067852.2	c2
0.810722439113029	-0.241716848184745	0.03	0.027	1	XYLT2	c2
0.620152299668768	0.24156558429039	0.015	0.011	1	KCTD21	c2
0.16240678483667	0.241538495771342	0.06	0.041	1	E2F3	c2
0.00463378706168727	0.241538120712403	0.608	0.468	1	KPNB1	c2
0.896550849442366	-0.241495655709596	0.22	0.206	1	MGAT5	c2
0.04747236111636	0.241423195317718	0.271	0.203	1	NUTM2A-AS1	c2
0.00360089889917	0.241337470750173	0.536	0.397	1	TIAL1	c2
0.682452361199409	-0.241293630084248	0.199	0.176	1	AKAP17A	c2
0.633779398941411	-0.241109886997852	0.208	0.179	1	CDC27	c2
0.599706194959876	-0.241048659140191	0.018	0.023	1	SEMA4C	c2
0.770438326873127	-0.241030430672586	0.166	0.165	1	FOXJ3	c2
0.527964039038421	-0.24091568616391	0.021	0.016	1	SLC29A2	c2
0.00613208877691278	0.240801044074695	0.223	0.145	1	PICALM	c2
0.059910305252068	0.240769975092195	0.277	0.214	1	SLC10A3	c2
0.101885020821997	0.240659469246598	0.105	0.074	1	TMEM251	c2
0.211783202381439	0.240511228314745	0.108	0.084	1	SLC2A1	c2
0.999192682958326	-0.240421960378901	0.271	0.243	1	TMEM30A	c2
0.0160481834279998	0.240398658686427	0.253	0.179	1	GPATCH8	c2
0.232617985579008	0.240370764010621	0.03	0.019	1	LACC1	c2
0.000468620988557316	0.240323304311871	0.666	0.539	1	ARGLU1	c2
0.698616116152692	-0.240304420621585	0.163	0.144	1	NFKBIB	c2
0.377283721059391	-0.240218307379602	0.247	0.261	1	DDX27	c2
0.906357333786975	-0.24012070575814	0.033	0.031	1	SEMA4F	c2
0.0207128380217404	0.240057543139855	0.292	0.212	1	PRKAR2A	c2
0.0266844023479788	0.24004824015663	0.12	0.076	1	BNIP1	c2
0.0321773518230231	0.239874534261474	0.139	0.092	1	EIF2B2	c2
0.965705080921163	-0.239790069198492	0.114	0.11	1	TRMT10B	c2
0.712573608013566	-0.239726182121265	0.114	0.102	1	POC1B	c2
0.577239067311689	-0.239557287062403	0.087	0.075	1	TP53	c2
0.990997403273997	-0.239406586144251	0.024	0.024	1	ARL10	c2
0.701581347501867	0.239262616941927	0.03	0.026	1	DNAJA4	c2
0.472428101407846	-0.239211088426566	0.292	0.289	1	ATIC	c2
0.029539824906392	0.239179713312643	0.355	0.272	1	PPHLN1	c2
0.061617674406169	0.238985459206042	0.157	0.113	1	ZNF880	c2
0.664194612158062	-0.238977404806103	0.084	0.091	1	MYBBP1A	c2
0.00373728197662195	0.238723258496293	0.211	0.133	1	R3HCC1	c2
0.0530701277495435	0.238668092228092	0.093	0.06	1	MINPP1	c2
0.000779953783388193	0.238654482518874	0.925	0.867	1	SRSF7	c2
0.00836377186691711	0.238627312139061	0.512	0.395	1	TMX4	c2
0.944871870442236	0.238352589769693	0.012	0.013	1	RCAN1	c2
0.0230180497767569	0.238328946289797	0.175	0.118	1	TCOF1	c2
0.478909751502338	0.238299065284641	0.024	0.018	1	JAM3	c2
0.00812788656002274	0.238152383892418	0.328	0.231	1	COA3	c2
0.0433123706544647	0.238110079588942	0.151	0.103	1	MUTYH	c2
0.0361353778328492	0.238012373568913	0.199	0.141	1	RANBP3	c2
0.89174443897551	-0.237932066514696	0.259	0.233	1	NDE1	c2
0.0482533230311407	0.237929588723384	0.099	0.064	1	SMPD2	c2
0.713711162842171	-0.237909705681502	0.193	0.188	1	TAZ	c2
0.00527058049392007	0.237809671339725	0.211	0.134	1	CAAP1	c2
0.0266786519408217	0.237700441557897	0.259	0.188	1	QARS	c2
0.0252805664218558	0.23756941731102	0.277	0.201	1	TMEM141	c2
0.0598924161303871	0.237444924981554	0.093	0.061	1	ZNF260	c2
0.00732427305320348	0.237254016927085	0.404	0.288	1	RNASEH2C	c2
0.00274164690176283	0.237172340116203	0.771	0.695	1	UQCR10	c2
0.206546884988685	0.23710723461861	0.078	0.057	1	GALNT10	c2
0.00884642180031856	0.237041252478779	0.449	0.345	1	PRMT1	c2
0.208191042628427	0.237039834148082	0.069	0.05	1	IGHMBP2	c2
0.556191593020205	0.236959046836259	0.03	0.024	1	USP40	c2
0.327388895989178	0.236885566359215	0.033	0.023	1	ZNF525	c2
0.014071746957378	0.236846058677292	0.187	0.121	1	SLC25A24	c2
0.0309757595374429	0.236753407393568	0.211	0.148	1	WRAP73	c2
0.00263913389379945	0.236745123923581	0.738	0.633	1	PSMB1	c2
0.069319655811382	0.236722510591239	0.205	0.156	1	YWHAG	c2
0.82464564611654	-0.236650449332714	0.259	0.23	1	EBPL	c2
0.0569452711641352	0.236549026451636	0.099	0.065	1	ALKBH4	c2
0.909069039144814	-0.23650727098997	0.139	0.129	1	RSPRY1	c2
0.0169661437231736	0.236407749101683	0.277	0.199	1	GLTP	c2
0.0600000814571876	0.236400528792177	0.166	0.119	1	VPS41	c2
0.0324128354258511	0.236323215154378	0.169	0.115	1	RELL1	c2
0.655969317525244	-0.236302343781206	0.015	0.019	1	MICAL3	c2
0.579301304376537	-0.23624702554219	0.367	0.346	1	NMRK1	c2
0.689582559660715	-0.236198962469197	0.111	0.117	1	MAP2K5	c2
0.0452939157401883	0.23609913436586	0.47	0.381	1	AKIRIN1	c2
0.025092826351061	0.236093936286647	0.16	0.107	1	ZNF195	c2
0.622252069139293	-0.236056689605843	0.361	0.338	1	RNF126	c2
0.0145763930512311	0.236026981712512	0.13	0.079	1	APOL2	c2
0.692899818278454	-0.235984480410086	0.057	0.063	1	BX284668.5	c2
0.0260696514359157	0.235920224034362	0.169	0.113	1	MED1	c2
0.937772178000236	-0.235774691280902	0.012	0.013	1	RIMS3	c2
0.166903634992614	-0.235628451477322	0.59	0.569	1	PRMT2	c2
0.136908015993878	0.235617480657583	0.087	0.062	1	GPR107	c2
0.937835921311576	-0.23561029410097	0.054	0.054	1	SOCS5	c2
0.869718065567729	-0.235458817347004	0.093	0.094	1	MLXIP	c2
0.215330109186633	-0.235423150773059	0.28	0.303	1	OTUD6B-AS1	c2
0.072986240724972	0.235388759140255	0.051	0.029	1	PIDD1	c2
0.468807862138381	0.235360319105664	0.018	0.013	1	KRBA1	c2
0.925110547383889	0.23532155944289	0.027	0.026	1	GPAT3	c2
0.0167420149826848	0.235168690655906	0.717	0.6	1	SNRPB	c2
0.961347916451387	-0.234956284641108	0.217	0.202	1	NDUFAF4	c2
0.22275180617647	0.23494649937918	0.033	0.021	1	NPIPA1	c2
0.0131162635167772	0.234930161169526	0.136	0.084	1	TSPOAP1-AS1	c2
0.36819195048293	0.234897197611566	0.096	0.079	1	CETN3	c2
0.00519299414393383	0.234877777211512	0.235	0.15	1	GOLT1B	c2
0.0190133979975016	0.234812179716259	0.383	0.293	1	SNRNP200	c2
0.0325176710141846	0.234791805302314	0.286	0.211	1	BRD4	c2
0.553855902751529	0.234587553358002	0.012	0.008	1	ETV2	c2
0.623890540960201	-0.234421895067134	0.223	0.192	1	UVRAG	c2
0.0641931857182469	0.234392332356774	0.184	0.134	1	DCAF13	c2
0.139610543423447	-0.234365911518979	0.542	0.517	1	FBL	c2
0.028498790691926	0.234295951019589	0.102	0.063	1	HOXB4	c2
0.0188427326180196	0.234188299860505	0.169	0.111	1	BANP	c2
0.720056969911189	-0.234122481221175	0.078	0.07	1	ANKRD52	c2
0.914564087504143	-0.234082241387565	0.072	0.069	1	NLE1	c2
0.0520228800877951	0.234079093041294	0.193	0.141	1	C3orf38	c2
0.012587264952055	0.234054975766488	0.277	0.193	1	ARMC8	c2
0.859249515760788	-0.234036426261431	0.223	0.212	1	NABP1	c2
0.634691684115449	0.233882812478527	0.039	0.033	1	UBE3D	c2
0.169465002655479	0.233735952906175	0.108	0.082	1	YIPF1	c2
0.635349389385904	-0.233730344036227	0.012	0.016	1	PHLDB2	c2
0.0324483433564482	0.233718823426325	0.184	0.127	1	ESYT2	c2
0.0309432194905344	0.233660776816841	0.196	0.138	1	ARID2	c2
0.0422274235376371	0.233650816178046	0.389	0.298	1	PQLC3	c2
0.234177231088047	0.233637127823248	0.262	0.218	1	SLC20A1	c2
0.199782938387248	-0.233623825524162	0.256	0.197	1	ERBIN	c2
0.414122391599359	-0.233512801694062	0.063	0.076	1	SLC35C1	c2
0.00728931668247663	0.233322239399709	0.346	0.245	1	SNRK	c2
0.11041679548547	0.233200080369405	0.108	0.077	1	NKAPD1	c2
0.0303959469389396	0.233095338286279	0.253	0.184	1	USP22	c2
0.46674365280078	0.233032240897485	0.018	0.013	1	ZNF354C	c2
0.103193699900792	0.232911086764968	0.154	0.113	1	ANO6	c2
0.02010217288872	0.232806799592874	0.235	0.164	1	KLHL24	c2
0.288954954090292	0.232803091249276	0.018	0.01	1	EFNB1	c2
0.224469041351869	0.23278205762999	0.033	0.021	1	ITFG2-AS1	c2
0.119323084971884	0.23268238716782	0.048	0.029	1	MAP3K12	c2
0.0206930456808344	0.232624201349959	0.672	0.562	1	XRCC5	c2
0.00300542440831353	0.232481956854655	0.672	0.551	1	GHITM	c2
0.604504824976459	-0.232342185354926	0.081	0.07	1	HIVEP1	c2
0.322876230850995	0.232302015891319	0.072	0.056	1	ZNF628	c2
0.710549663422076	-0.232147372771129	0.06	0.053	1	NIPA1	c2
0.00478018043042466	0.231894073151686	0.401	0.285	1	STAG2	c2
0.000714197434207755	0.231860567661473	0.449	0.311	1	PRPF4B	c2
0.00833981920832357	0.231797712031019	0.714	0.617	1	ARF5	c2
0.0197712836605518	0.2317658638758	0.127	0.079	1	HEXDC	c2
0.0181351079120932	0.231724140027438	0.208	0.14	1	TMEM222	c2
0.0249924752392767	0.231683970223602	0.172	0.117	1	SERGEF	c2
0.582738108138404	-0.23164192306242	0.072	0.062	1	CLN8	c2
0.0176074504192615	0.231599590484208	0.148	0.095	1	DTX3	c2
0.0323232211969594	0.231566474452357	0.202	0.143	1	NDUFV3	c2
0.990774149850902	-0.231516216844368	0.111	0.108	1	AP2A2	c2
0.476478194632317	-0.231449917706301	0.37	0.354	1	TMEM109	c2
0.065573756351796	0.231335004207787	0.19	0.14	1	TRAPPC12	c2
0.0149267694731854	0.23129264649813	0.114	0.069	1	HAPLN3	c2
0.00838609549587705	0.231289612319444	0.5	0.373	1	SNRPC	c2
0.0755559069997168	0.231230345058475	0.19	0.142	1	NCBP3	c2
0.0773041952013536	0.231201292575058	0.178	0.133	1	TRIM13	c2
0.721102352218434	-0.231194670983396	0.021	0.018	1	RPS10-NUDT3	c2
0.0321679149527091	-0.231175087666811	0.633	0.632	1	PRDX1	c2
0.0727448345061592	0.231163839741282	0.111	0.076	1	DNAJC24	c2
0.823694980770342	-0.231129292105826	0.253	0.239	1	TRIM44	c2
0.324907092438534	0.231113863213427	0.072	0.056	1	TUBGCP6	c2
0.341907076670839	-0.23107594334533	0.054	0.041	1	GPR180	c2
0.0525494048172459	0.231002435768164	0.28	0.216	1	MYCBP	c2
0.00306277912941134	0.230992212620923	0.313	0.21	1	DCTD	c2
0.699610673689621	-0.230895117085056	0.03	0.034	1	RFESD	c2
0.671815459022019	0.230892421237536	0.033	0.028	1	ZNF845	c2
0.00147972546799611	0.230857570296926	0.38	0.255	1	MAP2K1	c2
0.0148771095706762	0.230558954615384	0.608	0.476	1	SF3A1	c2
0.0310766851439539	0.230441033901055	0.042	0.02	1	MYEF2	c2
0.378176813480507	-0.230436880247778	0.214	0.232	1	MYLIP	c2
0.941536527520303	-0.230426613929121	0.039	0.038	1	F8A3	c2
0.767107978227257	0.230278434840868	0.027	0.024	1	FNTB	c2
0.0296927483852652	0.230278159116723	0.304	0.231	1	COPA	c2
0.687914957271035	0.230250138105069	0.027	0.023	1	VWA5A	c2
0.965183453560294	-0.230246225859692	0.241	0.219	1	ARFRP1	c2
0.733601814317038	-0.230204432997176	0.057	0.051	1	ZNF550	c2
0.0110468502057665	0.230121569886784	0.708	0.617	1	COPE	c2
0.211168225643567	0.229757968544051	0.054	0.038	1	STX3	c2
0.0477748840792495	0.229382247134047	0.175	0.126	1	NOL12	c2
0.0832772683843284	0.22906854537522	0.334	0.27	1	YIPF5	c2
0.032874526393678	0.228981266951819	0.199	0.141	1	ANKZF1	c2
0.0134821589882454	0.228931346533511	0.434	0.321	1	ELAVL1	c2
0.043259137499826	0.228887685235005	0.202	0.145	1	GPN1	c2
0.00121821393885886	0.22881296736978	0.642	0.475	1	MEAF6	c2
0.718629004372634	-0.228739816544153	0.093	0.084	1	UNC93B1	c2
0.349862999768917	-0.228707846765683	0.37	0.363	1	ESD	c2
0.714394153441999	-0.228578983847121	0.075	0.067	1	KAT2B	c2
0.420831875877635	0.228210067853358	0.036	0.027	1	ZNF446	c2
0.2192742096483	-0.228208048467174	0.169	0.194	1	BCL7C	c2
0.0101549991900514	0.22794187892276	0.16	0.1	1	ORAI3	c2
0.976481714247814	-0.227883409698027	0.172	0.161	1	HSD17B12	c2
0.0282851541170805	0.227871834083145	0.25	0.18	1	EIF2B1	c2
0.984818567185925	-0.22763596855885	0.018	0.018	1	AC007114.1	c2
0.00364987493733778	0.227587339415133	0.395	0.277	1	FDX1	c2
0.014233595191013	0.227549282916205	0.283	0.2	1	MRPL42	c2
0.441154795244925	-0.227502278007139	0.051	0.063	1	AC008555.5	c2
0.0113869094908121	0.227465259750013	0.485	0.388	1	GPRIN3	c2
0.00815828544829032	0.227435198756045	0.289	0.199	1	BCKDHA	c2
0.0504603330169261	0.227433921037478	0.136	0.092	1	ZNF444	c2
0.0762982121647931	0.227415179284674	0.105	0.072	1	PIK3C2A	c2
0.0630782335007952	0.227407495058599	0.09	0.059	1	APOL1	c2
0.983924632227513	-0.227354210043621	0.223	0.207	1	JADE2	c2
0.00963303590778071	0.227346062395072	0.711	0.58	1	RTRAF	c2
0.617600105942667	0.227331082865102	0.009	0.013	1	PAGE5	c2
0.162239528009839	0.227212468795607	0.108	0.08	1	KBTBD3	c2
0.913393381261433	-0.227105215037693	0.021	0.022	1	TCTE3	c2
0.188711254929571	0.227101154740249	0.03	0.018	1	LINC02062	c2
0.0128802212645355	0.227096503495	0.407	0.3	1	PPP3CC	c2
0.0100020794796717	0.227017043520722	0.229	0.152	1	ALKBH6	c2
0.0943402293954996	0.226932738954	0.163	0.12	1	MRPS9	c2
0.5594126172433	-0.226912409786366	0.111	0.096	1	VPS53	c2
0.00797273759946224	0.226739354268948	0.512	0.377	1	VPS29	c2
0.0995821626079319	0.226706239648989	0.136	0.098	1	BRI3	c2
0.0127249061611687	0.226499472640449	0.343	0.253	1	RECQL	c2
0.910396617620277	-0.226498750865194	0.226	0.205	1	RCC1	c2
0.041922189841084	-0.226476021396324	0.732	0.703	1	UXT	c2
0.906865196409434	-0.226411072544903	0.045	0.043	1	CASP10	c2
0.291627420964493	0.226338598403111	0.139	0.114	1	DCTN5	c2
0.0321324051522283	0.226303622830146	0.142	0.094	1	DHX8	c2
0.0235407074606414	0.226282714122259	0.102	0.062	1	CDADC1	c2
0.00115016405081666	0.226260782023142	0.892	0.807	1	COX6B1	c2
0.514826952494283	0.225983167587884	0.033	0.026	1	RSAD2	c2
0.00875434956657782	0.225878158287486	0.175	0.111	1	PNPLA6	c2
0.089702925370836	0.225863007697674	0.093	0.063	1	SNX11	c2
0.801820938416686	-0.225821052931916	0.042	0.045	1	PKIA	c2
0.807219797417577	-0.225744224809803	0.205	0.197	1	CYP20A1	c2
0.578876037491236	-0.225691010892224	0.015	0.02	1	TIGD1	c2
0.0155173347702974	0.225520497556886	0.515	0.403	1	PDLIM2	c2
0.770711638326706	-0.225282743410748	0.096	0.088	1	PAICS	c2
0.0395184615529791	0.225024861275312	0.19	0.135	1	TNPO3	c2
0.0541722838438156	0.224891292752234	0.105	0.069	1	COG7	c2
0.404177575774579	-0.224441295596149	0.343	0.336	1	SND1	c2
0.106277376872504	0.224440995401059	0.078	0.052	1	STK38L	c2
0.729714306275191	0.224346337956397	0.015	0.013	1	ZNF579	c2
0.998513171886636	-0.22431372826569	0.036	0.036	1	C22orf46	c2
0.0211426373582472	0.224277168332487	0.346	0.263	1	ANXA2R	c2
0.0236319166601911	0.224229829496606	0.401	0.305	1	POLR2F	c2
0.0309036487242009	-0.224196116832756	0.666	0.651	1	ARHGAP15	c2
0.974431601068824	-0.224063553352313	0.295	0.265	1	LARS	c2
0.0576342353070497	0.224006751908682	0.084	0.053	1	ATP13A3	c2
0.0115624636293603	0.224004171015536	0.247	0.171	1	NMT1	c2
0.864385669486057	-0.223957198037124	0.102	0.095	1	RPRD1A	c2
0.230259625828743	0.223956698264727	0.084	0.064	1	ZNF322	c2
0.252691624261942	0.223896305728666	0.066	0.049	1	OSGEPL1	c2
0.00681451046470474	0.223763458906638	0.389	0.279	1	HNRNPD	c2
0.228803064960689	0.223763242358887	0.09	0.069	1	ZNF134	c2
0.561574716879452	-0.22375283525211	0.25	0.213	1	NUMA1	c2
0.586605242279266	-0.223623306267661	0.057	0.048	1	JHY	c2
0.000337446014863442	0.223477413644866	0.777	0.675	1	NDUFA1	c2
0.0518685715067464	0.223393841158181	0.139	0.096	1	MANBA	c2
0.240238602686788	0.223380522743196	0.063	0.046	1	TBC1D22B	c2
0.0166670196966507	0.223379155594842	0.247	0.171	1	UBL3	c2
0.696027339203744	-0.223372811877716	0.096	0.086	1	SNAPC3	c2
0.755915681280826	-0.223345776819411	0.175	0.157	1	TARSL2	c2
0.934141569650971	-0.223314689317439	0.039	0.038	1	ZNF816	c2
0.520016580805533	0.223288425647749	0.021	0.016	1	SLC38A7	c2
0.0167913770218681	0.223242465759041	0.404	0.295	1	AHSA1	c2
0.0239247126336161	0.223066708270887	0.316	0.233	1	RPIA	c2
0.478719114081916	-0.223062691944816	0.099	0.083	1	TMCO6	c2
0.0039733825095962	0.222921940941213	0.717	0.617	1	CAMK4	c2
0.0275899492144607	0.222891244644008	0.151	0.1	1	TRAPPC8	c2
0.780693275937334	-0.222767424487145	0.295	0.276	1	CCS	c2
0.016229620622999	0.222720683433002	0.614	0.514	1	VDAC2	c2
0.472246625476535	-0.222665644985153	0.108	0.09	1	MARCH2	c2
0.158315951511293	0.222574253046507	0.042	0.026	1	KIAA0556	c2
0.17850794101144	0.222461493233908	0.078	0.056	1	SEC24A	c2
0.033433055468275	0.222369939220489	0.093	0.057	1	CENPV	c2
0.508963230345375	0.222359182438522	0.015	0.01	1	AC004241.1	c2
0.00846812392796082	0.222345086453711	0.346	0.245	1	RRP1B	c2
0.0443632931618353	0.222334433359603	0.313	0.239	1	NEU1	c2
0.498163630274435	-0.222201563057154	0.208	0.214	1	C15orf61	c2
0.212627560357444	-0.222179779805294	0.28	0.298	1	TUT4	c2
0.799270008997283	-0.222114915947646	0.247	0.238	1	GTF2H5	c2
0.230264837253023	0.22210236028485	0.06	0.043	1	SIAH1	c2
0.45613784009505	-0.222024162613587	0.289	0.29	1	TMEM50B	c2
0.893272022496691	-0.221928913152268	0.057	0.054	1	AC097376.2	c2
0.780271445637608	-0.221607691146416	0.018	0.016	1	AC104532.1	c2
0.0703156988615263	0.221444688614624	0.639	0.565	1	NR4A1	c2
0.859302135083998	-0.221443591074144	0.13	0.119	1	SHPRH	c2
0.748731515500693	-0.221388486455327	0.223	0.197	1	NEK7	c2
0.0152527325357372	0.221358427104115	0.295	0.21	1	MIA3	c2
0.0263714490233938	0.221311239794634	0.238	0.17	1	ATP6V1H	c2
0.711240811775462	-0.221290487709032	0.096	0.086	1	NUDT9	c2
0.0663482047223436	0.221268700760437	0.057	0.033	1	HSPA14	c2
0.0109643593596445	0.221236161445734	0.304	0.218	1	EPN1	c2
0.236712275960554	0.221220700360377	0.099	0.076	1	ZNF236	c2
0.571745329689326	-0.221129837608328	0.241	0.204	1	IARS2	c2
0.87380079960693	-0.221123222805257	0.036	0.038	1	ETAA1	c2
0.00821646819087771	0.221008466903398	0.428	0.32	1	RAB10	c2
0.308391728727867	-0.220916599386259	0.127	0.099	1	MVB12A	c2
0.1374252890216	0.220886391826965	0.087	0.062	1	SLC38A5	c2
0.19689166884198	0.220716082482924	0.042	0.027	1	EOGT	c2
0.031152683199981	-0.220683563876121	0.645	0.659	1	RBMX	c2
0.068501308185257	0.220681679203889	0.133	0.093	1	DOK1	c2
0.000793026454688749	0.220676139110987	0.295	0.184	1	TSPAN5	c2
0.0431605721218123	0.220671076901273	0.187	0.133	1	ZC3H18	c2
0.629465652549633	-0.220577036913505	0.066	0.073	1	GATD3A	c2
0.486968423661661	-0.220465462054194	0.117	0.097	1	TMEM168	c2
0.0468738918258127	0.220426422192667	0.178	0.126	1	C6orf136	c2
0.792023244842979	-0.220386204445465	0.048	0.044	1	ZBTB6	c2
0.042125534675416	0.220368982286447	0.235	0.173	1	EBP	c2
0.792954069072667	-0.220214221363921	0.12	0.11	1	PRPF4	c2
0.0034432065236331	0.220105540213174	0.852	0.754	1	CD53	c2
0.634468477039837	-0.220098485255316	0.111	0.098	1	PPP2R2D	c2
0.0188417453533284	0.219977228787196	0.13	0.08	1	NDUFAF7	c2
0.000716232400333446	0.21992081108592	0.289	0.176	1	PFKP	c2
0.0575260045898033	0.219916326647121	0.13	0.088	1	MICB	c2
0.679865133460156	0.219852283027857	0.027	0.023	1	CDC14B	c2
0.957194965827577	-0.219782994578187	0.078	0.077	1	RASA1	c2
0.82300504301331	-0.219668425061146	0.042	0.039	1	MARS2	c2
0.0593117506990611	0.21951715028777	0.045	0.024	1	RAB40B	c2
0.108847674923989	0.219411671770606	0.133	0.098	1	AAR2	c2
0.00217763319320315	0.219376156566482	0.56	0.433	1	C19orf66	c2
0.307007218352289	0.21937467464161	0.036	0.025	1	ATRN	c2
0.201548073505631	0.219320244888938	0.102	0.077	1	WDR73	c2
0.982767431971468	0.219077580799322	0.024	0.024	1	SDC4	c2
0.718251125426161	-0.219029279034553	0.075	0.08	1	ZNF324	c2
0.0270255228511648	0.218733638392207	0.34	0.251	1	VBP1	c2
0.840043459455286	-0.218636657490749	0.304	0.276	1	NGDN	c2
0.823689406276572	-0.218526770060434	0.084	0.077	1	SLC25A51	c2
0.913902877612531	-0.218390613736559	0.075	0.075	1	DPH6	c2
0.061578259013679	0.218351288666747	0.09	0.059	1	PTBP2	c2
0.00397087236419326	0.218341170065152	0.358	0.246	1	SYNE1	c2
0.000426459223627391	0.218340794648751	0.831	0.742	1	PRR13	c2
0.385838333984106	0.218339683557613	0.045	0.034	1	KLHL26	c2
0.751574456015991	-0.218315831212003	0.042	0.046	1	HDAC4	c2
0.651185295396445	-0.218313268216665	0.03	0.025	1	OGFRL1	c2
0.496334390309463	-0.218305964946631	0.142	0.12	1	KIF21B	c2
0.615206751144416	-0.218246866730121	0.078	0.068	1	ANKMY1	c2
0.981786931418148	-0.218190056910495	0.127	0.121	1	POLRMT	c2
0.077128995228855	0.218153128860159	0.151	0.11	1	ACSS1	c2
0.687397105271799	-0.218084619706951	0.157	0.138	1	CD2AP	c2
0.900945960819698	-0.218051862132955	0.148	0.142	1	ERO1A	c2
0.478044933084288	0.218018891471415	0.03	0.023	1	BOLA2B	c2
0.960995218248155	-0.217835738262017	0.268	0.245	1	KLHL28	c2
0.0815810367780497	0.21781627898336	0.723	0.644	1	HNRNPU	c2
0.0147826936148876	0.217745070094758	0.63	0.509	1	ATP5ME	c2
0.0404350085263626	0.217212667060246	0.142	0.095	1	TMEM42	c2
0.0686274250691788	0.217173103282593	0.057	0.033	1	ST3GAL2	c2
0.0016435064469376	0.216909845404856	0.325	0.212	1	TMEM87A	c2
0.0242345116882376	0.216874402575949	0.262	0.19	1	GANAB	c2
0.00486478647402432	0.216856939259463	0.358	0.25	1	DDB1	c2
0.895182276460225	-0.216810964764729	0.117	0.117	1	MTX2	c2
0.957500858377934	-0.216679545691187	0.066	0.064	1	ACAD9	c2
0.0042076425775764	0.216653795974524	0.169	0.101	1	KIAA1468	c2
0.0250615621468488	0.216622439224927	0.443	0.34	1	SARS	c2
0.408834769597663	0.216610781549078	0.048	0.038	1	AL359915.2	c2
0.0499923149088549	0.216583852714411	0.238	0.179	1	DTD1	c2
0.79500604204538	-0.216446699862922	0.12	0.111	1	FAM222B	c2
0.535138703173257	-0.216414281399133	0.123	0.106	1	FUBP3	c2
0.0291215238141752	0.216407047189195	0.244	0.173	1	MAP2K4	c2
0.824863042223591	-0.216278295966235	0.033	0.03	1	TESK1	c2
0.00280426431706311	0.216247588159689	0.669	0.525	1	ATP6V1F	c2
0.0169984876358651	0.216240688128741	0.148	0.094	1	HIP1R	c2
0.013504809392627	0.216192314109316	0.331	0.238	1	SP3	c2
0.00866924575283277	0.216121273391222	0.096	0.052	1	NSD2	c2
0.615539220588455	-0.216089794949093	0.027	0.022	1	FBXO45	c2
0.832974856081313	-0.216029627303107	0.054	0.056	1	GPR25	c2
0.013328878235096	0.216004683977376	0.551	0.449	1	ANP32A	c2
0.0169114688688261	0.215910980101011	0.205	0.139	1	MRPL19	c2
0.80982178375798	0.215837029478434	0.012	0.01	1	ZNF165	c2
0.763567767588677	-0.215832181849259	0.123	0.113	1	STRN	c2
0.00379924819272878	0.21568330459132	0.199	0.123	1	SLC35E2B	c2
0.0162973041173046	0.215623889960707	0.328	0.236	1	EFCAB14	c2
0.00956625259198043	-0.215521128802428	0.834	0.835	1	APRT	c2
0.0646502921605787	0.215508184518135	0.105	0.07	1	DNAL4	c2
0.0244599219038706	0.215497016052872	0.449	0.347	1	RBM17	c2
0.579498619754659	-0.215472116283344	0.087	0.075	1	GIGYF1	c2
0.0744303888796047	0.215470989726127	0.087	0.057	1	LIPT1	c2
0.0106088871597626	0.215367466870798	0.301	0.215	1	PHC3	c2
0.95366634769298	-0.215293368204317	0.03	0.029	1	ZNF761	c2
0.809722889854998	-0.215262393953016	0.352	0.321	1	SEC61A1	c2
0.00165530923828161	0.215169873511071	0.572	0.426	1	ZC3H15	c2
0.0928519629701693	0.215095619805049	0.066	0.042	1	MAK16	c2
0.629638691581138	-0.214985549312215	0.042	0.036	1	SNTA1	c2
0.0347124592873197	0.214966205975053	0.28	0.206	1	NARS	c2
0.0101983605683954	0.214963854225053	0.377	0.268	1	PRPS1	c2
0.00307958499449258	0.214844298009964	0.735	0.611	1	TMEM50A	c2
0.413922247012788	-0.214815827826838	0.072	0.057	1	EXOSC2	c2
0.142077975072941	0.214577166693124	0.154	0.116	1	NOP16	c2
0.985193226623467	-0.214418967059686	0.271	0.249	1	OSGEP	c2
0.134894798950044	0.214381870975289	0.072	0.049	1	HECTD4	c2
0.00876540766220304	0.214371794847542	0.229	0.153	1	MAP2K7	c2
0.927692000979672	-0.214335640148454	0.202	0.185	1	PAIP1	c2
0.414413371262191	-0.214281920743863	0.633	0.585	1	STAT3	c2
0.729023200252238	-0.214256309297214	0.012	0.015	1	IKZF4	c2
0.986965381182431	-0.214219984464049	0.187	0.173	1	HOOK3	c2
0.726012591372479	-0.214212961818417	0.455	0.417	1	EPB41	c2
0.822219104368432	-0.214170341027979	0.108	0.11	1	DYRK2	c2
0.0925841852627273	0.214085555877079	0.232	0.18	1	SLC4A7	c2
0.882036495739079	-0.213903575402568	0.127	0.117	1	RCHY1	c2
0.0194561514488382	0.213881259658148	0.199	0.137	1	KLHL36	c2
0.0317595612260575	0.213864318358424	0.148	0.098	1	TOR1B	c2
0.931448243266589	0.213822855440007	0.024	0.025	1	CLCF1	c2
0.0296732324381561	0.213732201997549	0.422	0.328	1	OGT	c2
0.395338510841718	0.21359858048392	0.045	0.034	1	TMEM150A	c2
0.0224425481661801	0.213580814981282	0.157	0.103	1	CSNK1G3	c2
0.134594182821484	0.213541821712918	0.223	0.179	1	TNPO1	c2
0.0176627653236181	0.213405376246883	0.232	0.161	1	UCKL1	c2
0.941622987326636	0.21336820142722	0.012	0.011	1	SPA17	c2
0.252164860510084	-0.213133519895702	0.383	0.39	1	DDX21	c2
0.175331364434395	0.21307918057481	0.048	0.031	1	SPATA5L1	c2
0.657252399545548	-0.213017839043177	0.163	0.142	1	DXO	c2
0.315757034811505	0.213002344515025	0.051	0.038	1	ACSL1	c2
0.0289268023944525	0.21291975565226	0.38	0.285	1	FAM32A	c2
0.00292229485371241	0.212771986800952	0.455	0.327	1	RSBN1L	c2
0.128543782895457	0.212674410457862	0.181	0.139	1	TRPM7	c2
0.581975079448772	0.212538959297966	0.066	0.057	1	GOLGA1	c2
0.112821294881396	0.212519190042578	0.181	0.138	1	C1orf174	c2
0.155797114604629	0.212470561735602	0.211	0.17	1	ACYP2	c2
0.92194127926039	-0.212455445811358	0.169	0.16	1	ATG16L2	c2
0.73274464622472	-0.212413772401159	0.127	0.114	1	CHAMP1	c2
0.456142373367762	-0.212357627615494	0.428	0.412	1	TMEM35B	c2
0.0213451919058285	0.212345091066831	0.542	0.452	1	PIM1	c2
0.0700127668794003	0.212334973042963	0.169	0.122	1	LPGAT1	c2
0.16939552659904	0.212295617846842	0.075	0.053	1	INPP5E	c2
0.0184878343065722	0.212237971031676	0.241	0.169	1	DCP1A	c2
0.0199000877120653	0.212203838430558	0.322	0.233	1	BFAR	c2
0.106130455866543	0.212092015910291	0.307	0.249	1	TIPARP	c2
0.139552416122363	0.212032767691949	0.105	0.076	1	NAA35	c2
0.700806859512463	-0.211979537094089	0.139	0.124	1	MDM2	c2
0.00483432599889975	0.211960883842293	0.5	0.362	1	XRN2	c2
0.0165126049328127	0.211840132185881	0.458	0.348	1	BAZ1A	c2
0.586920867592286	-0.211779873607471	0.102	0.089	1	TP53BP2	c2
0.0290485304015085	0.211770739839846	0.277	0.201	1	DDA1	c2
0.15696176336663	0.211692635369875	0.247	0.2	1	BRIX1	c2
0.0464091797448636	0.211540976226129	0.105	0.068	1	INTS9	c2
0.00573384025912399	0.211539617334008	0.367	0.264	1	OFD1	c2
0.0323958496268476	0.211467244353161	0.211	0.148	1	GOT2	c2
0.0100139917730747	0.211457483474123	0.235	0.159	1	C5orf24	c2
0.923926088616764	-0.211450124714113	0.063	0.061	1	TNFAIP8L1	c2
0.00282687185070721	0.211429993309671	0.831	0.707	1	CSTB	c2
0.00148836129101439	0.211351724712949	0.744	0.631	1	RSRP1	c2
0.489983338326936	-0.211330948662151	0.066	0.054	1	TCF20	c2
0.969158013753351	-0.211186817711499	0.033	0.032	1	AC025171.3	c2
0.00899533824440113	0.211048192210567	0.62	0.502	1	DOCK8	c2
0.864666823033516	-0.21096173539578	0.184	0.169	1	HGS	c2
0.399755743249874	0.210851700928222	0.015	0.009	1	AL139011.1	c2
0.797616158711792	0.210846350198312	0.021	0.019	1	RASL11A	c2
0.766503532986861	-0.21083494600004	0.271	0.259	1	VPS4A	c2
0.0109815688934076	0.210736444449225	0.346	0.251	1	SNF8	c2
0.773385927301128	-0.210697555800881	0.063	0.057	1	ALMS1	c2
0.0785685931134167	0.21062536665612	0.099	0.067	1	GNS	c2
0.01499792406461	0.210489674540416	0.367	0.264	1	EMC7	c2
0.885959350588339	-0.210057275034472	0.105	0.099	1	CDR2	c2
0.513323392489682	0.210044611865775	0.054	0.045	1	APBB3	c2
0.734927535698293	0.21003421058705	0.015	0.013	1	AC006064.4	c2
0.783920741181064	-0.210019122667669	0.196	0.193	1	SRPRB	c2
7.90739666181228e-05	0.210006169973374	0.949	0.91	1	CHCHD2	c2
0.0791153393001957	0.209951806666945	0.304	0.236	1	GNG10	c2
0.710613937282405	0.209937976290592	0.03	0.026	1	ZNF382	c2
0.0947554786425729	0.209934845071603	0.111	0.078	1	ZDHHC4	c2
0.0521831640300998	0.209892356263837	0.44	0.354	1	TXNL4A	c2
0.0106852917456202	0.209866498674911	0.473	0.353	1	UBA2	c2
0.0422957584229915	0.209667793914728	0.364	0.275	1	GNPTG	c2
0.157063791770161	0.209566693709219	0.154	0.12	1	MAGOHB	c2
0.0500634455346656	0.209392891340183	0.154	0.108	1	MSMO1	c2
0.0973498881707265	0.209277909667594	0.139	0.101	1	ANKRA2	c2
0.0307415871293664	0.209187840405636	0.145	0.098	1	DNAJB4	c2
0.287510221526656	0.20912454351406	0.054	0.04	1	SMG8	c2
0.0224161811503301	0.209120855738931	0.401	0.31	1	ZNF292	c2
0.683196986920252	-0.209016907329121	0.024	0.028	1	AL445686.2	c2
0.744664259925749	-0.208936600337235	0.06	0.054	1	AFAP1	c2
0.102094244013486	-0.208871828745626	0.599	0.564	1	M6PR	c2
0.554258625335543	-0.208768556868883	0.247	0.241	1	ENOPH1	c2
0.0306320194850839	0.208737900419361	0.13	0.084	1	ZNF140	c2
0.0183218088665723	0.208707286501763	0.47	0.361	1	ANKRD11	c2
0.00115580803211514	-0.208619572097299	0.916	0.93	1	CNBP	c2
0.989539858941682	-0.208615171492998	0.22	0.206	1	TRAPPC2B	c2
0.0206126794510731	0.208592726796802	0.235	0.165	1	MRPS23	c2
0.0198892740442244	0.208444134924279	0.358	0.266	1	SLIRP	c2
0.760598088497169	-0.208337658709038	0.241	0.237	1	CLSTN1	c2
0.0192950107920092	0.208256994696879	0.56	0.437	1	ELOC	c2
0.0213057799146417	0.20819394573927	0.16	0.106	1	KYAT3	c2
0.296607025289152	0.208187418786672	0.054	0.04	1	STK11	c2
0.0723191741064024	0.20818024284156	0.229	0.173	1	LRPPRC	c2
0.00476720697056084	0.20812301586657	0.416	0.296	1	MRPS24	c2
0.000509988195486752	0.208074701508399	0.934	0.889	1	YWHAB	c2
0.0148100603666586	0.208059368485475	0.322	0.233	1	QRICH1	c2
0.000736864789152158	0.208039506485721	0.886	0.846	1	TRIR	c2
0.12479588295926	0.208006871494401	0.075	0.051	1	UPRT	c2
0.9762259654798	-0.207953724937435	0.337	0.303	1	BTF3L4	c2
0.876620569435281	-0.207944312351974	0.075	0.071	1	TOP1MT	c2
0.59156350475972	-0.207840613240035	0.151	0.13	1	AGK	c2
0.0186666729148938	0.207779202621668	0.352	0.26	1	MRPS5	c2
0.944864486986018	-0.207764930941942	0.127	0.123	1	NDUFAF2	c2
0.334972155285839	-0.207663819655169	0.111	0.088	1	DNAJC30	c2
0.945429682384274	-0.20751224279358	0.139	0.133	1	TBRG4	c2
0.955114290995921	-0.207458155302338	0.117	0.112	1	TRMT6	c2
0.00973272359059881	0.207371791250872	0.548	0.432	1	NUCB1	c2
0.0612199800288438	0.207284571778535	0.127	0.087	1	MYSM1	c2
0.00524987866234791	-0.207272388035717	0.828	0.814	1	EIF4A2	c2
0.0203776128325903	0.207219886666369	0.639	0.494	1	TMC6	c2
0.832122133369477	-0.2071588898987	0.084	0.078	1	C2orf74	c2
0.0236949859977853	0.207027903549464	0.202	0.139	1	AFG3L2	c2
0.452490874347418	-0.207004852567156	0.099	0.083	1	MOSPD2	c2
0.963690992722005	-0.206996073700067	0.238	0.22	1	RAP1GDS1	c2
0.00946088017244457	0.206955404592729	0.497	0.377	1	IFI16	c2
0.831220879626007	-0.206900618844097	0.078	0.073	1	TRAF3IP2	c2
0.799272655790852	-0.20688092108436	0.238	0.211	1	APBB1	c2
0.610807247695719	-0.2067983334347	0.13	0.113	1	FRA10AC1	c2
0.0613577925251681	0.206659801372773	0.13	0.09	1	C6orf226	c2
0.390921538727054	0.206659114050428	0.066	0.053	1	LETM2	c2
0.113112980941734	0.206611818855054	0.214	0.166	1	EMG1	c2
0.9289866828823	-0.20647928021901	0.015	0.016	1	AC092279.1	c2
0.704722676010493	-0.206450099717226	0.187	0.167	1	PCNX4	c2
0.144315883861926	0.206444930889863	0.105	0.077	1	ZNF841	c2
0.34991248771661	0.206436335503015	0.021	0.014	1	MAFIP	c2
0.0715554018957608	0.20635724229659	0.093	0.062	1	ANAPC10	c2
0.579375981386283	0.206300435936705	0.015	0.02	1	LINC01970	c2
0.875334039333258	-0.206234497980784	0.313	0.286	1	TRAF1	c2
0.877493463692954	-0.206211547844538	0.145	0.135	1	MCRIP2	c2
0.852844635889049	-0.206081140511093	0.051	0.048	1	IDE	c2
0.843130401591738	-0.206020520793391	0.108	0.1	1	AMPD2	c2
0.939191738967493	-0.205934661985276	0.012	0.013	1	MAP10	c2
0.0251103024957179	0.205900694718581	0.063	0.033	1	CCDC138	c2
0.0221586199108961	0.205799092440524	0.268	0.19	1	PPA2	c2
0.0468294229993768	0.205793534558399	0.28	0.214	1	NGLY1	c2
0.0790151590311918	0.205761620002271	0.03	0.015	1	PPP1R16A	c2
0.0222110526268927	0.205720202137574	0.578	0.486	1	NDUFA13	c2
0.49368083430855	0.205704647662714	0.09	0.078	1	MED24	c2
0.0289128953222169	0.205672295976693	0.395	0.305	1	C19orf24	c2
0.887206930391979	-0.205609429881061	0.081	0.076	1	CREG1	c2
0.0210877144141005	0.205474096983973	0.223	0.156	1	GSKIP	c2
0.0294150086340755	0.205465314964478	0.151	0.1	1	WDR5	c2
0.0178634987319354	0.205425418153775	0.133	0.083	1	ZNF672	c2
0.149505482102316	0.205418154225029	0.142	0.109	1	MRPL30	c2
0.0117354434117311	0.205306540167969	0.452	0.336	1	PSMD6	c2
0.0268628088787918	0.20515032245795	0.361	0.274	1	RSU1	c2
0.00309567460623456	0.205120242519807	0.349	0.237	1	TNKS2	c2
0.0840188480181017	0.205028853784383	0.238	0.181	1	MRPS30	c2
0.129449572429766	0.204986854061816	0.075	0.051	1	MTRF1	c2
0.0158475353326822	0.204971148603742	0.235	0.16	1	VAV1	c2
0.0146238500279933	0.204933454709538	0.223	0.154	1	PIP4K2A	c2
0.384469627177672	-0.204865589224633	0.383	0.367	1	ORMDL1	c2
0.0157681550862141	0.204744909088557	0.25	0.173	1	MFSD1	c2
0.976399570303541	-0.204722517167635	0.19	0.178	1	COMMD10	c2
0.640941393504194	-0.204699449228968	0.051	0.044	1	SPAST	c2
0.0704114524629	0.204623640596648	0.494	0.418	1	NOP58	c2
0.0105886989271576	0.204583193495755	0.831	0.774	1	PSMA7	c2
0.280239457519141	-0.204461802555892	0.503	0.489	1	MAX	c2
0.12852480734761	0.204397376185524	0.202	0.158	1	RXRB	c2
0.00466309201820438	0.204394424234912	0.313	0.21	1	DNPEP	c2
0.0441531731169462	0.204323738551009	0.256	0.188	1	KARS	c2
0.0399400116020653	0.204231348550179	0.648	0.552	1	PAK2	c2
0.0777605670552747	0.204230593769889	0.172	0.125	1	BCL2L13	c2
0.385461353660176	-0.204223007750017	0.154	0.124	1	PRRC1	c2
0.754987722139691	-0.204014290544137	0.051	0.046	1	CCDC7	c2
0.139461748264284	0.203969528549929	0.142	0.107	1	GGA3	c2
0.509340999384713	-0.203818095255804	0.123	0.104	1	HDHD5	c2
0.0221752834129259	0.203733945703656	0.735	0.62	1	EWSR1	c2
0.126191495580228	0.203670791154288	0.127	0.093	1	RRP1	c2
0.823502223031515	-0.203577137183994	0.16	0.16	1	EIF2B5	c2
0.0382576651590181	0.203573996298241	0.13	0.087	1	SCO1	c2
0.0113835640904036	0.203556931733441	0.298	0.211	1	RNF113A	c2
0.020421638558408	0.203529346773318	0.346	0.251	1	CDIPT	c2
0.161956842806659	0.203515525300368	0.133	0.101	1	CES2	c2
0.0718046109018196	0.203410305415419	0.166	0.12	1	BMS1	c2
0.00350265678360873	0.203390206354744	0.274	0.181	1	DIP2A	c2
0.0153018265479708	0.203340523829952	0.259	0.184	1	MRPS31	c2
0.00499089977137878	0.20329062301659	0.337	0.232	1	TRAPPC2L	c2
0.0135073325685181	0.203218765676142	0.41	0.301	1	ETFA	c2
0.00295592070197196	0.203168881491263	0.449	0.323	1	RNF19A	c2
0.060850941369048	0.202990316328547	0.093	0.061	1	CCDC117	c2
0.247745042985408	-0.202858878125243	0.081	0.061	1	TRMT1L	c2
0.906286548228511	-0.202756741839765	0.214	0.196	1	TRMT1	c2
0.00999324497617279	0.202719139339169	0.373	0.273	1	C1D	c2
0.0422071406392677	0.202715067461973	0.151	0.103	1	MCUR1	c2
0.377643996920145	0.202693740889203	0.027	0.019	1	FCHO2	c2
0.943895474477469	0.202684913363709	0.033	0.032	1	WNT10A	c2
0.907267459215132	-0.202634956418319	0.048	0.046	1	PLAGL2	c2
0.151341166195706	-0.202541614117695	0.458	0.456	1	G3BP1	c2
0.0364631192633385	0.202496510778224	0.572	0.472	1	MDH1	c2
0.0025404585097233	0.202397916097001	0.298	0.196	1	CHD4	c2
0.0848293411732498	0.202381992668763	0.157	0.115	1	DOCK11	c2
0.458099641282852	-0.202377417451684	0.196	0.163	1	MRPL48	c2
0.151930121806952	0.202351373211034	0.111	0.083	1	MTFR1L	c2
0.736224222424622	-0.20223306111844	0.169	0.152	1	MSL2	c2
0.0147084922736441	0.20214722056623	0.247	0.17	1	INPP5K	c2
0.104809264780629	0.202095638412636	0.093	0.065	1	NBPF14	c2
0.0257130547714656	0.202015466901413	0.639	0.514	1	DDOST	c2
0.117801915071653	0.201878408354137	0.081	0.055	1	SLC25A17	c2
0.626731212437353	-0.201775099569461	0.127	0.112	1	CYP4V2	c2
0.525127141208361	0.201747259075906	0.027	0.021	1	FAM13A	c2
0.00236858302937856	0.201738688657031	0.404	0.285	1	FIP1L1	c2
0.0135556062283876	0.20172891271735	0.166	0.106	1	SKIV2L	c2
0.0839140680636078	0.20169170966076	0.196	0.147	1	ASPSCR1	c2
0.883277466383689	-0.201675866378768	0.018	0.017	1	ZNF607	c2
0.00120836317373043	0.201577362600974	0.395	0.277	1	RBKS	c2
0.267859287671811	0.2015564543305	0.099	0.078	1	MTG2	c2
0.871007952021651	-0.201541013039494	0.039	0.041	1	ZNF747	c2
0.303525256295799	0.201508007037105	0.066	0.05	1	STIMATE	c2
0.739437666439045	-0.201405972150279	0.286	0.276	1	RABGGTB	c2
0.0307639854128827	0.201247115847829	0.199	0.139	1	CDK10	c2
0.878991148301281	-0.201207847220021	0.136	0.125	1	PARD6A	c2
0.96279447289164	-0.201199488279346	0.123	0.119	1	LNPK	c2
0.0141168919021781	0.201084662251841	0.211	0.142	1	MKKS	c2
0.946881261285081	-0.201050222480704	0.084	0.082	1	RRS1	c2
0.0726230894202407	0.201046204580137	0.13	0.091	1	MPI	c2
0.732319376913769	0.200883607811376	0.015	0.013	1	PPP1R13B	c2
0.218363057261397	0.200835948137628	0.139	0.111	1	AL357060.1	c2
0.0531828059975282	0.200743564803945	0.398	0.313	1	TMED5	c2
0.861973094869535	-0.20069015913959	0.027	0.025	1	RRAS	c2
0.0203304046302317	0.200682266208638	0.184	0.123	1	CHMP6	c2
0.487164316724779	-0.200535181479243	0.184	0.16	1	GLA	c2
0.860498785201946	-0.200295852634198	0.027	0.025	1	TRAV18	c2
0.613341494718101	-0.20029003314336	0.175	0.181	1	STT3A	c2
0.0713528776038001	0.200071554098981	0.19	0.139	1	ZNF770	c2
0.0899354646024434	0.200030144269184	0.139	0.1	1	INO80	c2
0.000147721395729642	-0.199918540305999	0.973	0.975	1	DDX5	c2
0.073920146183974	-0.199748119935589	0.563	0.558	1	TSTD1	c2
0.0179258576764711	0.199628354924898	0.193	0.132	1	TMEM106C	c2
0.227113789869316	0.199542051348215	0.087	0.066	1	B4GALT4	c2
0.195749235143048	0.199530599866014	0.066	0.047	1	AL450998.2	c2
0.00165646350825097	0.199529949763898	0.877	0.795	1	ARF1	c2
0.0871553431167122	0.199494951650376	0.133	0.095	1	ANKRD54	c2
0.0127470042419363	0.19947873247758	0.452	0.34	1	LUC7L2	c2
0.361083913214502	0.199424750071586	0.099	0.082	1	MTMR9	c2
0.739499161145476	-0.199386209175083	0.015	0.013	1	CPNE8	c2
0.0374048145285429	0.199327611536582	0.226	0.164	1	MPHOSPH10	c2
0.072834673274615	0.199270380394824	0.572	0.492	1	AC020916.1	c2
0.00760293638874134	0.19918329748853	0.16	0.097	1	NQO2	c2
0.0483264062267823	0.199164115490658	0.44	0.35	1	DGCR6L	c2
0.0877855669883944	0.199079464631823	0.196	0.149	1	DNAJB2	c2
0.526114687450415	-0.1990447455893	0.142	0.122	1	DDX58	c2
0.0478986978631977	0.19902644414804	0.145	0.099	1	TMEM11	c2
0.00766260828251695	0.199012161305521	0.422	0.306	1	CNOT2	c2
0.397264102153286	0.198985185259701	0.039	0.029	1	TMED7	c2
0.834349532183953	-0.198818383056495	0.015	0.017	1	NPTXR	c2
0.333249691244423	0.198775027901775	0.06	0.046	1	BRD1	c2
0.389721779655171	-0.198760272375666	0.199	0.217	1	ATP2B1	c2
0.0171719372471678	0.198757568389839	0.627	0.518	1	RAD23A	c2
0.542887842217714	-0.198715965358304	0.25	0.212	1	TFAM	c2
0.01348629901659	0.198704323332875	0.361	0.263	1	COPS5	c2
0.582574316612299	-0.198596414177506	0.057	0.048	1	SAMD4B	c2
0.112295771125445	0.198584422446726	0.181	0.139	1	BID	c2
0.00693837972600506	0.198474010618299	0.792	0.664	1	SELENOH	c2
0.525904436107219	-0.198391118245532	0.117	0.1	1	COQ10A	c2
0.015168211091049	0.198377465867015	0.452	0.336	1	ADIPOR1	c2
0.924163617947206	-0.198348333641447	0.367	0.33	1	NECAP2	c2
0.040004662005877	0.198343721891006	0.524	0.422	1	ANXA2	c2
0.939191738967493	-0.198339316890939	0.012	0.013	1	TENT4A	c2
0.00765689276397986	0.198324783279957	0.753	0.618	1	GABARAPL2	c2
0.0196565077132455	0.198188838924136	0.123	0.076	1	PDSS2	c2
0.96326930687186	-0.198157819444222	0.271	0.247	1	TSEN15	c2
0.0369861851920333	0.198144895918929	0.533	0.426	1	NDUFAB1	c2
0.213211389046418	0.198093755823362	0.036	0.023	1	PKP4	c2
0.928608544093806	-0.197656825274682	0.105	0.101	1	PRPF39	c2
0.00573985922434569	0.19761887630509	0.729	0.609	1	ATP5PB	c2
0.424706073557872	-0.197542319450541	0.072	0.057	1	DNAJC16	c2
0.0466342575406542	0.197485765489227	0.639	0.551	1	CCT4	c2
0.929228167740626	-0.197460594297314	0.31	0.283	1	THUMPD1	c2
0.695777762981673	-0.197345016413031	0.06	0.053	1	SLC20A2	c2
0.0330553757525959	0.197278513807492	0.133	0.087	1	NAA30	c2
0.534332618254788	-0.197270472513638	0.042	0.05	1	SNN	c2
0.000786063736205043	0.197240616117029	0.506	0.357	1	GIMAP6	c2
0.938738115866501	-0.19712668473739	0.205	0.188	1	EIF2AK2	c2
0.936493301371389	0.197106233639071	0.012	0.011	1	CDAN1	c2
0.00432659457697082	0.196823760472905	0.337	0.227	1	AASDHPPT	c2
0.414162730750025	0.196515564614019	0.03	0.022	1	CCDC122	c2
0.63465291613209	-0.19642462731934	0.482	0.447	1	CCNH	c2
0.261995013176334	-0.196327914953739	0.554	0.532	1	HNRNPM	c2
0.0546476726634352	0.196298370335981	0.187	0.135	1	VAMP3	c2
0.145649578964856	0.196072286290724	0.066	0.045	1	WRAP53	c2
0.811937648124394	-0.195993470465078	0.123	0.113	1	COG1	c2
0.0290752959777283	0.195895382267976	0.693	0.608	1	ERH	c2
0.0398195478892748	0.195716858540261	0.102	0.065	1	TARS2	c2
0.882073588198481	-0.195700907695141	0.018	0.017	1	ZNF155	c2
0.277138070442143	0.19564547111469	0.139	0.112	1	COIL	c2
0.0474451305203127	0.195615668772801	0.084	0.052	1	JAK2	c2
0.0209647321358656	0.195536842379164	0.307	0.226	1	NELFE	c2
0.113480086293899	0.195402197554399	0.289	0.231	1	PSMC2	c2
0.213803305975069	0.195388925328039	0.111	0.086	1	COQ8B	c2
0.394734359301922	-0.195312796923875	0.651	0.599	1	GIMAP1	c2
0.0110872875399227	0.195298864177693	0.395	0.282	1	TRAPPC3	c2
0.0435777383400079	0.195293510773074	0.151	0.104	1	GLMN	c2
0.357382761994197	-0.195169252286933	0.175	0.142	1	LTBP4	c2
0.614139678954334	-0.195111918196208	0.096	0.084	1	WASL	c2
0.000260231314591841	0.195108516342994	0.334	0.212	1	PTPN18	c2
0.140914764749448	0.195053652672022	0.127	0.094	1	SHLD2	c2
0.0255585623586762	0.194946756640282	0.518	0.403	1	RSRC2	c2
0.697214923129161	-0.194945486646409	0.328	0.305	1	TMBIM1	c2
0.0233613368217765	0.194926810310364	0.455	0.346	1	TRA2B	c2
0.00298680484463292	0.194919198847841	0.66	0.53	1	FMNL1	c2
0.017483055383002	0.194715796733948	0.639	0.519	1	MAT2B	c2
0.0368623121662804	0.194680567349096	0.093	0.057	1	POFUT2	c2
0.0742077003297108	0.194640643877566	0.19	0.141	1	CRCP	c2
0.0852036148994049	0.194479351927596	0.358	0.284	1	COX20	c2
0.913012665291978	-0.194440519016556	0.075	0.075	1	ZNF680	c2
0.029442960741983	0.194348320415984	0.401	0.305	1	NAXE	c2
0.718770086192177	-0.194184948809953	0.045	0.04	1	TAF5	c2
0.0324781385768392	0.194136388588802	0.364	0.277	1	ACAA2	c2
0.0107620033767863	0.194086843905799	0.443	0.326	1	ZNF24	c2
0.396627925906456	-0.194001128586772	0.298	0.299	1	PPT1	c2
0.0307527443591546	0.193853247687117	0.346	0.261	1	CDK5RAP3	c2
0.0257125790759158	0.193815250024293	0.328	0.243	1	MAPKAPK3	c2
0.178288093027614	0.19378952506792	0.139	0.108	1	MAPK8IP3	c2
0.618264711575367	0.193681614424143	0.015	0.011	1	AP003392.6	c2
0.0471464246205815	0.193676794887623	0.262	0.196	1	KATNBL1	c2
0.452910359715905	0.193625141427521	0.033	0.025	1	PLEKHO2	c2
0.328122330169168	0.193510750700416	0.024	0.016	1	GLS2	c2
0.0227464053813408	0.193475562498906	0.283	0.207	1	DDX39B	c2
0.341330660860496	-0.193406001552231	0.422	0.412	1	PRPF6	c2
0.0228273162405423	0.193332959260116	0.62	0.514	1	ARHGAP45	c2
0.0476459114113829	0.19328589511851	0.277	0.207	1	MRPS16	c2
0.311342497071944	0.193281927778266	0.063	0.048	1	ZSCAN16	c2
0.0672394839686628	0.192928457776854	0.437	0.353	1	LSM3	c2
0.689941160883674	-0.192830425012509	0.012	0.009	1	AL096678.1	c2
0.060693681660925	0.192791222365068	0.114	0.077	1	SPRTN	c2
0.0897294076332959	0.192540110007745	0.105	0.073	1	ZNF268	c2
0.643792405297163	0.192521189936734	0.048	0.042	1	PARP2	c2
0.155264335604226	0.1925204245878	0.063	0.043	1	CCDC77	c2
0.0923590014013257	0.192512684540037	0.482	0.396	1	MRPL51	c2
0.522953707563754	-0.192468706648964	0.063	0.052	1	SPATC1L	c2
0.132987003594326	0.192435850468653	0.12	0.09	1	JMY	c2
0.575327812208497	-0.192340284726528	0.06	0.068	1	ZNF649	c2
0.114530529632142	-0.1922780531607	0.608	0.574	1	NDUFV2	c2
0.029334322209093	0.192121918356832	0.148	0.098	1	VPS13B	c2
0.082195623244634	0.192111495098405	0.226	0.171	1	RAB9A	c2
0.146337846842254	0.191960704892843	0.066	0.045	1	NDOR1	c2
0.0351428132332718	0.191806506802742	0.226	0.161	1	ZFC3H1	c2
0.00721051546592736	0.191591898151122	0.199	0.126	1	ACOT8	c2
0.0428463617402579	0.191496378123212	0.226	0.163	1	PTPN11	c2
0.0420845652608193	0.191489913385288	0.458	0.357	1	STMP1	c2
0.0199120849326409	0.191352787698299	0.111	0.068	1	EFL1	c2
0.969567960240098	-0.191340268656854	0.075	0.073	1	ZNF586	c2
0.326579824587239	-0.191315775441107	0.123	0.098	1	NAGPA	c2
0.0868027009960467	0.191243919306267	0.136	0.098	1	CC2D1A	c2
0.182866099604244	-0.191089656025926	0.057	0.039	1	ABHD11	c2
0.884287613073856	-0.191033415422297	0.03	0.031	1	SLC35F2	c2
0.00838290615888097	0.190949900986292	0.59	0.47	1	SF3A2	c2
0.574516731487875	-0.190930706613349	0.069	0.059	1	ANKAR	c2
0.0760032011477002	0.19078343787581	0.193	0.145	1	KPNA1	c2
0.49970047174911	-0.190641036984142	0.036	0.028	1	STPG1	c2
0.0476007819350444	0.190547820480301	0.154	0.106	1	POLR3C	c2
0.56816020143679	-0.190482484646126	0.202	0.207	1	ZNF862	c2
0.485881917362303	0.190448517040219	0.036	0.028	1	CCDC65	c2
0.825499650576829	0.190296686403905	0.009	0.01	1	ZNF630	c2
0.876431878986527	-0.190130022414918	0.084	0.085	1	NUP85	c2
0.0219618682461025	0.190097269171316	0.389	0.292	1	TMX1	c2
0.475404907761472	-0.190074446519466	0.352	0.344	1	ADSL	c2
0.0256217052502911	0.190011187299473	0.093	0.055	1	NF2	c2
0.104687436919618	0.189995677073562	0.036	0.02	1	CCDC141	c2
0.023167778338765	0.189980049913073	0.151	0.098	1	STAMBPL1	c2
0.0425306174538199	0.189944013731223	0.274	0.204	1	PHAX	c2
0.063142167650127	0.189900730632974	0.512	0.418	1	SDHC	c2
0.00238968404435097	0.189899631899497	0.602	0.471	1	GRK6	c2
0.106991592320639	0.189887471492335	0.774	0.715	1	CALM3	c2
0.26813939376163	0.18986340243391	0.042	0.029	1	USP45	c2
0.75060926579285	-0.189833934153813	0.337	0.311	1	MRPL18	c2
0.418422001323507	-0.189764584688738	0.078	0.063	1	KLHL21	c2
0.0782496174211617	0.189636523299247	0.283	0.223	1	AP2B1	c2
0.125810891925019	-0.189606008067453	0.042	0.025	1	ERRFI1	c2
0.44453947804682	0.189543232254548	0.033	0.025	1	ZNF589	c2
0.0143552465882054	0.189479870818865	0.633	0.509	1	BANF1	c2
0.0192831638524936	0.189372788425478	0.533	0.428	1	ARID4B	c2
0.011256986031199	0.189355740072401	0.747	0.635	1	ARF6	c2
0.0117647980116871	0.189328633389728	0.316	0.222	1	SMIM15	c2
0.634017799856491	-0.189244775650074	0.021	0.017	1	ZKSCAN3	c2
0.153570366737263	0.189234169553838	0.142	0.109	1	MSRA	c2
0.06681671149862	0.189144158931109	0.44	0.353	1	PSMC4	c2
0.0407849927857534	0.189117405625004	0.256	0.188	1	LRRC59	c2
0.336862718190108	0.189072106677863	0.096	0.078	1	HRAS	c2
0.0804011168438136	0.188970508062241	0.087	0.057	1	WRNIP1	c2
0.476547368076132	-0.188889805877936	0.099	0.083	1	NOL9	c2
0.108262176795693	0.188865123222697	0.145	0.107	1	CUL3	c2
0.885237146763553	-0.188839194940769	0.127	0.118	1	SH2D3A	c2
0.195849817300492	0.188830899734075	0.148	0.115	1	PTAR1	c2
0.83030213152456	-0.188815365343205	0.108	0.1	1	FAM114A2	c2
0.016213671338696	-0.188809687381134	1	1	1	H3F3B	c2
0.400853243806719	-0.188800355416619	0.557	0.521	1	TRIM22	c2
0.0352743644042223	0.188789287232918	0.16	0.11	1	APLP2	c2
0.131689913125271	0.188784254372678	0.169	0.129	1	IKBKB	c2
0.00851049318988139	0.18873958829945	0.729	0.623	1	VPS28	c2
0.048593772933261	0.188717332262978	0.081	0.05	1	DDX47	c2
0.620212795778616	-0.188701456494084	0.244	0.209	1	LENG1	c2
0.843206271993	-0.188701026589852	0.133	0.131	1	ZNF384	c2
0.778769176377406	-0.188674570545984	0.027	0.024	1	MLLT1	c2
0.652537199297693	0.188456889222221	0.051	0.045	1	ARHGEF40	c2
0.712654885470782	-0.188386339742376	0.187	0.163	1	SIGMAR1	c2
0.0617434310323195	0.188370917901617	0.172	0.122	1	MRPL15	c2
0.141737523589688	0.188131260959336	0.069	0.047	1	ZNF671	c2
0.630017296936117	0.188063696180138	0.03	0.025	1	ZNF776	c2
0.114878132708083	0.18804418971151	0.075	0.05	1	TTLL12	c2
0.0450404689691953	0.188032073556548	0.123	0.083	1	POLR3E	c2
0.036276826495469	0.187885829571904	0.373	0.284	1	GID8	c2
0.0576100193365489	0.187853099365602	0.145	0.1	1	SCAMP1	c2
0.315908185948925	0.187736156161637	0.108	0.088	1	BLOC1S5	c2
0.153093410742993	-0.187692846814101	0.148	0.178	1	CD300A	c2
0.105016185231037	0.18767716763352	0.024	0.011	1	DMGDH	c2
0.045371445070167	0.187561174858633	0.63	0.516	1	METTL9	c2
0.927983859530785	-0.187513371042717	0.181	0.169	1	SCOC	c2
0.516337621780219	0.187483992408202	0.048	0.059	1	TRBV19	c2
0.653640312892707	-0.187180838903054	0.187	0.188	1	TARDBP	c2
0.000129784355165893	0.187135350602176	0.982	0.953	1	YWHAZ	c2
0.0354721293820202	0.187100956318675	0.419	0.324	1	CAPRIN1	c2
0.00419102579245176	0.187037349994361	0.744	0.625	1	SRSF2	c2
0.703710557542224	-0.187004970641459	0.292	0.28	1	DPYD	c2
0.935539409912178	0.186910503771966	0.03	0.029	1	C3orf18	c2
0.0814912964335875	0.186881655362981	0.127	0.09	1	ZNF141	c2
0.830136691491409	-0.186812686752937	0.09	0.084	1	ZNF639	c2
0.0339406669440625	0.186760358966379	0.334	0.256	1	CCSER2	c2
0.792315786003497	-0.186749103380408	0.111	0.103	1	TUBB2A	c2
0.637091234896813	-0.186673807264607	0.066	0.057	1	HTD2	c2
0.0296562432355715	0.186523986044894	0.096	0.059	1	CLCN7	c2
0.91478261836181	0.186348389580724	0.027	0.028	1	FP565260.1	c2
0.0367285796166998	0.186218611826348	0.136	0.09	1	STX7	c2
0.497900894022163	0.186218471466639	0.051	0.042	1	C1orf159	c2
0.708208052765669	-0.186080254445698	0.087	0.092	1	ZNF567	c2
0.482247903788236	-0.185958583390809	0.093	0.078	1	GMDS-DT	c2
0.868156137436984	-0.185721989552978	0.16	0.147	1	TNRC6C	c2
0.0247871463197245	0.185652349762305	0.38	0.281	1	NCK1	c2
0.195155974232793	0.185493311185656	0.111	0.085	1	MAP3K13	c2
0.0978294362309814	0.18542977714086	0.47	0.386	1	DNAJA2	c2
0.00109678723427362	0.185295907879482	0.91	0.864	1	COX6A1	c2
0.0911634272718329	0.185295341625412	0.151	0.11	1	GAMT	c2
0.640067751634286	-0.185253617106091	0.196	0.17	1	UBR5	c2
0.0395468632666449	0.185210442332428	0.328	0.245	1	MRPL16	c2
0.0346070073621636	0.185160998327287	0.28	0.209	1	STX8	c2
0.0850146786050628	0.185119553905236	0.37	0.301	1	TES	c2
0.00818044806371582	0.185113395526477	0.639	0.493	1	TMEM230	c2
0.306871077399716	0.185103733076159	0.012	0.006	1	TRPV1	c2
0.809723187566739	-0.18503702498843	0.099	0.092	1	RPL39L	c2
0.0199456848481524	0.184993977445961	0.244	0.169	1	CXXC1	c2
0.0247809168597663	0.184955460538176	0.663	0.563	1	SSU72	c2
0.437836499181905	-0.184955458936513	0.096	0.078	1	TSR1	c2
0.0373527285667554	0.184953167349898	0.16	0.111	1	RIOK2	c2
0.0963829905045609	0.18486605031858	0.226	0.177	1	LSM12	c2
0.65262404054008	-0.184692096401351	0.127	0.112	1	YEATS4	c2
0.64421283955116	0.184657656914449	0.024	0.02	1	ALDH1B1	c2
0.00458289008709042	-0.184633599897238	0.84	0.865	1	C12orf57	c2
0.43583392107486	0.184553486344745	0.063	0.051	1	RP2	c2
0.626531239199674	-0.184529476551013	0.096	0.085	1	HIST2H2AC	c2
0.184126352892335	0.18450969008864	0.169	0.135	1	SP2	c2
0.0914002216897394	0.184490132933648	0.229	0.176	1	WDR46	c2
0.0358470422280637	0.18445888380336	0.075	0.044	1	DEPDC5	c2
0.0138792612788836	0.184416282524352	0.801	0.714	1	LRRFIP1	c2
0.0249920199833078	-0.184336669844498	0.88	0.855	1	HNRNPDL	c2
0.698879703521787	0.184323329953925	0.03	0.026	1	TRBV29-1	c2
0.0217139382922909	0.184296453535973	0.211	0.145	1	DDX42	c2
0.106533091185687	0.184285052620199	0.157	0.116	1	BTBD10	c2
0.359431365140042	0.184259375084371	0.13	0.148	1	TRAV8-2	c2
0.0215890251182829	0.184229265748217	0.334	0.242	1	NAA20	c2
0.000186832362982484	0.18420187192166	0.642	0.476	1	RGS2	c2
0.0313555651288938	0.184181422150382	0.319	0.245	1	PHF20L1	c2
0.0282617164106579	0.184167548042142	0.196	0.135	1	GTF2F2	c2
0.271266348573937	-0.184146972304378	0.277	0.29	1	PRKCQ	c2
0.134460722793416	0.184100747599367	0.099	0.071	1	FAM160B2	c2
0.014079150263348	0.184097220866796	0.304	0.22	1	CTCF	c2
0.732157643010861	-0.184066968972837	0.364	0.349	1	CNIH1	c2
0.0564332391607728	0.183960582595761	0.37	0.288	1	MRPL4	c2
0.0393361961540991	0.183952814038987	0.099	0.063	1	TRAPPC13	c2
0.760723109311362	-0.183952107535359	0.027	0.03	1	PLEKHG1	c2
0.882722882860505	-0.183935284609689	0.117	0.11	1	AC100810.1	c2
0.770743285896196	-0.183859472007559	0.241	0.215	1	RNF145	c2
0.11282914377835	0.183833405634275	0.325	0.261	1	CFDP1	c2
0.0348408213166572	0.18383036538632	0.358	0.273	1	SSRP1	c2
0.0327546962483599	0.183813308738808	0.223	0.159	1	SVBP	c2
0.0743581889100374	0.183807872321855	0.175	0.126	1	BRD3	c2
0.34481051922663	0.183772483348106	0.039	0.028	1	CACNB1	c2
0.198778960434475	0.183653418959426	0.117	0.09	1	GPATCH11	c2
0.180054286062306	0.183633030923685	0.205	0.165	1	ECD	c2
0.8639674897261	-0.18362770357221	0.383	0.351	1	COPB1	c2
0.00287221980757631	0.18354244847434	0.367	0.253	1	INO80E	c2
0.920166444168702	-0.183526740401404	0.286	0.273	1	CLINT1	c2
0.000221066519759051	-0.183462477941414	0.988	0.978	1	ITM2B	c2
0.0833449035925503	0.183425853140896	0.151	0.109	1	ZNF708	c2
0.417032235539724	-0.183397598496188	0.123	0.101	1	HPS4	c2
0.0702175613213213	0.183292598508895	0.154	0.11	1	EIF2B4	c2
0.0255343509720469	0.183286025860721	0.214	0.148	1	RDH11	c2
0.0116555437877061	0.183177802272399	0.34	0.243	1	ACTR1A	c2
0.222531683778825	0.183107644108959	0.045	0.03	1	SLC39A11	c2
0.797039645866211	0.183095246599823	0.033	0.03	1	DYNC2LI1	c2
0.0314660760147943	0.183065830820776	0.262	0.19	1	CEP85L	c2
0.990360102973551	-0.183005627325581	0.123	0.12	1	RAP2B	c2
0.213880594695486	0.182999105254303	0.054	0.038	1	DHX35	c2
0.0153769718923293	0.182933307907171	0.358	0.261	1	PSMB7	c2
0.859627769363467	-0.182759720175796	0.114	0.108	1	EEFSEC	c2
0.0824980931952447	0.182713798498423	0.455	0.365	1	YY1	c2
0.0345843585987085	0.182659377186056	0.187	0.13	1	RPP25L	c2
0.0146007836423893	0.182590021565173	0.401	0.288	1	SURF1	c2
0.506602348475297	0.182502318552745	0.015	0.01	1	C19orf73	c2
0.309356382154966	-0.182471536136659	0.03	0.043	1	AC111182.1	c2
0.6068495163912	0.182433992899372	0.042	0.036	1	KHK	c2
0.0180361778179435	0.182364893248673	0.361	0.261	1	BCCIP	c2
0.0233240191064777	0.182348071083789	0.244	0.172	1	GLRX5	c2
0.115480537885513	0.182268250088113	0.178	0.135	1	WASHC4	c2
0.0215494338890577	0.182201995599904	0.392	0.287	1	AP3S1	c2
0.618264711575367	0.182097783346326	0.015	0.011	1	SPINT1-AS1	c2
0.0742742243481128	0.181850663966758	0.211	0.158	1	KAT6A	c2
0.571236107789196	-0.181796467858023	0.473	0.434	1	AAK1	c2
0.00850027939193182	0.181772394568186	0.238	0.157	1	SUPT7L	c2
0.664759266639092	-0.18176356034065	0.111	0.098	1	PCMTD2	c2
0.00614494185903423	0.181680262594172	0.539	0.419	1	ZNF207	c2
0.757032821730895	-0.181677766937996	0.105	0.096	1	RRP12	c2
0.0398773991260276	0.181624790258388	0.72	0.609	1	SNRPG	c2
0.818914107757105	-0.181624001806679	0.19	0.186	1	PRKRA	c2
0.0330180791262064	0.181593755892379	0.253	0.183	1	MRPL22	c2
0.319600426080666	0.181539237377069	0.042	0.03	1	RLN2	c2
0.0337995998802011	0.181432889053025	0.265	0.196	1	HUWE1	c2
0.00195237294708535	0.181389378247756	0.928	0.884	1	HNRNPK	c2
0.0832752493607808	0.181330854149635	0.193	0.145	1	EXOSC9	c2
0.0778374758329418	0.181301980055622	0.485	0.399	1	DGUOK	c2
0.0396037896521959	0.18123322973239	0.238	0.175	1	GRK2	c2
0.00925041703823246	0.181216130616225	0.801	0.706	1	H2AFZ	c2
0.0934758654094102	0.181209166375784	0.358	0.287	1	ZFR	c2
0.0139772600410278	0.181193344287214	0.331	0.237	1	MED4	c2
0.593772731075981	-0.181184194228839	0.193	0.166	1	RETREG3	c2
0.0760037436890781	0.181050081770622	0.428	0.343	1	DCTN2	c2
0.033875638680612	0.181006364263555	0.41	0.313	1	PPP4R2	c2
0.895977137390983	-0.180984865314572	0.057	0.059	1	ZNF200	c2
0.865415012633833	-0.180939241841622	0.027	0.025	1	ZNF513	c2
0.0244573387485584	0.180857807032478	0.184	0.125	1	CISD1	c2
0.732971128175141	0.180809767334246	0.015	0.013	1	HIST1H1B	c2
0.731530486665965	-0.18077777919793	0.096	0.086	1	HSDL2	c2
0.578350136621137	0.180692054502321	0.09	0.079	1	DEF8	c2
0.276931928720491	-0.180688825441607	0.566	0.536	1	CACYBP	c2
0.092554950914259	0.180639303264957	0.334	0.269	1	HPRT1	c2
0.15375264663905	0.180568081150843	0.25	0.2	1	PLRG1	c2
0.0121935159774506	0.180554691204392	0.623	0.486	1	OCIAD1	c2
0.141715665206833	0.180475997936207	0.139	0.103	1	RPF2	c2
0.770493269881878	-0.180454095804765	0.081	0.074	1	KANSL3	c2
0.0780100368568189	0.180451732540949	0.419	0.335	1	PDE4D	c2
0.885222401677043	-0.180388762846638	0.313	0.29	1	MED30	c2
0.068529053414795	0.180323738617961	0.087	0.056	1	SLC12A9	c2
0.684122330701685	0.18025299567015	0.021	0.025	1	NET1	c2
0.383640086592437	-0.180148076364321	0.027	0.019	1	HEATR5A	c2
0.0230655035537016	0.180024194097826	0.133	0.084	1	SLC46A3	c2
0.98838377413921	-0.180010560495986	0.361	0.326	1	CHD1	c2
0.021131477753282	0.180009166025067	0.133	0.084	1	WDR70	c2
0.0155462473734388	0.179939343957717	0.262	0.179	1	NDUFS4	c2
0.0182885454685035	0.179828067587931	0.705	0.596	1	JTB	c2
0.0845708586138442	0.179780512425441	0.422	0.342	1	PCM1	c2
0.684640375373085	-0.179767521780196	0.033	0.028	1	LINC00265	c2
0.0438003868203776	0.179697120824791	0.166	0.117	1	DNM1L	c2
0.0162072158989921	0.179642280227963	0.184	0.122	1	SLC41A3	c2
0.368128130738621	0.17963552522919	0.12	0.1	1	PCGF1	c2
0.76999391490311	0.179614602183608	0.099	0.094	1	TRBV20-1	c2
0.430677300445517	0.179583068388002	0.042	0.032	1	OSGIN2	c2
0.0201533031277896	0.179565713664676	0.307	0.223	1	SMNDC1	c2
0.0041665396433392	0.179457396553168	0.913	0.838	1	EDF1	c2
0.9357606992315	0.179403993103262	0.012	0.011	1	SIRT4	c2
0.134673529525131	0.179391111316391	0.133	0.099	1	NR2C2AP	c2
0.0271383570356101	0.179324978137388	0.19	0.13	1	FADD	c2
0.000208735149385891	0.179312546189025	0.964	0.928	1	SLC25A6	c2
0.0440126033166244	0.178999812390618	0.449	0.365	1	TBCC	c2
0.0560006804829134	0.178933265960797	0.584	0.469	1	SRSF9	c2
0.0284622925595235	0.178888611950962	0.657	0.562	1	OTUB1	c2
0.366662608080076	-0.178885341610105	0.096	0.077	1	SLC39A13	c2
0.450591470205858	-0.178742854107607	0.09	0.074	1	NARFL	c2
0.0034124661857247	0.178677088315498	0.328	0.219	1	PRKD2	c2
0.0221251723774764	0.1786493888467	0.497	0.392	1	PNPLA2	c2
0.0483959572646143	0.178620317000511	0.184	0.132	1	NAPG	c2
0.0255021048921548	0.178606594695313	0.292	0.211	1	PACS1	c2
0.245838919020401	0.178603623968524	0.12	0.096	1	C2CD5	c2
0.0103644187468209	0.178553145286644	0.217	0.144	1	MBD1	c2
0.32723116908275	0.178518425520788	0.054	0.041	1	C17orf67	c2
0.862915910450247	-0.17849427823671	0.072	0.068	1	TFAP4	c2
0.320144528911354	0.178436626710245	0.078	0.062	1	KMT2B	c2
0.0268352078858921	0.178403734154807	0.41	0.307	1	OLA1	c2
0.0678769353938893	0.178341200758168	0.217	0.162	1	CCDC97	c2
0.858931226583964	-0.178332669212178	0.19	0.176	1	AK6	c2
0.0334571886696208	0.178245441104941	0.148	0.098	1	ATP13A1	c2
0.786815964217424	-0.178151946172433	0.25	0.24	1	FBXL3	c2
0.00924218773912789	0.178145647402884	0.193	0.122	1	AC010642.2	c2
0.664411740128826	-0.178130524044207	0.199	0.177	1	UBE2S	c2
0.186589006649756	0.178123906305211	0.196	0.156	1	TSR3	c2
0.672407766486416	-0.178065028972026	0.06	0.052	1	GCSH	c2
0.0133663441297169	0.178055789984516	0.47	0.354	1	LBR	c2
0.930643606052269	-0.177981013923078	0.087	0.087	1	INTS3	c2
0.358058734541879	-0.177912956159068	0.039	0.028	1	FBXW8	c2
0.942741477049878	-0.177778944687777	0.012	0.013	1	EPHA4	c2
0.0293709849631714	0.177763224929712	0.503	0.399	1	FAM177A1	c2
0.00549635868287977	0.17763471817646	0.361	0.249	1	B3GAT3	c2
0.475222733788004	-0.177364961760792	0.069	0.056	1	LIG3	c2
0.039958451033791	0.177335838586249	0.09	0.055	1	MYO18A	c2
0.561338109266039	-0.177308666662356	0.027	0.033	1	ZNF519	c2
0.199295894755324	0.17727210160096	0.051	0.034	1	TIMM8A	c2
0.0138110297345176	0.176982845092562	0.533	0.412	1	ILF3	c2
0.270081344248369	0.176967909019625	0.057	0.042	1	LMAN2L	c2
0.0320663114749653	0.176961658323579	0.56	0.446	1	RBBP6	c2
0.384968831464047	0.17693887199714	0.102	0.085	1	SKI	c2
0.0494775201781616	0.176891307700052	0.268	0.197	1	NDUFA8	c2
0.470319613288161	0.176874213692636	0.042	0.033	1	SETD9	c2
0.429358673225877	-0.176790549733949	0.127	0.103	1	RABEPK	c2
0.024164377498363	0.17670636408085	0.575	0.467	1	FERMT3	c2
0.272646940421018	-0.176552475539977	0.093	0.071	1	MSH6	c2
0.666287251993089	0.176507061535442	0.033	0.028	1	C4orf47	c2
0.223978795567356	0.176481002848455	0.045	0.03	1	EARS2	c2
0.555234395705263	-0.176343548040277	0.012	0.008	1	AC017002.3	c2
0.00539795652175561	0.176302641178377	0.53	0.383	1	TGOLN2	c2
0.100094041481045	0.176134312425752	0.148	0.109	1	RNF2	c2
0.825622925283869	-0.176127736317245	0.301	0.266	1	TBC1D10A	c2
0.0109629055047836	0.175904887254309	0.259	0.179	1	JPX	c2
0.0496060187249998	0.175868595160695	0.259	0.191	1	SMIM10L1	c2
0.0123065373888481	0.175743010902675	0.404	0.289	1	TIMM17B	c2
0.0614802817110833	0.175665957553508	0.184	0.134	1	ZNF585A	c2
0.0115308151408403	0.175659935329426	0.623	0.508	1	SP100	c2
0.60729071848676	-0.175629063353045	0.235	0.201	1	ELP5	c2
0.201227780976116	0.17557175376724	0.169	0.135	1	CEBPG	c2
0.650160602831003	0.175467428317451	0.024	0.02	1	FANCD2	c2
0.1083102664602	0.175440939386189	0.687	0.597	1	ATP5PF	c2
0.520020143798959	-0.175355503858466	0.696	0.67	1	CITED2	c2
0.0417638782016895	0.175317179261288	0.28	0.206	1	ARL16	c2
0.571562602789278	-0.175218274939148	0.304	0.259	1	SPOP	c2
0.0381235714526892	0.175211918656552	0.13	0.086	1	SDHAF1	c2
0.0144381142169798	-0.175166847649012	0.69	0.739	1	CD6	c2
0.751402042792281	-0.175157717938821	0.024	0.021	1	SLC25A28	c2
0.0864367770616646	0.175148256109588	0.072	0.046	1	MAP3K6	c2
0.00343213440687456	0.175144205834695	0.256	0.166	1	TAF11	c2
0.070778094516976	0.175120023362977	0.657	0.571	1	RNPS1	c2
0.0476086629148015	0.175071980606381	0.136	0.093	1	ANKFY1	c2
0.0664216727929845	-0.175013550543408	0.593	0.608	1	ARL4C	c2
0.813184436723825	-0.174916633812819	0.054	0.05	1	HAUS8	c2
0.911595435803768	-0.174881498660607	0.075	0.072	1	MICA	c2
0.254946871665648	0.174873845775803	0.039	0.026	1	ZWILCH	c2
0.0815184546659094	0.174856068976921	0.241	0.185	1	TENT2	c2
0.215030022711898	0.174851083663096	0.036	0.023	1	CENPQ	c2
0.194414216639479	0.174847793644929	0.193	0.156	1	WHAMM	c2
0.0150486872786906	0.174820672207405	0.331	0.234	1	IMMT	c2
0.700509192418821	-0.174774190197278	0.133	0.119	1	GAR1	c2
0.101777774151376	0.174754449916251	0.157	0.117	1	SNAP47	c2
0.977419211994514	-0.174664886322222	0.325	0.29	1	MED28	c2
0.278890935126592	0.174647977947263	0.105	0.084	1	POMGNT1	c2
0.0421084854778314	0.174600424237689	0.211	0.153	1	CBWD5	c2
0.0351297243819489	0.174530624426448	0.145	0.097	1	AKAP8	c2
0.276068345172937	0.174509983311047	0.096	0.076	1	POMZP3	c2
0.835902469598974	-0.1745088726626	0.181	0.163	1	COPS4	c2
0.522355182360287	0.174506630331634	0.054	0.045	1	YTHDF1	c2
0.0710532942946897	0.174504764636888	0.181	0.133	1	EIF4EBP2	c2
0.0351736830143438	0.174457557869222	0.304	0.225	1	NSL1	c2
0.614479912095567	0.174433307712936	0.021	0.017	1	NPHP4	c2
0.483603804967831	-0.174293588809823	0.021	0.028	1	TRBV7-3	c2
0.226135492784733	0.174289541740583	0.06	0.043	1	RBM43	c2
0.312657443681547	-0.174207082821003	0.06	0.045	1	TGFBRAP1	c2
0.0433745161578138	0.174156353438434	0.467	0.356	1	HDAC1	c2
0.090152623372874	0.174140966975282	0.217	0.165	1	MPZL3	c2
0.575822909316941	-0.174107299324173	0.075	0.065	1	FBXO4	c2
0.0265448232343822	0.174069063538105	0.217	0.15	1	EDEM3	c2
0.112276899115933	-0.173889108393163	0.813	0.797	1	TAGAP	c2
0.0224923351971456	0.1738163475873	0.139	0.089	1	PHYH	c2
0.240002502950581	0.173748280921074	0.117	0.092	1	COQ8A	c2
0.371343811129343	-0.173686258520882	0.051	0.039	1	ZNF584	c2
0.267971573291495	-0.173676065105087	0.702	0.679	1	DENND2D	c2
0.00585353532519375	0.173648976955516	0.934	0.921	1	CD2	c2
0.725854819150431	0.173644489989378	0.075	0.069	1	AASDH	c2
0.804401446786199	0.173555026666697	0.06	0.056	1	NUFIP1	c2
0.00753243399519515	0.17354376525547	0.678	0.536	1	ATP5PD	c2
0.639137059728783	-0.17352346938931	0.154	0.134	1	PDE12	c2
0.000199195981475873	-0.17351650326477	0.949	0.951	1	MIF	c2
0.868461057159439	-0.173514042541311	0.039	0.037	1	ZNF234	c2
0.444274699275334	-0.173504209952136	0.127	0.104	1	PEA15	c2
0.329370363429461	0.173478081173946	0.054	0.041	1	CTSF	c2
0.120769917827087	0.173435524025584	0.057	0.037	1	TRMT10A	c2
0.685575251561309	-0.173401961064602	0.012	0.009	1	RNF207	c2
0.431227005926228	-0.173367301542876	0.072	0.086	1	PATL2	c2
0.0287623592017444	0.173288490785246	0.343	0.257	1	FBXL5	c2
0.104873201179945	0.173171971956023	0.081	0.054	1	PAAF1	c2
0.047008537544477	0.173165876482682	0.295	0.228	1	RALBP1	c2
0.992947478395662	-0.17300761742254	0.292	0.265	1	IMP4	c2
0.0882211949999809	0.172838300009566	0.25	0.197	1	LRRN3	c2
0.876256296535994	-0.172771925090671	0.069	0.065	1	ATP23	c2
0.843257565640765	-0.172531544037642	0.036	0.033	1	AL121603.2	c2
0.611336740040307	0.17242373010424	0.021	0.017	1	PLCXD1	c2
0.120829063729895	-0.172385367226392	0.699	0.681	1	SQSTM1	c2
0.0134934987976978	0.172367795777062	0.283	0.196	1	XAB2	c2
0.146069676287273	0.172227023744192	0.084	0.06	1	ELP1	c2
0.0910249519326804	0.17222418234376	0.503	0.421	1	SRSF4	c2
0.133746853441064	0.172191694324774	0.12	0.089	1	SMG9	c2
0.801732343049571	-0.172178442552244	0.169	0.153	1	LEO1	c2
0.0212894485939698	0.172119293828313	0.373	0.274	1	NCOA4	c2
0.00991087794808668	0.172047479811937	0.298	0.207	1	REXO2	c2
0.0379970263106345	0.172017745541311	0.205	0.143	1	VGLL4	c2
0.0381144010766633	0.171969471003184	0.428	0.329	1	PPP6C	c2
0.839008935131466	-0.171960077158319	0.021	0.023	1	GSTCD	c2
0.0262769851512902	0.171955914151039	0.19	0.13	1	AP1G1	c2
0.466724819648772	-0.171952399625273	0.12	0.1	1	NCLN	c2
0.898515460371217	-0.171940967102761	0.136	0.133	1	PAQR8	c2
0.0669528267096676	0.171857387281519	0.214	0.16	1	GMPR2	c2
0.768872162182882	-0.171816782733278	0.145	0.133	1	SH3GL1	c2
0.0367250899715374	0.171733809838659	0.343	0.256	1	BAZ2A	c2
0.359074638201485	-0.171727953424871	0.06	0.046	1	PHF10	c2
0.495453983529179	-0.17167664537738	0.199	0.169	1	PRKAA1	c2
0.682496441152152	-0.171620445040443	0.033	0.028	1	SNX16	c2
0.446873500485941	0.171562716639324	0.027	0.02	1	GRK4	c2
0.0107257861888734	0.171452457558389	0.392	0.285	1	MLX	c2
0.197316601836779	0.171429597387701	0.09	0.067	1	C11orf71	c2
0.159341168253546	0.171330917725276	0.136	0.103	1	ZMYND8	c2
0.713141412416404	-0.171291845222409	0.193	0.172	1	PHF12	c2
0.0682848657190976	0.171274917985105	0.178	0.127	1	USP9X	c2
0.65443472642031	-0.171271915731939	0.139	0.122	1	AAAS	c2
0.0591651181755801	0.171259208836193	0.163	0.116	1	KIAA0100	c2
0.0619092485061006	0.171190960843523	0.154	0.109	1	ATG13	c2
0.514321759173062	-0.171115363756768	0.081	0.068	1	D2HGDH	c2
0.10051399294497	0.171096944568713	0.581	0.502	1	FIS1	c2
0.145667591495412	0.171028393558179	0.37	0.3	1	EIF4E	c2
0.00900222833148817	0.170979564458352	0.798	0.697	1	FKBP8	c2
0.0371584280503535	0.170944843305714	0.298	0.225	1	GLS	c2
0.0458900555236285	0.170829736379628	0.093	0.059	1	ERGIC1	c2
0.360785662661298	-0.170731431461964	0.154	0.125	1	TMEM9	c2
0.173457819147194	0.170504990811653	0.063	0.044	1	ZFYVE1	c2
0.904747249742189	-0.170416667981288	0.054	0.055	1	VKORC1	c2
0.933790376761144	-0.170404663607069	0.072	0.069	1	ACP6	c2
0.291508546881259	-0.170330771947004	0.081	0.062	1	TMEM120B	c2
0.765632587523781	-0.170284608443039	0.108	0.099	1	TMEM209	c2
0.0274570565316859	0.17027517665904	0.566	0.468	1	HNRNPL	c2
0.0484833364594956	0.170243658631052	0.187	0.134	1	SNX10	c2
0.0308400448634456	0.170170831758012	0.485	0.381	1	IK	c2
0.0246387156905836	0.170070748561902	0.678	0.561	1	DDX3X	c2
0.911483977786631	-0.170060964219642	0.208	0.192	1	HEXB	c2
0.880468169193717	-0.169957815927876	0.241	0.219	1	UNC119	c2
0.430360696659427	-0.169895430160169	0.117	0.098	1	ANKRD36C	c2
0.0249429163833961	0.16987473721362	0.497	0.373	1	MPC2	c2
0.975473162734355	-0.169820859489221	0.274	0.248	1	PSMB5	c2
0.0360186764947619	0.169781719635798	0.41	0.326	1	OS9	c2
0.825499650576829	0.169741590681301	0.009	0.01	1	BBOF1	c2
0.87057849051633	-0.169678443342857	0.078	0.074	1	BRD3OS	c2
0.0643582494994884	0.169537963151077	0.139	0.096	1	ORC2	c2
0.459966140493415	-0.169522806206422	0.431	0.401	1	H1FX	c2
0.116834043980295	0.169497612017402	0.235	0.184	1	LINS1	c2
0.291583729214283	0.169437520618584	0.069	0.052	1	HMBS	c2
0.428308698585479	-0.169417129007397	0.03	0.022	1	HECW2	c2
0.0606722259926953	0.169416756440357	0.123	0.084	1	DNAJC5	c2
0.0682239567249881	0.169384482654058	0.169	0.122	1	USP42	c2
0.983238047136749	-0.169358544810079	0.238	0.223	1	MZT1	c2
0.0546904993255522	0.169335435302063	0.16	0.113	1	HERC2	c2
0.213006146377407	0.169249933066352	0.063	0.045	1	ZNF26	c2
0.0279989515758254	0.169192015318524	0.247	0.176	1	ARFGAP2	c2
0.0699263698183506	0.1691860554298	0.211	0.157	1	R3HDM2	c2
0.00681821993389069	-0.169160992831059	0.946	0.931	1	COMMD6	c2
0.179859918080594	0.168992558397814	0.057	0.039	1	WDYHV1	c2
0.968373770771702	-0.168852437902137	0.051	0.051	1	MPP7	c2
0.458063427446568	0.168811312541911	0.084	0.07	1	PPOX	c2
0.0322583318082905	0.168800987508954	0.232	0.165	1	PLPBP	c2
0.0895001209624339	0.168632882681938	0.37	0.295	1	SMARCE1	c2
0.238736996392339	0.1685815286548	0.093	0.071	1	ZHX2	c2
0.833421587625905	-0.168499463203014	0.06	0.063	1	RABGEF1	c2
0.247449699451365	0.168392388112816	0.063	0.046	1	HEG1	c2
0.0387585523065519	0.16836459446764	0.482	0.391	1	ZRANB2	c2
0.432908589378935	0.168322939284004	0.021	0.015	1	MAST2	c2
0.0661277681208186	0.168262979455591	0.16	0.115	1	NSF	c2
0.0294481607967532	-0.168218245007501	0.87	0.86	1	RPL23	c2
0.0707110556900378	0.168120466418021	0.148	0.106	1	CSE1L	c2
0.105217046473633	0.167938697682926	0.169	0.127	1	MARK2	c2
0.852351336523859	-0.16778678239625	0.108	0.109	1	TXLNG	c2
0.0897760769860488	0.167727982036238	0.259	0.199	1	PDS5A	c2
0.00699715999149575	0.167682231193867	0.497	0.361	1	NRBP1	c2
0.0249650342282994	0.167674884373344	0.452	0.346	1	U2SURP	c2
0.58462589549494	-0.167625259822832	0.166	0.144	1	AARSD1	c2
0.16781586563351	0.167622883544045	0.687	0.585	1	DHRS7	c2
0.0370224562364473	0.167618622208568	0.238	0.171	1	PDHA1	c2
0.118494043600964	0.167606314872983	0.123	0.09	1	TRAF6	c2
0.876238646070662	-0.167575093746494	0.253	0.24	1	COPS8	c2
0.81653957620296	-0.16756631113072	0.081	0.075	1	PAK1IP1	c2
0.240142026041514	-0.167488451884785	0.627	0.62	1	MINOS1	c2
0.464406435315106	-0.167482007306393	0.169	0.143	1	PRR7	c2
0.981099183098278	-0.167348598919454	0.051	0.05	1	SARDH	c2
0.178257454174778	0.167246331613117	0.19	0.15	1	UPF3B	c2
0.0071832671368049	0.167126889858256	0.56	0.457	1	SMCHD1	c2
0.992653995204511	-0.167075006343449	0.09	0.088	1	ALDOC	c2
0.0828014286194516	0.167066997355211	0.325	0.251	1	AK2	c2
0.0410296510200324	0.167011167133562	0.114	0.074	1	CDK7	c2
0.0959305144802969	0.16700958646727	0.199	0.15	1	CTNNBL1	c2
0.448159645484653	-0.166791456354577	0.184	0.154	1	OARD1	c2
0.702585666787764	0.166722405020169	0.021	0.018	1	ZNF239	c2
0.787323013207625	-0.166716786362354	0.039	0.036	1	RNF103	c2
0.0948919072366324	0.166579859015687	0.099	0.068	1	NDUFAF1	c2
0.032902593141824	0.16650461388727	0.223	0.159	1	HAT1	c2
0.328316441697324	0.166296087919997	0.033	0.023	1	KLF16	c2
0.81701357539159	-0.166191943859885	0.06	0.063	1	WDR53	c2
0.643206180184695	-0.166181676237816	0.036	0.03	1	GSDMB	c2
0.512498720612945	-0.166120157046755	0.172	0.146	1	PLPP5	c2
0.118753403419175	0.166085623773208	0.096	0.068	1	DHRS12	c2
0.0153957480270314	0.166048429974678	0.569	0.44	1	SNRPB2	c2
0.321678883850439	-0.165979839985927	0.151	0.12	1	COPS7B	c2
0.0990121861405139	0.165895741109699	0.151	0.111	1	PAM16	c2
0.0318490537020394	0.165895128026929	0.133	0.087	1	APTX	c2
0.849460225086214	-0.165800047866068	0.084	0.086	1	SREBF1	c2
0.684225110060936	-0.165733419597533	0.084	0.075	1	RBFA	c2
0.970651400813696	-0.165732872904029	0.066	0.066	1	KIF9	c2
0.000654693119911067	-0.165460892750228	0.985	0.985	1	HNRNPA1	c2
0.0217477930599924	0.165388350154001	0.69	0.605	1	SAT1	c2
0.892785582657498	-0.165234117568861	0.054	0.051	1	RBM41	c2
0.0443157677424609	0.165139039132184	0.238	0.173	1	CUL5	c2
0.133701190214055	0.165100551325376	0.078	0.053	1	AC027097.1	c2
0.0557776331369384	0.164984853118032	0.575	0.472	1	RAD21	c2
0.497881894072622	-0.164927246215689	0.096	0.08	1	KDM3B	c2
0.0681644784759187	0.164818245939877	0.184	0.133	1	UHRF2	c2
0.935028151479911	0.164703720330572	0.012	0.011	1	ZCCHC14	c2
0.124835873415792	0.164678075172511	0.136	0.1	1	POP7	c2
0.178687349868046	0.164538681400093	0.105	0.079	1	KIAA0586	c2
0.580954329246215	0.164538473791638	0.13	0.115	1	ZBTB11	c2
0.0296851018972947	0.164484379950787	0.22	0.157	1	UBAP2L	c2
0.0667903123989177	0.164396016308229	0.099	0.066	1	FBXO33	c2
0.0145454589059859	0.16437455431844	0.151	0.095	1	VIRMA	c2
0.158100503027136	0.164334759993163	0.063	0.043	1	UBP1	c2
0.01809955915496	0.164304555233956	0.401	0.292	1	TMEM147	c2
0.363434827959656	-0.164304045208237	0.117	0.094	1	NTPCR	c2
0.0474811416090118	0.164182973518912	0.5	0.4	1	CHMP2A	c2
0.158527621083477	-0.164175098610568	0.726	0.706	1	SELENOK	c2
0.0262147349846169	0.164161616822615	0.277	0.202	1	LARP7	c2
0.110763735858795	0.164148324231128	0.253	0.197	1	DCAF8	c2
0.0236546696839235	0.164136721939666	0.142	0.091	1	PEX13	c2
0.0503330214457788	0.164111140700137	0.322	0.245	1	TAF9	c2
0.756788032680592	-0.164097974510863	0.042	0.038	1	ARHGAP19	c2
0.485510341171941	-0.164086054865071	0.123	0.106	1	SNX19	c2
0.00182736840609949	0.164026480531299	0.943	0.887	1	PPIB	c2
0.647443421373988	-0.164005232146922	0.075	0.066	1	BBS9	c2
0.0117876829125351	0.163902351707621	0.735	0.623	1	KMT2E	c2
0.0877559331849413	0.163876858593112	0.298	0.231	1	MAN2B1	c2
0.187856788129937	0.163851496059819	0.108	0.082	1	TACO1	c2
0.573052837921214	-0.163758273699925	0.018	0.014	1	ZNF674	c2
0.876253657015535	-0.163659431218728	0.051	0.048	1	RABL2A	c2
0.0497227534391306	-0.1634733599642	0.768	0.788	1	DAD1	c2
0.0672321889160648	0.163456634314861	0.196	0.145	1	UROD	c2
0.476477474701765	-0.163407474691165	0.16	0.133	1	EEF1AKMT2	c2
0.0168823581894804	0.163242921266304	0.416	0.319	1	SLC38A2	c2
0.0774330871882493	0.163192644039661	0.217	0.164	1	ACTR6	c2
0.143984629793278	0.163155585660758	0.084	0.06	1	GUF1	c2
0.0214299894318677	0.163051737652241	0.289	0.207	1	CD226	c2
0.0328526514996153	0.163013448436522	0.322	0.243	1	SQOR	c2
0.0187327875822138	0.16296348753559	0.801	0.703	1	UBXN1	c2
0.0627294545933453	0.162914085119061	0.22	0.164	1	PRR14	c2
0.427160683551833	-0.162797910994232	0.069	0.055	1	TMEM135	c2
0.00858111411415242	0.162797006301376	0.792	0.693	1	C4orf3	c2
0.244010001269987	0.162784583016527	0.057	0.041	1	MCAT	c2
0.0647654592360966	0.162764220709751	0.133	0.092	1	POLR2J3.1	c2
0.681219815313457	0.16275773882693	0.012	0.009	1	NPIPB11	c2
0.012743662217907	0.162737464316298	0.337	0.236	1	BLOC1S4	c2
0.00198902815189843	0.162667926776028	0.849	0.769	1	COX7A2	c2
0.0169512339522055	0.162655919179595	0.672	0.574	1	ADGRE5	c2
0.0226459580919293	0.162650743538023	0.289	0.208	1	ACTR1B	c2
0.0209267332972116	0.162599162914989	0.235	0.167	1	NCOA3	c2
0.469520029160112	-0.162598842344288	0.063	0.051	1	TEX10	c2
0.173860464841986	0.162513146459135	0.066	0.046	1	SLC2A11	c2
0.639446369193183	-0.162465914811249	0.012	0.016	1	HILPDA	c2
0.970728150898405	-0.162395809137833	0.337	0.313	1	PQBP1	c2
0.796164321117395	-0.162375061999226	0.09	0.084	1	MTERF1	c2
0.16562486750583	0.162337819212751	0.401	0.34	1	SRM	c2
0.122719952158107	0.162290336222666	0.515	0.419	1	MAGOH	c2
0.691439605704943	-0.162274021543689	0.458	0.422	1	RTN4	c2
0.339413355028517	-0.162196795788566	0.057	0.043	1	LINC00957	c2
0.476072223965259	-0.162182362571869	0.018	0.013	1	AL162258.2	c2
0.0624008550820668	0.162175223490349	0.361	0.283	1	SF3A3	c2
0.354408131979355	-0.162120922597929	0.03	0.021	1	PLA2G15	c2
0.17462909935575	0.162081180182824	0.111	0.084	1	CENPK	c2
0.129217529687925	0.162005700295248	0.084	0.059	1	TAX1BP3	c2
0.480195927665873	-0.161946718833622	0.081	0.068	1	PGM2L1	c2
0.0738779570968509	0.161908954880824	0.12	0.084	1	PAFAH1B2	c2
0.802367062815207	-0.161903142619487	0.03	0.027	1	MPP6	c2
0.300663073837528	0.161878585660927	0.117	0.094	1	KBTBD2	c2
0.015133822715541	0.161864784858295	0.355	0.264	1	CAPN1	c2
0.298741669649444	-0.161857846679525	0.063	0.047	1	LINC01089	c2
0.0109079009797892	0.161846866300237	0.238	0.16	1	WASHC1	c2
0.010795353113181	0.161824457480422	0.864	0.833	1	UBL5	c2
0.917846350909717	-0.161759670914731	0.449	0.397	1	RABGAP1L	c2
0.481687717883792	0.161654085433177	0.042	0.033	1	UBN2	c2
0.584774347362534	-0.161607617983556	0.051	0.043	1	TSEN2	c2
0.902652011055518	-0.161538608228439	0.021	0.022	1	DTWD2	c2
0.122784391854403	0.161461199658635	0.084	0.059	1	CCNY	c2
0.156186315532502	0.1614538024528	0.593	0.526	1	TNFRSF14	c2
0.0823313731416058	0.161409128601299	0.214	0.162	1	GNPAT	c2
0.532272430973907	0.161365502411812	0.087	0.076	1	MAML1	c2
0.223637149622808	0.161348652839203	0.096	0.073	1	CARS2	c2
0.560877677467225	-0.161329472490573	0.123	0.107	1	FBXO32	c2
0.813355209744785	-0.161299959812844	0.042	0.045	1	LAPTM4B	c2
0.570822861858154	0.161286696432295	0.018	0.014	1	CBWD3	c2
0.188495179248982	-0.161144026811848	0.217	0.168	1	ARL14EP	c2
0.752120023047202	-0.161071595902133	0.018	0.021	1	CTNS	c2
0.715050648661868	-0.160994824415732	0.136	0.123	1	PIGBOS1	c2
0.123704894842373	0.160954693729303	0.238	0.185	1	SLC25A36	c2
0.256738589056986	0.160813938769707	0.154	0.124	1	MAN2B2	c2
0.823946677778088	-0.160811996906957	0.187	0.169	1	ITFG2	c2
0.0261159820179204	0.160642051128439	0.265	0.189	1	TMEM208	c2
0.97156213408712	-0.160560831253889	0.051	0.05	1	ZBTB22	c2
0.119892530536953	0.160490061760855	0.241	0.187	1	POLR2H	c2
0.228753570314013	-0.160437198295532	0.666	0.631	1	BCAP31	c2
0.248328869408441	0.1602174779914	0.13	0.103	1	ATAD2B	c2
0.225207888274508	0.160130276524456	0.033	0.021	1	BTBD2	c2
0.634557593830896	-0.160045774710727	0.036	0.03	1	MBTD1	c2
0.0519873728837837	0.159989590975838	0.352	0.268	1	ARL5A	c2
0.023340614548905	0.159884323001763	0.298	0.218	1	PCSK7	c2
0.0386245158347029	0.159785525669435	0.199	0.141	1	MON2	c2
0.0551994512157825	0.159776744818852	0.184	0.132	1	ZZEF1	c2
0.23487971714996	0.159750980559246	0.042	0.028	1	ACTR3C	c2
0.993070857868131	-0.159744789829444	0.111	0.109	1	DBP	c2
0.0489776670325565	0.159729963864696	0.247	0.185	1	SPATA13	c2
0.851762176264748	-0.159667194378056	0.078	0.08	1	ADARB1	c2
0.0799128132523613	0.159574723960351	0.151	0.109	1	DPP9	c2
0.451698984895482	-0.159539677959979	0.036	0.046	1	TRBV3-1	c2
0.564730784945794	0.159536753099717	0.024	0.019	1	CDK2AP1	c2
0.825306562265752	-0.159415354197129	0.033	0.03	1	CLUH	c2
0.953069024118436	-0.159329928397865	0.033	0.033	1	TMTC3	c2
0.556401448713279	0.159286547466405	0.03	0.024	1	ACCS	c2
0.651119719227414	-0.159142990932829	0.051	0.044	1	ENTPD3-AS1	c2
0.199882881383369	0.159119983415619	0.105	0.08	1	TP53I11	c2
0.0244011181035707	-0.159110383896035	0.895	0.887	1	SNRPD2	c2
0.218620097188738	0.15898939561293	0.587	0.505	1	RPN1	c2
0.0277045874862141	0.158934939012243	0.217	0.15	1	MFAP1	c2
0.555924270194813	-0.158922590717699	0.012	0.008	1	HIST1H2AJ	c2
0.0501459224012341	0.15884973010612	0.136	0.093	1	ZBTB43	c2
0.261491790524251	-0.1588497152682	0.759	0.734	1	IL16	c2
0.166680008341271	0.158663212886324	0.075	0.053	1	TENT4B	c2
0.615957464699264	-0.158623792855385	0.093	0.082	1	ZNF14	c2
0.0196018484929969	0.158588957658182	0.123	0.076	1	LINC00426	c2
0.0593893493621026	0.158553364113605	0.178	0.127	1	DNAJC21	c2
0.764384988283369	-0.158504449168885	0.042	0.038	1	TTPAL	c2
0.386434590052659	-0.15850442838474	0.048	0.037	1	LSS	c2
0.508728421475813	-0.158446606492382	0.25	0.208	1	ARL8B	c2
0.0266303596421252	0.158446236441747	0.349	0.262	1	RRP7A	c2
0.788721036368581	-0.158406013677972	0.048	0.044	1	ZNF41	c2
0.780806274052148	-0.158403291996352	0.045	0.041	1	ATXN7L3	c2
0.510567113062986	-0.158352889571432	0.223	0.188	1	ARL1	c2
0.00857718862875328	0.158351634232564	0.846	0.746	1	EIF4G2	c2
0.700712461766853	-0.158323482861	0.265	0.262	1	NORAD	c2
0.161534308406357	0.158299433877948	0.798	0.747	1	PDIA3	c2
0.00544123628603069	0.158211898174283	0.877	0.822	1	UBE2D3	c2
0.0499316799364671	0.158198002470732	0.313	0.233	1	SMIM19	c2
0.981801121010833	-0.158131482327689	0.072	0.071	1	CDKAL1	c2
0.240613337127936	-0.158119978481607	0.139	0.108	1	LZTFL1	c2
0.815853779985858	-0.158089361848741	0.229	0.208	1	RNF220	c2
0.504307970642434	-0.158082727098507	0.494	0.449	1	SSR3	c2
0.998252626755046	-0.15806250131684	0.096	0.094	1	PRKAG2	c2
0.376401394482201	-0.157932709459408	0.018	0.011	1	ATL1	c2
0.162918225782151	0.157909928472394	0.087	0.063	1	CCDC6	c2
0.738192034725141	-0.157901247582677	0.015	0.013	1	CCT6B	c2
0.286075951086353	0.157885378083059	0.048	0.034	1	CDK2	c2
0.436579870895468	0.157784623284839	0.021	0.015	1	PMF1-BGLAP	c2
0.899785209274224	-0.157727693255905	0.22	0.204	1	ACBD6	c2
0.378763842992868	0.157682431069856	0.027	0.019	1	SLX4	c2
0.630225366760596	-0.157646387589746	0.081	0.071	1	FUNDC1	c2
0.015880541248848	0.157537975897571	0.346	0.25	1	RNF115	c2
0.796510292469863	0.157457940453858	0.021	0.019	1	ASTN2	c2
0.0919900254318056	0.157439619655539	0.274	0.215	1	PPP3R1	c2
0.0473969334818839	0.157219681322747	0.16	0.111	1	TM9SF1	c2
0.00365624254729654	0.157169497807764	0.235	0.15	1	LATS1	c2
0.417844977143043	-0.157069562721098	0.181	0.147	1	MOAP1	c2
0.472597680383088	-0.157047390524752	0.286	0.239	1	RFC1	c2
0.988769692582067	-0.156921511281853	0.199	0.189	1	CAB39	c2
0.344034237814407	-0.156899526245354	0.093	0.074	1	CEP290	c2
0.0230853993527567	0.156786857295702	0.602	0.481	1	TOMM5	c2
0.0239145389260749	-0.156629307960216	0.952	0.939	1	CD37	c2
0.628994011126868	-0.156607037874792	0.015	0.011	1	RAB38	c2
0.824661950062947	-0.156484187055945	0.057	0.053	1	NBPF11	c2
0.157956644747734	0.156428105311207	0.657	0.568	1	CD164	c2
0.653857148945261	-0.1563806636217	0.063	0.055	1	DIP2B	c2
0.594592647077791	-0.15629306997414	0.096	0.084	1	MED7	c2
0.0371591564725172	0.15623000249046	0.337	0.257	1	PLD3	c2
0.462517418654306	-0.156209921642288	0.506	0.479	1	HNRNPR	c2
0.834224462761013	-0.156152271589526	0.217	0.195	1	MED21	c2
0.0720648266170226	0.15613108632447	0.163	0.118	1	KIAA0319L	c2
0.373083934217662	0.15608915423656	0.084	0.068	1	LIN52	c2
0.11864210537537	0.156046621775121	0.289	0.226	1	GTPBP6	c2
0.462217833646362	-0.155981102770821	0.256	0.217	1	TFG	c2
0.971236954775624	-0.155919934361624	0.346	0.307	1	SRSF1	c2
0.0739450354523268	0.15584588039981	0.416	0.333	1	TMEM256	c2
0.065485907888809	0.155835709289708	0.461	0.379	1	PDE4B	c2
0.643910966427439	-0.155803794554792	0.145	0.127	1	GMPPB	c2
0.151459694609517	-0.155743845031901	0.681	0.662	1	ISCU	c2
0.075105962225768	-0.155648206984897	0.813	0.815	1	RPS17	c2
0.0455802357178572	0.155639248576162	0.202	0.143	1	CLASRP	c2
0.38991827730164	-0.155606496421945	0.127	0.103	1	GPANK1	c2
0.324276494408851	0.155578449919353	0.148	0.121	1	RRM1	c2
0.986604439099036	-0.155355219632077	0.018	0.018	1	XRCC3	c2
0.770664150009898	-0.155286548376945	0.244	0.238	1	KDM6B	c2
0.0347698070567773	0.155204218355824	0.325	0.243	1	PCMTD1	c2
0.280992061040768	0.155189801685891	0.099	0.078	1	MIR155HG	c2
0.202027753874745	0.15515457093455	0.136	0.107	1	CREBBP	c2
0.00508893585432781	0.155107374864171	0.913	0.825	1	ARL6IP5	c2
0.878497154612891	-0.155023820248373	0.093	0.089	1	MRNIP	c2
0.943446320837207	-0.154906320498248	0.271	0.254	1	PYCR2	c2
0.126823013504696	0.154887519418817	0.473	0.394	1	DDX6	c2
0.0191801795430669	0.154815962847801	0.696	0.605	1	EIF3D	c2
0.407250243281555	-0.15480969906822	0.151	0.123	1	EDC4	c2
0.226513037334753	0.154764012993476	0.072	0.053	1	PCGF6	c2
0.681424585988505	-0.15469627714072	0.337	0.319	1	FXR1	c2
0.153940277447839	0.154636826698707	0.042	0.026	1	NAIP	c2
0.00965293452696613	0.154636160207968	0.386	0.278	1	GIT2	c2
0.978694931246315	-0.154600670446774	0.262	0.245	1	NCBP2	c2
0.388612188413386	-0.154580673245391	0.172	0.142	1	UNG	c2
0.23316961613258	-0.154487115086561	0.175	0.139	1	SESN3	c2
0.0490269366042783	0.154480509457509	0.136	0.092	1	OGG1	c2
0.309796224420553	0.154448098314943	0.051	0.038	1	AP5B1	c2
0.161512507337461	-0.154412760778474	0.069	0.047	1	SLC4A2	c2
0.664665413392272	-0.154395066523704	0.295	0.287	1	SOD2	c2
0.286863914001711	-0.154376419083039	0.617	0.589	1	HSPD1	c2
0.0236178671328044	0.154337890359684	0.352	0.26	1	STAU1	c2
0.28602684645494	-0.154144604754331	0.051	0.037	1	TNFAIP1	c2
0.102903884915763	0.154094352344169	0.19	0.142	1	THAP4	c2
0.415091242344608	-0.154039812055605	0.401	0.394	1	JMJD1C	c2
0.139314097124706	0.153986799837527	0.105	0.076	1	AIMP2	c2
0.102759008512639	0.153814045300786	0.054	0.033	1	C1RL-AS1	c2
0.0314824032035395	0.15378799873269	0.193	0.133	1	ZMYND11	c2
0.0356633165151893	0.15375904435651	0.581	0.454	1	PGLS	c2
0.0239102847607329	0.153433367913902	0.289	0.209	1	ARAF	c2
0.0500229977006285	0.153314896567432	0.271	0.203	1	SLC38A10	c2
0.271629795540479	0.153303614365528	0.099	0.077	1	PGAP2	c2
0.62029962415357	-0.153280995893962	0.102	0.09	1	DOHH	c2
0.592311882283783	-0.153254190678408	0.09	0.078	1	PRR3	c2
0.158826837165463	0.153209853017948	0.042	0.026	1	CLPB	c2
0.237258188120313	0.153189429098545	0.133	0.104	1	ABHD12	c2
0.0688814998269322	0.153138777022418	0.524	0.424	1	HMGB2	c2
0.155254677443355	0.153099373750325	0.087	0.063	1	ZNF346	c2
0.105989580190746	0.153046169874106	0.057	0.036	1	FBF1	c2
0.0521156443900102	0.153045747693404	0.672	0.598	1	NDUFB4	c2
0.837491585356219	-0.153017791012806	0.145	0.144	1	TBC1D9B	c2
0.118333374283803	0.153014751172653	0.09	0.063	1	SPATA2	c2
0.380805889970191	-0.152905857450474	0.069	0.054	1	ADHFE1	c2
0.204781948787323	0.152899208504111	0.136	0.107	1	CHD1L	c2
0.726923954288545	-0.1528784164293	0.075	0.067	1	PTER	c2
0.942356002327637	-0.152828910645931	0.012	0.011	1	YPEL4	c2
0.358140047645637	-0.15281492422404	0.172	0.139	1	SCAF1	c2
0.0603252212740938	0.152755979767525	0.223	0.163	1	TATDN1	c2
0.0444413451481061	0.152629034441503	0.108	0.07	1	SAMD8	c2
0.710111445441117	-0.152549374502577	0.184	0.167	1	SPTBN1	c2
0.254921687490437	0.152533371020721	0.099	0.077	1	PPIL1	c2
0.944140809580784	-0.152461712265239	0.102	0.098	1	NOTCH2	c2
0.0726591595463882	0.152427785463247	0.346	0.272	1	BBX	c2
0.487946163718029	0.152318425310774	0.03	0.023	1	MIR222HG	c2
0.0633228855463796	0.152178974011067	0.196	0.142	1	BAG5	c2
0.097430000128169	0.15205103949051	0.114	0.08	1	RPTOR	c2
0.519480556786405	0.152012178376322	0.033	0.026	1	AC007383.2	c2
0.831650265489745	-0.152008927311179	0.012	0.014	1	CATSPERG	c2
0.769319336158344	-0.151987223594541	0.087	0.079	1	SMIM4	c2
0.0957227741251731	0.151976207477441	0.584	0.488	1	RWDD1	c2
0.085012281170897	0.151894505160603	0.259	0.201	1	KDM2A	c2
0.520994523265905	-0.151734247886564	0.096	0.082	1	HPS5	c2
0.68339621629257	0.151625533855118	0.012	0.009	1	MAGIX	c2
0.0729131227737318	0.15156756554544	0.452	0.362	1	PIAS1	c2
0.270397340106673	-0.151548699215908	0.527	0.511	1	SEMA4D	c2
0.0634692913550962	0.151522219925888	0.093	0.061	1	LMBRD2	c2
0.0534187813982167	0.151507111538832	0.22	0.162	1	UNC45A	c2
0.0337843133880118	0.151479748770053	0.139	0.091	1	FBXL20	c2
0.112604808532278	0.151398887545319	0.151	0.113	1	WDR48	c2
0.0348567581656169	0.151381459048728	0.178	0.123	1	RBM10	c2
0.760675473568075	-0.151289239856297	0.024	0.021	1	MTMR8	c2
0.596867115646558	-0.151132760542333	0.346	0.3	1	SFXN1	c2
0.442352441071035	-0.150985194947711	0.16	0.134	1	UTP6	c2
0.0245033770311715	0.150966606777524	0.259	0.183	1	TRPC4AP	c2
0.283513705495689	0.15095116147242	0.145	0.117	1	ZNF766	c2
0.568643192829011	-0.150928717200862	0.464	0.433	1	YME1L1	c2
0.338557369051613	-0.150825730973661	0.193	0.157	1	FAM111A	c2
0.919909123807325	-0.150783375233537	0.048	0.046	1	CENPH	c2
0.526967231985217	-0.15074329307008	0.021	0.016	1	LENG8-AS1	c2
0.0926221828542312	0.150702144569705	0.569	0.46	1	LSM14A	c2
0.234755072304521	0.150623758182696	0.253	0.209	1	NAE1	c2
0.414758204272562	-0.150505474645572	0.566	0.548	1	SNRPN	c2
0.0756495323485715	0.15047282039957	0.587	0.498	1	MPHOSPH8	c2
0.0785474632622799	0.150354660669247	0.506	0.435	1	RBM4	c2
0.0747825522940682	0.150209854317207	0.416	0.335	1	CCDC88C	c2
0.50371436778224	-0.150168689301924	0.078	0.065	1	TIMM44	c2
0.293952183897839	0.150149891675001	0.039	0.027	1	ZBTB49	c2
0.0319029017628412	0.150112525827037	0.193	0.135	1	ODF2	c2
0.708964343009671	-0.15001173960493	0.377	0.321	1	PITHD1	c2
0.0557475156052495	0.149940039107161	0.31	0.236	1	CHTF8	c2
0.0714295905272353	0.149932241849228	0.491	0.392	1	COPS6	c2
0.0212072428422525	0.149793194084333	0.476	0.367	1	DNAJB6	c2
0.0554619554691146	0.149741152617648	0.443	0.352	1	MAF1	c2
0.145209569353354	0.149555456768514	0.148	0.111	1	EPS15L1	c2
0.050947722150114	0.14948737542847	0.443	0.35	1	ATP5MC1	c2
0.913299538210105	-0.149402901389029	0.024	0.025	1	SMAGP	c2
0.229318492702828	0.149296810448697	0.066	0.048	1	BRWD3	c2
0.633850873244004	-0.149282500023552	0.114	0.1	1	PARP11	c2
0.686896673093489	-0.149215027893072	0.256	0.226	1	RETREG1	c2
0.0331935959760253	0.149121424626749	0.202	0.141	1	POR	c2
0.908741158240792	-0.149061107500391	0.386	0.358	1	SLC44A2	c2
0.0760734601864144	0.149052774730647	0.434	0.351	1	MTPN	c2
0.215357514762662	0.149021881466058	0.367	0.313	1	RNF4	c2
0.0923622528923461	0.148992075427658	0.169	0.124	1	ZNF593	c2
0.926137481709216	-0.148983721290444	0.024	0.023	1	SPDL1	c2
0.323470450459038	-0.14889649343661	0.208	0.167	1	ETFRF1	c2
0.0532627666938321	0.148738252841454	0.093	0.06	1	TCAIM	c2
0.0132414655139009	0.148727515265638	0.232	0.158	1	AGO3	c2
0.079573963088028	0.148704516004631	0.102	0.069	1	KLHDC7B	c2
0.306058090705479	-0.148689627966241	0.259	0.207	1	PPP2R5A	c2
0.922978418944085	-0.148649310309297	0.06	0.061	1	FEM1C	c2
0.0246278165392928	0.148630682803398	0.651	0.531	1	VCP	c2
0.625028670751751	-0.1486130604502	0.175	0.155	1	AD000671.2	c2
0.0322021176437917	0.148585461126118	0.172	0.117	1	C1orf35	c2
0.122423279638145	0.14857779779684	0.298	0.237	1	AKR7A2	c2
0.704848539474017	-0.148572612467321	0.081	0.073	1	TCAF1	c2
0.877759461470003	-0.148544783077624	0.117	0.117	1	MAP3K1	c2
0.768936049260806	-0.148493818856577	0.054	0.049	1	ZNF184	c2
0.44590252020143	-0.14834595876589	0.066	0.053	1	ZNF740	c2
0.192738022952834	0.14822811361775	0.069	0.049	1	EEF2KMT	c2
0.162157943934063	0.148211482992729	0.449	0.379	1	PITPNC1	c2
0.0802347176786872	0.148204313527643	0.166	0.122	1	ZNF101	c2
0.743299962007612	-0.148174891919318	0.247	0.222	1	DCTN4	c2
0.621016025436043	-0.148134522579844	0.136	0.119	1	DUSP16	c2
0.0503705188411639	0.148104408006535	0.792	0.719	1	SAP18	c2
0.630158476826092	-0.148089927475719	0.051	0.044	1	ANGEL1	c2
0.215513381080493	0.147979550771927	0.229	0.186	1	OXCT1	c2
0.11422228037178	0.147964837829135	0.202	0.155	1	NUP107	c2
0.31056921682873	0.147955466698352	0.036	0.025	1	DIRC2	c2
0.954596661158343	-0.14749569193305	0.03	0.029	1	NOP9	c2
0.0757436057408676	0.147450123370156	0.59	0.487	1	UBE2N	c2
0.302325121974159	-0.147305457036372	0.03	0.02	1	ACAD11	c2
0.631952618524106	-0.147280811086868	0.036	0.03	1	ZNF256	c2
0.223198683634167	0.147159097216078	0.063	0.045	1	LLGL1	c2
0.746792356855562	-0.147014438966877	0.018	0.021	1	RFC3	c2
0.811462234933262	-0.146970140486817	0.123	0.124	1	ENOSF1	c2
0.94050200038463	-0.146969346375769	0.136	0.131	1	FAM122A	c2
0.45329273868271	-0.146932452683525	0.093	0.077	1	RPE	c2
0.0860001221758188	0.146918408460564	0.169	0.123	1	CUL2	c2
0.0159442360679523	0.146850659144794	0.133	0.082	1	SLC39A9	c2
0.0214643888582306	0.146761061669601	0.099	0.059	1	MICAL2	c2
0.136086971164233	0.146743774530874	0.051	0.032	1	SEPSECS-AS1	c2
0.252766700061042	0.14670906580762	0.054	0.039	1	ZFP1	c2
0.871151369584472	-0.146675795781202	0.428	0.391	1	MYCBP2	c2
0.610481008101134	0.146637138255272	0.009	0.013	1	CMC4	c2
0.0713203235984555	0.146596571719647	0.226	0.167	1	METAP1	c2
0.750954538103242	-0.146414821762739	0.111	0.101	1	HSD17B4	c2
0.744292000795517	-0.146411561612978	0.069	0.063	1	PDCD11	c2
0.129321529743336	0.146367077776177	0.175	0.134	1	AL365205.1	c2
0.433522706810742	0.146322683631664	0.154	0.132	1	RABL2B	c2
0.492573668418834	-0.146277250712272	0.289	0.242	1	TIA1	c2
0.109192239918879	0.146147807486458	0.485	0.414	1	NDUFA2	c2
0.0212762560960047	0.14599096933974	0.578	0.471	1	SNX6	c2
0.00221713748427129	0.145969792359393	0.244	0.153	1	MPRIP	c2
0.0505984446684442	0.145920444676551	0.127	0.085	1	DLG1	c2
0.0857373461167124	0.145785278480185	0.157	0.113	1	ZC3H14	c2
0.49515634976329	-0.145753112799829	0.06	0.049	1	ZDHHC2	c2
0.849473553404285	-0.145704545878936	0.048	0.05	1	GEMIN2	c2
0.0401311171632468	0.145631232715931	0.515	0.41	1	REST	c2
0.343358042656313	0.145630764203509	0.039	0.028	1	FOXK2	c2
0.0620396945660879	0.145446775005395	0.093	0.061	1	NRDE2	c2
0.526838586413318	-0.145410849860503	0.241	0.204	1	LAMTOR3	c2
0.219020342386865	0.145390196271239	0.117	0.091	1	MLH1	c2
0.155622135931493	0.145274566215612	0.148	0.112	1	PRMT7	c2
0.0593717851266614	0.145220442692649	0.139	0.095	1	YBEY	c2
0.053599775921469	0.145187178596518	0.229	0.17	1	OSBPL9	c2
0.0778111824109603	0.145063720124892	0.509	0.403	1	SAMHD1	c2
0.518804973170784	-0.144987958311607	0.211	0.181	1	USE1	c2
0.592767584372953	-0.144959798961527	0.157	0.136	1	ARFIP2	c2
0.614342707697439	-0.144952741983029	0.081	0.071	1	THAP12	c2
0.10487075411305	0.144849787580556	0.205	0.159	1	PTGES2	c2
0.0265807650169349	0.144816862865617	0.16	0.106	1	RNF41	c2
0.033615158952427	0.144785437439153	0.63	0.524	1	AUP1	c2
0.88546511158853	0.144779570443188	0.03	0.028	1	ABHD6	c2
0.0566074011327566	0.144771502404042	0.19	0.137	1	RNGTT	c2
0.0416088531255917	0.144745409844821	0.175	0.122	1	RHOT1	c2
0.172801574663678	0.14468728033288	0.048	0.031	1	LINC01588	c2
0.731667818662041	0.144665689700165	0.015	0.013	1	SLC16A11	c2
0.153917885476198	0.144600401688952	0.443	0.371	1	MT2A	c2
0.877816238060085	-0.144597048405352	0.108	0.103	1	AMDHD2	c2
0.767652820776688	-0.14456888937327	0.268	0.242	1	NUP210	c2
0.300596744761388	0.144504087320317	0.015	0.008	1	NEIL1	c2
0.978666294114165	-0.144385943838563	0.027	0.027	1	CSRNP2	c2
0.521305046592301	0.144365931402046	0.039	0.031	1	FAM27C	c2
0.0564057622160468	0.144358612569759	0.259	0.196	1	TRAF5	c2
0.0839770796393893	0.14428154078069	0.605	0.497	1	ZNF706	c2
0.0733272807967708	0.144255565022238	0.801	0.697	1	ATP5MD	c2
0.048443696499744	0.144166060738738	0.217	0.158	1	LINC00649	c2
0.0392856643672397	0.144076805914428	0.196	0.139	1	KLC1	c2
0.0236189366792653	0.144070120210018	0.247	0.173	1	CCDC57	c2
0.828906148244801	-0.144059634072138	0.084	0.087	1	CKS1B	c2
0.173035135627827	-0.144048260938708	0.605	0.592	1	TECR	c2
0.103805010072793	0.143974404419913	0.133	0.096	1	ETFDH	c2
0.778894188949723	-0.143938547476089	0.163	0.15	1	MED19	c2
0.558104261618197	-0.143910404233062	0.157	0.135	1	FRMD8	c2
0.32714425858709	-0.143872091782713	0.199	0.162	1	ZNF506	c2
0.0281111009187211	0.143823036848941	0.422	0.316	1	GNAI3	c2
0.000457963336258191	-0.143789302004434	0.997	0.993	1	EEF1D	c2
0.4138734626392	-0.143666859371433	0.127	0.104	1	SMYD3	c2
0.0249659553836237	0.143656174868924	0.205	0.142	1	DMTF1	c2
0.52720531732383	0.143643070391899	0.054	0.045	1	ZNF254	c2
0.972210664909695	-0.143532594992622	0.114	0.11	1	TMEM116	c2
0.941688917882302	-0.143525835305474	0.34	0.302	1	CELF1	c2
0.0743469591837449	0.143496782717399	0.142	0.1	1	IMMP1L	c2
0.302747024764661	0.143416486583753	0.057	0.043	1	REXO1	c2
0.0177643289944344	0.143379554944543	0.241	0.165	1	MED6	c2
0.541791659040371	-0.143337537244917	0.127	0.108	1	TYW1	c2
0.0811037107702944	0.143245975061723	0.063	0.039	1	IPP	c2
0.11104188763319	-0.143196213736502	0.837	0.805	1	FUS	c2
0.205073587543197	0.143174312042209	0.081	0.06	1	GMEB2	c2
0.698872285326132	-0.14313582585768	0.081	0.088	1	DSE	c2
0.326256945644017	0.143112461549285	0.06	0.046	1	HCFC2	c2
0.0719245513706849	0.143065008711233	0.377	0.292	1	SPG21	c2
0.392329275494188	-0.142999530258773	0.015	0.009	1	GCNA	c2
0.678350747664463	-0.142993738945337	0.322	0.285	1	CHORDC1	c2
0.209248882833686	0.142941974444069	0.021	0.011	1	PPP2CB	c2
0.409008777544781	-0.142885338593709	0.13	0.107	1	TM9SF4	c2
0.026120448763661	0.142795360462079	0.226	0.159	1	LZIC	c2
0.0983815915250159	0.14276791288818	0.545	0.423	1	SCAMP2	c2
0.112574605702495	0.142697998477826	0.127	0.093	1	SMARCAD1	c2
0.626492766393417	-0.142674660460643	0.042	0.036	1	FASTKD3	c2
0.756034365356202	-0.142521499033414	0.024	0.021	1	ZNF483	c2
0.0920024507899663	0.142518641398051	0.232	0.175	1	AKAP8L	c2
0.298814186056858	0.142404191221964	0.151	0.125	1	NIPAL3	c2
0.184435106415379	0.142217252512649	0.045	0.029	1	CCZ1	c2
0.100030472055523	0.142203629068069	0.229	0.171	1	COMTD1	c2
0.150976308742284	-0.142136563080199	0.178	0.134	1	MAP3K11	c2
0.0599183766745041	0.142126963441988	0.277	0.207	1	CARD11	c2
0.838722087630492	-0.142107601531181	0.325	0.318	1	SERTAD1	c2
0.239422446609986	0.142058145262933	0.241	0.199	1	ZNF622	c2
0.22380908608965	0.141928498977089	0.13	0.102	1	FAM168B	c2
0.226994989297755	0.141857453913389	0.057	0.041	1	ODR4	c2
0.1137581087793	0.141853490946345	0.13	0.094	1	NEDD1	c2
0.312171564723155	0.141796845093347	0.051	0.038	1	AP4S1	c2
0.0392706523999059	0.141794190588304	0.16	0.11	1	PARP6	c2
0.147662543057657	0.141791773952525	0.434	0.369	1	IGBP1	c2
0.0721007673043511	0.141762582877698	0.108	0.073	1	PRIM2	c2
0.802295804350053	-0.141727243510945	0.681	0.607	1	IKZF1	c2
0.396031996486462	0.141670072511109	0.015	0.009	1	STK36	c2
0.354655305445611	-0.141660704056759	0.497	0.484	1	ATP6AP2	c2
0.110737141841635	0.141641297500765	0.093	0.065	1	MIEF1	c2
0.136547448183062	0.141494555172537	0.422	0.348	1	PDCD2	c2
0.255223040680105	0.141470311512117	0.163	0.131	1	MCMBP	c2
0.399261994440867	-0.141366461302281	0.114	0.094	1	TAF8	c2
0.142931189296107	0.141360110618262	0.623	0.548	1	SELENOT	c2
0.0326864607495232	0.141353371044236	0.211	0.148	1	DENND4C	c2
0.108709839650921	0.141258700523021	0.148	0.11	1	STRIP1	c2
0.311029997332991	0.141149633430003	0.081	0.064	1	TMEM161B-AS1	c2
0.741461261472939	-0.141119322223005	0.015	0.013	1	AC083880.1	c2
0.79940052593825	-0.141103818202683	0.425	0.362	1	SEC11C	c2
0.123184766379601	0.141085065488227	0.548	0.485	1	PPP1CC	c2
0.607311294035228	-0.141051170752643	0.021	0.026	1	AF213884.3	c2
0.0886378640871278	0.141046679113881	0.145	0.106	1	KIAA2026	c2
0.785640193408831	-0.140935798185056	0.057	0.052	1	PDIK1L	c2
0.0173317713113303	0.140884126989364	0.304	0.218	1	ORMDL3	c2
0.025039569730573	0.140840363646361	0.446	0.329	1	PMPCB	c2
0.781204971559186	-0.140839458936965	0.027	0.024	1	ZNF879	c2
0.125329421236052	0.140816734391168	0.078	0.053	1	SLC26A2	c2
0.681938576630479	0.140759516060493	0.042	0.037	1	VPS33B	c2
0.288526987136168	0.140744352004508	0.105	0.084	1	VPS45	c2
0.126338545748733	0.140681954468943	0.253	0.203	1	CLK3	c2
0.679643683851243	-0.140604999300642	0.157	0.142	1	CBX1	c2
0.0107129442674532	0.140418130887141	0.747	0.601	1	RAP1A	c2
0.384529014003902	-0.14030560867367	0.099	0.08	1	TRMT13	c2
0.87356943036908	-0.140263057094818	0.151	0.141	1	NINJ1	c2
0.271532008750783	0.140240134136662	0.482	0.413	1	PTBP1	c2
0.87891939183236	-0.140192062746347	0.473	0.423	1	ANXA7	c2
0.898000826719367	-0.140167921598367	0.455	0.398	1	EIF2A	c2
0.825600429462343	-0.140146536379195	0.283	0.252	1	AZIN1	c2
0.326771478198715	0.140120241464467	0.033	0.023	1	AC016876.1	c2
0.215288744845075	0.14008594066469	0.093	0.07	1	SUGP1	c2
0.000934328534189875	0.140053054545756	0.988	0.976	1	SRGN	c2
0.667140258436223	-0.13995132112048	0.217	0.192	1	PLEC	c2
0.0570466583080051	0.139780543693416	0.22	0.16	1	DDX23	c2
0.164660953228593	0.139717675704473	0.105	0.078	1	PDP1	c2
0.148952048685035	0.139709268920412	0.157	0.121	1	CNOT11	c2
0.0942082137697103	0.139680457987715	0.551	0.445	1	PNN	c2
0.0744576456457705	0.139620933761924	0.157	0.111	1	PHACTR4	c2
0.0945249593980469	0.139557580126899	0.096	0.066	1	RFC2	c2
0.0241535362647065	0.139544155268972	0.482	0.363	1	SP110	c2
0.0244849818293331	0.139455793064452	0.117	0.073	1	ACOT2	c2
0.253947739302553	0.139367231160978	0.148	0.118	1	PELP1	c2
0.102361237933504	0.139354659031227	0.127	0.091	1	CAMTA2	c2
0.684848614759477	-0.139332547105695	0.012	0.009	1	AL034549.1	c2
0.550417019275469	0.139267669002266	0.012	0.008	1	ZSWIM1	c2
0.022192006504707	0.139160952061061	0.042	0.019	1	NCKAP5L	c2
0.00577454325225106	0.139151529023203	0.485	0.349	1	WDR33	c2
0.0559046019667247	0.139027010836361	0.506	0.405	1	OPTN	c2
0.0209408427546189	0.138970642211239	0.151	0.097	1	LMNB1	c2
0.361222296769644	-0.138949853032497	0.06	0.046	1	NAP1L5	c2
0.941321441369998	-0.138945687194269	0.012	0.013	1	C5orf34	c2
0.0427445612336528	0.138840288434465	0.289	0.214	1	HDAC7	c2
0.401710778497278	0.138827398082817	0.024	0.017	1	ZNF93	c2
0.52788689423604	0.13882161879477	0.072	0.062	1	PPP1R14B	c2
0.0974406172916243	0.138788784024109	0.404	0.321	1	DNPH1	c2
0.545163199406059	-0.13871506516577	0.045	0.053	1	FAH	c2
0.589102244054988	-0.138704719367426	0.569	0.486	1	TMC8	c2
0.0121649952125749	0.138492396807543	0.741	0.611	1	LBH	c2
0.713062571476432	-0.138478155793586	0.075	0.068	1	USP12	c2
0.828729615305362	-0.138342592938992	0.072	0.075	1	RAB33B	c2
0.0392200618009142	0.138241520605643	0.163	0.111	1	COMMD9	c2
0.373512373195998	0.13817274294972	0.048	0.037	1	CCDC85C	c2
0.152049207490242	0.138160403237721	0.093	0.067	1	POLR3H	c2
0.0129275072297797	0.138145804229246	0.265	0.182	1	YY1AP1	c2
0.796324757140945	-0.138081400647014	0.241	0.238	1	CHRM3-AS2	c2
0.0268650454278586	0.13780095864849	0.392	0.306	1	OGA	c2
0.576216883935343	-0.13777473182542	0.22	0.188	1	FAM200B	c2
0.167585615191761	0.137728510617188	0.123	0.094	1	BAIAP2	c2
0.135431233346719	0.137721026783732	0.253	0.203	1	MRPL38	c2
0.592360987453901	-0.13767282137924	0.364	0.308	1	GOLGA8B	c2
0.89407169734789	0.137661023448079	0.021	0.02	1	PHLDA3	c2
0.0555350426193554	0.137624418849355	0.313	0.234	1	ELOVL1	c2
0.311316728170507	0.137620961035487	0.078	0.061	1	CHST14	c2
0.031666320481027	0.137599376635162	0.102	0.063	1	ADAT1	c2
0.551108484046646	0.137591208288932	0.036	0.029	1	SGCB	c2
0.241667672198647	0.137580883753135	0.13	0.102	1	CTDSPL2	c2
0.103161488883417	0.137424472354359	0.37	0.294	1	SUGT1	c2
0.12329245392658	0.137417353250902	0.627	0.572	1	SIT1	c2
0.0154818130492275	0.137353554019588	0.229	0.157	1	PKN2	c2
0.555234395705263	-0.137341677358232	0.012	0.008	1	NEURL2	c2
0.0340495280077466	0.137178891489761	0.485	0.389	1	SERINC3	c2
0.470307481633862	-0.137153561497244	0.133	0.111	1	GALK2	c2
0.0223860962594885	0.137127721849185	0.81	0.694	1	STK4	c2
0.0987867949049689	0.137123664680686	0.304	0.239	1	SMAD2	c2
0.0673116231536467	0.137031769957185	0.31	0.235	1	ZC3H13	c2
0.0155258528409623	0.137011768509609	0.229	0.157	1	SUCLA2	c2
0.449813606698096	-0.136981405118532	0.765	0.689	1	IER2	c2
0.0247035716864672	0.136800725313951	0.268	0.195	1	MARCKSL1	c2
0.146079105371421	-0.136777470769066	0.581	0.572	1	MATR3.1	c2
0.0810858576501028	0.136681227364705	0.223	0.167	1	MPHOSPH6	c2
0.696961377081764	-0.136675357006817	0.111	0.1	1	YARS2	c2
0.0339152197900355	0.136664288354572	0.425	0.321	1	GOLGA4	c2
0.000567618758354203	-0.136641743086084	0.988	0.993	1	EEF2	c2
0.79670242350203	-0.136577075187578	0.289	0.264	1	BUD23	c2
0.770025944871506	-0.136550021321848	0.036	0.032	1	DNAJC18	c2
0.960187711893524	-0.136461410804382	0.172	0.168	1	CDC25B	c2
0.274632181743197	0.136447607595549	0.069	0.052	1	PIP5K1C	c2
0.114835590158195	0.136427741801644	0.111	0.08	1	ITPRIP	c2
0.0229046908585011	0.136344388808543	0.301	0.217	1	DHX15	c2
0.147355039545533	0.136291821896449	0.154	0.119	1	TMEM115	c2
0.124439057034428	0.136283525950706	0.187	0.144	1	TRANK1	c2
0.648017863022842	-0.136086743435222	0.136	0.119	1	PHF19	c2
0.172122876975367	0.136071686685251	0.193	0.149	1	NSMCE4A	c2
0.873053372674406	0.136057176244534	0.018	0.017	1	KPTN	c2
0.0104596206254261	0.136056012133506	0.271	0.185	1	TPGS2	c2
0.241829293785467	0.135987605743389	0.458	0.393	1	TAF15	c2
0.0939889146317768	0.135933428962201	0.334	0.263	1	RAB18	c2
0.0132587540326603	0.135931260287729	0.867	0.833	1	RAN	c2
0.0905440965646832	-0.135925305046288	0.949	0.951	1	VIM	c2
0.0437424610460585	0.135875883801095	0.636	0.503	1	OCIAD2	c2
0.741768030881185	-0.135854547723093	0.232	0.208	1	ATAD1	c2
0.223357776470636	0.13584657855504	0.045	0.03	1	FAM193B	c2
0.111510019041578	0.135789954984635	0.307	0.249	1	IL17RA	c2
0.743352391493893	-0.135727013082768	0.051	0.046	1	C1orf109	c2
0.570236695545192	-0.135721751176431	0.663	0.632	1	RPL22L1	c2
0.820921781733613	-0.135569680268881	0.012	0.01	1	HIST1H4F	c2
0.752694147186754	-0.135405047354097	0.087	0.079	1	SUN1	c2
0.898622454844474	0.135276202431548	0.265	0.266	1	MYC	c2
0.280741385440651	0.13525250451925	0.072	0.054	1	TMEM121	c2
0.302992345270694	-0.135250991596585	0.084	0.065	1	HS2ST1	c2
0.831601398554547	-0.134931610507552	0.289	0.276	1	USP36	c2
0.571758768522831	-0.134864605344486	0.084	0.072	1	ENOX2	c2
0.685069745261215	0.134804049803985	0.027	0.023	1	COLGALT2	c2
0.0927370815253181	0.13479118936581	0.09	0.061	1	RAB2B	c2
0.0424274943766612	0.134786751058374	0.479	0.375	1	YPEL3	c2
0.121394579677526	0.134782181271138	0.214	0.164	1	CBFB	c2
0.0518649363942924	0.13476597561964	0.268	0.202	1	PSMD12	c2
0.326823398628732	-0.134750960162647	0.196	0.161	1	IPO7	c2
0.123762154143785	0.134696921773251	0.313	0.248	1	TMPO	c2
0.0727048889831941	0.13457492259268	0.13	0.09	1	SUGP2	c2
0.992845215464907	-0.134545321436817	0.021	0.021	1	PPFIBP1	c2
0.170278108053338	0.134481405436303	0.136	0.103	1	ZNF592	c2
0.389029289632685	-0.134408098727003	0.395	0.327	1	ARID5A	c2
0.0104906534639786	0.134178515118947	0.346	0.245	1	CYB561D2	c2
0.0208699367389261	0.13409410592698	0.458	0.354	1	PRRC2B	c2
0.0761501670034776	0.134083782573544	0.187	0.138	1	PCNX1	c2
0.0866417447337208	0.134058584870171	0.289	0.223	1	BORCS7	c2
0.098488904522952	0.133990947331413	0.117	0.083	1	TRIM5	c2
0.747086308842613	-0.133963809922161	0.087	0.079	1	PIEZO1	c2
0.0770003200881628	0.133963791015796	0.208	0.154	1	PARP15	c2
0.419927935079866	0.133931672985733	0.217	0.189	1	SUCO	c2
0.049679153339162	0.133922623123216	0.208	0.15	1	STAG1	c2
0.808658358528588	0.133746722816278	0.072	0.068	1	PRMT3	c2
0.0801851735049831	0.133729353296897	0.036	0.019	1	ZNF341	c2
0.163670802923971	0.13371994703885	0.178	0.138	1	CYB561A3	c2
0.571644587437216	-0.133714182104906	0.099	0.086	1	MTRR	c2
0.050728960343205	0.133683553146759	0.19	0.135	1	PREPL	c2
0.044542032262804	0.133469208951232	0.223	0.164	1	SLC25A32	c2
0.616922350486647	-0.133379594656885	0.027	0.022	1	AP002490.1	c2
0.121902317843594	0.133287560618481	0.593	0.486	1	STUB1	c2
0.0108907720956213	0.133241752813827	0.253	0.169	1	SMARCA4	c2
0.0703591082670052	0.133236954523926	0.494	0.38	1	POLR2K	c2
0.17154452527661	0.133190869646136	0.419	0.346	1	RPA2	c2
0.233023200120429	-0.133183724011868	0.136	0.104	1	C18orf25	c2
0.088033063514558	0.133162403889058	0.392	0.307	1	DDX50	c2
0.146880319888329	0.133147804388958	0.03	0.017	1	FANCB	c2
0.524258899444639	0.133079843375217	0.027	0.021	1	ZNF813	c2
0.603343280077224	-0.132936868709623	0.259	0.227	1	AHR	c2
0.0146693425652749	0.132934202514396	0.334	0.243	1	MICU2	c2
0.0864553353452217	0.132880106505847	0.274	0.213	1	LCMT1	c2
0.426408711967256	-0.132879906534341	0.087	0.071	1	ZNF3	c2
0.654442065338682	0.132704625457164	0.033	0.028	1	RILP	c2
0.508963230345375	0.132695034048213	0.015	0.01	1	BMP2K	c2
0.157943510760432	0.132661456745767	0.151	0.116	1	INTS8	c2
0.184595387998182	0.132625817287704	0.274	0.222	1	VPS26C	c2
0.670038736223855	-0.132459096325325	0.479	0.412	1	GTF2B	c2
0.219198747019451	-0.132323705397004	0.922	0.876	1	TAGLN2	c2
0.0606146788267133	0.132272860580488	0.13	0.089	1	TRAF2	c2
0.0339547224086622	0.132231694761441	0.178	0.121	1	PIGF	c2
0.0225172855139729	0.132020351309335	0.199	0.135	1	TOMM70	c2
0.228009792771472	-0.131921905312582	0.054	0.038	1	ASH1L-AS1	c2
0.0316080045015549	0.131896231494938	0.238	0.171	1	DHX29	c2
0.680371671605815	-0.131816995193699	0.069	0.062	1	ZNF507	c2
0.0344960503989771	0.131762326498863	0.208	0.145	1	FBXW2	c2
0.145860823348516	0.131690816857008	0.163	0.126	1	KLF9	c2
0.992149502708621	-0.131559217165464	0.319	0.29	1	ANP32E	c2
0.121925133455257	0.131498698735674	0.473	0.397	1	ITK	c2
0.38628160308658	-0.131488184772989	0.027	0.019	1	CA11	c2
0.129382631310513	0.131467501101458	0.633	0.571	1	LAMP1	c2
0.0122892733619684	0.131426181060917	0.172	0.11	1	LCOR	c2
0.302040334811045	0.131306890081835	0.111	0.09	1	TUBGCP3	c2
0.0392386079428775	0.13127993086085	0.512	0.397	1	LNPEP	c2
0.192952835816518	0.131260087750229	0.093	0.069	1	PIGO	c2
0.110317897681808	0.13123702046862	0.334	0.275	1	TOR1AIP1	c2
0.482351291404448	0.131193528147036	0.042	0.033	1	TESK2	c2
0.155600152963244	0.131020670405376	0.09	0.065	1	STX11	c2
0.0248624400987657	0.130959987604524	0.22	0.153	1	SLC1A5	c2
0.700800804787721	-0.13083936033406	0.111	0.1	1	MDN1	c2
0.225563229726609	0.130753079919094	0.413	0.343	1	KCNAB2	c2
0.860007456406045	-0.1307127433693	0.027	0.025	1	WDHD1	c2
0.0446652412076207	0.130476616837282	0.22	0.159	1	SNAP29	c2
0.00735896106060102	0.130465537476739	0.289	0.191	1	GSK3B	c2
0.414321836937232	-0.130462258547421	0.154	0.127	1	WDR45B	c2
0.418906042027579	0.130418064930549	0.096	0.08	1	DDX20	c2
0.00658768043007872	-0.130304054406597	0.961	0.967	1	MT-ND2	c2
0.020813955695502	0.130160476455853	0.226	0.157	1	GLT8D1	c2
0.0858567640419759	-0.130083174432327	0.991	0.99	1	HSPA8	c2
0.114748686570763	0.130027513813881	0.048	0.029	1	SLC27A1	c2
0.506100579978314	-0.12998040615141	0.184	0.158	1	RNF146	c2
0.962847051971181	0.129942229760557	0.078	0.08	1	WDR89	c2
0.0583784164053568	0.129885459786374	0.181	0.129	1	GTF2H1	c2
0.276953154758994	0.129710734845133	0.033	0.022	1	ZSCAN5A	c2
0.0956928500105675	0.129694563384215	0.503	0.414	1	POLR2J	c2
0.0394402403223448	0.129640849401584	0.575	0.447	1	CCT8	c2
0.174491152547871	0.129575972848413	0.678	0.612	1	NAP1L1	c2
0.094974866131791	0.12950085435606	0.16	0.117	1	ING3	c2
0.830428501533301	-0.129492522671241	0.024	0.022	1	ULK1	c2
0.0427646846210137	0.129464967429402	0.627	0.516	1	RBM25	c2
0.0542439430265964	0.129366936325268	0.12	0.08	1	HARS2	c2
0.107425044481404	0.129326273106793	0.148	0.108	1	CLCN3	c2
0.0331635030989576	0.129294097627322	0.151	0.101	1	RCC1L	c2
0.469643968992522	-0.129290455554797	0.045	0.036	1	AL451165.2	c2
0.0488355869083778	0.129220525615158	0.801	0.702	1	KHDRBS1	c2
0.228310913783395	0.129193653916168	0.151	0.12	1	MAPK14	c2
0.765304764032291	-0.12916367669518	0.44	0.393	1	MVP	c2
0.0387624432359987	0.129077005526444	0.175	0.12	1	SUPV3L1	c2
0.0350753505839335	0.128962969045807	0.304	0.229	1	UBLCP1	c2
0.137795240943304	0.128921554062027	0.247	0.194	1	USP48	c2
0.090189832127329	0.128895537320444	0.31	0.243	1	U2AF2	c2
0.568494844992859	-0.128885513444192	0.172	0.148	1	MTM1	c2
0.078957441233398	0.128858386342565	0.22	0.168	1	CHRAC1	c2
0.139732332232907	0.128815397807914	0.096	0.068	1	UBE2W	c2
0.142875550359333	0.128688793197079	0.479	0.387	1	DBNL	c2
0.0187499691501035	0.128547818723433	0.398	0.3	1	ZBTB38	c2
0.999707854347338	-0.12852341441232	0.551	0.48	1	RGS14	c2
0.626954980493071	0.128443531098381	0.03	0.025	1	UTP14C	c2
0.00724130767398051	0.128253866434621	0.25	0.165	1	HBS1L	c2
0.0192120576703379	0.12825066809058	0.154	0.098	1	ZNF326	c2
0.353211654844298	-0.128247735188199	0.117	0.096	1	NPC1	c2
0.386627769881159	-0.128240625371262	0.223	0.233	1	GRPEL1	c2
0.18926018199608	0.128147966398317	0.084	0.062	1	MEGF9	c2
0.137083674187769	0.128113828001556	0.617	0.526	1	SUMO1	c2
0.967046156924832	-0.128054937880446	0.145	0.138	1	TMEM203	c2
0.593726034419218	-0.12804647539927	0.217	0.191	1	PAGR1	c2
0.0935148804886662	0.127913069854342	0.111	0.077	1	TEX30	c2
0.520038983214089	-0.127884483875436	0.117	0.1	1	ELP3	c2
0.114514755083705	0.127866091661645	0.096	0.067	1	FASTKD1	c2
0.144949317696475	0.127842621190542	0.148	0.11	1	TMEM41B	c2
0.0705114876866984	0.127773933176074	0.123	0.085	1	PVRIG	c2
0.0506553662100284	0.127724385087383	0.37	0.279	1	ATG3	c2
0.117999122798624	0.127718960935066	0.093	0.065	1	FAM200A	c2
0.0977512964138855	0.12766391167906	0.148	0.108	1	TMEM218	c2
0.0250702268540458	0.127626787626412	0.551	0.422	1	NHP2	c2
0.126046654715514	0.127551288407941	0.292	0.23	1	AP1G2	c2
0.540140049522417	0.127499965148669	0.123	0.109	1	SLC44A1	c2
0.719154942965216	-0.127430866157169	0.087	0.078	1	DLAT	c2
0.0506785916370531	0.127266809915476	0.898	0.851	1	CYTIP	c2
0.251278061814072	0.127266678063688	0.476	0.402	1	MRPL43	c2
0.418863241073895	-0.127245456223948	0.157	0.132	1	EDEM2	c2
0.971010192179705	-0.127237572985101	0.105	0.103	1	C12orf29	c2
0.0346657779365088	0.127228305975056	0.377	0.283	1	SMIM37	c2
0.133906481217648	0.127186533790763	0.178	0.137	1	IMPA1	c2
0.858484225338232	-0.127134688678675	0.19	0.175	1	GLYR1	c2
0.179370133396347	0.127123304644006	0.096	0.072	1	TJAP1	c2
0.767133026771847	-0.127062081584932	0.59	0.535	1	NME3	c2
0.203094678926911	0.126993348806406	0.663	0.577	1	PHB2	c2
0.780481075153282	-0.126908678131399	0.247	0.224	1	SINHCAF	c2
0.342284013873509	-0.1268944949804	0.069	0.053	1	ZBED5-AS1	c2
0.158145933101839	0.126889918444832	0.042	0.026	1	ACO1	c2
0.703083567454428	-0.126831590490557	0.027	0.031	1	RAI1	c2
0.110357028090651	0.126817711507949	0.187	0.141	1	PIGS	c2
0.00569635352663987	0.12673985893163	0.997	0.991	1	PABPC1	c2
0.223731928409585	0.126626973454424	0.033	0.021	1	ARIH2OS	c2
0.141036012567086	0.126575949468413	0.136	0.1	1	PHKB	c2
0.0349810200307071	0.126555389574801	0.262	0.188	1	ZCCHC7	c2
0.0229597825878239	0.126440955756718	0.62	0.498	1	PPP2R5C	c2
0.613697170670325	-0.126435202730064	0.027	0.022	1	DECR2	c2
0.0661942057927014	0.126190073777147	0.244	0.185	1	POM121C	c2
0.741461261472939	-0.126023365790729	0.015	0.013	1	PGBD4	c2
0.429994547729378	-0.12598033982651	0.199	0.166	1	PMPCA	c2
0.553666060898477	-0.125960064537165	0.048	0.04	1	KCTD10	c2
0.130019667690852	0.125934686138858	0.087	0.061	1	GLYCTK	c2
0.391714255476775	-0.125903106376285	0.184	0.153	1	LYRM1	c2
0.251554329009817	-0.125841710659803	0.09	0.068	1	GRAMD1B	c2
0.380323612327419	-0.125831131738089	0.614	0.594	1	TRAM1	c2
0.117831358747183	0.125634403226559	0.072	0.048	1	PBX3	c2
0.0548579526604152	0.125628302709401	0.223	0.162	1	RMC1	c2
0.0718387216991836	0.125562070305542	0.518	0.405	1	MED10	c2
0.265747573404923	-0.125531823369774	0.235	0.192	1	ARL5B	c2
0.0808062030893303	0.125528362946787	0.142	0.1	1	PACSIN2	c2
0.941622987326636	-0.125421143848079	0.012	0.011	1	FAM66C	c2
0.0574450328985211	0.125365088941369	0.093	0.06	1	NHLRC2	c2
0.101201824268403	0.125362680226111	0.25	0.193	1	STK25	c2
0.369981164292555	0.125294212864338	0.036	0.026	1	TMEM177	c2
0.280193601089558	-0.125276880902765	0.169	0.134	1	FN3KRP	c2
0.477977207211801	0.125194634695815	0.036	0.028	1	BCR	c2
0.269380966757465	-0.125145841426638	0.536	0.517	1	C1QBP	c2
0.900531882590687	-0.125134340004477	0.084	0.08	1	FTO	c2
0.661822527595104	-0.12511004298149	0.244	0.214	1	KAT8	c2
0.964039644091384	-0.125081543052019	0.015	0.015	1	ZNF703	c2
0.530097751746894	-0.124978956927301	0.187	0.161	1	PIGP	c2
0.0158610631990216	0.124937817754846	0.277	0.19	1	STX5	c2
0.38296927953783	-0.124901091002115	0.187	0.155	1	CRLS1	c2
0.289121938565719	-0.124870403661118	0.066	0.049	1	HSDL1	c2
0.00187316272766947	0.124854684814279	0.985	0.986	1	BTF3	c2
0.32333680488644	0.124815819289	0.081	0.064	1	CASK	c2
0.710529317718372	-0.124809399550401	0.395	0.369	1	NR1H2	c2
0.403072459262708	0.124525163356124	0.072	0.059	1	PCBD2	c2
0.749346082866095	-0.124477194475139	0.024	0.021	1	LATS2	c2
0.0972539902988663	0.124276329634959	0.328	0.259	1	API5	c2
0.551791310494695	-0.124253662855503	0.012	0.008	1	TRBJ2-7	c2
0.0546555062569482	0.124122218977283	0.389	0.305	1	P2RY10	c2
0.651724897367566	-0.124115916344046	0.202	0.208	1	CDKN2D	c2
0.469750100068535	0.124093671301722	0.072	0.06	1	FAAP100	c2
0.0680885990998027	0.123987206628103	0.313	0.247	1	FUBP1	c2
0.158133871148969	0.123974786958227	0.111	0.083	1	UTP4	c2
0.0265367479856888	0.123893253098438	0.307	0.228	1	ZMYM2	c2
0.314014288286724	-0.123882163744232	0.036	0.025	1	SWSAP1	c2
0.53327642897828	-0.123693852105193	0.139	0.119	1	ATP5PO	c2
0.43499817528078	0.123659854533918	0.395	0.35	1	FAM50A	c2
0.369981164292555	0.123655840905316	0.036	0.026	1	PAXIP1	c2
0.421601282355184	-0.123638897433298	0.063	0.05	1	CIC	c2
0.0811588776134612	0.123631671214736	0.44	0.358	1	VDAC3	c2
0.455849204108773	0.123549284801716	0.075	0.062	1	C5orf22	c2
0.14342728929304	0.123522153167675	0.108	0.078	1	NOC4L	c2
0.0111073554091389	0.12333798311553	0.979	0.959	1	ATP5MC2	c2
0.248278218514436	0.123253505395131	0.057	0.041	1	RAD18	c2
0.102802209431327	0.123217669365135	0.771	0.703	1	TMEM59	c2
0.588504816235289	-0.123205470947271	0.075	0.065	1	NRIP1	c2
0.81795817542435	-0.123204840824466	0.012	0.01	1	EXOC3-AS1	c2
0.113642776684902	0.12318224052928	0.181	0.14	1	FAM110A	c2
0.0390323317514887	0.12307081036252	0.184	0.127	1	TSPAN31	c2
0.489157350273929	-0.122944081077277	0.054	0.044	1	CDKN2C	c2
0.0726533583168642	0.122911590299721	0.313	0.236	1	SMU1	c2
0.237983630647704	0.122827043381587	0.488	0.428	1	CCND2	c2
0.471770345280938	-0.12279265939863	0.039	0.03	1	MANEA-DT	c2
0.171094511369676	-0.122729197802702	0.13	0.095	1	IFFO1	c2
0.8271184214151	0.122727018893833	0.036	0.033	1	SH3BP5L	c2
0.0771544078108387	0.122709935519348	0.313	0.241	1	MICAL1	c2
0.64182573695256	-0.12269346827665	0.205	0.183	1	ITFG1	c2
0.104381688520114	0.122661470085827	0.346	0.269	1	PSMD11	c2
0.239226113976061	0.122582191506469	0.298	0.248	1	DERL2	c2
0.0248458746042526	0.122555176708687	0.331	0.236	1	SLC25A38	c2
0.015748838190714	0.122367858141789	1	0.977	1	UBC	c2
0.0643855804701431	0.122333280290939	0.145	0.101	1	STAT2	c2
0.134157258320713	0.122292509580513	0.602	0.497	1	SNRPD3	c2
0.964039644091384	-0.122278603718714	0.015	0.015	1	HARBI1	c2
0.153066298464101	0.121927531445931	0.425	0.352	1	CASP1	c2
0.206940721861949	-0.121923005865538	0.87	0.837	1	EIF3L	c2
0.130757415336118	-0.121846952061737	0.148	0.109	1	JARID2	c2
0.0583636521543994	-0.121732894646351	0.111	0.155	1	IGFBP3	c2
0.987204008682984	-0.12172769359776	0.06	0.06	1	ZNF100	c2
0.173055730936861	0.121677615481565	0.139	0.106	1	SLC39A10	c2
0.0451764260281868	0.121621824462231	0.407	0.309	1	HAGH	c2
0.46400843286484	0.121504004041374	0.069	0.057	1	C16orf70	c2
0.639551452676489	-0.121478807044215	0.31	0.27	1	RNF138	c2
0.0480821543697504	-0.121400530799555	0.961	0.954	1	COX7C	c2
0.0264124848952194	0.121155629877218	0.277	0.196	1	ARNTL	c2
0.207803772606191	0.121086229988425	0.048	0.032	1	LINC01806	c2
0.573790076597268	-0.120987636358637	0.024	0.019	1	USP44	c2
0.722298066834434	-0.120960217114253	0.039	0.034	1	DHX33	c2
0.207875239017636	0.120952119592245	0.12	0.093	1	FAHD2B	c2
0.12940361552987	0.120931350244582	0.172	0.131	1	PLEKHA3	c2
0.42718179183324	-0.120889902152364	0.03	0.022	1	TAF5L	c2
0.350248741323443	-0.120885107691385	0.09	0.072	1	OTUD6B	c2
0.571450170307204	-0.120880447538481	0.045	0.038	1	C15orf41	c2
0.0557448873172741	0.120816129225719	0.214	0.156	1	SNRNP35	c2
0.448502177277869	0.120730552921079	0.051	0.041	1	SIDT2	c2
0.38311325673438	-0.120644600779955	0.211	0.175	1	OGDH	c2
0.0637106209134523	0.120632671619035	0.096	0.063	1	NDUFAF6	c2
0.335641102786948	0.120614822042905	0.033	0.023	1	TBC1D32	c2
0.0345613831384977	0.120588238337085	0.551	0.441	1	ST3GAL1	c2
0.291099468025547	0.120498956977142	0.117	0.094	1	ARFIP1	c2
0.835412674980403	-0.120412309851246	0.277	0.27	1	THOC2	c2
0.277072438631411	0.120342201901713	0.142	0.115	1	ZNF664	c2
0.0881449343567071	0.120317415233398	0.22	0.166	1	UTP18	c2
0.254920850718826	0.120184713507789	0.111	0.088	1	UBE4B	c2
0.698879703521787	0.120167605237214	0.03	0.026	1	PRPF40B	c2
0.567790224002147	-0.120078103997437	0.03	0.024	1	KCNQ1OT1	c2
0.0277926275742479	0.12007694315655	0.304	0.222	1	ATXN7L3B	c2
0.839994944318418	-0.120072942712931	0.443	0.386	1	SNRNP70	c2
0.0841690877397819	0.120045105724001	0.593	0.514	1	CAST	c2
0.597398480200737	-0.119931279126124	0.127	0.11	1	PLA2G12A	c2
0.37210123222222	0.119808692796721	0.081	0.066	1	IQSEC1	c2
0.126868768602439	0.119806800677869	0.404	0.325	1	LYPLA2	c2
0.736539093978495	-0.119776021098614	0.111	0.101	1	HEATR1	c2
0.056005615368664	0.119740019596129	0.235	0.172	1	AGO2	c2
0.111073309798787	0.119721561266039	0.148	0.11	1	RNF38	c2
0.973752305834441	-0.119676007722567	0.614	0.555	1	CCNL1	c2
0.0485637382349507	0.119578526742966	0.491	0.387	1	MRPL33	c2
0.152303159596442	0.119555987251778	0.187	0.144	1	ZNF91	c2
0.276332436179777	0.119461204873135	0.021	0.013	1	ZNF487	c2
0.404674613285963	-0.119379437586765	0.084	0.068	1	DBR1	c2
0.0955635032018227	0.119366112137857	0.485	0.399	1	NDUFB1	c2
0.750699686880104	-0.119291852272084	0.072	0.066	1	MUT	c2
0.808876742509399	0.119239919869571	0.045	0.042	1	HHLA3	c2
0.0285213991870324	0.119040425214689	0.259	0.184	1	SIRT7	c2
0.0866285393692694	0.118947707735716	0.307	0.238	1	CSRP1	c2
0.802448548538992	-0.118917618769629	0.422	0.378	1	PRPF8	c2
0.97048256082754	-0.118730981515921	0.036	0.036	1	DHX34	c2
0.0452317364665722	0.118661742785339	0.274	0.203	1	ASXL1	c2
0.150796107842019	0.118362610019856	0.599	0.503	1	TMEM14B	c2
0.0702955054034183	0.118344598097391	0.145	0.102	1	VWA8	c2
0.306246522808975	-0.118336856149609	0.223	0.182	1	SLC35C2	c2
0.104610822065588	0.118243131359965	0.349	0.279	1	STARD3	c2
0.814997168538431	-0.118239504860785	0.012	0.01	1	CTIF	c2
0.158179402564947	0.1182005282404	0.28	0.224	1	RNF13	c2
0.0542386444864577	0.118162809204657	0.136	0.092	1	ORC5	c2
0.000461508150257537	-0.118118444839396	1	0.999	1	RPL15	c2
0.130395630245578	0.117922187398297	0.292	0.237	1	PER1	c2
0.596806647559759	-0.117895055087311	0.039	0.032	1	DHODH	c2
0.503571072793986	-0.117821870362453	0.117	0.1	1	ATP9B	c2
0.0960626303831836	0.117811500550337	0.193	0.145	1	LYSMD3	c2
0.757597880713586	-0.117794550979029	0.193	0.175	1	CCNL2	c2
0.213377736615613	-0.117760538318027	0.102	0.076	1	TOE1	c2
0.397344273993972	-0.117739160229753	0.127	0.104	1	NXF1	c2
0.197124129979329	0.117735572408889	0.349	0.287	1	CPSF6	c2
0.170155650168191	0.117724810675879	0.702	0.629	1	P4HB	c2
0.701696894275981	0.117719817909164	0.072	0.066	1	RANBP6	c2
0.0197789706219572	0.11754229871338	0.256	0.182	1	CHD9	c2
0.228980937204217	0.117520231951906	0.136	0.106	1	AL139246.5	c2
0.0231293538064359	0.117467016848924	0.41	0.305	1	RILPL2	c2
0.269004082736126	0.117454814450006	0.105	0.083	1	GOLGA3	c2
0.923112488530377	-0.117391548298106	0.054	0.052	1	CITED4	c2
0.985350021639409	-0.117389346178786	0.41	0.367	1	TNRC6B	c2
0.323924039959937	0.11734258753596	0.096	0.077	1	MAP9	c2
0.189793924254423	0.117323716638642	0.217	0.171	1	EXOSC8	c2
0.822421339162862	-0.117320365662487	0.009	0.01	1	GOLGA8N	c2
0.225432933938288	-0.117302716146106	0.253	0.199	1	EEF1E1	c2
0.331134439287454	0.11728635371322	0.066	0.051	1	FAM206A	c2
0.520819075066226	-0.117249561965767	0.13	0.112	1	MTO1	c2
0.151099829397672	0.117165893345262	0.163	0.124	1	FCHO1	c2
0.660354022998751	0.117140199188877	0.033	0.028	1	PQLC1	c2
0.0370960713462323	0.117117609214955	0.202	0.141	1	RBMX2	c2
0.935595301662164	-0.1170959496346	0.075	0.075	1	TMEM99	c2
0.0225533857711633	0.1169714459039	0.184	0.123	1	ARMCX6	c2
0.229422311966356	0.116918577731494	0.123	0.097	1	AGPS	c2
0.0250639003812666	-0.116823366338244	0.985	0.976	1	RPL36AL	c2
0.0963261713221425	0.116819782918498	0.096	0.066	1	IFIH1	c2
0.0996749592837433	0.116771383527789	0.151	0.11	1	SLC25A22	c2
0.0965381840065297	0.116769641686882	0.063	0.04	1	ST3GAL3	c2
0.209996005973809	0.11676687873634	0.111	0.085	1	DMXL1	c2
0.797616158711792	0.116754080883799	0.021	0.019	1	IBA57	c2
0.0500996686312716	0.116698005445378	0.148	0.101	1	ANKRD13C	c2
0.143719177152485	0.116655557156411	0.142	0.107	1	MCCC2	c2
0.309673592611911	-0.116638868788842	0.081	0.063	1	TOMM34	c2
0.824170978358968	-0.116606552955777	0.093	0.087	1	ANKRD46	c2
0.722383555738843	-0.116508796818912	0.117	0.107	1	ORC3	c2
0.483847901373745	-0.116504994928549	0.473	0.445	1	FKBP2	c2
0.561085480972259	-0.116494851451063	0.12	0.106	1	MRI1	c2
0.0526508285997407	0.116461066828464	0.355	0.269	1	FYTTD1	c2
0.250657332654212	0.11646040416182	0.075	0.056	1	ERF	c2
0.130673799908525	0.116432550144361	0.277	0.224	1	CAND1	c2
0.0625168340915006	0.116432528869225	0.446	0.351	1	CAPZA2	c2
0.148850803411965	0.116340747189241	0.13	0.097	1	NR2C2	c2
0.0363412556294045	0.116269605528565	0.256	0.186	1	DNAJC2	c2
0.126773295364248	0.11620645955067	0.078	0.053	1	UEVLD	c2
0.1724075831063	0.116193820535992	0.075	0.053	1	RUFY2	c2
0.644788972692806	-0.116155204783485	0.178	0.157	1	KIAA1109	c2
0.381937207611067	-0.116064260291377	0.105	0.085	1	BCDIN3D	c2
0.107661033551694	0.116003601532475	0.211	0.162	1	DTNBP1	c2
0.876562314478857	-0.115846535820158	0.557	0.503	1	SPSB3	c2
0.511280671281017	-0.115433753676147	0.205	0.175	1	SMARCD1	c2
0.961174609301805	-0.115354446167519	0.16	0.156	1	IPO5	c2
0.41866656359881	0.115329940474882	0.105	0.088	1	PCNX2	c2
0.088582420992218	0.115291508141146	0.434	0.356	1	PPCS	c2
0.91930801313976	-0.115248847720618	0.021	0.022	1	HIST1H3A	c2
0.937248041756536	0.115234665164046	0.015	0.016	1	AC097534.2	c2
0.119567104580367	0.115148908011827	0.178	0.136	1	SPTLC1	c2
0.929310938234957	-0.115066247806724	0.458	0.409	1	NDUFC1	c2
0.547044345133721	-0.11501584867655	0.108	0.093	1	SNX12	c2
0.550818720070596	-0.114792120901494	0.238	0.205	1	AP1S2	c2
0.958495073249129	-0.114720433774747	0.41	0.367	1	LSM4	c2
0.210840774382722	0.114610943019955	0.157	0.123	1	KIN	c2
0.209075012895945	-0.114581179612298	0.084	0.062	1	ERCC4	c2
0.0617055167547495	0.114572635968058	0.316	0.24	1	CNOT4	c2
0.167232149043246	0.114543762458407	0.455	0.385	1	GLG1	c2
0.122380521982781	0.114422859982004	0.139	0.101	1	MYO5A	c2
0.35972587298076	0.114340909426539	0.063	0.049	1	ABCA5	c2
0.166197929138403	0.114327156975366	0.596	0.502	1	SCAF11	c2
0.425472213879712	-0.114161658679106	0.211	0.178	1	ZC3H7A	c2
0.576002713019955	0.114036271234496	0.819	0.803	1	LDHA	c2
0.89578105093183	-0.113995030211885	0.232	0.215	1	ZFAND1	c2
0.95910273169874	-0.113955969543918	0.202	0.19	1	RSRC1	c2
0.0441856463418988	0.113924471297594	0.31	0.226	1	ARPP19	c2
0.149753147564271	0.113880110546784	0.096	0.069	1	PIAS3	c2
0.0783318004608931	0.113879194192925	0.428	0.334	1	NIPBL	c2
0.372968490895811	0.113813353756333	0.048	0.037	1	SLC25A19	c2
0.440687191491906	-0.113759428239482	0.081	0.067	1	WDR44	c2
0.809083115794369	0.113693211565733	0.012	0.01	1	ZNF763	c2
0.860560732061094	-0.113617722173954	0.151	0.152	1	EXOSC6	c2
0.0797742811039862	0.113617519107304	0.352	0.265	1	RPL7L1	c2
0.483179816177999	0.113576973236531	0.03	0.023	1	AC027644.3	c2
0.790728755975792	-0.113534409639774	0.482	0.421	1	MYDGF	c2
0.740000590778901	-0.113325414050485	0.407	0.354	1	SNRPE	c2
0.614238092787182	-0.113246177285302	0.105	0.092	1	PEX19	c2
0.569967251445803	0.113167308197307	0.024	0.019	1	TMEM97	c2
0.0837316048843878	0.113154255127572	0.398	0.316	1	ASF1A	c2
0.401988659841216	-0.1130884000322	0.039	0.029	1	AC004865.2	c2
0.820788168018638	-0.113073882351834	0.22	0.2	1	TRIM4	c2
0.256905065515651	0.112926561698054	0.081	0.062	1	LINC02001	c2
0.260080627551651	0.112864489835332	0.253	0.211	1	FAS	c2
0.7578889372792	-0.112838484173084	0.021	0.024	1	SMOX	c2
0.0266079914283062	0.112764595031693	0.428	0.325	1	NAA38	c2
0.169937083931951	-0.112685687998523	0.852	0.822	1	ATP6V1G1	c2
0.672941145381209	-0.112403032533371	0.051	0.045	1	RFX7	c2
0.0566032044787523	0.11231262483568	0.401	0.309	1	C14orf119	c2
0.0329905685907515	0.112301559806632	0.139	0.091	1	ASB3	c2
0.0757032755174206	0.112295425878957	0.479	0.383	1	GADD45GIP1	c2
0.192189685273183	0.112276264843711	0.042	0.027	1	NUP50-DT	c2
0.102618957587937	0.112189430766521	0.069	0.045	1	ATMIN	c2
0.380740133904465	0.112110804007941	0.087	0.071	1	C6orf203	c2
0.427192067736235	-0.112050950732485	0.057	0.045	1	ZNF174	c2
0.932132775649714	-0.112018642187811	0.145	0.136	1	THRA	c2
0.599577560920234	0.112004521716422	0.042	0.036	1	DCAF4	c2
0.420828306318753	-0.11199855284026	0.123	0.103	1	ZBTB24	c2
0.0716410998409387	0.111941400978284	0.256	0.193	1	PRPF18	c2
0.314920568971196	-0.111901084850573	0.105	0.083	1	WDTC1	c2
0.0985895799225152	0.111866741457109	0.148	0.108	1	HPF1	c2
0.0127985297548177	0.111806804683318	0.846	0.772	1	CDC37	c2
0.401511136385776	-0.111751579579931	0.148	0.122	1	OGFOD3	c2
0.623934983177184	-0.111672922600806	0.015	0.011	1	SH3BP5-AS1	c2
0.686228978823901	0.111642378314229	0.066	0.06	1	FAM228B	c2
0.0551469986285464	0.111628144049512	0.181	0.13	1	RNF111	c2
0.0485475249466856	0.111592033449076	0.232	0.172	1	RIF1	c2
0.0764146473366455	0.111544699397535	0.316	0.24	1	CIR1	c2
0.927016382230129	-0.111485231611455	0.051	0.049	1	ALDH5A1	c2
0.776871550675098	-0.111456571336215	0.102	0.108	1	AC013264.1	c2
0.599668901057508	-0.111397003336543	0.268	0.236	1	SPG7	c2
0.209623517389141	0.111362529572413	0.419	0.357	1	ARAP2	c2
0.236143560527752	0.111295370847273	0.099	0.076	1	ALG11	c2
0.960042418490338	-0.11110314613495	0.497	0.44	1	SMIM26	c2
0.324438042343895	0.11108966368763	0.042	0.03	1	TTC12	c2
0.611336740040307	0.11105844882387	0.021	0.017	1	LRRC29	c2
0.184213181055576	0.11101251998533	0.093	0.069	1	FAM199X	c2
0.99362159132188	-0.110976050478723	0.154	0.148	1	MMGT1	c2
0.3758245323834	0.110969227218434	0.166	0.141	1	IQCB1	c2
0.150340479857431	0.110965116197997	0.566	0.474	1	PDCD6	c2
0.290457416881813	-0.110947689785684	0.256	0.203	1	DPF2	c2
0.0359796228880399	0.110925945644765	0.256	0.328	1	AREG	c2
0.385637736593774	-0.11091036102662	0.069	0.054	1	TTI2	c2
0.685781816833684	-0.110790132050304	0.096	0.086	1	TMEM184C	c2
0.101289130145237	0.110775772284881	0.06	0.038	1	CCDC152	c2
0.0497704630780139	0.110581795351308	0.199	0.141	1	GCH1	c2
0.0559074776385126	0.110528051085282	0.09	0.057	1	THG1L	c2
0.0428144686471566	0.110488190912741	0.837	0.773	1	HNRNPC	c2
0.221058145777156	-0.110291358780361	0.265	0.211	1	ACD	c2
0.335598507295327	-0.110192101723061	0.075	0.059	1	UBE2O	c2
0.130007048658948	0.110167695549585	0.289	0.227	1	ATP6V1E1	c2
0.227449319757449	0.110154381831039	0.133	0.106	1	ID3	c2
0.303572160953774	0.110088850832684	0.127	0.102	1	LHPP	c2
0.447341205628855	-0.110021517995451	0.286	0.24	1	MRPS33	c2
0.430099933864357	-0.110004362514222	0.169	0.144	1	SPTLC2	c2
0.623187002640957	-0.110000947041968	0.289	0.255	1	YIPF4	c2
0.834575757849695	-0.109972725136924	0.358	0.317	1	ERGIC2	c2
0.0743705967275249	0.109963233120061	0.214	0.159	1	WDR54	c2
0.408047460616577	-0.109904712952529	0.063	0.05	1	TOP3B	c2
0.182038405941055	-0.109883984190655	0.151	0.114	1	BLZF1	c2
0.100180020497494	0.109759589229567	0.084	0.056	1	PCK2	c2
0.0268150390078034	0.109731031195404	0.229	0.162	1	NIT2	c2
0.376504562570637	-0.10962785986901	0.142	0.115	1	E4F1	c2
0.0233532250296167	0.109620738327629	0.196	0.134	1	MTR	c2
0.799852420223428	-0.109531404919723	0.669	0.587	1	ETS1	c2
0.026267491068615	0.109505080593658	0.319	0.233	1	HBP1	c2
0.635792659846533	-0.109418986216905	0.16	0.146	1	SC5D	c2
0.257910727761707	0.109380837237616	0.873	0.819	1	SOD1	c2
0.272856131452575	-0.109379500428084	0.238	0.196	1	HELB	c2
0.178321499093049	-0.109370977893226	0.072	0.05	1	WDR60	c2
0.384571085152495	0.109235173224968	0.069	0.055	1	TRAPPC11	c2
0.0545060942276782	0.109217104118898	0.232	0.17	1	GPCPD1	c2
0.106416069326924	0.109176623490377	0.108	0.076	1	CSTF2	c2
0.422790908248111	-0.10915311678581	0.178	0.146	1	PELI1	c2
0.974066744069816	-0.108936122912268	0.069	0.069	1	BCKDHB	c2
0.484648245756351	-0.108929061293475	0.105	0.09	1	AIF1	c2
0.848794359976627	-0.108866788291335	0.036	0.033	1	TMCC1	c2
0.410923937724781	-0.108812118935884	0.066	0.052	1	GEMIN4	c2
0.0956783674449221	0.108778391743919	0.337	0.261	1	AFF4	c2
0.0483240727984891	0.108737785389223	0.127	0.085	1	C16orf91	c2
0.295234500151937	-0.108667098668199	0.211	0.172	1	FBXO3	c2
0.444583952484209	-0.108590137574156	0.271	0.229	1	IPCEF1	c2
0.657322611938952	-0.108486392907239	0.087	0.077	1	GNB1L	c2
0.366969745273121	-0.108449825444954	0.114	0.093	1	RAD1	c2
0.0126518920458676	0.108383436095793	0.361	0.255	1	LPIN2	c2
0.203807605855701	-0.108330077238712	0.825	0.828	1	EIF3H	c2
0.25504029245673	-0.10830871721544	0.027	0.017	1	ZSWIM4	c2
0.0444385053578506	0.108219575963121	0.648	0.528	1	HP1BP3	c2
0.207663920535527	0.108170370464508	0.253	0.207	1	C1orf123	c2
0.606253786635214	-0.107984525822243	0.524	0.502	1	SSB	c2
0.145725111333039	0.107980941025875	0.214	0.169	1	ICE1	c2
0.506948802540102	-0.107832899791981	0.265	0.234	1	MTFP1	c2
0.649674967135493	0.107761025645158	0.06	0.053	1	CPOX	c2
0.0483859145886677	0.1076982071279	0.181	0.126	1	CRYZL1	c2
0.361204508745893	0.107695793589911	0.036	0.026	1	CXCL16	c2
0.893627604970261	0.107600126407033	0.036	0.034	1	CR381653.1	c2
0.66545809037676	-0.107586897234262	0.277	0.245	1	UBE2E3	c2
0.145057130344876	-0.107567445423458	0.12	0.087	1	SURF6	c2
0.0531728036609892	0.107562455761056	0.136	0.092	1	FEM1A	c2
0.149718177099894	0.107545156853144	0.434	0.374	1	CD55	c2
0.30977538535711	0.107512111297952	0.027	0.018	1	AC006449.6	c2
0.512329732668649	-0.107485459194699	0.229	0.199	1	IGSF8	c2
0.134164012220795	0.107475043676613	0.054	0.034	1	ZNF45	c2
0.809381137910921	-0.107468941551644	0.304	0.293	1	ZBTB20	c2
0.305040532011875	-0.107332870308788	0.184	0.15	1	YLPM1	c2
0.520141758050012	-0.107332812454329	0.063	0.052	1	MICALL1	c2
0.726884960640716	-0.107303192982927	0.386	0.339	1	NKTR	c2
0.163865984193447	0.10727656505414	0.211	0.169	1	CWC22	c2
0.688484702031689	-0.107229202354359	0.012	0.009	1	LRTOMT	c2
0.570444439708584	-0.10696677723871	0.024	0.019	1	IFIT3	c2
0.222940895341401	0.106945741440674	0.06	0.043	1	ENDOV	c2
0.500936769956094	-0.106833004657787	0.087	0.073	1	ZNF780A	c2
0.858803604074344	-0.106742954503272	0.217	0.2	1	HMCES	c2
0.270538625539239	-0.106652818430699	0.786	0.736	1	TUBB	c2
0.101378980363384	0.106519292725896	0.193	0.144	1	DPP8	c2
0.0598335451650411	0.106496073673557	0.253	0.188	1	ZNF430	c2
0.980042394714614	-0.106481591060751	0.078	0.076	1	CLUAP1	c2
0.184064858958053	0.106479178253012	0.033	0.02	1	AC005261.1	c2
0.290029529357409	0.106204630025414	0.078	0.061	1	SLC35B4	c2
0.850094808770137	-0.106191273163684	0.015	0.014	1	RTCA-AS1	c2
0.632702018878863	0.106183805532448	0.093	0.084	1	NARS2	c2
0.0358396044735935	0.10614778231666	0.488	0.382	1	RBBP4	c2
0.052883616710596	0.106128851797318	0.343	0.258	1	ERVK3-1	c2
0.993471151284132	-0.106097716105242	0.247	0.23	1	STMN3	c2
0.477922739496814	0.106068608392431	0.25	0.224	1	ARFGAP3	c2
0.187327512681454	0.106015554624659	0.557	0.469	1	NDUFA12	c2
0.0927048005777553	0.106008149288352	0.133	0.095	1	ANAPC7	c2
0.401626820580153	-0.105943580321729	0.117	0.097	1	INTS13	c2
0.0641948194205991	0.105931713918149	0.304	0.228	1	TBC1D1	c2
0.268964456240717	-0.105843733310063	0.163	0.131	1	JOSD1	c2
0.355455484448399	0.105598390880126	0.063	0.049	1	UTP20	c2
0.381965630001455	-0.105537143720618	0.651	0.619	1	CMPK1	c2
0.167835410892254	0.105520497356936	0.139	0.106	1	PIGG	c2
0.242440922402195	0.10550193357992	0.235	0.195	1	STAT6	c2
0.337775364844452	0.105464436266213	0.054	0.041	1	FBXL17	c2
0.600842016756586	-0.105456880133247	0.16	0.141	1	ABCB7	c2
0.487052764559534	-0.105453149834563	0.066	0.054	1	PBX2	c2
0.140696937556061	0.105437301845248	0.084	0.059	1	DDI2	c2
0.994690291476277	-0.105425963404077	0.042	0.042	1	LRRC8A	c2
0.488373679828186	0.10532040987708	0.063	0.052	1	TXNRD2	c2
0.365532871020499	0.105267603583779	0.042	0.031	1	DHTKD1	c2
0.113555783973678	0.105245200203849	0.084	0.057	1	PPAT	c2
0.222044823843159	0.105148883092292	0.145	0.114	1	NUP133	c2
0.194362818434211	0.104889447117158	0.148	0.114	1	PSMD5	c2
0.089332020463703	0.104860068915194	0.187	0.138	1	SMG7	c2
0.872978920238674	-0.104801634837528	0.039	0.037	1	SLC19A1	c2
0.500496187898385	-0.104625952005882	0.145	0.124	1	STK40	c2
0.0507989475847485	0.104602752584108	0.416	0.321	1	SNHG12	c2
0.289237723813896	0.104385215808357	0.096	0.076	1	MCEE	c2
0.0469549614512739	0.10424737513724	0.295	0.218	1	FAM120AOS	c2
0.0585567872597019	0.104201758459802	0.416	0.311	1	DNAJB14	c2
0.145709331829756	0.104134531526642	0.03	0.017	1	LNX2	c2
0.755815735744535	-0.104094468972478	0.205	0.205	1	TMEM71	c2
0.152298952965305	0.104090460510554	0.202	0.157	1	ZEB1	c2
0.962930489681371	-0.10399717978188	0.181	0.173	1	ETV3	c2
0.669284243652143	-0.10395420280813	0.211	0.189	1	COPG1	c2
0.569709425614674	0.103808757417248	0.018	0.014	1	MAN1B1-DT	c2
0.511221644429871	-0.103794941693837	0.289	0.245	1	PMVK	c2
0.0703222634892506	0.103779107254926	0.172	0.124	1	PARN	c2
0.0294537067802232	0.103757763686351	0.62	0.487	1	YWHAH	c2
0.549759847880221	-0.103723494007961	0.325	0.278	1	EAPP	c2
0.256237490950701	-0.103713713412632	0.117	0.091	1	CORO2A	c2
0.0472025770791923	0.103702426748956	0.184	0.127	1	CERS5	c2
0.979883902630066	-0.10364959469269	0.093	0.092	1	COG6	c2
0.632087080965782	-0.103550582841478	0.313	0.274	1	EGLN2	c2
0.0341365093527848	0.103487028154454	0.187	0.129	1	MAPKAPK5-AS1	c2
0.118969838178757	0.103420626870069	0.404	0.327	1	BCL11B	c2
0.00857866577843894	0.103378701625441	0.253	0.169	1	ZC3H12A	c2
0.622633599188836	-0.103300973310393	0.054	0.047	1	TRAV12-2	c2
0.944161694745018	0.103100508076964	0.012	0.013	1	NBPF20	c2
0.459014664970496	-0.103098410383829	0.063	0.051	1	C10orf143	c2
0.658632629356414	-0.102959001581636	0.274	0.246	1	CCNT1	c2
0.0739405248398093	0.102823813283251	0.747	0.685	1	XRCC6	c2
0.224554441394614	-0.102807568971591	0.072	0.052	1	NCAPD3	c2
0.0416920877786615	0.102791290923006	0.253	0.186	1	BSDC1	c2
0.991301657479292	-0.102757328288209	0.355	0.327	1	COX16	c2
0.951321296911799	-0.102745668545826	0.313	0.29	1	VPS35	c2
0.125941058085825	0.102541221696303	0.265	0.207	1	OSTM1	c2
0.809306394815535	-0.102466356725465	0.425	0.386	1	ZFAND5	c2
0.115982488327358	0.102447976858852	0.172	0.13	1	FAM217B	c2
0.51987692633841	0.102323324472829	0.039	0.031	1	TMEM91	c2
0.0341559937795197	0.102306593616898	0.852	0.786	1	UBE2D2	c2
0.12752243855382	0.102002376116414	0.057	0.037	1	TAB3	c2
0.557432601219298	-0.101941120248318	0.063	0.053	1	POLG2	c2
0.197845471798228	-0.101683282393497	0.099	0.073	1	TFDP2	c2
0.136911165440167	0.10162216449767	0.051	0.032	1	WDR27	c2
0.0639708740627938	0.101504598435903	0.575	0.451	1	BCLAF1	c2
0.137196553875509	0.101409910150774	0.792	0.708	1	GNB2	c2
0.0507452617680628	-0.101312816608546	0.997	0.995	1	TMSB10	c2
0.516958465783387	-0.10130107998201	0.178	0.153	1	DKC1	c2
0.539370768170978	-0.101188784088874	0.169	0.146	1	ALG5	c2
0.0273346824367227	0.101188106302462	0.214	0.152	1	HIST1H1E	c2
0.0902860726487856	-0.101078445494546	0.163	0.116	1	RCOR3	c2
0.740472260053511	-0.101078052815047	0.578	0.54	1	TAF7	c2
0.0298711143455092	0.101007660971824	0.172	0.117	1	DDX60L	c2
0.0891461987672805	0.100989084284317	0.09	0.061	1	DDX19B	c2
0.378975014705107	-0.100984570643785	0.069	0.054	1	WDR47	c2
0.126521449376235	0.100948913795764	0.253	0.202	1	RICTOR	c2
0.722417167860636	-0.100908836642843	0.03	0.026	1	FAM120C	c2
0.965328262804858	0.100691231986252	0.256	0.242	1	SDAD1	c2
0.121657568336871	0.100670654907108	0.358	0.292	1	PRKDC	c2
0.223853052755059	0.100645581773795	0.054	0.038	1	FBXW4	c2
0.241475408942659	-0.100630696551158	0.06	0.043	1	PXN-AS1	c2
0.977186697977862	-0.100599925383656	0.066	0.065	1	TTC27	c2
0.748023364958319	-0.100529102047086	0.205	0.187	1	ARMC1	c2
0.172465430056561	0.100496798945754	0.036	0.022	1	ALG10	c2
0.749713302955717	0.100458068086493	0.036	0.032	1	ZNF595	c2
0.284765146194555	0.100450239627641	0.443	0.369	1	MRPS6	c2
0.985705085327701	-0.100416535185823	0.488	0.447	1	COX14	c2
0.0320108461933454	0.10040076158674	0.319	0.234	1	COA4	c2
0.0849606537078602	0.100313023777669	0.307	0.235	1	URI1	c2
0.134345497119	0.100233858919579	0.407	0.325	1	RCN2	c2
0.575846106144037	0.100215322789775	0.018	0.014	1	MIR4458HG	c2
0.425626991693514	0.10014643920693	0.069	0.056	1	VMAC	c2
0.113576342044031	0.100145128423369	0.554	0.469	1	RGS19	c2
0.426959008145323	-0.100110134767768	0.102	0.084	1	DNAJC14	c2
0.771800425444127	-0.100094475124841	0.295	0.266	1	E2F4	c2
0.531280790100413	0.100056449194082	0.033	0.041	1	ZNF891	c2
